  0
SECTION
  2
HEADER
  9
$ANGBASE
  50
0.0
  9
$ANGDIR
  70
1
  9
$MEASUREMENT
  70
1
  0
ENDSEC
  0
SECTION
  2
TABLES
  0
TABLE
  2
LTYPE
  70
4
  0
LTYPE
  5
40F
  2
CONTINUOUS
  70
0
  3
Solid line
  72
65
  73
0
  40
0.0
  0
LTYPE
  5
410
  2
DASHDOT
 70
0
  3
Dash Dot ____ _ ____ _
 72
65
 73
4
 40
2.0
 49
1.25
 49
-0.25
 49
0.25
 49
-0.25
  0
LTYPE
  5
411
  2
DASHED
 70
0
  3
Dashed __ __ __ __ __
 72
65
 73
2
 40
0.75
 49
0.5
 49
-0.25
  0
LTYPE
  5
43B
  2
DOTTED
 70
0
  3
Dotted .  .  .  .
 72
65
 73
2
 40
0.2
 49
0.0
 49
-0.2
  0
ENDTAB
  0
TABLE
  2
STYLE
  70
4
  0
STYLE
  2
KICAD
  70
0
  40
0
  41
1
  42
1
  50
0
  71
0
  3
isocp.shx
  0
STYLE
  2
KICADB
  70
0
  40
0
  41
1
  42
1
  50
0
  71
0
  3
isocp.shx
  0
STYLE
  2
KICADI
  70
0
  40
0
  41
1
  42
1
  50
15
  71
0
  3
isocp.shx
  0
STYLE
  2
KICADBI
  70
0
  40
0
  41
1
  42
1
  50
15
  71
0
  3
isocp.shx
  0
ENDTAB
  0
TABLE
  2
LAYER
  70
1
  0
LAYER
  2
BLACK
  70
0
  62
7
  6
CONTINUOUS
  0
ENDTAB
  0
ENDSEC
  0
SECTION
  2
ENTITIES
0
LINE
8
BLACK
6
CONTINUOUS
10
130.4277569999999855
20
-128.0266239999999982
11
144.9787049999999908
21
-128.0236050000000034
0
ARC
8
BLACK
10
149.4505000000000052
20
-128.526600000000002
40
4.4999949435582698
50
6.40235640
51
173.58224999
0
ARC
8
BLACK
10
170.3171600000000012
20
-114.8904099999999886
40
4.5159206772543072
50
-265.04763905
51
-94.95235110
0
ARC
8
BLACK
10
168.4277999999999906
20
-126.5267999999999944
40
1.4999570007363543
50
-90.00164253
51
0.00179532
0
LINE
8
BLACK
6
CONTINUOUS
10
169.9273129999999981
20
-119.3894719999999978
11
169.9277569999999855
21
-126.5267529999999994
0
ARC
8
BLACK
10
149.4505000000000052
20
-71.0742999999999938
40
33.5000020000002365
50
-49.60704630
51
0.00000684
0
ARC
8
BLACK
10
125.5849999999999937
20
-99.3549999999999898
40
3.5048711172739289
50
-0.02610700
51
49.79220904
0
LINE
8
BLACK
6
CONTINUOUS
10
128.9277569999999855
20
-126.5266239999999982
11
128.9277569999999855
21
-119.3739649999999983
0
ARC
8
BLACK
10
128.5432199999999909
20
-114.866579999999999
40
4.5237586549705542
50
-85.12375200
51
83.05956922
0
ARC
8
BLACK
10
130.4276999999999873
20
-126.5265999999999877
40
1.5000240010829826
50
-179.99908323
51
-89.99782280
0
ARC
8
BLACK
10
173.4277999999999906
20
-99.2544999999999931
40
3.5004870000022854
50
-229.60648353
51
-179.99993453
0
LINE
8
BLACK
6
CONTINUOUS
10
169.9273129999999981
20
-99.2545039999999972
11
169.9273129999999981
21
-110.3913569999999993
0
LINE
8
BLACK
6
CONTINUOUS
10
129.0898589999999899
20
-99.3565969999999936
11
129.0898589999999899
21
-110.3759699999999953
0
ARC
8
BLACK
10
149.4505000000000052
20
-71.0742999999999938
40
33.4999958740311001
50
-180.00000684
51
-130.15536454
0
ARC
8
BLACK
10
149.4505020000000002
20
-71.0742959999999897
40
33.5
50
0.00000000
51
180.00000000
0
LINE
8
BLACK
6
CONTINUOUS
10
153.9224339999999813
20
-128.0248059999999839
11
168.4277569999999855
21
-128.0267529999999851
0
LINE
8
BLACK
6
CONTINUOUS
10
119.9419999999999931
20
-68.887999999999991
11
120.3419999999999987
21
-69.2879999999999967
0
LINE
8
BLACK
6
CONTINUOUS
10
120.3419999999999987
20
-68.887999999999991
11
119.9419999999999931
21
-69.2879999999999967
0
LINE
8
BLACK
6
CONTINUOUS
10
119.9419999999999931
20
-70.1580000000000013
11
120.3419999999999987
21
-70.5579999999999927
0
LINE
8
BLACK
6
CONTINUOUS
10
120.3419999999999987
20
-70.1580000000000013
11
119.9419999999999931
21
-70.5579999999999927
0
LINE
8
BLACK
6
CONTINUOUS
10
119.9419999999999931
20
-71.4279999999999973
11
120.3419999999999987
21
-71.828000000000003
0
LINE
8
BLACK
6
CONTINUOUS
10
120.3419999999999987
20
-71.4279999999999973
11
119.9419999999999931
21
-71.828000000000003
0
LINE
8
BLACK
6
CONTINUOUS
10
119.9419999999999931
20
-72.6979999999999933
11
120.3419999999999987
21
-73.097999999999999
0
LINE
8
BLACK
6
CONTINUOUS
10
120.3419999999999987
20
-72.6979999999999933
11
119.9419999999999931
21
-73.097999999999999
0
LINE
8
BLACK
6
CONTINUOUS
10
119.9419999999999931
20
-73.9680000000000035
11
120.3419999999999987
21
-74.367999999999995
0
LINE
8
BLACK
6
CONTINUOUS
10
120.3419999999999987
20
-73.9680000000000035
11
119.9419999999999931
21
-74.367999999999995
0
LINE
8
BLACK
6
CONTINUOUS
10
119.9419999999999931
20
-75.2379999999999995
11
120.3419999999999987
21
-75.637999999999991
0
LINE
8
BLACK
6
CONTINUOUS
10
120.3419999999999987
20
-75.2379999999999995
11
119.9419999999999931
21
-75.637999999999991
0
LINE
8
BLACK
6
CONTINUOUS
10
119.9419999999999931
20
-76.5079999999999956
11
120.3419999999999987
21
-76.9080000000000013
0
LINE
8
BLACK
6
CONTINUOUS
10
120.3419999999999987
20
-76.5079999999999956
11
119.9419999999999931
21
-76.9080000000000013
0
LINE
8
BLACK
6
CONTINUOUS
10
123.7519999999999953
20
-79.8100000000000023
11
124.152000000000001
21
-80.2099999999999937
0
LINE
8
BLACK
6
CONTINUOUS
10
124.152000000000001
20
-79.8100000000000023
11
123.7519999999999953
21
-80.2099999999999937
0
LINE
8
BLACK
6
CONTINUOUS
10
123.7519999999999953
20
-80.8259999999999934
11
124.152000000000001
21
-81.2259999999999991
0
LINE
8
BLACK
6
CONTINUOUS
10
124.152000000000001
20
-80.8259999999999934
11
123.7519999999999953
21
-81.2259999999999991
0
LINE
8
BLACK
6
CONTINUOUS
10
123.7519999999999953
20
-81.8419999999999987
11
124.152000000000001
21
-82.2419999999999902
0
LINE
8
BLACK
6
CONTINUOUS
10
124.152000000000001
20
-81.8419999999999987
11
123.7519999999999953
21
-82.2419999999999902
0
LINE
8
BLACK
6
CONTINUOUS
10
123.7519999999999953
20
-82.8579999999999899
11
124.152000000000001
21
-83.2579999999999956
0
LINE
8
BLACK
6
CONTINUOUS
10
124.152000000000001
20
-82.8579999999999899
11
123.7519999999999953
21
-83.2579999999999956
0
LINE
8
BLACK
6
CONTINUOUS
10
123.7519999999999953
20
-83.8739999999999952
11
124.152000000000001
21
-84.2740000000000009
0
LINE
8
BLACK
6
CONTINUOUS
10
124.152000000000001
20
-83.8739999999999952
11
123.7519999999999953
21
-84.2740000000000009
0
LINE
8
BLACK
6
CONTINUOUS
10
123.7519999999999953
20
-84.8900000000000006
11
124.152000000000001
21
-85.289999999999992
0
LINE
8
BLACK
6
CONTINUOUS
10
124.152000000000001
20
-84.8900000000000006
11
123.7519999999999953
21
-85.289999999999992
0
LINE
8
BLACK
6
CONTINUOUS
10
123.7519999999999953
20
-85.9059999999999917
11
124.152000000000001
21
-86.3059999999999974
0
LINE
8
BLACK
6
CONTINUOUS
10
124.152000000000001
20
-85.9059999999999917
11
123.7519999999999953
21
-86.3059999999999974
0
LINE
8
BLACK
6
CONTINUOUS
10
124.7680000000000007
20
-81.3340000000000032
11
125.1679999999999922
21
-81.7339999999999947
0
LINE
8
BLACK
6
CONTINUOUS
10
125.1679999999999922
20
-81.3340000000000032
11
124.7680000000000007
21
-81.7339999999999947
0
LINE
8
BLACK
6
CONTINUOUS
10
124.7680000000000007
20
-82.3499999999999943
11
125.1679999999999922
21
-82.75
0
LINE
8
BLACK
6
CONTINUOUS
10
125.1679999999999922
20
-82.3499999999999943
11
124.7680000000000007
21
-82.75
0
LINE
8
BLACK
6
CONTINUOUS
10
124.7680000000000007
20
-83.3659999999999997
11
125.1679999999999922
21
-83.7659999999999911
0
LINE
8
BLACK
6
CONTINUOUS
10
125.1679999999999922
20
-83.3659999999999997
11
124.7680000000000007
21
-83.7659999999999911
0
LINE
8
BLACK
6
CONTINUOUS
10
124.7680000000000007
20
-84.3819999999999908
11
125.1679999999999922
21
-84.7819999999999965
0
LINE
8
BLACK
6
CONTINUOUS
10
125.1679999999999922
20
-84.3819999999999908
11
124.7680000000000007
21
-84.7819999999999965
0
LINE
8
BLACK
6
CONTINUOUS
10
124.7680000000000007
20
-85.3979999999999961
11
125.1679999999999922
21
-85.7980000000000018
0
LINE
8
BLACK
6
CONTINUOUS
10
125.1679999999999922
20
-85.3979999999999961
11
124.7680000000000007
21
-85.7980000000000018
0
LINE
8
BLACK
6
CONTINUOUS
10
125.7839999999999918
20
-77.5240000000000009
11
126.1839999999999975
21
-77.9239999999999924
0
LINE
8
BLACK
6
CONTINUOUS
10
126.1839999999999975
20
-77.5240000000000009
11
125.7839999999999918
21
-77.9239999999999924
0
LINE
8
BLACK
6
CONTINUOUS
10
125.7839999999999918
20
-78.7939999999999969
11
126.1839999999999975
21
-79.1940000000000026
0
LINE
8
BLACK
6
CONTINUOUS
10
126.1839999999999975
20
-78.7939999999999969
11
125.7839999999999918
21
-79.1940000000000026
0
LINE
8
BLACK
6
CONTINUOUS
10
125.7839999999999918
20
-79.8100000000000023
11
126.1839999999999975
21
-80.2099999999999937
0
LINE
8
BLACK
6
CONTINUOUS
10
126.1839999999999975
20
-79.8100000000000023
11
125.7839999999999918
21
-80.2099999999999937
0
LINE
8
BLACK
6
CONTINUOUS
10
125.7839999999999918
20
-80.8259999999999934
11
126.1839999999999975
21
-81.2259999999999991
0
LINE
8
BLACK
6
CONTINUOUS
10
126.1839999999999975
20
-80.8259999999999934
11
125.7839999999999918
21
-81.2259999999999991
0
LINE
8
BLACK
6
CONTINUOUS
10
125.7839999999999918
20
-81.8419999999999987
11
126.1839999999999975
21
-82.2419999999999902
0
LINE
8
BLACK
6
CONTINUOUS
10
126.1839999999999975
20
-81.8419999999999987
11
125.7839999999999918
21
-82.2419999999999902
0
LINE
8
BLACK
6
CONTINUOUS
10
125.7839999999999918
20
-82.8579999999999899
11
126.1839999999999975
21
-83.2579999999999956
0
LINE
8
BLACK
6
CONTINUOUS
10
126.1839999999999975
20
-82.8579999999999899
11
125.7839999999999918
21
-83.2579999999999956
0
LINE
8
BLACK
6
CONTINUOUS
10
125.7839999999999918
20
-83.8739999999999952
11
126.1839999999999975
21
-84.2740000000000009
0
LINE
8
BLACK
6
CONTINUOUS
10
126.1839999999999975
20
-83.8739999999999952
11
125.7839999999999918
21
-84.2740000000000009
0
LINE
8
BLACK
6
CONTINUOUS
10
125.7839999999999918
20
-84.8900000000000006
11
126.1839999999999975
21
-85.289999999999992
0
LINE
8
BLACK
6
CONTINUOUS
10
126.1839999999999975
20
-84.8900000000000006
11
125.7839999999999918
21
-85.289999999999992
0
LINE
8
BLACK
6
CONTINUOUS
10
125.7839999999999918
20
-85.9059999999999917
11
126.1839999999999975
21
-86.3059999999999974
0
LINE
8
BLACK
6
CONTINUOUS
10
126.1839999999999975
20
-85.9059999999999917
11
125.7839999999999918
21
-86.3059999999999974
0
LINE
8
BLACK
6
CONTINUOUS
10
126.0379999999999967
20
-75.7459999999999951
11
126.4379999999999882
21
-76.1460000000000008
0
LINE
8
BLACK
6
CONTINUOUS
10
126.4379999999999882
20
-75.7459999999999951
11
126.0379999999999967
21
-76.1460000000000008
0
LINE
8
BLACK
6
CONTINUOUS
10
127.1809999999999974
20
-65.5859999999999985
11
127.5809999999999889
21
-65.98599999999999
0
LINE
8
BLACK
6
CONTINUOUS
10
127.5809999999999889
20
-65.5859999999999985
11
127.1809999999999974
21
-65.98599999999999
0
LINE
8
BLACK
6
CONTINUOUS
10
127.1809999999999974
20
-66.8559999999999945
11
127.5809999999999889
21
-67.2560000000000002
0
LINE
8
BLACK
6
CONTINUOUS
10
127.5809999999999889
20
-66.8559999999999945
11
127.1809999999999974
21
-67.2560000000000002
0
LINE
8
BLACK
6
CONTINUOUS
10
127.1809999999999974
20
-68.1259999999999906
11
127.5809999999999889
21
-68.5259999999999962
0
LINE
8
BLACK
6
CONTINUOUS
10
127.5809999999999889
20
-68.1259999999999906
11
127.1809999999999974
21
-68.5259999999999962
0
LINE
8
BLACK
6
CONTINUOUS
10
127.1809999999999974
20
-69.3960000000000008
11
127.5809999999999889
21
-69.7959999999999923
0
LINE
8
BLACK
6
CONTINUOUS
10
127.5809999999999889
20
-69.3960000000000008
11
127.1809999999999974
21
-69.7959999999999923
0
LINE
8
BLACK
6
CONTINUOUS
10
127.1809999999999974
20
-70.6659999999999968
11
127.5809999999999889
21
-71.0660000000000025
0
LINE
8
BLACK
6
CONTINUOUS
10
127.5809999999999889
20
-70.6659999999999968
11
127.1809999999999974
21
-71.0660000000000025
0
LINE
8
BLACK
6
CONTINUOUS
10
127.1809999999999974
20
-71.9359999999999928
11
127.5809999999999889
21
-72.3359999999999985
0
LINE
8
BLACK
6
CONTINUOUS
10
127.5809999999999889
20
-71.9359999999999928
11
127.1809999999999974
21
-72.3359999999999985
0
LINE
8
BLACK
6
CONTINUOUS
10
127.1809999999999974
20
-73.2060000000000031
11
127.5809999999999889
21
-73.6059999999999945
0
LINE
8
BLACK
6
CONTINUOUS
10
127.5809999999999889
20
-73.2060000000000031
11
127.1809999999999974
21
-73.6059999999999945
0
LINE
8
BLACK
6
CONTINUOUS
10
129.5939999999999941
20
-75.7459999999999951
11
129.9939999999999998
21
-76.1460000000000008
0
LINE
8
BLACK
6
CONTINUOUS
10
129.9939999999999998
20
-75.7459999999999951
11
129.5939999999999941
21
-76.1460000000000008
0
LINE
8
BLACK
6
CONTINUOUS
10
130.3559999999999945
20
-66.8559999999999945
11
130.7560000000000002
21
-67.2560000000000002
0
LINE
8
BLACK
6
CONTINUOUS
10
130.7560000000000002
20
-66.8559999999999945
11
130.3559999999999945
21
-67.2560000000000002
0
LINE
8
BLACK
6
CONTINUOUS
10
130.3559999999999945
20
-68.1259999999999906
11
130.7560000000000002
21
-68.5259999999999962
0
LINE
8
BLACK
6
CONTINUOUS
10
130.7560000000000002
20
-68.1259999999999906
11
130.3559999999999945
21
-68.5259999999999962
0
LINE
8
BLACK
6
CONTINUOUS
10
130.3559999999999945
20
-69.3960000000000008
11
130.7560000000000002
21
-69.7959999999999923
0
LINE
8
BLACK
6
CONTINUOUS
10
130.7560000000000002
20
-69.3960000000000008
11
130.3559999999999945
21
-69.7959999999999923
0
LINE
8
BLACK
6
CONTINUOUS
10
130.3559999999999945
20
-70.6659999999999968
11
130.7560000000000002
21
-71.0660000000000025
0
LINE
8
BLACK
6
CONTINUOUS
10
130.7560000000000002
20
-70.6659999999999968
11
130.3559999999999945
21
-71.0660000000000025
0
LINE
8
BLACK
6
CONTINUOUS
10
130.3559999999999945
20
-71.9359999999999928
11
130.7560000000000002
21
-72.3359999999999985
0
LINE
8
BLACK
6
CONTINUOUS
10
130.7560000000000002
20
-71.9359999999999928
11
130.3559999999999945
21
-72.3359999999999985
0
LINE
8
BLACK
6
CONTINUOUS
10
132.5149999999999864
20
-77.7779999999999916
11
132.914999999999992
21
-78.1779999999999973
0
LINE
8
BLACK
6
CONTINUOUS
10
132.914999999999992
20
-77.7779999999999916
11
132.5149999999999864
21
-78.1779999999999973
0
LINE
8
BLACK
6
CONTINUOUS
10
132.5149999999999864
20
-79.0480000000000018
11
132.914999999999992
21
-79.4479999999999933
0
LINE
8
BLACK
6
CONTINUOUS
10
132.914999999999992
20
-79.0480000000000018
11
132.5149999999999864
21
-79.4479999999999933
0
LINE
8
BLACK
6
CONTINUOUS
10
132.5149999999999864
20
-80.3179999999999978
11
132.914999999999992
21
-80.7179999999999893
0
LINE
8
BLACK
6
CONTINUOUS
10
132.914999999999992
20
-80.3179999999999978
11
132.5149999999999864
21
-80.7179999999999893
0
LINE
8
BLACK
6
CONTINUOUS
10
132.5149999999999864
20
-81.5879999999999939
11
132.914999999999992
21
-81.9879999999999995
0
LINE
8
BLACK
6
CONTINUOUS
10
132.914999999999992
20
-81.5879999999999939
11
132.5149999999999864
21
-81.9879999999999995
0
LINE
8
BLACK
6
CONTINUOUS
10
132.5149999999999864
20
-82.8579999999999899
11
132.914999999999992
21
-83.2579999999999956
0
LINE
8
BLACK
6
CONTINUOUS
10
132.914999999999992
20
-82.8579999999999899
11
132.5149999999999864
21
-83.2579999999999956
0
LINE
8
BLACK
6
CONTINUOUS
10
132.5149999999999864
20
-84.1280000000000001
11
132.914999999999992
21
-84.5279999999999916
0
LINE
8
BLACK
6
CONTINUOUS
10
132.914999999999992
20
-84.1280000000000001
11
132.5149999999999864
21
-84.5279999999999916
0
LINE
8
BLACK
6
CONTINUOUS
10
132.5149999999999864
20
-85.3979999999999961
11
132.914999999999992
21
-85.7980000000000018
0
LINE
8
BLACK
6
CONTINUOUS
10
132.914999999999992
20
-85.3979999999999961
11
132.5149999999999864
21
-85.7980000000000018
0
LINE
8
BLACK
6
CONTINUOUS
10
133.4039999999999964
20
-89.9699999999999989
11
133.804000000000002
21
-90.3699999999999903
0
LINE
8
BLACK
6
CONTINUOUS
10
133.804000000000002
20
-89.9699999999999989
11
133.4039999999999964
21
-90.3699999999999903
0
LINE
8
BLACK
6
CONTINUOUS
10
133.4039999999999964
20
-90.98599999999999
11
133.804000000000002
21
-91.3859999999999957
0
LINE
8
BLACK
6
CONTINUOUS
10
133.804000000000002
20
-90.98599999999999
11
133.4039999999999964
21
-91.3859999999999957
0
LINE
8
BLACK
6
CONTINUOUS
10
133.4039999999999964
20
-92.0019999999999953
11
133.804000000000002
21
-92.402000000000001
0
LINE
8
BLACK
6
CONTINUOUS
10
133.804000000000002
20
-92.0019999999999953
11
133.4039999999999964
21
-92.402000000000001
0
LINE
8
BLACK
6
CONTINUOUS
10
133.4039999999999964
20
-93.0180000000000007
11
133.804000000000002
21
-93.4179999999999922
0
LINE
8
BLACK
6
CONTINUOUS
10
133.804000000000002
20
-93.0180000000000007
11
133.4039999999999964
21
-93.4179999999999922
0
LINE
8
BLACK
6
CONTINUOUS
10
133.4039999999999964
20
-94.0339999999999918
11
133.804000000000002
21
-94.4339999999999975
0
LINE
8
BLACK
6
CONTINUOUS
10
133.804000000000002
20
-94.0339999999999918
11
133.4039999999999964
21
-94.4339999999999975
0
LINE
8
BLACK
6
CONTINUOUS
10
133.4039999999999964
20
-95.0499999999999972
11
133.804000000000002
21
-95.4499999999999886
0
LINE
8
BLACK
6
CONTINUOUS
10
133.804000000000002
20
-95.0499999999999972
11
133.4039999999999964
21
-95.4499999999999886
0
LINE
8
BLACK
6
CONTINUOUS
10
133.4039999999999964
20
-96.0660000000000025
11
133.804000000000002
21
-96.465999999999994
0
LINE
8
BLACK
6
CONTINUOUS
10
133.804000000000002
20
-96.0660000000000025
11
133.4039999999999964
21
-96.465999999999994
0
LINE
8
BLACK
6
CONTINUOUS
10
133.4039999999999964
20
-97.0819999999999936
11
133.804000000000002
21
-97.4819999999999993
0
LINE
8
BLACK
6
CONTINUOUS
10
133.804000000000002
20
-97.0819999999999936
11
133.4039999999999964
21
-97.4819999999999993
0
LINE
8
BLACK
6
CONTINUOUS
10
133.4039999999999964
20
-98.097999999999999
11
133.804000000000002
21
-98.4979999999999905
0
LINE
8
BLACK
6
CONTINUOUS
10
133.804000000000002
20
-98.097999999999999
11
133.4039999999999964
21
-98.4979999999999905
0
LINE
8
BLACK
6
CONTINUOUS
10
133.4039999999999964
20
-99.1139999999999901
11
133.804000000000002
21
-99.5139999999999958
0
LINE
8
BLACK
6
CONTINUOUS
10
133.804000000000002
20
-99.1139999999999901
11
133.4039999999999964
21
-99.5139999999999958
0
LINE
8
BLACK
6
CONTINUOUS
10
133.4039999999999964
20
-100.1299999999999955
11
133.804000000000002
21
-100.5300000000000011
0
LINE
8
BLACK
6
CONTINUOUS
10
133.804000000000002
20
-100.1299999999999955
11
133.4039999999999964
21
-100.5300000000000011
0
LINE
8
BLACK
6
CONTINUOUS
10
133.4039999999999964
20
-101.1460000000000008
11
133.804000000000002
21
-101.5459999999999923
0
LINE
8
BLACK
6
CONTINUOUS
10
133.804000000000002
20
-101.1460000000000008
11
133.4039999999999964
21
-101.5459999999999923
0
LINE
8
BLACK
6
CONTINUOUS
10
133.4039999999999964
20
-102.1619999999999919
11
133.804000000000002
21
-102.5619999999999976
0
LINE
8
BLACK
6
CONTINUOUS
10
133.804000000000002
20
-102.1619999999999919
11
133.4039999999999964
21
-102.5619999999999976
0
LINE
8
BLACK
6
CONTINUOUS
10
133.4039999999999964
20
-103.1779999999999973
11
133.804000000000002
21
-103.5779999999999887
0
LINE
8
BLACK
6
CONTINUOUS
10
133.804000000000002
20
-103.1779999999999973
11
133.4039999999999964
21
-103.5779999999999887
0
LINE
8
BLACK
6
CONTINUOUS
10
133.4039999999999964
20
-104.1939999999999884
11
133.804000000000002
21
-104.5939999999999941
0
LINE
8
BLACK
6
CONTINUOUS
10
133.804000000000002
20
-104.1939999999999884
11
133.4039999999999964
21
-104.5939999999999941
0
LINE
8
BLACK
6
CONTINUOUS
10
133.4039999999999964
20
-105.2099999999999937
11
133.804000000000002
21
-105.6099999999999994
0
LINE
8
BLACK
6
CONTINUOUS
10
133.804000000000002
20
-105.2099999999999937
11
133.4039999999999964
21
-105.6099999999999994
0
LINE
8
BLACK
6
CONTINUOUS
10
133.4039999999999964
20
-106.2259999999999991
11
133.804000000000002
21
-106.6259999999999906
0
LINE
8
BLACK
6
CONTINUOUS
10
133.804000000000002
20
-106.2259999999999991
11
133.4039999999999964
21
-106.6259999999999906
0
LINE
8
BLACK
6
CONTINUOUS
10
133.4039999999999964
20
-107.2419999999999902
11
133.804000000000002
21
-107.6419999999999959
0
LINE
8
BLACK
6
CONTINUOUS
10
133.804000000000002
20
-107.2419999999999902
11
133.4039999999999964
21
-107.6419999999999959
0
LINE
8
BLACK
6
CONTINUOUS
10
133.4039999999999964
20
-108.2579999999999956
11
133.804000000000002
21
-108.6580000000000013
0
LINE
8
BLACK
6
CONTINUOUS
10
133.804000000000002
20
-108.2579999999999956
11
133.4039999999999964
21
-108.6580000000000013
0
LINE
8
BLACK
6
CONTINUOUS
10
133.4039999999999964
20
-109.2740000000000009
11
133.804000000000002
21
-109.6739999999999924
0
LINE
8
BLACK
6
CONTINUOUS
10
133.804000000000002
20
-109.2740000000000009
11
133.4039999999999964
21
-109.6739999999999924
0
LINE
8
BLACK
6
CONTINUOUS
10
133.4039999999999964
20
-110.289999999999992
11
133.804000000000002
21
-110.6899999999999977
0
LINE
8
BLACK
6
CONTINUOUS
10
133.804000000000002
20
-110.289999999999992
11
133.4039999999999964
21
-110.6899999999999977
0
LINE
8
BLACK
6
CONTINUOUS
10
133.5310000000000059
20
-65.5859999999999985
11
133.9309999999999832
21
-65.98599999999999
0
LINE
8
BLACK
6
CONTINUOUS
10
133.9309999999999832
20
-65.5859999999999985
11
133.5310000000000059
21
-65.98599999999999
0
LINE
8
BLACK
6
CONTINUOUS
10
133.5310000000000059
20
-66.8559999999999945
11
133.9309999999999832
21
-67.2560000000000002
0
LINE
8
BLACK
6
CONTINUOUS
10
133.9309999999999832
20
-66.8559999999999945
11
133.5310000000000059
21
-67.2560000000000002
0
LINE
8
BLACK
6
CONTINUOUS
10
133.5310000000000059
20
-68.1259999999999906
11
133.9309999999999832
21
-68.5259999999999962
0
LINE
8
BLACK
6
CONTINUOUS
10
133.9309999999999832
20
-68.1259999999999906
11
133.5310000000000059
21
-68.5259999999999962
0
LINE
8
BLACK
6
CONTINUOUS
10
133.5310000000000059
20
-69.3960000000000008
11
133.9309999999999832
21
-69.7959999999999923
0
LINE
8
BLACK
6
CONTINUOUS
10
133.9309999999999832
20
-69.3960000000000008
11
133.5310000000000059
21
-69.7959999999999923
0
LINE
8
BLACK
6
CONTINUOUS
10
133.5310000000000059
20
-70.6659999999999968
11
133.9309999999999832
21
-71.0660000000000025
0
LINE
8
BLACK
6
CONTINUOUS
10
133.9309999999999832
20
-70.6659999999999968
11
133.5310000000000059
21
-71.0660000000000025
0
LINE
8
BLACK
6
CONTINUOUS
10
133.5310000000000059
20
-71.9359999999999928
11
133.9309999999999832
21
-72.3359999999999985
0
LINE
8
BLACK
6
CONTINUOUS
10
133.9309999999999832
20
-71.9359999999999928
11
133.5310000000000059
21
-72.3359999999999985
0
LINE
8
BLACK
6
CONTINUOUS
10
133.5310000000000059
20
-73.2060000000000031
11
133.9309999999999832
21
-73.6059999999999945
0
LINE
8
BLACK
6
CONTINUOUS
10
133.9309999999999832
20
-73.2060000000000031
11
133.5310000000000059
21
-73.6059999999999945
0
LINE
8
BLACK
6
CONTINUOUS
10
133.9120000000000061
20
-88.9539999999999935
11
134.3119999999999834
21
-89.3539999999999992
0
LINE
8
BLACK
6
CONTINUOUS
10
134.3119999999999834
20
-88.9539999999999935
11
133.9120000000000061
21
-89.3539999999999992
0
LINE
8
BLACK
6
CONTINUOUS
10
134.4199999999999875
20
-89.9699999999999989
11
134.8199999999999932
21
-90.3699999999999903
0
LINE
8
BLACK
6
CONTINUOUS
10
134.8199999999999932
20
-89.9699999999999989
11
134.4199999999999875
21
-90.3699999999999903
0
LINE
8
BLACK
6
CONTINUOUS
10
134.9279999999999973
20
-88.9539999999999935
11
135.328000000000003
21
-89.3539999999999992
0
LINE
8
BLACK
6
CONTINUOUS
10
135.328000000000003
20
-88.9539999999999935
11
134.9279999999999973
21
-89.3539999999999992
0
LINE
8
BLACK
6
CONTINUOUS
10
135.436000000000007
20
-89.9699999999999989
11
135.8359999999999843
21
-90.3699999999999903
0
LINE
8
BLACK
6
CONTINUOUS
10
135.8359999999999843
20
-89.9699999999999989
11
135.436000000000007
21
-90.3699999999999903
0
LINE
8
BLACK
6
CONTINUOUS
10
135.6899999999999977
20
-79.0480000000000018
11
136.0900000000000034
21
-79.4479999999999933
0
LINE
8
BLACK
6
CONTINUOUS
10
136.0900000000000034
20
-79.0480000000000018
11
135.6899999999999977
21
-79.4479999999999933
0
LINE
8
BLACK
6
CONTINUOUS
10
135.6899999999999977
20
-80.3179999999999978
11
136.0900000000000034
21
-80.7179999999999893
0
LINE
8
BLACK
6
CONTINUOUS
10
136.0900000000000034
20
-80.3179999999999978
11
135.6899999999999977
21
-80.7179999999999893
0
LINE
8
BLACK
6
CONTINUOUS
10
135.6899999999999977
20
-81.5879999999999939
11
136.0900000000000034
21
-81.9879999999999995
0
LINE
8
BLACK
6
CONTINUOUS
10
136.0900000000000034
20
-81.5879999999999939
11
135.6899999999999977
21
-81.9879999999999995
0
LINE
8
BLACK
6
CONTINUOUS
10
135.6899999999999977
20
-82.8579999999999899
11
136.0900000000000034
21
-83.2579999999999956
0
LINE
8
BLACK
6
CONTINUOUS
10
136.0900000000000034
20
-82.8579999999999899
11
135.6899999999999977
21
-83.2579999999999956
0
LINE
8
BLACK
6
CONTINUOUS
10
135.6899999999999977
20
-84.1280000000000001
11
136.0900000000000034
21
-84.5279999999999916
0
LINE
8
BLACK
6
CONTINUOUS
10
136.0900000000000034
20
-84.1280000000000001
11
135.6899999999999977
21
-84.5279999999999916
0
LINE
8
BLACK
6
CONTINUOUS
10
135.9439999999999884
20
-88.9539999999999935
11
136.3439999999999941
21
-89.3539999999999992
0
LINE
8
BLACK
6
CONTINUOUS
10
136.3439999999999941
20
-88.9539999999999935
11
135.9439999999999884
21
-89.3539999999999992
0
LINE
8
BLACK
6
CONTINUOUS
10
136.1999999999999886
20
-75.3259999999999934
11
136.5999999999999943
21
-75.7259999999999991
0
LINE
8
BLACK
6
CONTINUOUS
10
136.5999999999999943
20
-75.3259999999999934
11
136.1999999999999886
21
-75.7259999999999991
0
LINE
8
BLACK
6
CONTINUOUS
10
136.4519999999999982
20
-89.9699999999999989
11
136.8520000000000039
21
-90.3699999999999903
0
LINE
8
BLACK
6
CONTINUOUS
10
136.8520000000000039
20
-89.9699999999999989
11
136.4519999999999982
21
-90.3699999999999903
0
LINE
8
BLACK
6
CONTINUOUS
10
136.960000000000008
20
-88.9539999999999935
11
137.3599999999999852
21
-89.3539999999999992
0
LINE
8
BLACK
6
CONTINUOUS
10
137.3599999999999852
20
-88.9539999999999935
11
136.960000000000008
21
-89.3539999999999992
0
LINE
8
BLACK
6
CONTINUOUS
10
137.1999999999999886
20
-58.5
11
137.5999999999999943
21
-58.8999999999999986
0
LINE
8
BLACK
6
CONTINUOUS
10
137.5999999999999943
20
-58.5
11
137.1999999999999886
21
-58.8999999999999986
0
LINE
8
BLACK
6
CONTINUOUS
10
137.9759999999999991
20
-88.9539999999999935
11
138.3760000000000048
21
-89.3539999999999992
0
LINE
8
BLACK
6
CONTINUOUS
10
138.3760000000000048
20
-88.9539999999999935
11
137.9759999999999991
21
-89.3539999999999992
0
LINE
8
BLACK
6
CONTINUOUS
10
138.8649999999999807
20
-62.4109999999999943
11
139.2649999999999864
21
-62.8109999999999999
0
LINE
8
BLACK
6
CONTINUOUS
10
139.2649999999999864
20
-62.4109999999999943
11
138.8649999999999807
21
-62.8109999999999999
0
LINE
8
BLACK
6
CONTINUOUS
10
138.8649999999999807
20
-77.7779999999999916
11
139.2649999999999864
21
-78.1779999999999973
0
LINE
8
BLACK
6
CONTINUOUS
10
139.2649999999999864
20
-77.7779999999999916
11
138.8649999999999807
21
-78.1779999999999973
0
LINE
8
BLACK
6
CONTINUOUS
10
138.8649999999999807
20
-79.0480000000000018
11
139.2649999999999864
21
-79.4479999999999933
0
LINE
8
BLACK
6
CONTINUOUS
10
139.2649999999999864
20
-79.0480000000000018
11
138.8649999999999807
21
-79.4479999999999933
0
LINE
8
BLACK
6
CONTINUOUS
10
138.8649999999999807
20
-80.3179999999999978
11
139.2649999999999864
21
-80.7179999999999893
0
LINE
8
BLACK
6
CONTINUOUS
10
139.2649999999999864
20
-80.3179999999999978
11
138.8649999999999807
21
-80.7179999999999893
0
LINE
8
BLACK
6
CONTINUOUS
10
138.8649999999999807
20
-81.5879999999999939
11
139.2649999999999864
21
-81.9879999999999995
0
LINE
8
BLACK
6
CONTINUOUS
10
139.2649999999999864
20
-81.5879999999999939
11
138.8649999999999807
21
-81.9879999999999995
0
LINE
8
BLACK
6
CONTINUOUS
10
138.8649999999999807
20
-82.8579999999999899
11
139.2649999999999864
21
-83.2579999999999956
0
LINE
8
BLACK
6
CONTINUOUS
10
139.2649999999999864
20
-82.8579999999999899
11
138.8649999999999807
21
-83.2579999999999956
0
LINE
8
BLACK
6
CONTINUOUS
10
138.8649999999999807
20
-84.1280000000000001
11
139.2649999999999864
21
-84.5279999999999916
0
LINE
8
BLACK
6
CONTINUOUS
10
139.2649999999999864
20
-84.1280000000000001
11
138.8649999999999807
21
-84.5279999999999916
0
LINE
8
BLACK
6
CONTINUOUS
10
138.8649999999999807
20
-85.3979999999999961
11
139.2649999999999864
21
-85.7980000000000018
0
LINE
8
BLACK
6
CONTINUOUS
10
139.2649999999999864
20
-85.3979999999999961
11
138.8649999999999807
21
-85.7980000000000018
0
LINE
8
BLACK
6
CONTINUOUS
10
138.9919999999999902
20
-88.9539999999999935
11
139.3919999999999959
21
-89.3539999999999992
0
LINE
8
BLACK
6
CONTINUOUS
10
139.3919999999999959
20
-88.9539999999999935
11
138.9919999999999902
21
-89.3539999999999992
0
LINE
8
BLACK
6
CONTINUOUS
10
139.2459999999999809
20
-49.7109999999999985
11
139.6459999999999866
21
-50.1109999999999971
0
LINE
8
BLACK
6
CONTINUOUS
10
139.6459999999999866
20
-49.7109999999999985
11
139.2459999999999809
21
-50.1109999999999971
0
LINE
8
BLACK
6
CONTINUOUS
10
139.2459999999999809
20
-56.0609999999999999
11
139.6459999999999866
21
-56.4609999999999985
0
LINE
8
BLACK
6
CONTINUOUS
10
139.6459999999999866
20
-56.0609999999999999
11
139.2459999999999809
21
-56.4609999999999985
0
LINE
8
BLACK
6
CONTINUOUS
10
139.2459999999999809
20
-90.98599999999999
11
139.6459999999999866
21
-91.3859999999999957
0
LINE
8
BLACK
6
CONTINUOUS
10
139.6459999999999866
20
-90.98599999999999
11
139.2459999999999809
21
-91.3859999999999957
0
LINE
8
BLACK
6
CONTINUOUS
10
139.2459999999999809
20
-92.0019999999999953
11
139.6459999999999866
21
-92.402000000000001
0
LINE
8
BLACK
6
CONTINUOUS
10
139.6459999999999866
20
-92.0019999999999953
11
139.2459999999999809
21
-92.402000000000001
0
LINE
8
BLACK
6
CONTINUOUS
10
139.2459999999999809
20
-94.0339999999999918
11
139.6459999999999866
21
-94.4339999999999975
0
LINE
8
BLACK
6
CONTINUOUS
10
139.6459999999999866
20
-94.0339999999999918
11
139.2459999999999809
21
-94.4339999999999975
0
LINE
8
BLACK
6
CONTINUOUS
10
139.2459999999999809
20
-96.0660000000000025
11
139.6459999999999866
21
-96.465999999999994
0
LINE
8
BLACK
6
CONTINUOUS
10
139.6459999999999866
20
-96.0660000000000025
11
139.2459999999999809
21
-96.465999999999994
0
LINE
8
BLACK
6
CONTINUOUS
10
139.2459999999999809
20
-98.097999999999999
11
139.6459999999999866
21
-98.4979999999999905
0
LINE
8
BLACK
6
CONTINUOUS
10
139.6459999999999866
20
-98.097999999999999
11
139.2459999999999809
21
-98.4979999999999905
0
LINE
8
BLACK
6
CONTINUOUS
10
139.2459999999999809
20
-100.1299999999999955
11
139.6459999999999866
21
-100.5300000000000011
0
LINE
8
BLACK
6
CONTINUOUS
10
139.6459999999999866
20
-100.1299999999999955
11
139.2459999999999809
21
-100.5300000000000011
0
LINE
8
BLACK
6
CONTINUOUS
10
139.2459999999999809
20
-102.1619999999999919
11
139.6459999999999866
21
-102.5619999999999976
0
LINE
8
BLACK
6
CONTINUOUS
10
139.6459999999999866
20
-102.1619999999999919
11
139.2459999999999809
21
-102.5619999999999976
0
LINE
8
BLACK
6
CONTINUOUS
10
139.2459999999999809
20
-104.1939999999999884
11
139.6459999999999866
21
-104.5939999999999941
0
LINE
8
BLACK
6
CONTINUOUS
10
139.6459999999999866
20
-104.1939999999999884
11
139.2459999999999809
21
-104.5939999999999941
0
LINE
8
BLACK
6
CONTINUOUS
10
139.2459999999999809
20
-106.2259999999999991
11
139.6459999999999866
21
-106.6259999999999906
0
LINE
8
BLACK
6
CONTINUOUS
10
139.6459999999999866
20
-106.2259999999999991
11
139.2459999999999809
21
-106.6259999999999906
0
LINE
8
BLACK
6
CONTINUOUS
10
139.2459999999999809
20
-108.2579999999999956
11
139.6459999999999866
21
-108.6580000000000013
0
LINE
8
BLACK
6
CONTINUOUS
10
139.6459999999999866
20
-108.2579999999999956
11
139.2459999999999809
21
-108.6580000000000013
0
LINE
8
BLACK
6
CONTINUOUS
10
139.2459999999999809
20
-110.289999999999992
11
139.6459999999999866
21
-110.6899999999999977
0
LINE
8
BLACK
6
CONTINUOUS
10
139.6459999999999866
20
-110.289999999999992
11
139.2459999999999809
21
-110.6899999999999977
0
LINE
8
BLACK
6
CONTINUOUS
10
139.2459999999999809
20
-112.3219999999999885
11
139.6459999999999866
21
-112.7219999999999942
0
LINE
8
BLACK
6
CONTINUOUS
10
139.6459999999999866
20
-112.3219999999999885
11
139.2459999999999809
21
-112.7219999999999942
0
LINE
8
BLACK
6
CONTINUOUS
10
139.2459999999999809
20
-114.3539999999999992
11
139.6459999999999866
21
-114.7539999999999907
0
LINE
8
BLACK
6
CONTINUOUS
10
139.6459999999999866
20
-114.3539999999999992
11
139.2459999999999809
21
-114.7539999999999907
0
LINE
8
BLACK
6
CONTINUOUS
10
139.7539999999999907
20
-73.5870000000000033
11
140.1539999999999964
21
-73.9869999999999948
0
LINE
8
BLACK
6
CONTINUOUS
10
140.1539999999999964
20
-73.5870000000000033
11
139.7539999999999907
21
-73.9869999999999948
0
LINE
8
BLACK
6
CONTINUOUS
10
140.0079999999999814
20
-88.9539999999999935
11
140.407999999999987
21
-89.3539999999999992
0
LINE
8
BLACK
6
CONTINUOUS
10
140.407999999999987
20
-88.9539999999999935
11
140.0079999999999814
21
-89.3539999999999992
0
LINE
8
BLACK
6
CONTINUOUS
10
140.5159999999999911
20
-49.7109999999999985
11
140.9159999999999968
21
-50.1109999999999971
0
LINE
8
BLACK
6
CONTINUOUS
10
140.9159999999999968
20
-49.7109999999999985
11
140.5159999999999911
21
-50.1109999999999971
0
LINE
8
BLACK
6
CONTINUOUS
10
140.5159999999999911
20
-52.8859999999999957
11
140.9159999999999968
21
-53.2859999999999943
0
LINE
8
BLACK
6
CONTINUOUS
10
140.9159999999999968
20
-52.8859999999999957
11
140.5159999999999911
21
-53.2859999999999943
0
LINE
8
BLACK
6
CONTINUOUS
10
140.5159999999999911
20
-56.0609999999999999
11
140.9159999999999968
21
-56.4609999999999985
0
LINE
8
BLACK
6
CONTINUOUS
10
140.9159999999999968
20
-56.0609999999999999
11
140.5159999999999911
21
-56.4609999999999985
0
LINE
8
BLACK
6
CONTINUOUS
10
140.7999999999999829
20
-69.8999999999999915
11
141.1999999999999886
21
-70.2999999999999972
0
LINE
8
BLACK
6
CONTINUOUS
10
141.1999999999999886
20
-69.8999999999999915
11
140.7999999999999829
21
-70.2999999999999972
0
LINE
8
BLACK
6
CONTINUOUS
10
141.0240000000000009
20
-88.9539999999999935
11
141.4240000000000066
21
-89.3539999999999992
0
LINE
8
BLACK
6
CONTINUOUS
10
141.4240000000000066
20
-88.9539999999999935
11
141.0240000000000009
21
-89.3539999999999992
0
LINE
8
BLACK
6
CONTINUOUS
10
141.4000000000000057
20
-70.7999999999999972
11
141.7999999999999829
21
-71.2000000000000028
0
LINE
8
BLACK
6
CONTINUOUS
10
141.7999999999999829
20
-70.7999999999999972
11
141.4000000000000057
21
-71.2000000000000028
0
LINE
8
BLACK
6
CONTINUOUS
10
141.4050000000000011
20
-65.4590000000000032
11
141.8050000000000068
21
-65.8589999999999947
0
LINE
8
BLACK
6
CONTINUOUS
10
141.8050000000000068
20
-65.4590000000000032
11
141.4050000000000011
21
-65.8589999999999947
0
LINE
8
BLACK
6
CONTINUOUS
10
141.4050000000000011
20
-67.2369999999999948
11
141.8050000000000068
21
-67.6370000000000005
0
LINE
8
BLACK
6
CONTINUOUS
10
141.8050000000000068
20
-67.2369999999999948
11
141.4050000000000011
21
-67.6370000000000005
0
LINE
8
BLACK
6
CONTINUOUS
10
141.4050000000000011
20
-69.0150000000000006
11
141.8050000000000068
21
-69.414999999999992
0
LINE
8
BLACK
6
CONTINUOUS
10
141.8050000000000068
20
-69.0150000000000006
11
141.4050000000000011
21
-69.414999999999992
0
LINE
8
BLACK
6
CONTINUOUS
10
141.5319999999999823
20
-87.9380000000000024
11
141.9319999999999879
21
-88.3379999999999939
0
LINE
8
BLACK
6
CONTINUOUS
10
141.9319999999999879
20
-87.9380000000000024
11
141.5319999999999823
21
-88.3379999999999939
0
LINE
8
BLACK
6
CONTINUOUS
10
141.7860000000000014
20
-49.7109999999999985
11
142.186000000000007
21
-50.1109999999999971
0
LINE
8
BLACK
6
CONTINUOUS
10
142.186000000000007
20
-49.7109999999999985
11
141.7860000000000014
21
-50.1109999999999971
0
LINE
8
BLACK
6
CONTINUOUS
10
141.7860000000000014
20
-52.8859999999999957
11
142.186000000000007
21
-53.2859999999999943
0
LINE
8
BLACK
6
CONTINUOUS
10
142.186000000000007
20
-52.8859999999999957
11
141.7860000000000014
21
-53.2859999999999943
0
LINE
8
BLACK
6
CONTINUOUS
10
141.7860000000000014
20
-56.0609999999999999
11
142.186000000000007
21
-56.4609999999999985
0
LINE
8
BLACK
6
CONTINUOUS
10
142.186000000000007
20
-56.0609999999999999
11
141.7860000000000014
21
-56.4609999999999985
0
LINE
8
BLACK
6
CONTINUOUS
10
142.039999999999992
20
-64.5699999999999932
11
142.4399999999999977
21
-64.9699999999999989
0
LINE
8
BLACK
6
CONTINUOUS
10
142.4399999999999977
20
-64.5699999999999932
11
142.039999999999992
21
-64.9699999999999989
0
LINE
8
BLACK
6
CONTINUOUS
10
142.039999999999992
20
-66.347999999999999
11
142.4399999999999977
21
-66.7479999999999905
0
LINE
8
BLACK
6
CONTINUOUS
10
142.4399999999999977
20
-66.347999999999999
11
142.039999999999992
21
-66.7479999999999905
0
LINE
8
BLACK
6
CONTINUOUS
10
142.039999999999992
20
-68.1259999999999906
11
142.4399999999999977
21
-68.5259999999999962
0
LINE
8
BLACK
6
CONTINUOUS
10
142.4399999999999977
20
-68.1259999999999906
11
142.039999999999992
21
-68.5259999999999962
0
LINE
8
BLACK
6
CONTINUOUS
10
142.039999999999992
20
-69.9039999999999964
11
142.4399999999999977
21
-70.304000000000002
0
LINE
8
BLACK
6
CONTINUOUS
10
142.4399999999999977
20
-69.9039999999999964
11
142.039999999999992
21
-70.304000000000002
0
LINE
8
BLACK
6
CONTINUOUS
10
142.039999999999992
20
-71.8089999999999975
11
142.4399999999999977
21
-72.2090000000000032
0
LINE
8
BLACK
6
CONTINUOUS
10
142.4399999999999977
20
-71.8089999999999975
11
142.039999999999992
21
-72.2090000000000032
0
LINE
8
BLACK
6
CONTINUOUS
10
142.039999999999992
20
-88.9539999999999935
11
142.4399999999999977
21
-89.3539999999999992
0
LINE
8
BLACK
6
CONTINUOUS
10
142.4399999999999977
20
-88.9539999999999935
11
142.039999999999992
21
-89.3539999999999992
0
LINE
8
BLACK
6
CONTINUOUS
10
142.5480000000000018
20
-87.9380000000000024
11
142.9480000000000075
21
-88.3379999999999939
0
LINE
8
BLACK
6
CONTINUOUS
10
142.9480000000000075
20
-87.9380000000000024
11
142.5480000000000018
21
-88.3379999999999939
0
LINE
8
BLACK
6
CONTINUOUS
10
142.5480000000000018
20
-89.9699999999999989
11
142.9480000000000075
21
-90.3699999999999903
0
LINE
8
BLACK
6
CONTINUOUS
10
142.9480000000000075
20
-89.9699999999999989
11
142.5480000000000018
21
-90.3699999999999903
0
LINE
8
BLACK
6
CONTINUOUS
10
142.6749999999999829
20
-65.4590000000000032
11
143.0749999999999886
21
-65.8589999999999947
0
LINE
8
BLACK
6
CONTINUOUS
10
143.0749999999999886
20
-65.4590000000000032
11
142.6749999999999829
21
-65.8589999999999947
0
LINE
8
BLACK
6
CONTINUOUS
10
142.6749999999999829
20
-67.2369999999999948
11
143.0749999999999886
21
-67.6370000000000005
0
LINE
8
BLACK
6
CONTINUOUS
10
143.0749999999999886
20
-67.2369999999999948
11
142.6749999999999829
21
-67.6370000000000005
0
LINE
8
BLACK
6
CONTINUOUS
10
142.6749999999999829
20
-69.0150000000000006
11
143.0749999999999886
21
-69.414999999999992
0
LINE
8
BLACK
6
CONTINUOUS
10
143.0749999999999886
20
-69.0150000000000006
11
142.6749999999999829
21
-69.414999999999992
0
LINE
8
BLACK
6
CONTINUOUS
10
142.6749999999999829
20
-70.7929999999999922
11
143.0749999999999886
21
-71.1929999999999978
0
LINE
8
BLACK
6
CONTINUOUS
10
143.0749999999999886
20
-70.7929999999999922
11
142.6749999999999829
21
-71.1929999999999978
0
LINE
8
BLACK
6
CONTINUOUS
10
143.0559999999999832
20
-49.7109999999999985
11
143.4559999999999889
21
-50.1109999999999971
0
LINE
8
BLACK
6
CONTINUOUS
10
143.4559999999999889
20
-49.7109999999999985
11
143.0559999999999832
21
-50.1109999999999971
0
LINE
8
BLACK
6
CONTINUOUS
10
143.0559999999999832
20
-52.8859999999999957
11
143.4559999999999889
21
-53.2859999999999943
0
LINE
8
BLACK
6
CONTINUOUS
10
143.4559999999999889
20
-52.8859999999999957
11
143.0559999999999832
21
-53.2859999999999943
0
LINE
8
BLACK
6
CONTINUOUS
10
143.0559999999999832
20
-56.0609999999999999
11
143.4559999999999889
21
-56.4609999999999985
0
LINE
8
BLACK
6
CONTINUOUS
10
143.4559999999999889
20
-56.0609999999999999
11
143.0559999999999832
21
-56.4609999999999985
0
LINE
8
BLACK
6
CONTINUOUS
10
143.0559999999999832
20
-82.3499999999999943
11
143.4559999999999889
21
-82.75
0
LINE
8
BLACK
6
CONTINUOUS
10
143.4559999999999889
20
-82.3499999999999943
11
143.0559999999999832
21
-82.75
0
LINE
8
BLACK
6
CONTINUOUS
10
143.0559999999999832
20
-88.9539999999999935
11
143.4559999999999889
21
-89.3539999999999992
0
LINE
8
BLACK
6
CONTINUOUS
10
143.4559999999999889
20
-88.9539999999999935
11
143.0559999999999832
21
-89.3539999999999992
0
LINE
8
BLACK
6
CONTINUOUS
10
143.3100000000000023
20
-64.5699999999999932
11
143.7099999999999795
21
-64.9699999999999989
0
LINE
8
BLACK
6
CONTINUOUS
10
143.7099999999999795
20
-64.5699999999999932
11
143.3100000000000023
21
-64.9699999999999989
0
LINE
8
BLACK
6
CONTINUOUS
10
143.3100000000000023
20
-66.347999999999999
11
143.7099999999999795
21
-66.7479999999999905
0
LINE
8
BLACK
6
CONTINUOUS
10
143.7099999999999795
20
-66.347999999999999
11
143.3100000000000023
21
-66.7479999999999905
0
LINE
8
BLACK
6
CONTINUOUS
10
143.3100000000000023
20
-68.1259999999999906
11
143.7099999999999795
21
-68.5259999999999962
0
LINE
8
BLACK
6
CONTINUOUS
10
143.7099999999999795
20
-68.1259999999999906
11
143.3100000000000023
21
-68.5259999999999962
0
LINE
8
BLACK
6
CONTINUOUS
10
143.3100000000000023
20
-69.9039999999999964
11
143.7099999999999795
21
-70.304000000000002
0
LINE
8
BLACK
6
CONTINUOUS
10
143.7099999999999795
20
-69.9039999999999964
11
143.3100000000000023
21
-70.304000000000002
0
LINE
8
BLACK
6
CONTINUOUS
10
143.563999999999993
20
-81.3340000000000032
11
143.9639999999999986
21
-81.7339999999999947
0
LINE
8
BLACK
6
CONTINUOUS
10
143.9639999999999986
20
-81.3340000000000032
11
143.563999999999993
21
-81.7339999999999947
0
LINE
8
BLACK
6
CONTINUOUS
10
143.563999999999993
20
-87.9380000000000024
11
143.9639999999999986
21
-88.3379999999999939
0
LINE
8
BLACK
6
CONTINUOUS
10
143.9639999999999986
20
-87.9380000000000024
11
143.563999999999993
21
-88.3379999999999939
0
LINE
8
BLACK
6
CONTINUOUS
10
143.563999999999993
20
-89.9699999999999989
11
143.9639999999999986
21
-90.3699999999999903
0
LINE
8
BLACK
6
CONTINUOUS
10
143.9639999999999986
20
-89.9699999999999989
11
143.563999999999993
21
-90.3699999999999903
0
LINE
8
BLACK
6
CONTINUOUS
10
143.9449999999999932
20
-65.4590000000000032
11
144.3449999999999989
21
-65.8589999999999947
0
LINE
8
BLACK
6
CONTINUOUS
10
144.3449999999999989
20
-65.4590000000000032
11
143.9449999999999932
21
-65.8589999999999947
0
LINE
8
BLACK
6
CONTINUOUS
10
143.9449999999999932
20
-67.2369999999999948
11
144.3449999999999989
21
-67.6370000000000005
0
LINE
8
BLACK
6
CONTINUOUS
10
144.3449999999999989
20
-67.2369999999999948
11
143.9449999999999932
21
-67.6370000000000005
0
LINE
8
BLACK
6
CONTINUOUS
10
143.9449999999999932
20
-69.0150000000000006
11
144.3449999999999989
21
-69.414999999999992
0
LINE
8
BLACK
6
CONTINUOUS
10
144.3449999999999989
20
-69.0150000000000006
11
143.9449999999999932
21
-69.414999999999992
0
LINE
8
BLACK
6
CONTINUOUS
10
143.9449999999999932
20
-70.7929999999999922
11
144.3449999999999989
21
-71.1929999999999978
0
LINE
8
BLACK
6
CONTINUOUS
10
144.3449999999999989
20
-70.7929999999999922
11
143.9449999999999932
21
-71.1929999999999978
0
LINE
8
BLACK
6
CONTINUOUS
10
143.9449999999999932
20
-72.570999999999998
11
144.3449999999999989
21
-72.9710000000000036
0
LINE
8
BLACK
6
CONTINUOUS
10
144.3449999999999989
20
-72.570999999999998
11
143.9449999999999932
21
-72.9710000000000036
0
LINE
8
BLACK
6
CONTINUOUS
10
144.0720000000000027
20
-80.3179999999999978
11
144.47199999999998
21
-80.7179999999999893
0
LINE
8
BLACK
6
CONTINUOUS
10
144.47199999999998
20
-80.3179999999999978
11
144.0720000000000027
21
-80.7179999999999893
0
LINE
8
BLACK
6
CONTINUOUS
10
144.0720000000000027
20
-82.3499999999999943
11
144.47199999999998
21
-82.75
0
LINE
8
BLACK
6
CONTINUOUS
10
144.47199999999998
20
-82.3499999999999943
11
144.0720000000000027
21
-82.75
0
LINE
8
BLACK
6
CONTINUOUS
10
144.0720000000000027
20
-88.9539999999999935
11
144.47199999999998
21
-89.3539999999999992
0
LINE
8
BLACK
6
CONTINUOUS
10
144.47199999999998
20
-88.9539999999999935
11
144.0720000000000027
21
-89.3539999999999992
0
LINE
8
BLACK
6
CONTINUOUS
10
144.3259999999999934
20
-49.7109999999999985
11
144.7259999999999991
21
-50.1109999999999971
0
LINE
8
BLACK
6
CONTINUOUS
10
144.7259999999999991
20
-49.7109999999999985
11
144.3259999999999934
21
-50.1109999999999971
0
LINE
8
BLACK
6
CONTINUOUS
10
144.3259999999999934
20
-52.8859999999999957
11
144.7259999999999991
21
-53.2859999999999943
0
LINE
8
BLACK
6
CONTINUOUS
10
144.7259999999999991
20
-52.8859999999999957
11
144.3259999999999934
21
-53.2859999999999943
0
LINE
8
BLACK
6
CONTINUOUS
10
144.3259999999999934
20
-56.0609999999999999
11
144.7259999999999991
21
-56.4609999999999985
0
LINE
8
BLACK
6
CONTINUOUS
10
144.7259999999999991
20
-56.0609999999999999
11
144.3259999999999934
21
-56.4609999999999985
0
LINE
8
BLACK
6
CONTINUOUS
10
144.5799999999999841
20
-64.5699999999999932
11
144.9799999999999898
21
-64.9699999999999989
0
LINE
8
BLACK
6
CONTINUOUS
10
144.9799999999999898
20
-64.5699999999999932
11
144.5799999999999841
21
-64.9699999999999989
0
LINE
8
BLACK
6
CONTINUOUS
10
144.5799999999999841
20
-66.347999999999999
11
144.9799999999999898
21
-66.7479999999999905
0
LINE
8
BLACK
6
CONTINUOUS
10
144.9799999999999898
20
-66.347999999999999
11
144.5799999999999841
21
-66.7479999999999905
0
LINE
8
BLACK
6
CONTINUOUS
10
144.5799999999999841
20
-68.1259999999999906
11
144.9799999999999898
21
-68.5259999999999962
0
LINE
8
BLACK
6
CONTINUOUS
10
144.9799999999999898
20
-68.1259999999999906
11
144.5799999999999841
21
-68.5259999999999962
0
LINE
8
BLACK
6
CONTINUOUS
10
144.5799999999999841
20
-69.9039999999999964
11
144.9799999999999898
21
-70.304000000000002
0
LINE
8
BLACK
6
CONTINUOUS
10
144.9799999999999898
20
-69.9039999999999964
11
144.5799999999999841
21
-70.304000000000002
0
LINE
8
BLACK
6
CONTINUOUS
10
144.5799999999999841
20
-71.6820000000000022
11
144.9799999999999898
21
-72.0819999999999936
0
LINE
8
BLACK
6
CONTINUOUS
10
144.9799999999999898
20
-71.6820000000000022
11
144.5799999999999841
21
-72.0819999999999936
0
LINE
8
BLACK
6
CONTINUOUS
10
144.5799999999999841
20
-79.3019999999999925
11
144.9799999999999898
21
-79.7019999999999982
0
LINE
8
BLACK
6
CONTINUOUS
10
144.9799999999999898
20
-79.3019999999999925
11
144.5799999999999841
21
-79.7019999999999982
0
LINE
8
BLACK
6
CONTINUOUS
10
144.5799999999999841
20
-81.3340000000000032
11
144.9799999999999898
21
-81.7339999999999947
0
LINE
8
BLACK
6
CONTINUOUS
10
144.9799999999999898
20
-81.3340000000000032
11
144.5799999999999841
21
-81.7339999999999947
0
LINE
8
BLACK
6
CONTINUOUS
10
144.5799999999999841
20
-87.9380000000000024
11
144.9799999999999898
21
-88.3379999999999939
0
LINE
8
BLACK
6
CONTINUOUS
10
144.9799999999999898
20
-87.9380000000000024
11
144.5799999999999841
21
-88.3379999999999939
0
LINE
8
BLACK
6
CONTINUOUS
10
144.5799999999999841
20
-89.9699999999999989
11
144.9799999999999898
21
-90.3699999999999903
0
LINE
8
BLACK
6
CONTINUOUS
10
144.9799999999999898
20
-89.9699999999999989
11
144.5799999999999841
21
-90.3699999999999903
0
LINE
8
BLACK
6
CONTINUOUS
10
144.8340000000000032
20
-90.98599999999999
11
145.2339999999999804
21
-91.3859999999999957
0
LINE
8
BLACK
6
CONTINUOUS
10
145.2339999999999804
20
-90.98599999999999
11
144.8340000000000032
21
-91.3859999999999957
0
LINE
8
BLACK
6
CONTINUOUS
10
144.8340000000000032
20
-92.0019999999999953
11
145.2339999999999804
21
-92.402000000000001
0
LINE
8
BLACK
6
CONTINUOUS
10
145.2339999999999804
20
-92.0019999999999953
11
144.8340000000000032
21
-92.402000000000001
0
LINE
8
BLACK
6
CONTINUOUS
10
144.8340000000000032
20
-94.0339999999999918
11
145.2339999999999804
21
-94.4339999999999975
0
LINE
8
BLACK
6
CONTINUOUS
10
145.2339999999999804
20
-94.0339999999999918
11
144.8340000000000032
21
-94.4339999999999975
0
LINE
8
BLACK
6
CONTINUOUS
10
144.8340000000000032
20
-96.0660000000000025
11
145.2339999999999804
21
-96.465999999999994
0
LINE
8
BLACK
6
CONTINUOUS
10
145.2339999999999804
20
-96.0660000000000025
11
144.8340000000000032
21
-96.465999999999994
0
LINE
8
BLACK
6
CONTINUOUS
10
144.8340000000000032
20
-98.097999999999999
11
145.2339999999999804
21
-98.4979999999999905
0
LINE
8
BLACK
6
CONTINUOUS
10
145.2339999999999804
20
-98.097999999999999
11
144.8340000000000032
21
-98.4979999999999905
0
LINE
8
BLACK
6
CONTINUOUS
10
144.8340000000000032
20
-100.1299999999999955
11
145.2339999999999804
21
-100.5300000000000011
0
LINE
8
BLACK
6
CONTINUOUS
10
145.2339999999999804
20
-100.1299999999999955
11
144.8340000000000032
21
-100.5300000000000011
0
LINE
8
BLACK
6
CONTINUOUS
10
144.8340000000000032
20
-102.1619999999999919
11
145.2339999999999804
21
-102.5619999999999976
0
LINE
8
BLACK
6
CONTINUOUS
10
145.2339999999999804
20
-102.1619999999999919
11
144.8340000000000032
21
-102.5619999999999976
0
LINE
8
BLACK
6
CONTINUOUS
10
144.8340000000000032
20
-104.1939999999999884
11
145.2339999999999804
21
-104.5939999999999941
0
LINE
8
BLACK
6
CONTINUOUS
10
145.2339999999999804
20
-104.1939999999999884
11
144.8340000000000032
21
-104.5939999999999941
0
LINE
8
BLACK
6
CONTINUOUS
10
144.8340000000000032
20
-106.2259999999999991
11
145.2339999999999804
21
-106.6259999999999906
0
LINE
8
BLACK
6
CONTINUOUS
10
145.2339999999999804
20
-106.2259999999999991
11
144.8340000000000032
21
-106.6259999999999906
0
LINE
8
BLACK
6
CONTINUOUS
10
144.8340000000000032
20
-108.2579999999999956
11
145.2339999999999804
21
-108.6580000000000013
0
LINE
8
BLACK
6
CONTINUOUS
10
145.2339999999999804
20
-108.2579999999999956
11
144.8340000000000032
21
-108.6580000000000013
0
LINE
8
BLACK
6
CONTINUOUS
10
144.8340000000000032
20
-110.289999999999992
11
145.2339999999999804
21
-110.6899999999999977
0
LINE
8
BLACK
6
CONTINUOUS
10
145.2339999999999804
20
-110.289999999999992
11
144.8340000000000032
21
-110.6899999999999977
0
LINE
8
BLACK
6
CONTINUOUS
10
144.8340000000000032
20
-112.3219999999999885
11
145.2339999999999804
21
-112.7219999999999942
0
LINE
8
BLACK
6
CONTINUOUS
10
145.2339999999999804
20
-112.3219999999999885
11
144.8340000000000032
21
-112.7219999999999942
0
LINE
8
BLACK
6
CONTINUOUS
10
144.8340000000000032
20
-114.3539999999999992
11
145.2339999999999804
21
-114.7539999999999907
0
LINE
8
BLACK
6
CONTINUOUS
10
145.2339999999999804
20
-114.3539999999999992
11
144.8340000000000032
21
-114.7539999999999907
0
LINE
8
BLACK
6
CONTINUOUS
10
145.0879999999999939
20
-80.3179999999999978
11
145.4879999999999995
21
-80.7179999999999893
0
LINE
8
BLACK
6
CONTINUOUS
10
145.4879999999999995
20
-80.3179999999999978
11
145.0879999999999939
21
-80.7179999999999893
0
LINE
8
BLACK
6
CONTINUOUS
10
145.0879999999999939
20
-82.3499999999999943
11
145.4879999999999995
21
-82.75
0
LINE
8
BLACK
6
CONTINUOUS
10
145.4879999999999995
20
-82.3499999999999943
11
145.0879999999999939
21
-82.75
0
LINE
8
BLACK
6
CONTINUOUS
10
145.0879999999999939
20
-88.9539999999999935
11
145.4879999999999995
21
-89.3539999999999992
0
LINE
8
BLACK
6
CONTINUOUS
10
145.4879999999999995
20
-88.9539999999999935
11
145.0879999999999939
21
-89.3539999999999992
0
LINE
8
BLACK
6
CONTINUOUS
10
145.2150000000000034
20
-65.4590000000000032
11
145.6149999999999807
21
-65.8589999999999947
0
LINE
8
BLACK
6
CONTINUOUS
10
145.6149999999999807
20
-65.4590000000000032
11
145.2150000000000034
21
-65.8589999999999947
0
LINE
8
BLACK
6
CONTINUOUS
10
145.2150000000000034
20
-67.2369999999999948
11
145.6149999999999807
21
-67.6370000000000005
0
LINE
8
BLACK
6
CONTINUOUS
10
145.6149999999999807
20
-67.2369999999999948
11
145.2150000000000034
21
-67.6370000000000005
0
LINE
8
BLACK
6
CONTINUOUS
10
145.2150000000000034
20
-69.0150000000000006
11
145.6149999999999807
21
-69.414999999999992
0
LINE
8
BLACK
6
CONTINUOUS
10
145.6149999999999807
20
-69.0150000000000006
11
145.2150000000000034
21
-69.414999999999992
0
LINE
8
BLACK
6
CONTINUOUS
10
145.2150000000000034
20
-70.7929999999999922
11
145.6149999999999807
21
-71.1929999999999978
0
LINE
8
BLACK
6
CONTINUOUS
10
145.6149999999999807
20
-70.7929999999999922
11
145.2150000000000034
21
-71.1929999999999978
0
LINE
8
BLACK
6
CONTINUOUS
10
145.2150000000000034
20
-72.570999999999998
11
145.6149999999999807
21
-72.9710000000000036
0
LINE
8
BLACK
6
CONTINUOUS
10
145.6149999999999807
20
-72.570999999999998
11
145.2150000000000034
21
-72.9710000000000036
0
LINE
8
BLACK
6
CONTINUOUS
10
145.5960000000000036
20
-49.7109999999999985
11
145.9959999999999809
21
-50.1109999999999971
0
LINE
8
BLACK
6
CONTINUOUS
10
145.9959999999999809
20
-49.7109999999999985
11
145.5960000000000036
21
-50.1109999999999971
0
LINE
8
BLACK
6
CONTINUOUS
10
145.5960000000000036
20
-52.8859999999999957
11
145.9959999999999809
21
-53.2859999999999943
0
LINE
8
BLACK
6
CONTINUOUS
10
145.9959999999999809
20
-52.8859999999999957
11
145.5960000000000036
21
-53.2859999999999943
0
LINE
8
BLACK
6
CONTINUOUS
10
145.5960000000000036
20
-56.0609999999999999
11
145.9959999999999809
21
-56.4609999999999985
0
LINE
8
BLACK
6
CONTINUOUS
10
145.9959999999999809
20
-56.0609999999999999
11
145.5960000000000036
21
-56.4609999999999985
0
LINE
8
BLACK
6
CONTINUOUS
10
145.5960000000000036
20
-79.3019999999999925
11
145.9959999999999809
21
-79.7019999999999982
0
LINE
8
BLACK
6
CONTINUOUS
10
145.9959999999999809
20
-79.3019999999999925
11
145.5960000000000036
21
-79.7019999999999982
0
LINE
8
BLACK
6
CONTINUOUS
10
145.5960000000000036
20
-81.3340000000000032
11
145.9959999999999809
21
-81.7339999999999947
0
LINE
8
BLACK
6
CONTINUOUS
10
145.9959999999999809
20
-81.3340000000000032
11
145.5960000000000036
21
-81.7339999999999947
0
LINE
8
BLACK
6
CONTINUOUS
10
145.5960000000000036
20
-87.9380000000000024
11
145.9959999999999809
21
-88.3379999999999939
0
LINE
8
BLACK
6
CONTINUOUS
10
145.9959999999999809
20
-87.9380000000000024
11
145.5960000000000036
21
-88.3379999999999939
0
LINE
8
BLACK
6
CONTINUOUS
10
145.5960000000000036
20
-89.9699999999999989
11
145.9959999999999809
21
-90.3699999999999903
0
LINE
8
BLACK
6
CONTINUOUS
10
145.9959999999999809
20
-89.9699999999999989
11
145.5960000000000036
21
-90.3699999999999903
0
LINE
8
BLACK
6
CONTINUOUS
10
146.103999999999985
20
-80.3179999999999978
11
146.5039999999999907
21
-80.7179999999999893
0
LINE
8
BLACK
6
CONTINUOUS
10
146.5039999999999907
20
-80.3179999999999978
11
146.103999999999985
21
-80.7179999999999893
0
LINE
8
BLACK
6
CONTINUOUS
10
146.103999999999985
20
-82.3499999999999943
11
146.5039999999999907
21
-82.75
0
LINE
8
BLACK
6
CONTINUOUS
10
146.5039999999999907
20
-82.3499999999999943
11
146.103999999999985
21
-82.75
0
LINE
8
BLACK
6
CONTINUOUS
10
146.103999999999985
20
-88.9539999999999935
11
146.5039999999999907
21
-89.3539999999999992
0
LINE
8
BLACK
6
CONTINUOUS
10
146.5039999999999907
20
-88.9539999999999935
11
146.103999999999985
21
-89.3539999999999992
0
LINE
8
BLACK
6
CONTINUOUS
10
146.6119999999999948
20
-77.269999999999996
11
147.0120000000000005
21
-77.6700000000000017
0
LINE
8
BLACK
6
CONTINUOUS
10
147.0120000000000005
20
-77.269999999999996
11
146.6119999999999948
21
-77.6700000000000017
0
LINE
8
BLACK
6
CONTINUOUS
10
146.6119999999999948
20
-79.3019999999999925
11
147.0120000000000005
21
-79.7019999999999982
0
LINE
8
BLACK
6
CONTINUOUS
10
147.0120000000000005
20
-79.3019999999999925
11
146.6119999999999948
21
-79.7019999999999982
0
LINE
8
BLACK
6
CONTINUOUS
10
146.6119999999999948
20
-81.3340000000000032
11
147.0120000000000005
21
-81.7339999999999947
0
LINE
8
BLACK
6
CONTINUOUS
10
147.0120000000000005
20
-81.3340000000000032
11
146.6119999999999948
21
-81.7339999999999947
0
LINE
8
BLACK
6
CONTINUOUS
10
146.8659999999999854
20
-49.7109999999999985
11
147.2659999999999911
21
-50.1109999999999971
0
LINE
8
BLACK
6
CONTINUOUS
10
147.2659999999999911
20
-49.7109999999999985
11
146.8659999999999854
21
-50.1109999999999971
0
LINE
8
BLACK
6
CONTINUOUS
10
146.8659999999999854
20
-56.0609999999999999
11
147.2659999999999911
21
-56.4609999999999985
0
LINE
8
BLACK
6
CONTINUOUS
10
147.2659999999999911
20
-56.0609999999999999
11
146.8659999999999854
21
-56.4609999999999985
0
LINE
8
BLACK
6
CONTINUOUS
10
147.1200000000000045
20
-78.2860000000000014
11
147.5199999999999818
21
-78.6859999999999928
0
LINE
8
BLACK
6
CONTINUOUS
10
147.5199999999999818
20
-78.2860000000000014
11
147.1200000000000045
21
-78.6859999999999928
0
LINE
8
BLACK
6
CONTINUOUS
10
147.1200000000000045
20
-80.3179999999999978
11
147.5199999999999818
21
-80.7179999999999893
0
LINE
8
BLACK
6
CONTINUOUS
10
147.5199999999999818
20
-80.3179999999999978
11
147.1200000000000045
21
-80.7179999999999893
0
LINE
8
BLACK
6
CONTINUOUS
10
147.1200000000000045
20
-82.3499999999999943
11
147.5199999999999818
21
-82.75
0
LINE
8
BLACK
6
CONTINUOUS
10
147.5199999999999818
20
-82.3499999999999943
11
147.1200000000000045
21
-82.75
0
LINE
8
BLACK
6
CONTINUOUS
10
147.6279999999999859
20
-77.269999999999996
11
148.0279999999999916
21
-77.6700000000000017
0
LINE
8
BLACK
6
CONTINUOUS
10
148.0279999999999916
20
-77.269999999999996
11
147.6279999999999859
21
-77.6700000000000017
0
LINE
8
BLACK
6
CONTINUOUS
10
147.6279999999999859
20
-79.3019999999999925
11
148.0279999999999916
21
-79.7019999999999982
0
LINE
8
BLACK
6
CONTINUOUS
10
148.0279999999999916
20
-79.3019999999999925
11
147.6279999999999859
21
-79.7019999999999982
0
LINE
8
BLACK
6
CONTINUOUS
10
147.6279999999999859
20
-81.3340000000000032
11
148.0279999999999916
21
-81.7339999999999947
0
LINE
8
BLACK
6
CONTINUOUS
10
148.0279999999999916
20
-81.3340000000000032
11
147.6279999999999859
21
-81.7339999999999947
0
LINE
8
BLACK
6
CONTINUOUS
10
148.1359999999999957
20
-72.0630000000000024
11
148.5360000000000014
21
-72.4629999999999939
0
LINE
8
BLACK
6
CONTINUOUS
10
148.5360000000000014
20
-72.0630000000000024
11
148.1359999999999957
21
-72.4629999999999939
0
LINE
8
BLACK
6
CONTINUOUS
10
148.1359999999999957
20
-74.2219999999999942
11
148.5360000000000014
21
-74.6219999999999999
0
LINE
8
BLACK
6
CONTINUOUS
10
148.5360000000000014
20
-74.2219999999999942
11
148.1359999999999957
21
-74.6219999999999999
0
LINE
8
BLACK
6
CONTINUOUS
10
148.1359999999999957
20
-78.2860000000000014
11
148.5360000000000014
21
-78.6859999999999928
0
LINE
8
BLACK
6
CONTINUOUS
10
148.5360000000000014
20
-78.2860000000000014
11
148.1359999999999957
21
-78.6859999999999928
0
LINE
8
BLACK
6
CONTINUOUS
10
148.1359999999999957
20
-80.3179999999999978
11
148.5360000000000014
21
-80.7179999999999893
0
LINE
8
BLACK
6
CONTINUOUS
10
148.5360000000000014
20
-80.3179999999999978
11
148.1359999999999957
21
-80.7179999999999893
0
LINE
8
BLACK
6
CONTINUOUS
10
148.1359999999999957
20
-82.3499999999999943
11
148.5360000000000014
21
-82.75
0
LINE
8
BLACK
6
CONTINUOUS
10
148.5360000000000014
20
-82.3499999999999943
11
148.1359999999999957
21
-82.75
0
LINE
8
BLACK
6
CONTINUOUS
10
148.6440000000000055
20
-77.269999999999996
11
149.0439999999999827
21
-77.6700000000000017
0
LINE
8
BLACK
6
CONTINUOUS
10
149.0439999999999827
20
-77.269999999999996
11
148.6440000000000055
21
-77.6700000000000017
0
LINE
8
BLACK
6
CONTINUOUS
10
148.6440000000000055
20
-79.3019999999999925
11
149.0439999999999827
21
-79.7019999999999982
0
LINE
8
BLACK
6
CONTINUOUS
10
149.0439999999999827
20
-79.3019999999999925
11
148.6440000000000055
21
-79.7019999999999982
0
LINE
8
BLACK
6
CONTINUOUS
10
148.6440000000000055
20
-81.3340000000000032
11
149.0439999999999827
21
-81.7339999999999947
0
LINE
8
BLACK
6
CONTINUOUS
10
149.0439999999999827
20
-81.3340000000000032
11
148.6440000000000055
21
-81.7339999999999947
0
LINE
8
BLACK
6
CONTINUOUS
10
148.7709999999999866
20
-71.046999999999997
11
149.1709999999999923
21
-71.4470000000000027
0
LINE
8
BLACK
6
CONTINUOUS
10
149.1709999999999923
20
-71.046999999999997
11
148.7709999999999866
21
-71.4470000000000027
0
LINE
8
BLACK
6
CONTINUOUS
10
148.7709999999999866
20
-73.2060000000000031
11
149.1709999999999923
21
-73.6059999999999945
0
LINE
8
BLACK
6
CONTINUOUS
10
149.1709999999999923
20
-73.2060000000000031
11
148.7709999999999866
21
-73.6059999999999945
0
LINE
8
BLACK
6
CONTINUOUS
10
149.1519999999999868
20
-78.2860000000000014
11
149.5519999999999925
21
-78.6859999999999928
0
LINE
8
BLACK
6
CONTINUOUS
10
149.5519999999999925
20
-78.2860000000000014
11
149.1519999999999868
21
-78.6859999999999928
0
LINE
8
BLACK
6
CONTINUOUS
10
149.1519999999999868
20
-80.3179999999999978
11
149.5519999999999925
21
-80.7179999999999893
0
LINE
8
BLACK
6
CONTINUOUS
10
149.5519999999999925
20
-80.3179999999999978
11
149.1519999999999868
21
-80.7179999999999893
0
LINE
8
BLACK
6
CONTINUOUS
10
149.1519999999999868
20
-82.3499999999999943
11
149.5519999999999925
21
-82.75
0
LINE
8
BLACK
6
CONTINUOUS
10
149.5519999999999925
20
-82.3499999999999943
11
149.1519999999999868
21
-82.75
0
LINE
8
BLACK
6
CONTINUOUS
10
149.4060000000000059
20
-50.0919999999999987
11
149.8059999999999832
21
-50.4919999999999973
0
LINE
8
BLACK
6
CONTINUOUS
10
149.8059999999999832
20
-50.0919999999999987
11
149.4060000000000059
21
-50.4919999999999973
0
LINE
8
BLACK
6
CONTINUOUS
10
149.4060000000000059
20
-53.6479999999999961
11
149.8059999999999832
21
-54.0479999999999947
0
LINE
8
BLACK
6
CONTINUOUS
10
149.8059999999999832
20
-53.6479999999999961
11
149.4060000000000059
21
-54.0479999999999947
0
LINE
8
BLACK
6
CONTINUOUS
10
149.4060000000000059
20
-72.0630000000000024
11
149.8059999999999832
21
-72.4629999999999939
0
LINE
8
BLACK
6
CONTINUOUS
10
149.8059999999999832
20
-72.0630000000000024
11
149.4060000000000059
21
-72.4629999999999939
0
LINE
8
BLACK
6
CONTINUOUS
10
149.4060000000000059
20
-74.2219999999999942
11
149.8059999999999832
21
-74.6219999999999999
0
LINE
8
BLACK
6
CONTINUOUS
10
149.8059999999999832
20
-74.2219999999999942
11
149.4060000000000059
21
-74.6219999999999999
0
LINE
8
BLACK
6
CONTINUOUS
10
149.6599999999999966
20
-77.269999999999996
11
150.0600000000000023
21
-77.6700000000000017
0
LINE
8
BLACK
6
CONTINUOUS
10
150.0600000000000023
20
-77.269999999999996
11
149.6599999999999966
21
-77.6700000000000017
0
LINE
8
BLACK
6
CONTINUOUS
10
149.6599999999999966
20
-79.3019999999999925
11
150.0600000000000023
21
-79.7019999999999982
0
LINE
8
BLACK
6
CONTINUOUS
10
150.0600000000000023
20
-79.3019999999999925
11
149.6599999999999966
21
-79.7019999999999982
0
LINE
8
BLACK
6
CONTINUOUS
10
149.6599999999999966
20
-81.3340000000000032
11
150.0600000000000023
21
-81.7339999999999947
0
LINE
8
BLACK
6
CONTINUOUS
10
150.0600000000000023
20
-81.3340000000000032
11
149.6599999999999966
21
-81.7339999999999947
0
LINE
8
BLACK
6
CONTINUOUS
10
150.0409999999999968
20
-71.046999999999997
11
150.4410000000000025
21
-71.4470000000000027
0
LINE
8
BLACK
6
CONTINUOUS
10
150.4410000000000025
20
-71.046999999999997
11
150.0409999999999968
21
-71.4470000000000027
0
LINE
8
BLACK
6
CONTINUOUS
10
150.0409999999999968
20
-73.2060000000000031
11
150.4410000000000025
21
-73.6059999999999945
0
LINE
8
BLACK
6
CONTINUOUS
10
150.4410000000000025
20
-73.2060000000000031
11
150.0409999999999968
21
-73.6059999999999945
0
LINE
8
BLACK
6
CONTINUOUS
10
150.1680000000000064
20
-78.2860000000000014
11
150.5679999999999836
21
-78.6859999999999928
0
LINE
8
BLACK
6
CONTINUOUS
10
150.5679999999999836
20
-78.2860000000000014
11
150.1680000000000064
21
-78.6859999999999928
0
LINE
8
BLACK
6
CONTINUOUS
10
150.1680000000000064
20
-80.3179999999999978
11
150.5679999999999836
21
-80.7179999999999893
0
LINE
8
BLACK
6
CONTINUOUS
10
150.5679999999999836
20
-80.3179999999999978
11
150.1680000000000064
21
-80.7179999999999893
0
LINE
8
BLACK
6
CONTINUOUS
10
150.1680000000000064
20
-82.3499999999999943
11
150.5679999999999836
21
-82.75
0
LINE
8
BLACK
6
CONTINUOUS
10
150.5679999999999836
20
-82.3499999999999943
11
150.1680000000000064
21
-82.75
0
LINE
8
BLACK
6
CONTINUOUS
10
150.6759999999999877
20
-72.0630000000000024
11
151.0759999999999934
21
-72.4629999999999939
0
LINE
8
BLACK
6
CONTINUOUS
10
151.0759999999999934
20
-72.0630000000000024
11
150.6759999999999877
21
-72.4629999999999939
0
LINE
8
BLACK
6
CONTINUOUS
10
150.6759999999999877
20
-74.2219999999999942
11
151.0759999999999934
21
-74.6219999999999999
0
LINE
8
BLACK
6
CONTINUOUS
10
151.0759999999999934
20
-74.2219999999999942
11
150.6759999999999877
21
-74.6219999999999999
0
LINE
8
BLACK
6
CONTINUOUS
10
150.6759999999999877
20
-77.269999999999996
11
151.0759999999999934
21
-77.6700000000000017
0
LINE
8
BLACK
6
CONTINUOUS
10
151.0759999999999934
20
-77.269999999999996
11
150.6759999999999877
21
-77.6700000000000017
0
LINE
8
BLACK
6
CONTINUOUS
10
150.6759999999999877
20
-79.3019999999999925
11
151.0759999999999934
21
-79.7019999999999982
0
LINE
8
BLACK
6
CONTINUOUS
10
151.0759999999999934
20
-79.3019999999999925
11
150.6759999999999877
21
-79.7019999999999982
0
LINE
8
BLACK
6
CONTINUOUS
10
150.6759999999999877
20
-81.3340000000000032
11
151.0759999999999934
21
-81.7339999999999947
0
LINE
8
BLACK
6
CONTINUOUS
10
151.0759999999999934
20
-81.3340000000000032
11
150.6759999999999877
21
-81.7339999999999947
0
LINE
8
BLACK
6
CONTINUOUS
10
150.6759999999999877
20
-90.98599999999999
11
151.0759999999999934
21
-91.3859999999999957
0
LINE
8
BLACK
6
CONTINUOUS
10
151.0759999999999934
20
-90.98599999999999
11
150.6759999999999877
21
-91.3859999999999957
0
LINE
8
BLACK
6
CONTINUOUS
10
150.6759999999999877
20
-92.0019999999999953
11
151.0759999999999934
21
-92.402000000000001
0
LINE
8
BLACK
6
CONTINUOUS
10
151.0759999999999934
20
-92.0019999999999953
11
150.6759999999999877
21
-92.402000000000001
0
LINE
8
BLACK
6
CONTINUOUS
10
150.6759999999999877
20
-93.0180000000000007
11
151.0759999999999934
21
-93.4179999999999922
0
LINE
8
BLACK
6
CONTINUOUS
10
151.0759999999999934
20
-93.0180000000000007
11
150.6759999999999877
21
-93.4179999999999922
0
LINE
8
BLACK
6
CONTINUOUS
10
150.6759999999999877
20
-94.0339999999999918
11
151.0759999999999934
21
-94.4339999999999975
0
LINE
8
BLACK
6
CONTINUOUS
10
151.0759999999999934
20
-94.0339999999999918
11
150.6759999999999877
21
-94.4339999999999975
0
LINE
8
BLACK
6
CONTINUOUS
10
150.6759999999999877
20
-95.0499999999999972
11
151.0759999999999934
21
-95.4499999999999886
0
LINE
8
BLACK
6
CONTINUOUS
10
151.0759999999999934
20
-95.0499999999999972
11
150.6759999999999877
21
-95.4499999999999886
0
LINE
8
BLACK
6
CONTINUOUS
10
150.6759999999999877
20
-96.0660000000000025
11
151.0759999999999934
21
-96.465999999999994
0
LINE
8
BLACK
6
CONTINUOUS
10
151.0759999999999934
20
-96.0660000000000025
11
150.6759999999999877
21
-96.465999999999994
0
LINE
8
BLACK
6
CONTINUOUS
10
150.6759999999999877
20
-97.0819999999999936
11
151.0759999999999934
21
-97.4819999999999993
0
LINE
8
BLACK
6
CONTINUOUS
10
151.0759999999999934
20
-97.0819999999999936
11
150.6759999999999877
21
-97.4819999999999993
0
LINE
8
BLACK
6
CONTINUOUS
10
150.6759999999999877
20
-98.097999999999999
11
151.0759999999999934
21
-98.4979999999999905
0
LINE
8
BLACK
6
CONTINUOUS
10
151.0759999999999934
20
-98.097999999999999
11
150.6759999999999877
21
-98.4979999999999905
0
LINE
8
BLACK
6
CONTINUOUS
10
150.6759999999999877
20
-99.1139999999999901
11
151.0759999999999934
21
-99.5139999999999958
0
LINE
8
BLACK
6
CONTINUOUS
10
151.0759999999999934
20
-99.1139999999999901
11
150.6759999999999877
21
-99.5139999999999958
0
LINE
8
BLACK
6
CONTINUOUS
10
150.6759999999999877
20
-100.1299999999999955
11
151.0759999999999934
21
-100.5300000000000011
0
LINE
8
BLACK
6
CONTINUOUS
10
151.0759999999999934
20
-100.1299999999999955
11
150.6759999999999877
21
-100.5300000000000011
0
LINE
8
BLACK
6
CONTINUOUS
10
150.6759999999999877
20
-101.1460000000000008
11
151.0759999999999934
21
-101.5459999999999923
0
LINE
8
BLACK
6
CONTINUOUS
10
151.0759999999999934
20
-101.1460000000000008
11
150.6759999999999877
21
-101.5459999999999923
0
LINE
8
BLACK
6
CONTINUOUS
10
150.6759999999999877
20
-102.1619999999999919
11
151.0759999999999934
21
-102.5619999999999976
0
LINE
8
BLACK
6
CONTINUOUS
10
151.0759999999999934
20
-102.1619999999999919
11
150.6759999999999877
21
-102.5619999999999976
0
LINE
8
BLACK
6
CONTINUOUS
10
150.6759999999999877
20
-103.1779999999999973
11
151.0759999999999934
21
-103.5779999999999887
0
LINE
8
BLACK
6
CONTINUOUS
10
151.0759999999999934
20
-103.1779999999999973
11
150.6759999999999877
21
-103.5779999999999887
0
LINE
8
BLACK
6
CONTINUOUS
10
150.6759999999999877
20
-104.1939999999999884
11
151.0759999999999934
21
-104.5939999999999941
0
LINE
8
BLACK
6
CONTINUOUS
10
151.0759999999999934
20
-104.1939999999999884
11
150.6759999999999877
21
-104.5939999999999941
0
LINE
8
BLACK
6
CONTINUOUS
10
150.6759999999999877
20
-105.2099999999999937
11
151.0759999999999934
21
-105.6099999999999994
0
LINE
8
BLACK
6
CONTINUOUS
10
151.0759999999999934
20
-105.2099999999999937
11
150.6759999999999877
21
-105.6099999999999994
0
LINE
8
BLACK
6
CONTINUOUS
10
150.6759999999999877
20
-106.2259999999999991
11
151.0759999999999934
21
-106.6259999999999906
0
LINE
8
BLACK
6
CONTINUOUS
10
151.0759999999999934
20
-106.2259999999999991
11
150.6759999999999877
21
-106.6259999999999906
0
LINE
8
BLACK
6
CONTINUOUS
10
150.6759999999999877
20
-107.2419999999999902
11
151.0759999999999934
21
-107.6419999999999959
0
LINE
8
BLACK
6
CONTINUOUS
10
151.0759999999999934
20
-107.2419999999999902
11
150.6759999999999877
21
-107.6419999999999959
0
LINE
8
BLACK
6
CONTINUOUS
10
150.6759999999999877
20
-108.2579999999999956
11
151.0759999999999934
21
-108.6580000000000013
0
LINE
8
BLACK
6
CONTINUOUS
10
151.0759999999999934
20
-108.2579999999999956
11
150.6759999999999877
21
-108.6580000000000013
0
LINE
8
BLACK
6
CONTINUOUS
10
150.6759999999999877
20
-109.2740000000000009
11
151.0759999999999934
21
-109.6739999999999924
0
LINE
8
BLACK
6
CONTINUOUS
10
151.0759999999999934
20
-109.2740000000000009
11
150.6759999999999877
21
-109.6739999999999924
0
LINE
8
BLACK
6
CONTINUOUS
10
150.6759999999999877
20
-110.289999999999992
11
151.0759999999999934
21
-110.6899999999999977
0
LINE
8
BLACK
6
CONTINUOUS
10
151.0759999999999934
20
-110.289999999999992
11
150.6759999999999877
21
-110.6899999999999977
0
LINE
8
BLACK
6
CONTINUOUS
10
150.6759999999999877
20
-111.3059999999999974
11
151.0759999999999934
21
-111.7059999999999889
0
LINE
8
BLACK
6
CONTINUOUS
10
151.0759999999999934
20
-111.3059999999999974
11
150.6759999999999877
21
-111.7059999999999889
0
LINE
8
BLACK
6
CONTINUOUS
10
150.6759999999999877
20
-112.3219999999999885
11
151.0759999999999934
21
-112.7219999999999942
0
LINE
8
BLACK
6
CONTINUOUS
10
151.0759999999999934
20
-112.3219999999999885
11
150.6759999999999877
21
-112.7219999999999942
0
LINE
8
BLACK
6
CONTINUOUS
10
150.6759999999999877
20
-113.3379999999999939
11
151.0759999999999934
21
-113.7379999999999995
0
LINE
8
BLACK
6
CONTINUOUS
10
151.0759999999999934
20
-113.3379999999999939
11
150.6759999999999877
21
-113.7379999999999995
0
LINE
8
BLACK
6
CONTINUOUS
10
150.6759999999999877
20
-114.3539999999999992
11
151.0759999999999934
21
-114.7539999999999907
0
LINE
8
BLACK
6
CONTINUOUS
10
151.0759999999999934
20
-114.3539999999999992
11
150.6759999999999877
21
-114.7539999999999907
0
LINE
8
BLACK
6
CONTINUOUS
10
151.1839999999999975
20
-78.2860000000000014
11
151.5840000000000032
21
-78.6859999999999928
0
LINE
8
BLACK
6
CONTINUOUS
10
151.5840000000000032
20
-78.2860000000000014
11
151.1839999999999975
21
-78.6859999999999928
0
LINE
8
BLACK
6
CONTINUOUS
10
151.1839999999999975
20
-80.3179999999999978
11
151.5840000000000032
21
-80.7179999999999893
0
LINE
8
BLACK
6
CONTINUOUS
10
151.5840000000000032
20
-80.3179999999999978
11
151.1839999999999975
21
-80.7179999999999893
0
LINE
8
BLACK
6
CONTINUOUS
10
151.1839999999999975
20
-82.3499999999999943
11
151.5840000000000032
21
-82.75
0
LINE
8
BLACK
6
CONTINUOUS
10
151.5840000000000032
20
-82.3499999999999943
11
151.1839999999999975
21
-82.75
0
LINE
8
BLACK
6
CONTINUOUS
10
151.311000000000007
20
-71.046999999999997
11
151.7109999999999843
21
-71.4470000000000027
0
LINE
8
BLACK
6
CONTINUOUS
10
151.7109999999999843
20
-71.046999999999997
11
151.311000000000007
21
-71.4470000000000027
0
LINE
8
BLACK
6
CONTINUOUS
10
151.311000000000007
20
-73.2060000000000031
11
151.7109999999999843
21
-73.6059999999999945
0
LINE
8
BLACK
6
CONTINUOUS
10
151.7109999999999843
20
-73.2060000000000031
11
151.311000000000007
21
-73.6059999999999945
0
LINE
8
BLACK
6
CONTINUOUS
10
151.6920000000000073
20
-48.0599999999999952
11
152.0919999999999845
21
-48.4600000000000009
0
LINE
8
BLACK
6
CONTINUOUS
10
152.0919999999999845
20
-48.0599999999999952
11
151.6920000000000073
21
-48.4600000000000009
0
LINE
8
BLACK
6
CONTINUOUS
10
151.6920000000000073
20
-77.269999999999996
11
152.0919999999999845
21
-77.6700000000000017
0
LINE
8
BLACK
6
CONTINUOUS
10
152.0919999999999845
20
-77.269999999999996
11
151.6920000000000073
21
-77.6700000000000017
0
LINE
8
BLACK
6
CONTINUOUS
10
151.6920000000000073
20
-79.3019999999999925
11
152.0919999999999845
21
-79.7019999999999982
0
LINE
8
BLACK
6
CONTINUOUS
10
152.0919999999999845
20
-79.3019999999999925
11
151.6920000000000073
21
-79.7019999999999982
0
LINE
8
BLACK
6
CONTINUOUS
10
151.6920000000000073
20
-81.3340000000000032
11
152.0919999999999845
21
-81.7339999999999947
0
LINE
8
BLACK
6
CONTINUOUS
10
152.0919999999999845
20
-81.3340000000000032
11
151.6920000000000073
21
-81.7339999999999947
0
LINE
8
BLACK
6
CONTINUOUS
10
151.945999999999998
20
-54.6639999999999944
11
152.3460000000000036
21
-55.0640000000000001
0
LINE
8
BLACK
6
CONTINUOUS
10
152.3460000000000036
20
-54.6639999999999944
11
151.945999999999998
21
-55.0640000000000001
0
LINE
8
BLACK
6
CONTINUOUS
10
151.945999999999998
20
-61.0139999999999958
11
152.3460000000000036
21
-61.4139999999999944
0
LINE
8
BLACK
6
CONTINUOUS
10
152.3460000000000036
20
-61.0139999999999958
11
151.945999999999998
21
-61.4139999999999944
0
LINE
8
BLACK
6
CONTINUOUS
10
151.945999999999998
20
-72.0630000000000024
11
152.3460000000000036
21
-72.4629999999999939
0
LINE
8
BLACK
6
CONTINUOUS
10
152.3460000000000036
20
-72.0630000000000024
11
151.945999999999998
21
-72.4629999999999939
0
LINE
8
BLACK
6
CONTINUOUS
10
151.945999999999998
20
-74.2219999999999942
11
152.3460000000000036
21
-74.6219999999999999
0
LINE
8
BLACK
6
CONTINUOUS
10
152.3460000000000036
20
-74.2219999999999942
11
151.945999999999998
21
-74.6219999999999999
0
LINE
8
BLACK
6
CONTINUOUS
10
152.1999999999999886
20
-47.2979999999999947
11
152.5999999999999943
21
-47.6980000000000004
0
LINE
8
BLACK
6
CONTINUOUS
10
152.5999999999999943
20
-47.2979999999999947
11
152.1999999999999886
21
-47.6980000000000004
0
LINE
8
BLACK
6
CONTINUOUS
10
152.1999999999999886
20
-78.2860000000000014
11
152.5999999999999943
21
-78.6859999999999928
0
LINE
8
BLACK
6
CONTINUOUS
10
152.5999999999999943
20
-78.2860000000000014
11
152.1999999999999886
21
-78.6859999999999928
0
LINE
8
BLACK
6
CONTINUOUS
10
152.1999999999999886
20
-80.3179999999999978
11
152.5999999999999943
21
-80.7179999999999893
0
LINE
8
BLACK
6
CONTINUOUS
10
152.5999999999999943
20
-80.3179999999999978
11
152.1999999999999886
21
-80.7179999999999893
0
LINE
8
BLACK
6
CONTINUOUS
10
152.1999999999999886
20
-82.3499999999999943
11
152.5999999999999943
21
-82.75
0
LINE
8
BLACK
6
CONTINUOUS
10
152.5999999999999943
20
-82.3499999999999943
11
152.1999999999999886
21
-82.75
0
LINE
8
BLACK
6
CONTINUOUS
10
152.7079999999999984
20
-46.5360000000000014
11
153.1080000000000041
21
-46.9359999999999999
0
LINE
8
BLACK
6
CONTINUOUS
10
153.1080000000000041
20
-46.5360000000000014
11
152.7079999999999984
21
-46.9359999999999999
0
LINE
8
BLACK
6
CONTINUOUS
10
152.7079999999999984
20
-48.0599999999999952
11
153.1080000000000041
21
-48.4600000000000009
0
LINE
8
BLACK
6
CONTINUOUS
10
153.1080000000000041
20
-48.0599999999999952
11
152.7079999999999984
21
-48.4600000000000009
0
LINE
8
BLACK
6
CONTINUOUS
10
152.7079999999999984
20
-77.269999999999996
11
153.1080000000000041
21
-77.6700000000000017
0
LINE
8
BLACK
6
CONTINUOUS
10
153.1080000000000041
20
-77.269999999999996
11
152.7079999999999984
21
-77.6700000000000017
0
LINE
8
BLACK
6
CONTINUOUS
10
152.7079999999999984
20
-79.3019999999999925
11
153.1080000000000041
21
-79.7019999999999982
0
LINE
8
BLACK
6
CONTINUOUS
10
153.1080000000000041
20
-79.3019999999999925
11
152.7079999999999984
21
-79.7019999999999982
0
LINE
8
BLACK
6
CONTINUOUS
10
152.7079999999999984
20
-81.3340000000000032
11
153.1080000000000041
21
-81.7339999999999947
0
LINE
8
BLACK
6
CONTINUOUS
10
153.1080000000000041
20
-81.3340000000000032
11
152.7079999999999984
21
-81.7339999999999947
0
LINE
8
BLACK
6
CONTINUOUS
10
152.7079999999999984
20
-98.097999999999999
11
153.1080000000000041
21
-98.4979999999999905
0
LINE
8
BLACK
6
CONTINUOUS
10
153.1080000000000041
20
-98.097999999999999
11
152.7079999999999984
21
-98.4979999999999905
0
LINE
8
BLACK
6
CONTINUOUS
10
152.7079999999999984
20
-100.1299999999999955
11
153.1080000000000041
21
-100.5300000000000011
0
LINE
8
BLACK
6
CONTINUOUS
10
153.1080000000000041
20
-100.1299999999999955
11
152.7079999999999984
21
-100.5300000000000011
0
LINE
8
BLACK
6
CONTINUOUS
10
153.2159999999999798
20
-47.2979999999999947
11
153.6159999999999854
21
-47.6980000000000004
0
LINE
8
BLACK
6
CONTINUOUS
10
153.6159999999999854
20
-47.2979999999999947
11
153.2159999999999798
21
-47.6980000000000004
0
LINE
8
BLACK
6
CONTINUOUS
10
153.2159999999999798
20
-54.6639999999999944
11
153.6159999999999854
21
-55.0640000000000001
0
LINE
8
BLACK
6
CONTINUOUS
10
153.6159999999999854
20
-54.6639999999999944
11
153.2159999999999798
21
-55.0640000000000001
0
LINE
8
BLACK
6
CONTINUOUS
10
153.2159999999999798
20
-57.8389999999999986
11
153.6159999999999854
21
-58.2389999999999972
0
LINE
8
BLACK
6
CONTINUOUS
10
153.6159999999999854
20
-57.8389999999999986
11
153.2159999999999798
21
-58.2389999999999972
0
LINE
8
BLACK
6
CONTINUOUS
10
153.2159999999999798
20
-61.0139999999999958
11
153.6159999999999854
21
-61.4139999999999944
0
LINE
8
BLACK
6
CONTINUOUS
10
153.6159999999999854
20
-61.0139999999999958
11
153.2159999999999798
21
-61.4139999999999944
0
LINE
8
BLACK
6
CONTINUOUS
10
153.2159999999999798
20
-80.3179999999999978
11
153.6159999999999854
21
-80.7179999999999893
0
LINE
8
BLACK
6
CONTINUOUS
10
153.6159999999999854
20
-80.3179999999999978
11
153.2159999999999798
21
-80.7179999999999893
0
LINE
8
BLACK
6
CONTINUOUS
10
153.2159999999999798
20
-82.3499999999999943
11
153.6159999999999854
21
-82.75
0
LINE
8
BLACK
6
CONTINUOUS
10
153.6159999999999854
20
-82.3499999999999943
11
153.2159999999999798
21
-82.75
0
LINE
8
BLACK
6
CONTINUOUS
10
153.2159999999999798
20
-99.1139999999999901
11
153.6159999999999854
21
-99.5139999999999958
0
LINE
8
BLACK
6
CONTINUOUS
10
153.6159999999999854
20
-99.1139999999999901
11
153.2159999999999798
21
-99.5139999999999958
0
LINE
8
BLACK
6
CONTINUOUS
10
153.7239999999999895
20
-46.5360000000000014
11
154.1239999999999952
21
-46.9359999999999999
0
LINE
8
BLACK
6
CONTINUOUS
10
154.1239999999999952
20
-46.5360000000000014
11
153.7239999999999895
21
-46.9359999999999999
0
LINE
8
BLACK
6
CONTINUOUS
10
153.7239999999999895
20
-48.0599999999999952
11
154.1239999999999952
21
-48.4600000000000009
0
LINE
8
BLACK
6
CONTINUOUS
10
154.1239999999999952
20
-48.0599999999999952
11
153.7239999999999895
21
-48.4600000000000009
0
LINE
8
BLACK
6
CONTINUOUS
10
153.7239999999999895
20
-79.3019999999999925
11
154.1239999999999952
21
-79.7019999999999982
0
LINE
8
BLACK
6
CONTINUOUS
10
154.1239999999999952
20
-79.3019999999999925
11
153.7239999999999895
21
-79.7019999999999982
0
LINE
8
BLACK
6
CONTINUOUS
10
153.7239999999999895
20
-81.3340000000000032
11
154.1239999999999952
21
-81.7339999999999947
0
LINE
8
BLACK
6
CONTINUOUS
10
154.1239999999999952
20
-81.3340000000000032
11
153.7239999999999895
21
-81.7339999999999947
0
LINE
8
BLACK
6
CONTINUOUS
10
153.7239999999999895
20
-98.097999999999999
11
154.1239999999999952
21
-98.4979999999999905
0
LINE
8
BLACK
6
CONTINUOUS
10
154.1239999999999952
20
-98.097999999999999
11
153.7239999999999895
21
-98.4979999999999905
0
LINE
8
BLACK
6
CONTINUOUS
10
153.7239999999999895
20
-100.1299999999999955
11
154.1239999999999952
21
-100.5300000000000011
0
LINE
8
BLACK
6
CONTINUOUS
10
154.1239999999999952
20
-100.1299999999999955
11
153.7239999999999895
21
-100.5300000000000011
0
LINE
8
BLACK
6
CONTINUOUS
10
154.2319999999999993
20
-47.2979999999999947
11
154.632000000000005
21
-47.6980000000000004
0
LINE
8
BLACK
6
CONTINUOUS
10
154.632000000000005
20
-47.2979999999999947
11
154.2319999999999993
21
-47.6980000000000004
0
LINE
8
BLACK
6
CONTINUOUS
10
154.2319999999999993
20
-80.3179999999999978
11
154.632000000000005
21
-80.7179999999999893
0
LINE
8
BLACK
6
CONTINUOUS
10
154.632000000000005
20
-80.3179999999999978
11
154.2319999999999993
21
-80.7179999999999893
0
LINE
8
BLACK
6
CONTINUOUS
10
154.2319999999999993
20
-82.3499999999999943
11
154.632000000000005
21
-82.75
0
LINE
8
BLACK
6
CONTINUOUS
10
154.632000000000005
20
-82.3499999999999943
11
154.2319999999999993
21
-82.75
0
LINE
8
BLACK
6
CONTINUOUS
10
154.2319999999999993
20
-99.1139999999999901
11
154.632000000000005
21
-99.5139999999999958
0
LINE
8
BLACK
6
CONTINUOUS
10
154.632000000000005
20
-99.1139999999999901
11
154.2319999999999993
21
-99.5139999999999958
0
LINE
8
BLACK
6
CONTINUOUS
10
154.3496260000000007
20
-67.2369999999999948
11
154.7496260000000063
21
-67.6370000000000005
0
LINE
8
BLACK
6
CONTINUOUS
10
154.7496260000000063
20
-67.2369999999999948
11
154.3496260000000007
21
-67.6370000000000005
0
LINE
8
BLACK
6
CONTINUOUS
10
154.3589999999999804
20
-65.4590000000000032
11
154.7589999999999861
21
-65.8589999999999947
0
LINE
8
BLACK
6
CONTINUOUS
10
154.7589999999999861
20
-65.4590000000000032
11
154.3589999999999804
21
-65.8589999999999947
0
LINE
8
BLACK
6
CONTINUOUS
10
154.3589999999999804
20
-69.0150000000000006
11
154.7589999999999861
21
-69.414999999999992
0
LINE
8
BLACK
6
CONTINUOUS
10
154.7589999999999861
20
-69.0150000000000006
11
154.3589999999999804
21
-69.414999999999992
0
LINE
8
BLACK
6
CONTINUOUS
10
154.3589999999999804
20
-70.7929999999999922
11
154.7589999999999861
21
-71.1929999999999978
0
LINE
8
BLACK
6
CONTINUOUS
10
154.7589999999999861
20
-70.7929999999999922
11
154.3589999999999804
21
-71.1929999999999978
0
LINE
8
BLACK
6
CONTINUOUS
10
154.3589999999999804
20
-72.570999999999998
11
154.7589999999999861
21
-72.9710000000000036
0
LINE
8
BLACK
6
CONTINUOUS
10
154.7589999999999861
20
-72.570999999999998
11
154.3589999999999804
21
-72.9710000000000036
0
LINE
8
BLACK
6
CONTINUOUS
10
154.48599999999999
20
-54.6639999999999944
11
154.8859999999999957
21
-55.0640000000000001
0
LINE
8
BLACK
6
CONTINUOUS
10
154.8859999999999957
20
-54.6639999999999944
11
154.48599999999999
21
-55.0640000000000001
0
LINE
8
BLACK
6
CONTINUOUS
10
154.48599999999999
20
-57.8389999999999986
11
154.8859999999999957
21
-58.2389999999999972
0
LINE
8
BLACK
6
CONTINUOUS
10
154.8859999999999957
20
-57.8389999999999986
11
154.48599999999999
21
-58.2389999999999972
0
LINE
8
BLACK
6
CONTINUOUS
10
154.48599999999999
20
-61.0139999999999958
11
154.8859999999999957
21
-61.4139999999999944
0
LINE
8
BLACK
6
CONTINUOUS
10
154.8859999999999957
20
-61.0139999999999958
11
154.48599999999999
21
-61.4139999999999944
0
LINE
8
BLACK
6
CONTINUOUS
10
154.7399999999999807
20
-46.5360000000000014
11
155.1399999999999864
21
-46.9359999999999999
0
LINE
8
BLACK
6
CONTINUOUS
10
155.1399999999999864
20
-46.5360000000000014
11
154.7399999999999807
21
-46.9359999999999999
0
LINE
8
BLACK
6
CONTINUOUS
10
154.7399999999999807
20
-48.0599999999999952
11
155.1399999999999864
21
-48.4600000000000009
0
LINE
8
BLACK
6
CONTINUOUS
10
155.1399999999999864
20
-48.0599999999999952
11
154.7399999999999807
21
-48.4600000000000009
0
LINE
8
BLACK
6
CONTINUOUS
10
154.7399999999999807
20
-79.3019999999999925
11
155.1399999999999864
21
-79.7019999999999982
0
LINE
8
BLACK
6
CONTINUOUS
10
155.1399999999999864
20
-79.3019999999999925
11
154.7399999999999807
21
-79.7019999999999982
0
LINE
8
BLACK
6
CONTINUOUS
10
154.7399999999999807
20
-81.3340000000000032
11
155.1399999999999864
21
-81.7339999999999947
0
LINE
8
BLACK
6
CONTINUOUS
10
155.1399999999999864
20
-81.3340000000000032
11
154.7399999999999807
21
-81.7339999999999947
0
LINE
8
BLACK
6
CONTINUOUS
10
154.7399999999999807
20
-98.097999999999999
11
155.1399999999999864
21
-98.4979999999999905
0
LINE
8
BLACK
6
CONTINUOUS
10
155.1399999999999864
20
-98.097999999999999
11
154.7399999999999807
21
-98.4979999999999905
0
LINE
8
BLACK
6
CONTINUOUS
10
154.7399999999999807
20
-100.1299999999999955
11
155.1399999999999864
21
-100.5300000000000011
0
LINE
8
BLACK
6
CONTINUOUS
10
155.1399999999999864
20
-100.1299999999999955
11
154.7399999999999807
21
-100.5300000000000011
0
LINE
8
BLACK
6
CONTINUOUS
10
154.9939999999999998
20
-64.5699999999999932
11
155.3940000000000055
21
-64.9699999999999989
0
LINE
8
BLACK
6
CONTINUOUS
10
155.3940000000000055
20
-64.5699999999999932
11
154.9939999999999998
21
-64.9699999999999989
0
LINE
8
BLACK
6
CONTINUOUS
10
154.9939999999999998
20
-66.347999999999999
11
155.3940000000000055
21
-66.7479999999999905
0
LINE
8
BLACK
6
CONTINUOUS
10
155.3940000000000055
20
-66.347999999999999
11
154.9939999999999998
21
-66.7479999999999905
0
LINE
8
BLACK
6
CONTINUOUS
10
154.9939999999999998
20
-68.1259999999999906
11
155.3940000000000055
21
-68.5259999999999962
0
LINE
8
BLACK
6
CONTINUOUS
10
155.3940000000000055
20
-68.1259999999999906
11
154.9939999999999998
21
-68.5259999999999962
0
LINE
8
BLACK
6
CONTINUOUS
10
154.9939999999999998
20
-69.9039999999999964
11
155.3940000000000055
21
-70.304000000000002
0
LINE
8
BLACK
6
CONTINUOUS
10
155.3940000000000055
20
-69.9039999999999964
11
154.9939999999999998
21
-70.304000000000002
0
LINE
8
BLACK
6
CONTINUOUS
10
154.9939999999999998
20
-71.6820000000000022
11
155.3940000000000055
21
-72.0819999999999936
0
LINE
8
BLACK
6
CONTINUOUS
10
155.3940000000000055
20
-71.6820000000000022
11
154.9939999999999998
21
-72.0819999999999936
0
LINE
8
BLACK
6
CONTINUOUS
10
155.2479999999999905
20
-47.2979999999999947
11
155.6479999999999961
21
-47.6980000000000004
0
LINE
8
BLACK
6
CONTINUOUS
10
155.6479999999999961
20
-47.2979999999999947
11
155.2479999999999905
21
-47.6980000000000004
0
LINE
8
BLACK
6
CONTINUOUS
10
155.2479999999999905
20
-80.3179999999999978
11
155.6479999999999961
21
-80.7179999999999893
0
LINE
8
BLACK
6
CONTINUOUS
10
155.6479999999999961
20
-80.3179999999999978
11
155.2479999999999905
21
-80.7179999999999893
0
LINE
8
BLACK
6
CONTINUOUS
10
155.2479999999999905
20
-82.3499999999999943
11
155.6479999999999961
21
-82.75
0
LINE
8
BLACK
6
CONTINUOUS
10
155.6479999999999961
20
-82.3499999999999943
11
155.2479999999999905
21
-82.75
0
LINE
8
BLACK
6
CONTINUOUS
10
155.2479999999999905
20
-99.1139999999999901
11
155.6479999999999961
21
-99.5139999999999958
0
LINE
8
BLACK
6
CONTINUOUS
10
155.6479999999999961
20
-99.1139999999999901
11
155.2479999999999905
21
-99.5139999999999958
0
LINE
8
BLACK
6
CONTINUOUS
10
155.6196259999999825
20
-67.2369999999999948
11
156.0196259999999882
21
-67.6370000000000005
0
LINE
8
BLACK
6
CONTINUOUS
10
156.0196259999999882
20
-67.2369999999999948
11
155.6196259999999825
21
-67.6370000000000005
0
LINE
8
BLACK
6
CONTINUOUS
10
155.6289999999999907
20
-65.4590000000000032
11
156.0289999999999964
21
-65.8589999999999947
0
LINE
8
BLACK
6
CONTINUOUS
10
156.0289999999999964
20
-65.4590000000000032
11
155.6289999999999907
21
-65.8589999999999947
0
LINE
8
BLACK
6
CONTINUOUS
10
155.6289999999999907
20
-69.0150000000000006
11
156.0289999999999964
21
-69.414999999999992
0
LINE
8
BLACK
6
CONTINUOUS
10
156.0289999999999964
20
-69.0150000000000006
11
155.6289999999999907
21
-69.414999999999992
0
LINE
8
BLACK
6
CONTINUOUS
10
155.6289999999999907
20
-70.7929999999999922
11
156.0289999999999964
21
-71.1929999999999978
0
LINE
8
BLACK
6
CONTINUOUS
10
156.0289999999999964
20
-70.7929999999999922
11
155.6289999999999907
21
-71.1929999999999978
0
LINE
8
BLACK
6
CONTINUOUS
10
155.6289999999999907
20
-72.570999999999998
11
156.0289999999999964
21
-72.9710000000000036
0
LINE
8
BLACK
6
CONTINUOUS
10
156.0289999999999964
20
-72.570999999999998
11
155.6289999999999907
21
-72.9710000000000036
0
LINE
8
BLACK
6
CONTINUOUS
10
155.7560000000000002
20
-46.5360000000000014
11
156.1560000000000059
21
-46.9359999999999999
0
LINE
8
BLACK
6
CONTINUOUS
10
156.1560000000000059
20
-46.5360000000000014
11
155.7560000000000002
21
-46.9359999999999999
0
LINE
8
BLACK
6
CONTINUOUS
10
155.7560000000000002
20
-48.0599999999999952
11
156.1560000000000059
21
-48.4600000000000009
0
LINE
8
BLACK
6
CONTINUOUS
10
156.1560000000000059
20
-48.0599999999999952
11
155.7560000000000002
21
-48.4600000000000009
0
LINE
8
BLACK
6
CONTINUOUS
10
155.7560000000000002
20
-54.6639999999999944
11
156.1560000000000059
21
-55.0640000000000001
0
LINE
8
BLACK
6
CONTINUOUS
10
156.1560000000000059
20
-54.6639999999999944
11
155.7560000000000002
21
-55.0640000000000001
0
LINE
8
BLACK
6
CONTINUOUS
10
155.7560000000000002
20
-57.8389999999999986
11
156.1560000000000059
21
-58.2389999999999972
0
LINE
8
BLACK
6
CONTINUOUS
10
156.1560000000000059
20
-57.8389999999999986
11
155.7560000000000002
21
-58.2389999999999972
0
LINE
8
BLACK
6
CONTINUOUS
10
155.7560000000000002
20
-61.0139999999999958
11
156.1560000000000059
21
-61.4139999999999944
0
LINE
8
BLACK
6
CONTINUOUS
10
156.1560000000000059
20
-61.0139999999999958
11
155.7560000000000002
21
-61.4139999999999944
0
LINE
8
BLACK
6
CONTINUOUS
10
155.7560000000000002
20
-79.3019999999999925
11
156.1560000000000059
21
-79.7019999999999982
0
LINE
8
BLACK
6
CONTINUOUS
10
156.1560000000000059
20
-79.3019999999999925
11
155.7560000000000002
21
-79.7019999999999982
0
LINE
8
BLACK
6
CONTINUOUS
10
155.7560000000000002
20
-81.3340000000000032
11
156.1560000000000059
21
-81.7339999999999947
0
LINE
8
BLACK
6
CONTINUOUS
10
156.1560000000000059
20
-81.3340000000000032
11
155.7560000000000002
21
-81.7339999999999947
0
LINE
8
BLACK
6
CONTINUOUS
10
155.7560000000000002
20
-98.097999999999999
11
156.1560000000000059
21
-98.4979999999999905
0
LINE
8
BLACK
6
CONTINUOUS
10
156.1560000000000059
20
-98.097999999999999
11
155.7560000000000002
21
-98.4979999999999905
0
LINE
8
BLACK
6
CONTINUOUS
10
155.7560000000000002
20
-100.1299999999999955
11
156.1560000000000059
21
-100.5300000000000011
0
LINE
8
BLACK
6
CONTINUOUS
10
156.1560000000000059
20
-100.1299999999999955
11
155.7560000000000002
21
-100.5300000000000011
0
LINE
8
BLACK
6
CONTINUOUS
10
156.2639999999999816
20
-47.2979999999999947
11
156.6639999999999873
21
-47.6980000000000004
0
LINE
8
BLACK
6
CONTINUOUS
10
156.6639999999999873
20
-47.2979999999999947
11
156.2639999999999816
21
-47.6980000000000004
0
LINE
8
BLACK
6
CONTINUOUS
10
156.2639999999999816
20
-64.5699999999999932
11
156.6639999999999873
21
-64.9699999999999989
0
LINE
8
BLACK
6
CONTINUOUS
10
156.6639999999999873
20
-64.5699999999999932
11
156.2639999999999816
21
-64.9699999999999989
0
LINE
8
BLACK
6
CONTINUOUS
10
156.2639999999999816
20
-66.347999999999999
11
156.6639999999999873
21
-66.7479999999999905
0
LINE
8
BLACK
6
CONTINUOUS
10
156.6639999999999873
20
-66.347999999999999
11
156.2639999999999816
21
-66.7479999999999905
0
LINE
8
BLACK
6
CONTINUOUS
10
156.2639999999999816
20
-68.1259999999999906
11
156.6639999999999873
21
-68.5259999999999962
0
LINE
8
BLACK
6
CONTINUOUS
10
156.6639999999999873
20
-68.1259999999999906
11
156.2639999999999816
21
-68.5259999999999962
0
LINE
8
BLACK
6
CONTINUOUS
10
156.2639999999999816
20
-69.9039999999999964
11
156.6639999999999873
21
-70.304000000000002
0
LINE
8
BLACK
6
CONTINUOUS
10
156.6639999999999873
20
-69.9039999999999964
11
156.2639999999999816
21
-70.304000000000002
0
LINE
8
BLACK
6
CONTINUOUS
10
156.2639999999999816
20
-71.6820000000000022
11
156.6639999999999873
21
-72.0819999999999936
0
LINE
8
BLACK
6
CONTINUOUS
10
156.6639999999999873
20
-71.6820000000000022
11
156.2639999999999816
21
-72.0819999999999936
0
LINE
8
BLACK
6
CONTINUOUS
10
156.2639999999999816
20
-80.3179999999999978
11
156.6639999999999873
21
-80.7179999999999893
0
LINE
8
BLACK
6
CONTINUOUS
10
156.6639999999999873
20
-80.3179999999999978
11
156.2639999999999816
21
-80.7179999999999893
0
LINE
8
BLACK
6
CONTINUOUS
10
156.2639999999999816
20
-82.3499999999999943
11
156.6639999999999873
21
-82.75
0
LINE
8
BLACK
6
CONTINUOUS
10
156.6639999999999873
20
-82.3499999999999943
11
156.2639999999999816
21
-82.75
0
LINE
8
BLACK
6
CONTINUOUS
10
156.2639999999999816
20
-99.1139999999999901
11
156.6639999999999873
21
-99.5139999999999958
0
LINE
8
BLACK
6
CONTINUOUS
10
156.6639999999999873
20
-99.1139999999999901
11
156.2639999999999816
21
-99.5139999999999958
0
LINE
8
BLACK
6
CONTINUOUS
10
156.7719999999999914
20
-46.5360000000000014
11
157.171999999999997
21
-46.9359999999999999
0
LINE
8
BLACK
6
CONTINUOUS
10
157.171999999999997
20
-46.5360000000000014
11
156.7719999999999914
21
-46.9359999999999999
0
LINE
8
BLACK
6
CONTINUOUS
10
156.7719999999999914
20
-48.0599999999999952
11
157.171999999999997
21
-48.4600000000000009
0
LINE
8
BLACK
6
CONTINUOUS
10
157.171999999999997
20
-48.0599999999999952
11
156.7719999999999914
21
-48.4600000000000009
0
LINE
8
BLACK
6
CONTINUOUS
10
156.7719999999999914
20
-81.3340000000000032
11
157.171999999999997
21
-81.7339999999999947
0
LINE
8
BLACK
6
CONTINUOUS
10
157.171999999999997
20
-81.3340000000000032
11
156.7719999999999914
21
-81.7339999999999947
0
LINE
8
BLACK
6
CONTINUOUS
10
156.7719999999999914
20
-98.097999999999999
11
157.171999999999997
21
-98.4979999999999905
0
LINE
8
BLACK
6
CONTINUOUS
10
157.171999999999997
20
-98.097999999999999
11
156.7719999999999914
21
-98.4979999999999905
0
LINE
8
BLACK
6
CONTINUOUS
10
156.7719999999999914
20
-100.1299999999999955
11
157.171999999999997
21
-100.5300000000000011
0
LINE
8
BLACK
6
CONTINUOUS
10
157.171999999999997
20
-100.1299999999999955
11
156.7719999999999914
21
-100.5300000000000011
0
LINE
8
BLACK
6
CONTINUOUS
10
156.8896259999999927
20
-67.2369999999999948
11
157.2896259999999984
21
-67.6370000000000005
0
LINE
8
BLACK
6
CONTINUOUS
10
157.2896259999999984
20
-67.2369999999999948
11
156.8896259999999927
21
-67.6370000000000005
0
LINE
8
BLACK
6
CONTINUOUS
10
156.8990000000000009
20
-65.4590000000000032
11
157.2990000000000066
21
-65.8589999999999947
0
LINE
8
BLACK
6
CONTINUOUS
10
157.2990000000000066
20
-65.4590000000000032
11
156.8990000000000009
21
-65.8589999999999947
0
LINE
8
BLACK
6
CONTINUOUS
10
156.8990000000000009
20
-69.0150000000000006
11
157.2990000000000066
21
-69.414999999999992
0
LINE
8
BLACK
6
CONTINUOUS
10
157.2990000000000066
20
-69.0150000000000006
11
156.8990000000000009
21
-69.414999999999992
0
LINE
8
BLACK
6
CONTINUOUS
10
156.8990000000000009
20
-70.7929999999999922
11
157.2990000000000066
21
-71.1929999999999978
0
LINE
8
BLACK
6
CONTINUOUS
10
157.2990000000000066
20
-70.7929999999999922
11
156.8990000000000009
21
-71.1929999999999978
0
LINE
8
BLACK
6
CONTINUOUS
10
156.8990000000000009
20
-72.570999999999998
11
157.2990000000000066
21
-72.9710000000000036
0
LINE
8
BLACK
6
CONTINUOUS
10
157.2990000000000066
20
-72.570999999999998
11
156.8990000000000009
21
-72.9710000000000036
0
LINE
8
BLACK
6
CONTINUOUS
10
157.025999999999982
20
-54.6639999999999944
11
157.4259999999999877
21
-55.0640000000000001
0
LINE
8
BLACK
6
CONTINUOUS
10
157.4259999999999877
20
-54.6639999999999944
11
157.025999999999982
21
-55.0640000000000001
0
LINE
8
BLACK
6
CONTINUOUS
10
157.025999999999982
20
-57.8389999999999986
11
157.4259999999999877
21
-58.2389999999999972
0
LINE
8
BLACK
6
CONTINUOUS
10
157.4259999999999877
20
-57.8389999999999986
11
157.025999999999982
21
-58.2389999999999972
0
LINE
8
BLACK
6
CONTINUOUS
10
157.025999999999982
20
-61.0139999999999958
11
157.4259999999999877
21
-61.4139999999999944
0
LINE
8
BLACK
6
CONTINUOUS
10
157.4259999999999877
20
-61.0139999999999958
11
157.025999999999982
21
-61.4139999999999944
0
LINE
8
BLACK
6
CONTINUOUS
10
157.2800000000000011
20
-47.2979999999999947
11
157.6800000000000068
21
-47.6980000000000004
0
LINE
8
BLACK
6
CONTINUOUS
10
157.6800000000000068
20
-47.2979999999999947
11
157.2800000000000011
21
-47.6980000000000004
0
LINE
8
BLACK
6
CONTINUOUS
10
157.2800000000000011
20
-82.3499999999999943
11
157.6800000000000068
21
-82.75
0
LINE
8
BLACK
6
CONTINUOUS
10
157.6800000000000068
20
-82.3499999999999943
11
157.2800000000000011
21
-82.75
0
LINE
8
BLACK
6
CONTINUOUS
10
157.2800000000000011
20
-99.1139999999999901
11
157.6800000000000068
21
-99.5139999999999958
0
LINE
8
BLACK
6
CONTINUOUS
10
157.6800000000000068
20
-99.1139999999999901
11
157.2800000000000011
21
-99.5139999999999958
0
LINE
8
BLACK
6
CONTINUOUS
10
157.5339999999999918
20
-64.5699999999999932
11
157.9339999999999975
21
-64.9699999999999989
0
LINE
8
BLACK
6
CONTINUOUS
10
157.9339999999999975
20
-64.5699999999999932
11
157.5339999999999918
21
-64.9699999999999989
0
LINE
8
BLACK
6
CONTINUOUS
10
157.5339999999999918
20
-66.347999999999999
11
157.9339999999999975
21
-66.7479999999999905
0
LINE
8
BLACK
6
CONTINUOUS
10
157.9339999999999975
20
-66.347999999999999
11
157.5339999999999918
21
-66.7479999999999905
0
LINE
8
BLACK
6
CONTINUOUS
10
157.5339999999999918
20
-68.1259999999999906
11
157.9339999999999975
21
-68.5259999999999962
0
LINE
8
BLACK
6
CONTINUOUS
10
157.9339999999999975
20
-68.1259999999999906
11
157.5339999999999918
21
-68.5259999999999962
0
LINE
8
BLACK
6
CONTINUOUS
10
157.5339999999999918
20
-69.9039999999999964
11
157.9339999999999975
21
-70.304000000000002
0
LINE
8
BLACK
6
CONTINUOUS
10
157.9339999999999975
20
-69.9039999999999964
11
157.5339999999999918
21
-70.304000000000002
0
LINE
8
BLACK
6
CONTINUOUS
10
157.5339999999999918
20
-71.6820000000000022
11
157.9339999999999975
21
-72.0819999999999936
0
LINE
8
BLACK
6
CONTINUOUS
10
157.9339999999999975
20
-71.6820000000000022
11
157.5339999999999918
21
-72.0819999999999936
0
LINE
8
BLACK
6
CONTINUOUS
10
157.7879999999999825
20
-46.5360000000000014
11
158.1879999999999882
21
-46.9359999999999999
0
LINE
8
BLACK
6
CONTINUOUS
10
158.1879999999999882
20
-46.5360000000000014
11
157.7879999999999825
21
-46.9359999999999999
0
LINE
8
BLACK
6
CONTINUOUS
10
157.7879999999999825
20
-48.0599999999999952
11
158.1879999999999882
21
-48.4600000000000009
0
LINE
8
BLACK
6
CONTINUOUS
10
158.1879999999999882
20
-48.0599999999999952
11
157.7879999999999825
21
-48.4600000000000009
0
LINE
8
BLACK
6
CONTINUOUS
10
157.7879999999999825
20
-98.097999999999999
11
158.1879999999999882
21
-98.4979999999999905
0
LINE
8
BLACK
6
CONTINUOUS
10
158.1879999999999882
20
-98.097999999999999
11
157.7879999999999825
21
-98.4979999999999905
0
LINE
8
BLACK
6
CONTINUOUS
10
157.7879999999999825
20
-100.1299999999999955
11
158.1879999999999882
21
-100.5300000000000011
0
LINE
8
BLACK
6
CONTINUOUS
10
158.1879999999999882
20
-100.1299999999999955
11
157.7879999999999825
21
-100.5300000000000011
0
LINE
8
BLACK
6
CONTINUOUS
10
158.1689999999999827
20
-72.570999999999998
11
158.5689999999999884
21
-72.9710000000000036
0
LINE
8
BLACK
6
CONTINUOUS
10
158.5689999999999884
20
-72.570999999999998
11
158.1689999999999827
21
-72.9710000000000036
0
LINE
8
BLACK
6
CONTINUOUS
10
158.2959999999999923
20
-47.2979999999999947
11
158.695999999999998
21
-47.6980000000000004
0
LINE
8
BLACK
6
CONTINUOUS
10
158.695999999999998
20
-47.2979999999999947
11
158.2959999999999923
21
-47.6980000000000004
0
LINE
8
BLACK
6
CONTINUOUS
10
158.2959999999999923
20
-54.6639999999999944
11
158.695999999999998
21
-55.0640000000000001
0
LINE
8
BLACK
6
CONTINUOUS
10
158.695999999999998
20
-54.6639999999999944
11
158.2959999999999923
21
-55.0640000000000001
0
LINE
8
BLACK
6
CONTINUOUS
10
158.2959999999999923
20
-57.8389999999999986
11
158.695999999999998
21
-58.2389999999999972
0
LINE
8
BLACK
6
CONTINUOUS
10
158.695999999999998
20
-57.8389999999999986
11
158.2959999999999923
21
-58.2389999999999972
0
LINE
8
BLACK
6
CONTINUOUS
10
158.2959999999999923
20
-61.0139999999999958
11
158.695999999999998
21
-61.4139999999999944
0
LINE
8
BLACK
6
CONTINUOUS
10
158.695999999999998
20
-61.0139999999999958
11
158.2959999999999923
21
-61.4139999999999944
0
LINE
8
BLACK
6
CONTINUOUS
10
158.2959999999999923
20
-99.1139999999999901
11
158.695999999999998
21
-99.5139999999999958
0
LINE
8
BLACK
6
CONTINUOUS
10
158.695999999999998
20
-99.1139999999999901
11
158.2959999999999923
21
-99.5139999999999958
0
LINE
8
BLACK
6
CONTINUOUS
10
158.804000000000002
20
-48.0599999999999952
11
159.2039999999999793
21
-48.4600000000000009
0
LINE
8
BLACK
6
CONTINUOUS
10
159.2039999999999793
20
-48.0599999999999952
11
158.804000000000002
21
-48.4600000000000009
0
LINE
8
BLACK
6
CONTINUOUS
10
158.804000000000002
20
-98.097999999999999
11
159.2039999999999793
21
-98.4979999999999905
0
LINE
8
BLACK
6
CONTINUOUS
10
159.2039999999999793
20
-98.097999999999999
11
158.804000000000002
21
-98.4979999999999905
0
LINE
8
BLACK
6
CONTINUOUS
10
158.804000000000002
20
-100.1299999999999955
11
159.2039999999999793
21
-100.5300000000000011
0
LINE
8
BLACK
6
CONTINUOUS
10
159.2039999999999793
20
-100.1299999999999955
11
158.804000000000002
21
-100.5300000000000011
0
LINE
8
BLACK
6
CONTINUOUS
10
158.9309999999999832
20
-65.3319999999999936
11
159.3309999999999889
21
-65.7319999999999993
0
LINE
8
BLACK
6
CONTINUOUS
10
159.3309999999999889
20
-65.3319999999999936
11
158.9309999999999832
21
-65.7319999999999993
0
LINE
8
BLACK
6
CONTINUOUS
10
159.3119999999999834
20
-99.1139999999999901
11
159.7119999999999891
21
-99.5139999999999958
0
LINE
8
BLACK
6
CONTINUOUS
10
159.7119999999999891
20
-99.1139999999999901
11
159.3119999999999834
21
-99.5139999999999958
0
LINE
8
BLACK
6
CONTINUOUS
10
159.5660000000000025
20
-54.6639999999999944
11
159.9659999999999798
21
-55.0640000000000001
0
LINE
8
BLACK
6
CONTINUOUS
10
159.9659999999999798
20
-54.6639999999999944
11
159.5660000000000025
21
-55.0640000000000001
0
LINE
8
BLACK
6
CONTINUOUS
10
159.5660000000000025
20
-61.0139999999999958
11
159.9659999999999798
21
-61.4139999999999944
0
LINE
8
BLACK
6
CONTINUOUS
10
159.9659999999999798
20
-61.0139999999999958
11
159.5660000000000025
21
-61.4139999999999944
0
LINE
8
BLACK
6
CONTINUOUS
10
159.8199999999999932
20
-98.097999999999999
11
160.2199999999999989
21
-98.4979999999999905
0
LINE
8
BLACK
6
CONTINUOUS
10
160.2199999999999989
20
-98.097999999999999
11
159.8199999999999932
21
-98.4979999999999905
0
LINE
8
BLACK
6
CONTINUOUS
10
159.8199999999999932
20
-100.1299999999999955
11
160.2199999999999989
21
-100.5300000000000011
0
LINE
8
BLACK
6
CONTINUOUS
10
160.2199999999999989
20
-100.1299999999999955
11
159.8199999999999932
21
-100.5300000000000011
0
LINE
8
BLACK
6
CONTINUOUS
10
160.2009999999999934
20
-78.0319999999999965
11
160.6009999999999991
21
-78.4320000000000022
0
LINE
8
BLACK
6
CONTINUOUS
10
160.6009999999999991
20
-78.0319999999999965
11
160.2009999999999934
21
-78.4320000000000022
0
LINE
8
BLACK
6
CONTINUOUS
10
160.2009999999999934
20
-79.3019999999999925
11
160.6009999999999991
21
-79.7019999999999982
0
LINE
8
BLACK
6
CONTINUOUS
10
160.6009999999999991
20
-79.3019999999999925
11
160.2009999999999934
21
-79.7019999999999982
0
LINE
8
BLACK
6
CONTINUOUS
10
160.2009999999999934
20
-80.5720000000000027
11
160.6009999999999991
21
-80.9719999999999942
0
LINE
8
BLACK
6
CONTINUOUS
10
160.6009999999999991
20
-80.5720000000000027
11
160.2009999999999934
21
-80.9719999999999942
0
LINE
8
BLACK
6
CONTINUOUS
10
160.2009999999999934
20
-81.8419999999999987
11
160.6009999999999991
21
-82.2419999999999902
0
LINE
8
BLACK
6
CONTINUOUS
10
160.6009999999999991
20
-81.8419999999999987
11
160.2009999999999934
21
-82.2419999999999902
0
LINE
8
BLACK
6
CONTINUOUS
10
160.2009999999999934
20
-83.1119999999999948
11
160.6009999999999991
21
-83.5120000000000005
0
LINE
8
BLACK
6
CONTINUOUS
10
160.6009999999999991
20
-83.1119999999999948
11
160.2009999999999934
21
-83.5120000000000005
0
LINE
8
BLACK
6
CONTINUOUS
10
160.2009999999999934
20
-84.3819999999999908
11
160.6009999999999991
21
-84.7819999999999965
0
LINE
8
BLACK
6
CONTINUOUS
10
160.6009999999999991
20
-84.3819999999999908
11
160.2009999999999934
21
-84.7819999999999965
0
LINE
8
BLACK
6
CONTINUOUS
10
160.2009999999999934
20
-85.652000000000001
11
160.6009999999999991
21
-86.0519999999999925
0
LINE
8
BLACK
6
CONTINUOUS
10
160.6009999999999991
20
-85.652000000000001
11
160.2009999999999934
21
-86.0519999999999925
0
LINE
8
BLACK
6
CONTINUOUS
10
160.328000000000003
20
-99.1139999999999901
11
160.7279999999999802
21
-99.5139999999999958
0
LINE
8
BLACK
6
CONTINUOUS
10
160.7279999999999802
20
-99.1139999999999901
11
160.328000000000003
21
-99.5139999999999958
0
LINE
8
BLACK
6
CONTINUOUS
10
160.8359999999999843
20
-50.3459999999999965
11
161.23599999999999
21
-50.7459999999999951
0
LINE
8
BLACK
6
CONTINUOUS
10
161.23599999999999
20
-50.3459999999999965
11
160.8359999999999843
21
-50.7459999999999951
0
LINE
8
BLACK
6
CONTINUOUS
10
160.8359999999999843
20
-90.7319999999999993
11
161.23599999999999
21
-91.1319999999999908
0
LINE
8
BLACK
6
CONTINUOUS
10
161.23599999999999
20
-90.7319999999999993
11
160.8359999999999843
21
-91.1319999999999908
0
LINE
8
BLACK
6
CONTINUOUS
10
162.7409999999999854
20
-63.6809999999999974
11
163.1409999999999911
21
-64.0810000000000031
0
LINE
8
BLACK
6
CONTINUOUS
10
163.1409999999999911
20
-63.6809999999999974
11
162.7409999999999854
21
-64.0810000000000031
0
LINE
8
BLACK
6
CONTINUOUS
10
163.3760000000000048
20
-79.3019999999999925
11
163.775999999999982
21
-79.7019999999999982
0
LINE
8
BLACK
6
CONTINUOUS
10
163.775999999999982
20
-79.3019999999999925
11
163.3760000000000048
21
-79.7019999999999982
0
LINE
8
BLACK
6
CONTINUOUS
10
163.3760000000000048
20
-80.5720000000000027
11
163.775999999999982
21
-80.9719999999999942
0
LINE
8
BLACK
6
CONTINUOUS
10
163.775999999999982
20
-80.5720000000000027
11
163.3760000000000048
21
-80.9719999999999942
0
LINE
8
BLACK
6
CONTINUOUS
10
163.3760000000000048
20
-81.8419999999999987
11
163.775999999999982
21
-82.2419999999999902
0
LINE
8
BLACK
6
CONTINUOUS
10
163.775999999999982
20
-81.8419999999999987
11
163.3760000000000048
21
-82.2419999999999902
0
LINE
8
BLACK
6
CONTINUOUS
10
163.3760000000000048
20
-83.1119999999999948
11
163.775999999999982
21
-83.5120000000000005
0
LINE
8
BLACK
6
CONTINUOUS
10
163.775999999999982
20
-83.1119999999999948
11
163.3760000000000048
21
-83.5120000000000005
0
LINE
8
BLACK
6
CONTINUOUS
10
163.3760000000000048
20
-84.3819999999999908
11
163.775999999999982
21
-84.7819999999999965
0
LINE
8
BLACK
6
CONTINUOUS
10
163.775999999999982
20
-84.3819999999999908
11
163.3760000000000048
21
-84.7819999999999965
0
LINE
8
BLACK
6
CONTINUOUS
10
164.3919999999999959
20
-108.7659999999999911
11
164.7920000000000016
21
-109.1659999999999968
0
LINE
8
BLACK
6
CONTINUOUS
10
164.7920000000000016
20
-108.7659999999999911
11
164.3919999999999959
21
-109.1659999999999968
0
LINE
8
BLACK
6
CONTINUOUS
10
165.2810000000000059
20
-65.5859999999999985
11
165.6809999999999832
21
-65.98599999999999
0
LINE
8
BLACK
6
CONTINUOUS
10
165.6809999999999832
20
-65.5859999999999985
11
165.2810000000000059
21
-65.98599999999999
0
LINE
8
BLACK
6
CONTINUOUS
10
165.2810000000000059
20
-66.8559999999999945
11
165.6809999999999832
21
-67.2560000000000002
0
LINE
8
BLACK
6
CONTINUOUS
10
165.6809999999999832
20
-66.8559999999999945
11
165.2810000000000059
21
-67.2560000000000002
0
LINE
8
BLACK
6
CONTINUOUS
10
165.2810000000000059
20
-68.1259999999999906
11
165.6809999999999832
21
-68.5259999999999962
0
LINE
8
BLACK
6
CONTINUOUS
10
165.6809999999999832
20
-68.1259999999999906
11
165.2810000000000059
21
-68.5259999999999962
0
LINE
8
BLACK
6
CONTINUOUS
10
165.2810000000000059
20
-69.3960000000000008
11
165.6809999999999832
21
-69.7959999999999923
0
LINE
8
BLACK
6
CONTINUOUS
10
165.6809999999999832
20
-69.3960000000000008
11
165.2810000000000059
21
-69.7959999999999923
0
LINE
8
BLACK
6
CONTINUOUS
10
165.2810000000000059
20
-70.6659999999999968
11
165.6809999999999832
21
-71.0660000000000025
0
LINE
8
BLACK
6
CONTINUOUS
10
165.6809999999999832
20
-70.6659999999999968
11
165.2810000000000059
21
-71.0660000000000025
0
LINE
8
BLACK
6
CONTINUOUS
10
165.2810000000000059
20
-71.9359999999999928
11
165.6809999999999832
21
-72.3359999999999985
0
LINE
8
BLACK
6
CONTINUOUS
10
165.6809999999999832
20
-71.9359999999999928
11
165.2810000000000059
21
-72.3359999999999985
0
LINE
8
BLACK
6
CONTINUOUS
10
165.2810000000000059
20
-73.2060000000000031
11
165.6809999999999832
21
-73.6059999999999945
0
LINE
8
BLACK
6
CONTINUOUS
10
165.6809999999999832
20
-73.2060000000000031
11
165.2810000000000059
21
-73.6059999999999945
0
LINE
8
BLACK
6
CONTINUOUS
10
166.5509999999999877
20
-78.0319999999999965
11
166.9509999999999934
21
-78.4320000000000022
0
LINE
8
BLACK
6
CONTINUOUS
10
166.9509999999999934
20
-78.0319999999999965
11
166.5509999999999877
21
-78.4320000000000022
0
LINE
8
BLACK
6
CONTINUOUS
10
166.5509999999999877
20
-79.3019999999999925
11
166.9509999999999934
21
-79.7019999999999982
0
LINE
8
BLACK
6
CONTINUOUS
10
166.9509999999999934
20
-79.3019999999999925
11
166.5509999999999877
21
-79.7019999999999982
0
LINE
8
BLACK
6
CONTINUOUS
10
166.5509999999999877
20
-80.5720000000000027
11
166.9509999999999934
21
-80.9719999999999942
0
LINE
8
BLACK
6
CONTINUOUS
10
166.9509999999999934
20
-80.5720000000000027
11
166.5509999999999877
21
-80.9719999999999942
0
LINE
8
BLACK
6
CONTINUOUS
10
166.5509999999999877
20
-81.8419999999999987
11
166.9509999999999934
21
-82.2419999999999902
0
LINE
8
BLACK
6
CONTINUOUS
10
166.9509999999999934
20
-81.8419999999999987
11
166.5509999999999877
21
-82.2419999999999902
0
LINE
8
BLACK
6
CONTINUOUS
10
166.5509999999999877
20
-83.1119999999999948
11
166.9509999999999934
21
-83.5120000000000005
0
LINE
8
BLACK
6
CONTINUOUS
10
166.9509999999999934
20
-83.1119999999999948
11
166.5509999999999877
21
-83.5120000000000005
0
LINE
8
BLACK
6
CONTINUOUS
10
166.5509999999999877
20
-84.3819999999999908
11
166.9509999999999934
21
-84.7819999999999965
0
LINE
8
BLACK
6
CONTINUOUS
10
166.9509999999999934
20
-84.3819999999999908
11
166.5509999999999877
21
-84.7819999999999965
0
LINE
8
BLACK
6
CONTINUOUS
10
166.5509999999999877
20
-85.652000000000001
11
166.9509999999999934
21
-86.0519999999999925
0
LINE
8
BLACK
6
CONTINUOUS
10
166.9509999999999934
20
-85.652000000000001
11
166.5509999999999877
21
-86.0519999999999925
0
LINE
8
BLACK
6
CONTINUOUS
10
168.4559999999999889
20
-66.8559999999999945
11
168.8559999999999945
21
-67.2560000000000002
0
LINE
8
BLACK
6
CONTINUOUS
10
168.8559999999999945
20
-66.8559999999999945
11
168.4559999999999889
21
-67.2560000000000002
0
LINE
8
BLACK
6
CONTINUOUS
10
168.4559999999999889
20
-68.1259999999999906
11
168.8559999999999945
21
-68.5259999999999962
0
LINE
8
BLACK
6
CONTINUOUS
10
168.8559999999999945
20
-68.1259999999999906
11
168.4559999999999889
21
-68.5259999999999962
0
LINE
8
BLACK
6
CONTINUOUS
10
168.4559999999999889
20
-69.3960000000000008
11
168.8559999999999945
21
-69.7959999999999923
0
LINE
8
BLACK
6
CONTINUOUS
10
168.8559999999999945
20
-69.3960000000000008
11
168.4559999999999889
21
-69.7959999999999923
0
LINE
8
BLACK
6
CONTINUOUS
10
168.4559999999999889
20
-70.6659999999999968
11
168.8559999999999945
21
-71.0660000000000025
0
LINE
8
BLACK
6
CONTINUOUS
10
168.8559999999999945
20
-70.6659999999999968
11
168.4559999999999889
21
-71.0660000000000025
0
LINE
8
BLACK
6
CONTINUOUS
10
168.4559999999999889
20
-71.9359999999999928
11
168.8559999999999945
21
-72.3359999999999985
0
LINE
8
BLACK
6
CONTINUOUS
10
168.8559999999999945
20
-71.9359999999999928
11
168.4559999999999889
21
-72.3359999999999985
0
LINE
8
BLACK
6
CONTINUOUS
10
169.2179999999999893
20
-75.9089999999999918
11
169.617999999999995
21
-76.3089999999999975
0
LINE
8
BLACK
6
CONTINUOUS
10
169.617999999999995
20
-75.9089999999999918
11
169.2179999999999893
21
-76.3089999999999975
0
LINE
8
BLACK
6
CONTINUOUS
10
171.6310000000000002
20
-65.5859999999999985
11
172.0310000000000059
21
-65.98599999999999
0
LINE
8
BLACK
6
CONTINUOUS
10
172.0310000000000059
20
-65.5859999999999985
11
171.6310000000000002
21
-65.98599999999999
0
LINE
8
BLACK
6
CONTINUOUS
10
171.6310000000000002
20
-66.8559999999999945
11
172.0310000000000059
21
-67.2560000000000002
0
LINE
8
BLACK
6
CONTINUOUS
10
172.0310000000000059
20
-66.8559999999999945
11
171.6310000000000002
21
-67.2560000000000002
0
LINE
8
BLACK
6
CONTINUOUS
10
171.6310000000000002
20
-68.1259999999999906
11
172.0310000000000059
21
-68.5259999999999962
0
LINE
8
BLACK
6
CONTINUOUS
10
172.0310000000000059
20
-68.1259999999999906
11
171.6310000000000002
21
-68.5259999999999962
0
LINE
8
BLACK
6
CONTINUOUS
10
171.6310000000000002
20
-69.3960000000000008
11
172.0310000000000059
21
-69.7959999999999923
0
LINE
8
BLACK
6
CONTINUOUS
10
172.0310000000000059
20
-69.3960000000000008
11
171.6310000000000002
21
-69.7959999999999923
0
LINE
8
BLACK
6
CONTINUOUS
10
171.6310000000000002
20
-70.6659999999999968
11
172.0310000000000059
21
-71.0660000000000025
0
LINE
8
BLACK
6
CONTINUOUS
10
172.0310000000000059
20
-70.6659999999999968
11
171.6310000000000002
21
-71.0660000000000025
0
LINE
8
BLACK
6
CONTINUOUS
10
171.6310000000000002
20
-71.9359999999999928
11
172.0310000000000059
21
-72.3359999999999985
0
LINE
8
BLACK
6
CONTINUOUS
10
172.0310000000000059
20
-71.9359999999999928
11
171.6310000000000002
21
-72.3359999999999985
0
LINE
8
BLACK
6
CONTINUOUS
10
171.6310000000000002
20
-73.2060000000000031
11
172.0310000000000059
21
-73.6059999999999945
0
LINE
8
BLACK
6
CONTINUOUS
10
172.0310000000000059
20
-73.2060000000000031
11
171.6310000000000002
21
-73.6059999999999945
0
LINE
8
BLACK
6
CONTINUOUS
10
172.8168639999999812
20
-75.8259789999999896
11
173.2168639999999868
21
-76.2259789999999953
0
LINE
8
BLACK
6
CONTINUOUS
10
173.2168639999999868
20
-75.8259789999999896
11
172.8168639999999812
21
-76.2259789999999953
0
LINE
8
BLACK
6
CONTINUOUS
10
173.0279999999999916
20
-77.5240000000000009
11
173.4279999999999973
21
-77.9239999999999924
0
LINE
8
BLACK
6
CONTINUOUS
10
173.4279999999999973
20
-77.5240000000000009
11
173.0279999999999916
21
-77.9239999999999924
0
LINE
8
BLACK
6
CONTINUOUS
10
173.0279999999999916
20
-78.539999999999992
11
173.4279999999999973
21
-78.9399999999999977
0
LINE
8
BLACK
6
CONTINUOUS
10
173.4279999999999973
20
-78.539999999999992
11
173.0279999999999916
21
-78.9399999999999977
0
LINE
8
BLACK
6
CONTINUOUS
10
173.0279999999999916
20
-79.5559999999999974
11
173.4279999999999973
21
-79.9560000000000031
0
LINE
8
BLACK
6
CONTINUOUS
10
173.4279999999999973
20
-79.5559999999999974
11
173.0279999999999916
21
-79.9560000000000031
0
LINE
8
BLACK
6
CONTINUOUS
10
173.0279999999999916
20
-80.5720000000000027
11
173.4279999999999973
21
-80.9719999999999942
0
LINE
8
BLACK
6
CONTINUOUS
10
173.4279999999999973
20
-80.5720000000000027
11
173.0279999999999916
21
-80.9719999999999942
0
LINE
8
BLACK
6
CONTINUOUS
10
173.0279999999999916
20
-81.5879999999999939
11
173.4279999999999973
21
-81.9879999999999995
0
LINE
8
BLACK
6
CONTINUOUS
10
173.4279999999999973
20
-81.5879999999999939
11
173.0279999999999916
21
-81.9879999999999995
0
LINE
8
BLACK
6
CONTINUOUS
10
173.0279999999999916
20
-82.6039999999999992
11
173.4279999999999973
21
-83.0039999999999907
0
LINE
8
BLACK
6
CONTINUOUS
10
173.4279999999999973
20
-82.6039999999999992
11
173.0279999999999916
21
-83.0039999999999907
0
LINE
8
BLACK
6
CONTINUOUS
10
173.0279999999999916
20
-83.6199999999999903
11
173.4279999999999973
21
-84.019999999999996
0
LINE
8
BLACK
6
CONTINUOUS
10
173.4279999999999973
20
-83.6199999999999903
11
173.0279999999999916
21
-84.019999999999996
0
LINE
8
BLACK
6
CONTINUOUS
10
173.0279999999999916
20
-84.6359999999999957
11
173.4279999999999973
21
-85.0360000000000014
0
LINE
8
BLACK
6
CONTINUOUS
10
173.4279999999999973
20
-84.6359999999999957
11
173.0279999999999916
21
-85.0360000000000014
0
LINE
8
BLACK
6
CONTINUOUS
10
173.0279999999999916
20
-85.9059999999999917
11
173.4279999999999973
21
-86.3059999999999974
0
LINE
8
BLACK
6
CONTINUOUS
10
173.4279999999999973
20
-85.9059999999999917
11
173.0279999999999916
21
-86.3059999999999974
0
LINE
8
BLACK
6
CONTINUOUS
10
174.0439999999999827
20
-78.0319999999999965
11
174.4439999999999884
21
-78.4320000000000022
0
LINE
8
BLACK
6
CONTINUOUS
10
174.4439999999999884
20
-78.0319999999999965
11
174.0439999999999827
21
-78.4320000000000022
0
LINE
8
BLACK
6
CONTINUOUS
10
174.0439999999999827
20
-79.0480000000000018
11
174.4439999999999884
21
-79.4479999999999933
0
LINE
8
BLACK
6
CONTINUOUS
10
174.4439999999999884
20
-79.0480000000000018
11
174.0439999999999827
21
-79.4479999999999933
0
LINE
8
BLACK
6
CONTINUOUS
10
174.0439999999999827
20
-80.063999999999993
11
174.4439999999999884
21
-80.4639999999999986
0
LINE
8
BLACK
6
CONTINUOUS
10
174.4439999999999884
20
-80.063999999999993
11
174.0439999999999827
21
-80.4639999999999986
0
LINE
8
BLACK
6
CONTINUOUS
10
174.0439999999999827
20
-81.0799999999999983
11
174.4439999999999884
21
-81.4799999999999898
0
LINE
8
BLACK
6
CONTINUOUS
10
174.4439999999999884
20
-81.0799999999999983
11
174.0439999999999827
21
-81.4799999999999898
0
LINE
8
BLACK
6
CONTINUOUS
10
174.0439999999999827
20
-82.0959999999999894
11
174.4439999999999884
21
-82.4959999999999951
0
LINE
8
BLACK
6
CONTINUOUS
10
174.4439999999999884
20
-82.0959999999999894
11
174.0439999999999827
21
-82.4959999999999951
0
LINE
8
BLACK
6
CONTINUOUS
10
174.0439999999999827
20
-83.1119999999999948
11
174.4439999999999884
21
-83.5120000000000005
0
LINE
8
BLACK
6
CONTINUOUS
10
174.4439999999999884
20
-83.1119999999999948
11
174.0439999999999827
21
-83.5120000000000005
0
LINE
8
BLACK
6
CONTINUOUS
10
175.0600000000000023
20
-78.539999999999992
11
175.4599999999999795
21
-78.9399999999999977
0
LINE
8
BLACK
6
CONTINUOUS
10
175.4599999999999795
20
-78.539999999999992
11
175.0600000000000023
21
-78.9399999999999977
0
LINE
8
BLACK
6
CONTINUOUS
10
175.0600000000000023
20
-79.5559999999999974
11
175.4599999999999795
21
-79.9560000000000031
0
LINE
8
BLACK
6
CONTINUOUS
10
175.4599999999999795
20
-79.5559999999999974
11
175.0600000000000023
21
-79.9560000000000031
0
LINE
8
BLACK
6
CONTINUOUS
10
175.0600000000000023
20
-80.5720000000000027
11
175.4599999999999795
21
-80.9719999999999942
0
LINE
8
BLACK
6
CONTINUOUS
10
175.4599999999999795
20
-80.5720000000000027
11
175.0600000000000023
21
-80.9719999999999942
0
LINE
8
BLACK
6
CONTINUOUS
10
175.0600000000000023
20
-81.5879999999999939
11
175.4599999999999795
21
-81.9879999999999995
0
LINE
8
BLACK
6
CONTINUOUS
10
175.4599999999999795
20
-81.5879999999999939
11
175.0600000000000023
21
-81.9879999999999995
0
LINE
8
BLACK
6
CONTINUOUS
10
176.0759999999999934
20
-80.063999999999993
11
176.4759999999999991
21
-80.4639999999999986
0
LINE
8
BLACK
6
CONTINUOUS
10
176.4759999999999991
20
-80.063999999999993
11
176.0759999999999934
21
-80.4639999999999986
0
LINE
8
BLACK
6
CONTINUOUS
10
176.0759999999999934
20
-81.0799999999999983
11
176.4759999999999991
21
-81.4799999999999898
0
LINE
8
BLACK
6
CONTINUOUS
10
176.4759999999999991
20
-81.0799999999999983
11
176.0759999999999934
21
-81.4799999999999898
0
LINE
8
BLACK
6
CONTINUOUS
10
178.6159999999999854
20
-66.347999999999999
11
179.0159999999999911
21
-66.7479999999999905
0
LINE
8
BLACK
6
CONTINUOUS
10
179.0159999999999911
20
-66.347999999999999
11
178.6159999999999854
21
-66.7479999999999905
0
LINE
8
BLACK
6
CONTINUOUS
10
178.6159999999999854
20
-67.617999999999995
11
179.0159999999999911
21
-68.0180000000000007
0
LINE
8
BLACK
6
CONTINUOUS
10
179.0159999999999911
20
-67.617999999999995
11
178.6159999999999854
21
-68.0180000000000007
0
LINE
8
BLACK
6
CONTINUOUS
10
178.6159999999999854
20
-68.887999999999991
11
179.0159999999999911
21
-69.2879999999999967
0
LINE
8
BLACK
6
CONTINUOUS
10
179.0159999999999911
20
-68.887999999999991
11
178.6159999999999854
21
-69.2879999999999967
0
LINE
8
BLACK
6
CONTINUOUS
10
178.6159999999999854
20
-70.1580000000000013
11
179.0159999999999911
21
-70.5579999999999927
0
LINE
8
BLACK
6
CONTINUOUS
10
179.0159999999999911
20
-70.1580000000000013
11
178.6159999999999854
21
-70.5579999999999927
0
LINE
8
BLACK
6
CONTINUOUS
10
178.6159999999999854
20
-71.4279999999999973
11
179.0159999999999911
21
-71.828000000000003
0
LINE
8
BLACK
6
CONTINUOUS
10
179.0159999999999911
20
-71.4279999999999973
11
178.6159999999999854
21
-71.828000000000003
0
LINE
8
BLACK
6
CONTINUOUS
10
178.6159999999999854
20
-72.6979999999999933
11
179.0159999999999911
21
-73.097999999999999
0
LINE
8
BLACK
6
CONTINUOUS
10
179.0159999999999911
20
-72.6979999999999933
11
178.6159999999999854
21
-73.097999999999999
0
LINE
8
BLACK
6
CONTINUOUS
10
178.8476689999999962
20
-75.0759789999999896
11
179.2476690000000019
21
-75.4759789999999953
0
LINE
8
BLACK
6
CONTINUOUS
10
179.2476690000000019
20
-75.0759789999999896
11
178.8476689999999962
21
-75.4759789999999953
0
LINE
8
BLACK
6
CONTINUOUS
10
179.8859999999999957
20
-77.5240000000000009
11
180.2860000000000014
21
-77.9239999999999924
0
LINE
8
BLACK
6
CONTINUOUS
10
180.2860000000000014
20
-77.5240000000000009
11
179.8859999999999957
21
-77.9239999999999924
0
LINE
8
BLACK
6
CONTINUOUS
10
180.1399999999999864
20
-74.9839999999999947
11
180.539999999999992
21
-75.3840000000000003
0
LINE
8
BLACK
6
CONTINUOUS
10
180.539999999999992
20
-74.9839999999999947
11
180.1399999999999864
21
-75.3840000000000003
0
CIRCLE
8
BLACK
10
137.9372400000000027
20
-117.3382499999999879
40
0.5
0
CIRCLE
8
BLACK
10
137.9372400000000027
20
-124.8382499999999879
40
0.5
0
CIRCLE
8
BLACK
10
160.797239999999988
20
-117.3382499999999879
40
0.5
0
CIRCLE
8
BLACK
10
160.797239999999988
20
-124.8382499999999879
40
0.5
0
LINE
8
BLACK
6
CONTINUOUS
10
127.142240000000001
20
-57.6232499999999987
11
127.142240000000001
21
-58.8232499999999945
0
LINE
8
BLACK
6
CONTINUOUS
10
126.5422399999999925
20
-58.2232500000000002
11
127.7422399999999953
21
-58.2232500000000002
0
LINE
8
BLACK
6
CONTINUOUS
10
149.3672399999999811
20
-43.0182499999999948
11
149.3672399999999811
21
-44.2182499999999976
0
LINE
8
BLACK
6
CONTINUOUS
10
148.7672399999999868
20
-43.6182499999999962
11
149.9672400000000039
21
-43.6182499999999962
0
LINE
8
BLACK
6
CONTINUOUS
10
171.5922400000000039
20
-57.6232499999999987
11
171.5922400000000039
21
-58.8232499999999945
0
LINE
8
BLACK
6
CONTINUOUS
10
170.9922399999999811
20
-58.2232500000000002
11
172.1922399999999982
21
-58.2232500000000002
0
LINE
8
BLACK
6
CONTINUOUS
10
133.3536220000000014
20
-126.0296319999999923
11
133.3536220000000014
21
-123.7668679999999881
0
LINE
8
BLACK
6
CONTINUOUS
10
133.3536220000000014
20
-123.7668679999999881
11
131.0908579999999972
21
-123.7668679999999881
0
LINE
8
BLACK
6
CONTINUOUS
10
131.0908579999999972
20
-123.7668679999999881
11
131.0908579999999972
21
-126.0296319999999923
0
LINE
8
BLACK
6
CONTINUOUS
10
131.0908579999999972
20
-126.0296319999999923
11
133.3536220000000014
21
-126.0296319999999923
0
LINE
8
BLACK
6
CONTINUOUS
10
168.2786219999999844
20
-126.0296319999999923
11
168.2786219999999844
21
-123.7668679999999881
0
LINE
8
BLACK
6
CONTINUOUS
10
168.2786219999999844
20
-123.7668679999999881
11
166.0158579999999802
21
-123.7668679999999881
0
LINE
8
BLACK
6
CONTINUOUS
10
166.0158579999999802
20
-123.7668679999999881
11
166.0158579999999802
21
-126.0296319999999923
0
LINE
8
BLACK
6
CONTINUOUS
10
166.0158579999999802
20
-126.0296319999999923
11
168.2786219999999844
21
-126.0296319999999923
0
LINE
8
BLACK
6
CONTINUOUS
10
144.2872399999999971
20
-121.4832499999999982
11
146.2872399999999971
21
-119.4832499999999982
0
LINE
8
BLACK
6
CONTINUOUS
10
146.2872399999999971
20
-119.4832499999999982
11
144.2872399999999971
21
-117.4832499999999982
0
LINE
8
BLACK
6
CONTINUOUS
10
144.2872399999999971
20
-117.4832499999999982
11
142.2872399999999971
21
-119.4832499999999982
0
LINE
8
BLACK
6
CONTINUOUS
10
142.2872399999999971
20
-119.4832499999999982
11
144.2872399999999971
21
-121.4832499999999982
0
LINE
8
BLACK
6
CONTINUOUS
10
154.4472399999999936
20
-121.4832499999999982
11
156.4472399999999936
21
-119.4832499999999982
0
LINE
8
BLACK
6
CONTINUOUS
10
156.4472399999999936
20
-119.4832499999999982
11
154.4472399999999936
21
-117.4832499999999982
0
LINE
8
BLACK
6
CONTINUOUS
10
154.4472399999999936
20
-117.4832499999999982
11
152.4472399999999936
21
-119.4832499999999982
0
LINE
8
BLACK
6
CONTINUOUS
10
152.4472399999999936
20
-119.4832499999999982
11
154.4472399999999936
21
-121.4832499999999982
0
LINE
8
BLACK
6
CONTINUOUS
10
135.0672399999999982
20
-41.3832499999999968
11
138.2672399999999868
21
-44.5832499999999996
0
LINE
8
BLACK
6
CONTINUOUS
10
138.2672399999999868
20
-41.3832499999999968
11
135.0672399999999982
21
-44.5832499999999996
0
CIRCLE
8
BLACK
10
136.6672399999999925
20
-42.9832499999999982
40
1.5999999999999999
0
LINE
8
BLACK
6
CONTINUOUS
10
160.4672400000000039
20
-41.3832499999999968
11
163.6672399999999925
21
-44.5832499999999996
0
LINE
8
BLACK
6
CONTINUOUS
10
163.6672399999999925
20
-41.3832499999999968
11
160.4672400000000039
21
-44.5832499999999996
0
CIRCLE
8
BLACK
10
162.0672399999999982
20
-42.9832499999999982
40
1.5999999999999999
0
LINE
8
BLACK
6
CONTINUOUS
10
118.4582699999999988
20
-131.2415949999999896
11
118.4582699999999988
21
-129.2415949999999896
0
LINE
8
BLACK
6
CONTINUOUS
10
118.4582699999999988
20
-129.2415949999999896
11
118.9344600000000014
21
-129.2415949999999896
0
LINE
8
BLACK
6
CONTINUOUS
10
118.9344600000000014
20
-129.2415949999999896
11
119.2201749999999976
21
-129.3368329999999844
0
LINE
8
BLACK
6
CONTINUOUS
10
119.2201749999999976
20
-129.3368329999999844
11
119.4106510000000014
21
-129.5273090000000025
0
LINE
8
BLACK
6
CONTINUOUS
10
119.4106510000000014
20
-129.5273090000000025
11
119.5058889999999963
21
-129.7177849999999921
0
LINE
8
BLACK
6
CONTINUOUS
10
119.5058889999999963
20
-129.7177849999999921
11
119.6011269999999911
21
-130.0987369999999999
0
LINE
8
BLACK
6
CONTINUOUS
10
119.6011269999999911
20
-130.0987369999999999
11
119.6011269999999911
21
-130.3844519999999818
0
LINE
8
BLACK
6
CONTINUOUS
10
119.6011269999999911
20
-130.3844519999999818
11
119.5058889999999963
21
-130.7654039999999895
0
LINE
8
BLACK
6
CONTINUOUS
10
119.5058889999999963
20
-130.7654039999999895
11
119.4106510000000014
21
-130.9558800000000076
0
LINE
8
BLACK
6
CONTINUOUS
10
119.4106510000000014
20
-130.9558800000000076
11
119.2201749999999976
21
-131.1463569999999947
0
LINE
8
BLACK
6
CONTINUOUS
10
119.2201749999999976
20
-131.1463569999999947
11
118.9344600000000014
21
-131.2415949999999896
0
LINE
8
BLACK
6
CONTINUOUS
10
118.9344600000000014
20
-131.2415949999999896
11
118.4582699999999988
21
-131.2415949999999896
0
LINE
8
BLACK
6
CONTINUOUS
10
120.4582699999999988
20
-131.2415949999999896
11
120.4582699999999988
21
-129.9082609999999818
0
LINE
8
BLACK
6
CONTINUOUS
10
120.4582699999999988
20
-130.289213999999987
11
120.5535079999999937
21
-130.0987369999999999
0
LINE
8
BLACK
6
CONTINUOUS
10
120.5535079999999937
20
-130.0987369999999999
11
120.6487459999999885
21
-130.003499000000005
0
LINE
8
BLACK
6
CONTINUOUS
10
120.6487459999999885
20
-130.003499000000005
11
120.8392219999999924
21
-129.9082609999999818
0
LINE
8
BLACK
6
CONTINUOUS
10
120.8392219999999924
20
-129.9082609999999818
11
121.0296989999999937
21
-129.9082609999999818
0
LINE
8
BLACK
6
CONTINUOUS
10
121.6963650000000001
20
-131.2415949999999896
11
121.6963650000000001
21
-129.9082609999999818
0
LINE
8
BLACK
6
CONTINUOUS
10
121.6963650000000001
20
-129.2415949999999896
11
121.6011269999999911
21
-129.3368329999999844
0
LINE
8
BLACK
6
CONTINUOUS
10
121.6011269999999911
20
-129.3368329999999844
11
121.6963650000000001
21
-129.4320710000000076
0
LINE
8
BLACK
6
CONTINUOUS
10
121.6963650000000001
20
-129.4320710000000076
11
121.7916029999999949
21
-129.3368329999999844
0
LINE
8
BLACK
6
CONTINUOUS
10
121.7916029999999949
20
-129.3368329999999844
11
121.6963650000000001
21
-129.2415949999999896
0
LINE
8
BLACK
6
CONTINUOUS
10
121.6963650000000001
20
-129.2415949999999896
11
121.6963650000000001
21
-129.4320710000000076
0
LINE
8
BLACK
6
CONTINUOUS
10
122.9344600000000014
20
-131.2415949999999896
11
122.7439839999999975
21
-131.1463569999999947
0
LINE
8
BLACK
6
CONTINUOUS
10
122.7439839999999975
20
-131.1463569999999947
11
122.6487459999999885
21
-130.9558800000000076
0
LINE
8
BLACK
6
CONTINUOUS
10
122.6487459999999885
20
-130.9558800000000076
11
122.6487459999999885
21
-129.2415949999999896
0
LINE
8
BLACK
6
CONTINUOUS
10
123.9820789999999988
20
-131.2415949999999896
11
123.7916029999999949
21
-131.1463569999999947
0
LINE
8
BLACK
6
CONTINUOUS
10
123.7916029999999949
20
-131.1463569999999947
11
123.6963650000000001
21
-130.9558800000000076
0
LINE
8
BLACK
6
CONTINUOUS
10
123.6963650000000001
20
-130.9558800000000076
11
123.6963650000000001
21
-129.2415949999999896
0
LINE
8
BLACK
6
CONTINUOUS
10
126.267793999999995
20
-131.2415949999999896
11
126.267793999999995
21
-129.2415949999999896
0
LINE
8
BLACK
6
CONTINUOUS
10
126.267793999999995
20
-129.2415949999999896
11
126.9344609999999989
21
-130.6701659999999947
0
LINE
8
BLACK
6
CONTINUOUS
10
126.9344609999999989
20
-130.6701659999999947
11
127.6011269999999911
21
-129.2415949999999896
0
LINE
8
BLACK
6
CONTINUOUS
10
127.6011269999999911
20
-129.2415949999999896
11
127.6011269999999911
21
-131.2415949999999896
0
LINE
8
BLACK
6
CONTINUOUS
10
129.4106510000000014
20
-131.2415949999999896
11
129.4106510000000014
21
-130.1939759999999922
0
LINE
8
BLACK
6
CONTINUOUS
10
129.4106510000000014
20
-130.1939759999999922
11
129.3154130000000066
21
-130.003499000000005
0
LINE
8
BLACK
6
CONTINUOUS
10
129.3154130000000066
20
-130.003499000000005
11
129.1249369999999885
21
-129.9082609999999818
0
LINE
8
BLACK
6
CONTINUOUS
10
129.1249369999999885
20
-129.9082609999999818
11
128.7439839999999833
21
-129.9082609999999818
0
LINE
8
BLACK
6
CONTINUOUS
10
128.7439839999999833
20
-129.9082609999999818
11
128.5535079999999937
21
-130.003499000000005
0
LINE
8
BLACK
6
CONTINUOUS
10
129.4106510000000014
20
-131.1463569999999947
11
129.2201749999999834
21
-131.2415949999999896
0
LINE
8
BLACK
6
CONTINUOUS
10
129.2201749999999834
20
-131.2415949999999896
11
128.7439839999999833
21
-131.2415949999999896
0
LINE
8
BLACK
6
CONTINUOUS
10
128.7439839999999833
20
-131.2415949999999896
11
128.5535079999999937
21
-131.1463569999999947
0
LINE
8
BLACK
6
CONTINUOUS
10
128.5535079999999937
20
-131.1463569999999947
11
128.4582699999999988
21
-130.9558800000000076
0
LINE
8
BLACK
6
CONTINUOUS
10
128.4582699999999988
20
-130.9558800000000076
11
128.4582699999999988
21
-130.7654039999999895
0
LINE
8
BLACK
6
CONTINUOUS
10
128.4582699999999988
20
-130.7654039999999895
11
128.5535079999999937
21
-130.5749279999999999
0
LINE
8
BLACK
6
CONTINUOUS
10
128.5535079999999937
20
-130.5749279999999999
11
128.7439839999999833
21
-130.4796900000000051
0
LINE
8
BLACK
6
CONTINUOUS
10
128.7439839999999833
20
-130.4796900000000051
11
129.2201749999999834
21
-130.4796900000000051
0
LINE
8
BLACK
6
CONTINUOUS
10
129.2201749999999834
20
-130.4796900000000051
11
129.4106510000000014
21
-130.3844519999999818
0
LINE
8
BLACK
6
CONTINUOUS
10
130.363032000000004
20
-129.9082609999999818
11
130.363032000000004
21
-131.9082609999999818
0
LINE
8
BLACK
6
CONTINUOUS
10
130.363032000000004
20
-130.003499000000005
11
130.5535079999999937
21
-129.9082609999999818
0
LINE
8
BLACK
6
CONTINUOUS
10
130.5535079999999937
20
-129.9082609999999818
11
130.9344609999999989
21
-129.9082609999999818
0
LINE
8
BLACK
6
CONTINUOUS
10
130.9344609999999989
20
-129.9082609999999818
11
131.1249369999999885
21
-130.003499000000005
0
LINE
8
BLACK
6
CONTINUOUS
10
131.1249369999999885
20
-130.003499000000005
11
131.2201749999999834
21
-130.0987369999999999
0
LINE
8
BLACK
6
CONTINUOUS
10
131.2201749999999834
20
-130.0987369999999999
11
131.3154130000000066
21
-130.289213999999987
0
LINE
8
BLACK
6
CONTINUOUS
10
131.3154130000000066
20
-130.289213999999987
11
131.3154130000000066
21
-130.8606419999999844
0
LINE
8
BLACK
6
CONTINUOUS
10
131.3154130000000066
20
-130.8606419999999844
11
131.2201749999999834
21
-131.0511180000000024
0
LINE
8
BLACK
6
CONTINUOUS
10
131.2201749999999834
20
-131.0511180000000024
11
131.1249369999999885
21
-131.1463569999999947
0
LINE
8
BLACK
6
CONTINUOUS
10
131.1249369999999885
20
-131.1463569999999947
11
130.9344609999999989
21
-131.2415949999999896
0
LINE
8
BLACK
6
CONTINUOUS
10
130.9344609999999989
20
-131.2415949999999896
11
130.5535079999999937
21
-131.2415949999999896
0
LINE
8
BLACK
6
CONTINUOUS
10
130.5535079999999937
20
-131.2415949999999896
11
130.363032000000004
21
-131.1463569999999947
0
LINE
8
BLACK
6
CONTINUOUS
10
132.1725559999999859
20
-131.0511180000000024
11
132.2677939999999808
21
-131.1463569999999947
0
LINE
8
BLACK
6
CONTINUOUS
10
132.2677939999999808
20
-131.1463569999999947
11
132.1725559999999859
21
-131.2415949999999896
0
LINE
8
BLACK
6
CONTINUOUS
10
132.1725559999999859
20
-131.2415949999999896
11
132.0773179999999911
21
-131.1463569999999947
0
LINE
8
BLACK
6
CONTINUOUS
10
132.0773179999999911
20
-131.1463569999999947
11
132.1725559999999859
21
-131.0511180000000024
0
LINE
8
BLACK
6
CONTINUOUS
10
132.1725559999999859
20
-131.0511180000000024
11
132.1725559999999859
21
-131.2415949999999896
0
LINE
8
BLACK
6
CONTINUOUS
10
132.1725559999999859
20
-130.003499000000005
11
132.2677939999999808
21
-130.0987369999999999
0
LINE
8
BLACK
6
CONTINUOUS
10
132.2677939999999808
20
-130.0987369999999999
11
132.1725559999999859
21
-130.1939759999999922
0
LINE
8
BLACK
6
CONTINUOUS
10
132.1725559999999859
20
-130.1939759999999922
11
132.0773179999999911
21
-130.0987369999999999
0
LINE
8
BLACK
6
CONTINUOUS
10
132.0773179999999911
20
-130.0987369999999999
11
132.1725559999999859
21
-130.003499000000005
0
LINE
8
BLACK
6
CONTINUOUS
10
132.1725559999999859
20
-130.003499000000005
11
132.1725559999999859
21
-130.1939759999999922
0
LINE
8
BLACK
6
CONTINUOUS
10
115.4505020000000002
20
-134.3267569999999864
11
115.8505019999999917
21
-134.7267569999999921
0
LINE
8
BLACK
6
CONTINUOUS
10
115.8505019999999917
20
-134.3267569999999864
11
115.4505020000000002
21
-134.7267569999999921
0
LINE
8
BLACK
6
CONTINUOUS
10
118.8392219999999924
20
-133.4415950000000066
11
119.0296989999999937
21
-133.4415950000000066
0
LINE
8
BLACK
6
CONTINUOUS
10
119.0296989999999937
20
-133.4415950000000066
11
119.2201749999999976
21
-133.5368330000000014
0
LINE
8
BLACK
6
CONTINUOUS
10
119.2201749999999976
20
-133.5368330000000014
11
119.3154129999999924
21
-133.6320709999999963
0
LINE
8
BLACK
6
CONTINUOUS
10
119.3154129999999924
20
-133.6320709999999963
11
119.4106510000000014
21
-133.8225469999999859
0
LINE
8
BLACK
6
CONTINUOUS
10
119.4106510000000014
20
-133.8225469999999859
11
119.5058889999999963
21
-134.2034989999999937
0
LINE
8
BLACK
6
CONTINUOUS
10
119.5058889999999963
20
-134.2034989999999937
11
119.5058889999999963
21
-134.6796899999999937
0
LINE
8
BLACK
6
CONTINUOUS
10
119.5058889999999963
20
-134.6796899999999937
11
119.4106510000000014
21
-135.0606420000000014
0
LINE
8
BLACK
6
CONTINUOUS
10
119.4106510000000014
20
-135.0606420000000014
11
119.3154129999999924
21
-135.2511179999999911
0
LINE
8
BLACK
6
CONTINUOUS
10
119.3154129999999924
20
-135.2511179999999911
11
119.2201749999999976
21
-135.3463569999999834
0
LINE
8
BLACK
6
CONTINUOUS
10
119.2201749999999976
20
-135.3463569999999834
11
119.0296989999999937
21
-135.4415950000000066
0
LINE
8
BLACK
6
CONTINUOUS
10
119.0296989999999937
20
-135.4415950000000066
11
118.8392219999999924
21
-135.4415950000000066
0
LINE
8
BLACK
6
CONTINUOUS
10
118.8392219999999924
20
-135.4415950000000066
11
118.6487459999999885
21
-135.3463569999999834
0
LINE
8
BLACK
6
CONTINUOUS
10
118.6487459999999885
20
-135.3463569999999834
11
118.5535079999999937
21
-135.2511179999999911
0
LINE
8
BLACK
6
CONTINUOUS
10
118.5535079999999937
20
-135.2511179999999911
11
118.4582699999999988
21
-135.0606420000000014
0
LINE
8
BLACK
6
CONTINUOUS
10
118.4582699999999988
20
-135.0606420000000014
11
118.3630319999999898
21
-134.6796899999999937
0
LINE
8
BLACK
6
CONTINUOUS
10
118.3630319999999898
20
-134.6796899999999937
11
118.3630319999999898
21
-134.2034989999999937
0
LINE
8
BLACK
6
CONTINUOUS
10
118.3630319999999898
20
-134.2034989999999937
11
118.4582699999999988
21
-133.8225469999999859
0
LINE
8
BLACK
6
CONTINUOUS
10
118.4582699999999988
20
-133.8225469999999859
11
118.5535079999999937
21
-133.6320709999999963
0
LINE
8
BLACK
6
CONTINUOUS
10
118.5535079999999937
20
-133.6320709999999963
11
118.6487459999999885
21
-133.5368330000000014
0
LINE
8
BLACK
6
CONTINUOUS
10
118.6487459999999885
20
-133.5368330000000014
11
118.8392219999999924
21
-133.4415950000000066
0
LINE
8
BLACK
6
CONTINUOUS
10
120.3630319999999898
20
-135.2511179999999911
11
120.4582699999999988
21
-135.3463569999999834
0
LINE
8
BLACK
6
CONTINUOUS
10
120.4582699999999988
20
-135.3463569999999834
11
120.3630319999999898
21
-135.4415950000000066
0
LINE
8
BLACK
6
CONTINUOUS
10
120.3630319999999898
20
-135.4415950000000066
11
120.267793999999995
21
-135.3463569999999834
0
LINE
8
BLACK
6
CONTINUOUS
10
120.267793999999995
20
-135.3463569999999834
11
120.3630319999999898
21
-135.2511179999999911
0
LINE
8
BLACK
6
CONTINUOUS
10
120.3630319999999898
20
-135.2511179999999911
11
120.3630319999999898
21
-135.4415950000000066
0
LINE
8
BLACK
6
CONTINUOUS
10
122.1725560000000002
20
-134.1082609999999988
11
122.1725560000000002
21
-135.4415950000000066
0
LINE
8
BLACK
6
CONTINUOUS
10
121.6963650000000001
20
-133.3463569999999834
11
121.2201749999999976
21
-134.7749279999999885
0
LINE
8
BLACK
6
CONTINUOUS
10
121.2201749999999976
20
-134.7749279999999885
11
122.4582699999999988
21
-134.7749279999999885
0
LINE
8
BLACK
6
CONTINUOUS
10
123.6011269999999911
20
-133.4415950000000066
11
123.7916039999999924
21
-133.4415950000000066
0
LINE
8
BLACK
6
CONTINUOUS
10
123.7916039999999924
20
-133.4415950000000066
11
123.9820799999999963
21
-133.5368330000000014
0
LINE
8
BLACK
6
CONTINUOUS
10
123.9820799999999963
20
-133.5368330000000014
11
124.0773179999999911
21
-133.6320709999999963
0
LINE
8
BLACK
6
CONTINUOUS
10
124.0773179999999911
20
-133.6320709999999963
11
124.1725560000000002
21
-133.8225469999999859
0
LINE
8
BLACK
6
CONTINUOUS
10
124.1725560000000002
20
-133.8225469999999859
11
124.267793999999995
21
-134.2034989999999937
0
LINE
8
BLACK
6
CONTINUOUS
10
124.267793999999995
20
-134.2034989999999937
11
124.267793999999995
21
-134.6796899999999937
0
LINE
8
BLACK
6
CONTINUOUS
10
124.267793999999995
20
-134.6796899999999937
11
124.1725560000000002
21
-135.0606420000000014
0
LINE
8
BLACK
6
CONTINUOUS
10
124.1725560000000002
20
-135.0606420000000014
11
124.0773179999999911
21
-135.2511179999999911
0
LINE
8
BLACK
6
CONTINUOUS
10
124.0773179999999911
20
-135.2511179999999911
11
123.9820799999999963
21
-135.3463569999999834
0
LINE
8
BLACK
6
CONTINUOUS
10
123.9820799999999963
20
-135.3463569999999834
11
123.7916039999999924
21
-135.4415950000000066
0
LINE
8
BLACK
6
CONTINUOUS
10
123.7916039999999924
20
-135.4415950000000066
11
123.6011269999999911
21
-135.4415950000000066
0
LINE
8
BLACK
6
CONTINUOUS
10
123.6011269999999911
20
-135.4415950000000066
11
123.4106510000000014
21
-135.3463569999999834
0
LINE
8
BLACK
6
CONTINUOUS
10
123.4106510000000014
20
-135.3463569999999834
11
123.3154129999999924
21
-135.2511179999999911
0
LINE
8
BLACK
6
CONTINUOUS
10
123.3154129999999924
20
-135.2511179999999911
11
123.2201749999999976
21
-135.0606420000000014
0
LINE
8
BLACK
6
CONTINUOUS
10
123.2201749999999976
20
-135.0606420000000014
11
123.1249369999999885
21
-134.6796899999999937
0
LINE
8
BLACK
6
CONTINUOUS
10
123.1249369999999885
20
-134.6796899999999937
11
123.1249369999999885
21
-134.2034989999999937
0
LINE
8
BLACK
6
CONTINUOUS
10
123.1249369999999885
20
-134.2034989999999937
11
123.2201749999999976
21
-133.8225469999999859
0
LINE
8
BLACK
6
CONTINUOUS
10
123.2201749999999976
20
-133.8225469999999859
11
123.3154129999999924
21
-133.6320709999999963
0
LINE
8
BLACK
6
CONTINUOUS
10
123.3154129999999924
20
-133.6320709999999963
11
123.4106510000000014
21
-133.5368330000000014
0
LINE
8
BLACK
6
CONTINUOUS
10
123.4106510000000014
20
-133.5368330000000014
11
123.6011269999999911
21
-133.4415950000000066
0
LINE
8
BLACK
6
CONTINUOUS
10
125.5058889999999963
20
-133.4415950000000066
11
125.6963659999999976
21
-133.4415950000000066
0
LINE
8
BLACK
6
CONTINUOUS
10
125.6963659999999976
20
-133.4415950000000066
11
125.8868419999999873
21
-133.5368330000000014
0
LINE
8
BLACK
6
CONTINUOUS
10
125.8868419999999873
20
-133.5368330000000014
11
125.9820799999999963
21
-133.6320709999999963
0
LINE
8
BLACK
6
CONTINUOUS
10
125.9820799999999963
20
-133.6320709999999963
11
126.0773179999999911
21
-133.8225469999999859
0
LINE
8
BLACK
6
CONTINUOUS
10
126.0773179999999911
20
-133.8225469999999859
11
126.1725560000000002
21
-134.2034989999999937
0
LINE
8
BLACK
6
CONTINUOUS
10
126.1725560000000002
20
-134.2034989999999937
11
126.1725560000000002
21
-134.6796899999999937
0
LINE
8
BLACK
6
CONTINUOUS
10
126.1725560000000002
20
-134.6796899999999937
11
126.0773179999999911
21
-135.0606420000000014
0
LINE
8
BLACK
6
CONTINUOUS
10
126.0773179999999911
20
-135.0606420000000014
11
125.9820799999999963
21
-135.2511179999999911
0
LINE
8
BLACK
6
CONTINUOUS
10
125.9820799999999963
20
-135.2511179999999911
11
125.8868419999999873
21
-135.3463569999999834
0
LINE
8
BLACK
6
CONTINUOUS
10
125.8868419999999873
20
-135.3463569999999834
11
125.6963659999999976
21
-135.4415950000000066
0
LINE
8
BLACK
6
CONTINUOUS
10
125.6963659999999976
20
-135.4415950000000066
11
125.5058889999999963
21
-135.4415950000000066
0
LINE
8
BLACK
6
CONTINUOUS
10
125.5058889999999963
20
-135.4415950000000066
11
125.3154129999999924
21
-135.3463569999999834
0
LINE
8
BLACK
6
CONTINUOUS
10
125.3154129999999924
20
-135.3463569999999834
11
125.2201749999999976
21
-135.2511179999999911
0
LINE
8
BLACK
6
CONTINUOUS
10
125.2201749999999976
20
-135.2511179999999911
11
125.1249369999999885
21
-135.0606420000000014
0
LINE
8
BLACK
6
CONTINUOUS
10
125.1249369999999885
20
-135.0606420000000014
11
125.0296989999999937
21
-134.6796899999999937
0
LINE
8
BLACK
6
CONTINUOUS
10
125.0296989999999937
20
-134.6796899999999937
11
125.0296989999999937
21
-134.2034989999999937
0
LINE
8
BLACK
6
CONTINUOUS
10
125.0296989999999937
20
-134.2034989999999937
11
125.1249369999999885
21
-133.8225469999999859
0
LINE
8
BLACK
6
CONTINUOUS
10
125.1249369999999885
20
-133.8225469999999859
11
125.2201749999999976
21
-133.6320709999999963
0
LINE
8
BLACK
6
CONTINUOUS
10
125.2201749999999976
20
-133.6320709999999963
11
125.3154129999999924
21
-133.5368330000000014
0
LINE
8
BLACK
6
CONTINUOUS
10
125.3154129999999924
20
-133.5368330000000014
11
125.5058889999999963
21
-133.4415950000000066
0
LINE
8
BLACK
6
CONTINUOUS
10
127.0296989999999937
20
-135.4415950000000066
11
127.0296989999999937
21
-134.1082609999999988
0
LINE
8
BLACK
6
CONTINUOUS
10
127.0296989999999937
20
-134.2987369999999885
11
127.1249369999999885
21
-134.2034989999999937
0
LINE
8
BLACK
6
CONTINUOUS
10
127.1249369999999885
20
-134.2034989999999937
11
127.3154129999999924
21
-134.1082609999999988
0
LINE
8
BLACK
6
CONTINUOUS
10
127.3154129999999924
20
-134.1082609999999988
11
127.6011279999999886
21
-134.1082609999999988
0
LINE
8
BLACK
6
CONTINUOUS
10
127.6011279999999886
20
-134.1082609999999988
11
127.7916039999999924
21
-134.2034989999999937
0
LINE
8
BLACK
6
CONTINUOUS
10
127.7916039999999924
20
-134.2034989999999937
11
127.8868419999999873
21
-134.3939759999999808
0
LINE
8
BLACK
6
CONTINUOUS
10
127.8868419999999873
20
-134.3939759999999808
11
127.8868419999999873
21
-135.4415950000000066
0
LINE
8
BLACK
6
CONTINUOUS
10
127.8868419999999873
20
-134.3939759999999808
11
127.9820799999999963
21
-134.2034989999999937
0
LINE
8
BLACK
6
CONTINUOUS
10
127.9820799999999963
20
-134.2034989999999937
11
128.1725559999999859
21
-134.1082609999999988
0
LINE
8
BLACK
6
CONTINUOUS
10
128.1725559999999859
20
-134.1082609999999988
11
128.4582699999999988
21
-134.1082609999999988
0
LINE
8
BLACK
6
CONTINUOUS
10
128.4582699999999988
20
-134.1082609999999988
11
128.648746999999986
21
-134.2034989999999937
0
LINE
8
BLACK
6
CONTINUOUS
10
128.648746999999986
20
-134.2034989999999937
11
128.7439849999999808
21
-134.3939759999999808
0
LINE
8
BLACK
6
CONTINUOUS
10
128.7439849999999808
20
-134.3939759999999808
11
128.7439849999999808
21
-135.4415950000000066
0
LINE
8
BLACK
6
CONTINUOUS
10
129.6963659999999834
20
-135.4415950000000066
11
129.6963659999999834
21
-134.1082609999999988
0
LINE
8
BLACK
6
CONTINUOUS
10
129.6963659999999834
20
-134.2987369999999885
11
129.7916040000000066
21
-134.2034989999999937
0
LINE
8
BLACK
6
CONTINUOUS
10
129.7916040000000066
20
-134.2034989999999937
11
129.9820799999999963
21
-134.1082609999999988
0
LINE
8
BLACK
6
CONTINUOUS
10
129.9820799999999963
20
-134.1082609999999988
11
130.2677950000000067
21
-134.1082609999999988
0
LINE
8
BLACK
6
CONTINUOUS
10
130.2677950000000067
20
-134.1082609999999988
11
130.4582709999999963
21
-134.2034989999999937
0
LINE
8
BLACK
6
CONTINUOUS
10
130.4582709999999963
20
-134.2034989999999937
11
130.5535089999999911
21
-134.3939759999999808
0
LINE
8
BLACK
6
CONTINUOUS
10
130.5535089999999911
20
-134.3939759999999808
11
130.5535089999999911
21
-135.4415950000000066
0
LINE
8
BLACK
6
CONTINUOUS
10
130.5535089999999911
20
-134.3939759999999808
11
130.648746999999986
21
-134.2034989999999937
0
LINE
8
BLACK
6
CONTINUOUS
10
130.648746999999986
20
-134.2034989999999937
11
130.839223000000004
21
-134.1082609999999988
0
LINE
8
BLACK
6
CONTINUOUS
10
130.839223000000004
20
-134.1082609999999988
11
131.1249369999999885
21
-134.1082609999999988
0
LINE
8
BLACK
6
CONTINUOUS
10
131.1249369999999885
20
-134.1082609999999988
11
131.3154140000000041
21
-134.2034989999999937
0
LINE
8
BLACK
6
CONTINUOUS
10
131.3154140000000041
20
-134.2034989999999937
11
131.4106519999999989
21
-134.3939759999999808
0
LINE
8
BLACK
6
CONTINUOUS
10
131.4106519999999989
20
-134.3939759999999808
11
131.4106519999999989
21
-135.4415950000000066
0
LINE
8
BLACK
6
CONTINUOUS
10
135.3154140000000041
20
-133.3463569999999834
11
133.601128999999986
21
-135.9177849999999808
0
LINE
8
BLACK
6
CONTINUOUS
10
137.8868429999999989
20
-133.4415950000000066
11
138.0773199999999861
21
-133.4415950000000066
0
LINE
8
BLACK
6
CONTINUOUS
10
138.0773199999999861
20
-133.4415950000000066
11
138.2677960000000041
21
-133.5368330000000014
0
LINE
8
BLACK
6
CONTINUOUS
10
138.2677960000000041
20
-133.5368330000000014
11
138.363033999999999
21
-133.6320709999999963
0
LINE
8
BLACK
6
CONTINUOUS
10
138.363033999999999
20
-133.6320709999999963
11
138.4582719999999938
21
-133.8225469999999859
0
LINE
8
BLACK
6
CONTINUOUS
10
138.4582719999999938
20
-133.8225469999999859
11
138.5535099999999886
21
-134.2034989999999937
0
LINE
8
BLACK
6
CONTINUOUS
10
138.5535099999999886
20
-134.2034989999999937
11
138.5535099999999886
21
-134.6796899999999937
0
LINE
8
BLACK
6
CONTINUOUS
10
138.5535099999999886
20
-134.6796899999999937
11
138.4582719999999938
21
-135.0606420000000014
0
LINE
8
BLACK
6
CONTINUOUS
10
138.4582719999999938
20
-135.0606420000000014
11
138.363033999999999
21
-135.2511179999999911
0
LINE
8
BLACK
6
CONTINUOUS
10
138.363033999999999
20
-135.2511179999999911
11
138.2677960000000041
21
-135.3463569999999834
0
LINE
8
BLACK
6
CONTINUOUS
10
138.2677960000000041
20
-135.3463569999999834
11
138.0773199999999861
21
-135.4415950000000066
0
LINE
8
BLACK
6
CONTINUOUS
10
138.0773199999999861
20
-135.4415950000000066
11
137.8868429999999989
21
-135.4415950000000066
0
LINE
8
BLACK
6
CONTINUOUS
10
137.8868429999999989
20
-135.4415950000000066
11
137.6963669999999809
21
-135.3463569999999834
0
LINE
8
BLACK
6
CONTINUOUS
10
137.6963669999999809
20
-135.3463569999999834
11
137.601128999999986
21
-135.2511179999999911
0
LINE
8
BLACK
6
CONTINUOUS
10
137.601128999999986
20
-135.2511179999999911
11
137.5058909999999912
21
-135.0606420000000014
0
LINE
8
BLACK
6
CONTINUOUS
10
137.5058909999999912
20
-135.0606420000000014
11
137.4106529999999964
21
-134.6796899999999937
0
LINE
8
BLACK
6
CONTINUOUS
10
137.4106529999999964
20
-134.6796899999999937
11
137.4106529999999964
21
-134.2034989999999937
0
LINE
8
BLACK
6
CONTINUOUS
10
137.4106529999999964
20
-134.2034989999999937
11
137.5058909999999912
21
-133.8225469999999859
0
LINE
8
BLACK
6
CONTINUOUS
10
137.5058909999999912
20
-133.8225469999999859
11
137.601128999999986
21
-133.6320709999999963
0
LINE
8
BLACK
6
CONTINUOUS
10
137.601128999999986
20
-133.6320709999999963
11
137.6963669999999809
21
-133.5368330000000014
0
LINE
8
BLACK
6
CONTINUOUS
10
137.6963669999999809
20
-133.5368330000000014
11
137.8868429999999989
21
-133.4415950000000066
0
LINE
8
BLACK
6
CONTINUOUS
10
139.4106529999999964
20
-135.2511179999999911
11
139.5058909999999912
21
-135.3463569999999834
0
LINE
8
BLACK
6
CONTINUOUS
10
139.5058909999999912
20
-135.3463569999999834
11
139.4106529999999964
21
-135.4415950000000066
0
LINE
8
BLACK
6
CONTINUOUS
10
139.4106529999999964
20
-135.4415950000000066
11
139.3154150000000016
21
-135.3463569999999834
0
LINE
8
BLACK
6
CONTINUOUS
10
139.3154150000000016
20
-135.3463569999999834
11
139.4106529999999964
21
-135.2511179999999911
0
LINE
8
BLACK
6
CONTINUOUS
10
139.4106529999999964
20
-135.2511179999999911
11
139.4106529999999964
21
-135.4415950000000066
0
LINE
8
BLACK
6
CONTINUOUS
10
140.7439860000000067
20
-133.4415950000000066
11
140.9344629999999938
21
-133.4415950000000066
0
LINE
8
BLACK
6
CONTINUOUS
10
140.9344629999999938
20
-133.4415950000000066
11
141.1249389999999835
21
-133.5368330000000014
0
LINE
8
BLACK
6
CONTINUOUS
10
141.1249389999999835
20
-133.5368330000000014
11
141.2201770000000067
21
-133.6320709999999963
0
LINE
8
BLACK
6
CONTINUOUS
10
141.2201770000000067
20
-133.6320709999999963
11
141.3154150000000016
21
-133.8225469999999859
0
LINE
8
BLACK
6
CONTINUOUS
10
141.3154150000000016
20
-133.8225469999999859
11
141.4106529999999964
21
-134.2034989999999937
0
LINE
8
BLACK
6
CONTINUOUS
10
141.4106529999999964
20
-134.2034989999999937
11
141.4106529999999964
21
-134.6796899999999937
0
LINE
8
BLACK
6
CONTINUOUS
10
141.4106529999999964
20
-134.6796899999999937
11
141.3154150000000016
21
-135.0606420000000014
0
LINE
8
BLACK
6
CONTINUOUS
10
141.3154150000000016
20
-135.0606420000000014
11
141.2201770000000067
21
-135.2511179999999911
0
LINE
8
BLACK
6
CONTINUOUS
10
141.2201770000000067
20
-135.2511179999999911
11
141.1249389999999835
21
-135.3463569999999834
0
LINE
8
BLACK
6
CONTINUOUS
10
141.1249389999999835
20
-135.3463569999999834
11
140.9344629999999938
21
-135.4415950000000066
0
LINE
8
BLACK
6
CONTINUOUS
10
140.9344629999999938
20
-135.4415950000000066
11
140.7439860000000067
21
-135.4415950000000066
0
LINE
8
BLACK
6
CONTINUOUS
10
140.7439860000000067
20
-135.4415950000000066
11
140.5535099999999886
21
-135.3463569999999834
0
LINE
8
BLACK
6
CONTINUOUS
10
140.5535099999999886
20
-135.3463569999999834
11
140.4582719999999938
21
-135.2511179999999911
0
LINE
8
BLACK
6
CONTINUOUS
10
140.4582719999999938
20
-135.2511179999999911
11
140.363033999999999
21
-135.0606420000000014
0
LINE
8
BLACK
6
CONTINUOUS
10
140.363033999999999
20
-135.0606420000000014
11
140.2677960000000041
21
-134.6796899999999937
0
LINE
8
BLACK
6
CONTINUOUS
10
140.2677960000000041
20
-134.6796899999999937
11
140.2677960000000041
21
-134.2034989999999937
0
LINE
8
BLACK
6
CONTINUOUS
10
140.2677960000000041
20
-134.2034989999999937
11
140.363033999999999
21
-133.8225469999999859
0
LINE
8
BLACK
6
CONTINUOUS
10
140.363033999999999
20
-133.8225469999999859
11
140.4582719999999938
21
-133.6320709999999963
0
LINE
8
BLACK
6
CONTINUOUS
10
140.4582719999999938
20
-133.6320709999999963
11
140.5535099999999886
21
-133.5368330000000014
0
LINE
8
BLACK
6
CONTINUOUS
10
140.5535099999999886
20
-133.5368330000000014
11
140.7439860000000067
21
-133.4415950000000066
0
LINE
8
BLACK
6
CONTINUOUS
10
143.3154150000000016
20
-135.4415950000000066
11
142.1725579999999809
21
-135.4415950000000066
0
LINE
8
BLACK
6
CONTINUOUS
10
142.7439860000000067
20
-135.4415950000000066
11
142.7439860000000067
21
-133.4415950000000066
0
LINE
8
BLACK
6
CONTINUOUS
10
142.7439860000000067
20
-133.4415950000000066
11
142.5535099999999886
21
-133.7273089999999911
0
LINE
8
BLACK
6
CONTINUOUS
10
142.5535099999999886
20
-133.7273089999999911
11
142.363033999999999
21
-133.9177849999999808
0
LINE
8
BLACK
6
CONTINUOUS
10
142.363033999999999
20
-133.9177849999999808
11
142.1725579999999809
21
-134.013023000000004
0
LINE
8
BLACK
6
CONTINUOUS
10
145.1249389999999835
20
-133.4415950000000066
11
144.1725579999999809
21
-133.4415950000000066
0
LINE
8
BLACK
6
CONTINUOUS
10
144.1725579999999809
20
-133.4415950000000066
11
144.0773199999999861
21
-134.3939759999999808
0
LINE
8
BLACK
6
CONTINUOUS
10
144.0773199999999861
20
-134.3939759999999808
11
144.1725579999999809
21
-134.2987369999999885
0
LINE
8
BLACK
6
CONTINUOUS
10
144.1725579999999809
20
-134.2987369999999885
11
144.363033999999999
21
-134.2034989999999937
0
LINE
8
BLACK
6
CONTINUOUS
10
144.363033999999999
20
-134.2034989999999937
11
144.839224999999999
21
-134.2034989999999937
0
LINE
8
BLACK
6
CONTINUOUS
10
144.839224999999999
20
-134.2034989999999937
11
145.0297009999999887
21
-134.2987369999999885
0
LINE
8
BLACK
6
CONTINUOUS
10
145.0297009999999887
20
-134.2987369999999885
11
145.1249389999999835
21
-134.3939759999999808
0
LINE
8
BLACK
6
CONTINUOUS
10
145.1249389999999835
20
-134.3939759999999808
11
145.2201770000000067
21
-134.5844519999999989
0
LINE
8
BLACK
6
CONTINUOUS
10
145.2201770000000067
20
-134.5844519999999989
11
145.2201770000000067
21
-135.0606420000000014
0
LINE
8
BLACK
6
CONTINUOUS
10
145.2201770000000067
20
-135.0606420000000014
11
145.1249389999999835
21
-135.2511179999999911
0
LINE
8
BLACK
6
CONTINUOUS
10
145.1249389999999835
20
-135.2511179999999911
11
145.0297009999999887
21
-135.3463569999999834
0
LINE
8
BLACK
6
CONTINUOUS
10
145.0297009999999887
20
-135.3463569999999834
11
144.839224999999999
21
-135.4415950000000066
0
LINE
8
BLACK
6
CONTINUOUS
10
144.839224999999999
20
-135.4415950000000066
11
144.363033999999999
21
-135.4415950000000066
0
LINE
8
BLACK
6
CONTINUOUS
10
144.363033999999999
20
-135.4415950000000066
11
144.1725579999999809
21
-135.3463569999999834
0
LINE
8
BLACK
6
CONTINUOUS
10
144.1725579999999809
20
-135.3463569999999834
11
144.0773199999999861
21
-135.2511179999999911
0
LINE
8
BLACK
6
CONTINUOUS
10
145.8868439999999964
20
-133.4415950000000066
11
147.2201770000000067
21
-133.4415950000000066
0
LINE
8
BLACK
6
CONTINUOUS
10
147.2201770000000067
20
-133.4415950000000066
11
146.363033999999999
21
-135.4415950000000066
0
LINE
8
BLACK
6
CONTINUOUS
10
147.8868439999999964
20
-133.4415950000000066
11
147.8868439999999964
21
-133.8225469999999859
0
LINE
8
BLACK
6
CONTINUOUS
10
148.6487489999999809
20
-133.4415950000000066
11
148.6487489999999809
21
-133.8225469999999859
0
LINE
8
BLACK
6
CONTINUOUS
10
151.601130999999981
20
-136.2034989999999937
11
151.5058919999999887
21
-136.1082609999999988
0
LINE
8
BLACK
6
CONTINUOUS
10
151.5058919999999887
20
-136.1082609999999988
11
151.315415999999999
21
-135.8225469999999859
0
LINE
8
BLACK
6
CONTINUOUS
10
151.315415999999999
20
-135.8225469999999859
11
151.2201780000000042
21
-135.6320709999999963
0
LINE
8
BLACK
6
CONTINUOUS
10
151.2201780000000042
20
-135.6320709999999963
11
151.124939999999981
21
-135.3463569999999834
0
LINE
8
BLACK
6
CONTINUOUS
10
151.124939999999981
20
-135.3463569999999834
11
151.0297019999999861
21
-134.8701659999999833
0
LINE
8
BLACK
6
CONTINUOUS
10
151.0297019999999861
20
-134.8701659999999833
11
151.0297019999999861
21
-134.489214000000004
0
LINE
8
BLACK
6
CONTINUOUS
10
151.0297019999999861
20
-134.489214000000004
11
151.124939999999981
21
-134.013023000000004
0
LINE
8
BLACK
6
CONTINUOUS
10
151.124939999999981
20
-134.013023000000004
11
151.2201780000000042
21
-133.7273089999999911
0
LINE
8
BLACK
6
CONTINUOUS
10
151.2201780000000042
20
-133.7273089999999911
11
151.315415999999999
21
-133.5368330000000014
0
LINE
8
BLACK
6
CONTINUOUS
10
151.315415999999999
20
-133.5368330000000014
11
151.5058919999999887
21
-133.2511179999999911
0
LINE
8
BLACK
6
CONTINUOUS
10
151.5058919999999887
20
-133.2511179999999911
11
151.601130999999981
21
-133.1558799999999962
0
LINE
8
BLACK
6
CONTINUOUS
10
153.2201780000000042
20
-134.1082609999999988
11
153.2201780000000042
21
-135.4415950000000066
0
LINE
8
BLACK
6
CONTINUOUS
10
152.7439870000000042
20
-133.3463569999999834
11
152.2677970000000016
21
-134.7749279999999885
0
LINE
8
BLACK
6
CONTINUOUS
10
152.2677970000000016
20
-134.7749279999999885
11
153.5058919999999887
21
-134.7749279999999885
0
LINE
8
BLACK
6
CONTINUOUS
10
154.0773209999999835
20
-133.4415950000000066
11
155.4106539999999939
21
-133.4415950000000066
0
LINE
8
BLACK
6
CONTINUOUS
10
155.4106539999999939
20
-133.4415950000000066
11
154.5535109999999861
21
-135.4415950000000066
0
LINE
8
BLACK
6
CONTINUOUS
10
155.9820829999999887
20
-133.4415950000000066
11
157.2201780000000042
21
-133.4415950000000066
0
LINE
8
BLACK
6
CONTINUOUS
10
157.2201780000000042
20
-133.4415950000000066
11
156.5535109999999861
21
-134.2034989999999937
0
LINE
8
BLACK
6
CONTINUOUS
10
156.5535109999999861
20
-134.2034989999999937
11
156.8392259999999965
21
-134.2034989999999937
0
LINE
8
BLACK
6
CONTINUOUS
10
156.8392259999999965
20
-134.2034989999999937
11
157.0297019999999861
21
-134.2987369999999885
0
LINE
8
BLACK
6
CONTINUOUS
10
157.0297019999999861
20
-134.2987369999999885
11
157.124939999999981
21
-134.3939759999999808
0
LINE
8
BLACK
6
CONTINUOUS
10
157.124939999999981
20
-134.3939759999999808
11
157.2201780000000042
21
-134.5844519999999989
0
LINE
8
BLACK
6
CONTINUOUS
10
157.2201780000000042
20
-134.5844519999999989
11
157.2201780000000042
21
-135.0606420000000014
0
LINE
8
BLACK
6
CONTINUOUS
10
157.2201780000000042
20
-135.0606420000000014
11
157.124939999999981
21
-135.2511179999999911
0
LINE
8
BLACK
6
CONTINUOUS
10
157.124939999999981
20
-135.2511179999999911
11
157.0297019999999861
21
-135.3463569999999834
0
LINE
8
BLACK
6
CONTINUOUS
10
157.0297019999999861
20
-135.3463569999999834
11
156.8392259999999965
21
-135.4415950000000066
0
LINE
8
BLACK
6
CONTINUOUS
10
156.8392259999999965
20
-135.4415950000000066
11
156.2677970000000016
21
-135.4415950000000066
0
LINE
8
BLACK
6
CONTINUOUS
10
156.2677970000000016
20
-135.4415950000000066
11
156.0773209999999835
21
-135.3463569999999834
0
LINE
8
BLACK
6
CONTINUOUS
10
156.0773209999999835
20
-135.3463569999999834
11
155.9820829999999887
21
-135.2511179999999911
0
LINE
8
BLACK
6
CONTINUOUS
10
159.601130999999981
20
-135.4415950000000066
11
159.601130999999981
21
-133.4415950000000066
0
LINE
8
BLACK
6
CONTINUOUS
10
160.4582739999999887
20
-135.4415950000000066
11
160.4582739999999887
21
-134.3939759999999808
0
LINE
8
BLACK
6
CONTINUOUS
10
160.4582739999999887
20
-134.3939759999999808
11
160.3630359999999939
21
-134.2034989999999937
0
LINE
8
BLACK
6
CONTINUOUS
10
160.3630359999999939
20
-134.2034989999999937
11
160.1725600000000043
21
-134.1082609999999988
0
LINE
8
BLACK
6
CONTINUOUS
10
160.1725600000000043
20
-134.1082609999999988
11
159.8868449999999939
21
-134.1082609999999988
0
LINE
8
BLACK
6
CONTINUOUS
10
159.8868449999999939
20
-134.1082609999999988
11
159.6963690000000042
21
-134.2034989999999937
0
LINE
8
BLACK
6
CONTINUOUS
10
159.6963690000000042
20
-134.2034989999999937
11
159.601130999999981
21
-134.2987369999999885
0
LINE
8
BLACK
6
CONTINUOUS
10
161.6963690000000042
20
-135.4415950000000066
11
161.5058929999999862
21
-135.3463569999999834
0
LINE
8
BLACK
6
CONTINUOUS
10
161.5058929999999862
20
-135.3463569999999834
11
161.4106549999999913
21
-135.2511179999999911
0
LINE
8
BLACK
6
CONTINUOUS
10
161.4106549999999913
20
-135.2511179999999911
11
161.3154169999999965
21
-135.0606420000000014
0
LINE
8
BLACK
6
CONTINUOUS
10
161.3154169999999965
20
-135.0606420000000014
11
161.3154169999999965
21
-134.489214000000004
0
LINE
8
BLACK
6
CONTINUOUS
10
161.3154169999999965
20
-134.489214000000004
11
161.4106549999999913
21
-134.2987369999999885
0
LINE
8
BLACK
6
CONTINUOUS
10
161.4106549999999913
20
-134.2987369999999885
11
161.5058929999999862
21
-134.2034989999999937
0
LINE
8
BLACK
6
CONTINUOUS
10
161.5058929999999862
20
-134.2034989999999937
11
161.6963690000000042
21
-134.1082609999999988
0
LINE
8
BLACK
6
CONTINUOUS
10
161.6963690000000042
20
-134.1082609999999988
11
161.9820839999999862
21
-134.1082609999999988
0
LINE
8
BLACK
6
CONTINUOUS
10
161.9820839999999862
20
-134.1082609999999988
11
162.1725600000000043
21
-134.2034989999999937
0
LINE
8
BLACK
6
CONTINUOUS
10
162.1725600000000043
20
-134.2034989999999937
11
162.2677979999999991
21
-134.2987369999999885
0
LINE
8
BLACK
6
CONTINUOUS
10
162.2677979999999991
20
-134.2987369999999885
11
162.3630359999999939
21
-134.489214000000004
0
LINE
8
BLACK
6
CONTINUOUS
10
162.3630359999999939
20
-134.489214000000004
11
162.3630359999999939
21
-135.0606420000000014
0
LINE
8
BLACK
6
CONTINUOUS
10
162.3630359999999939
20
-135.0606420000000014
11
162.2677979999999991
21
-135.2511179999999911
0
LINE
8
BLACK
6
CONTINUOUS
10
162.2677979999999991
20
-135.2511179999999911
11
162.1725600000000043
21
-135.3463569999999834
0
LINE
8
BLACK
6
CONTINUOUS
10
162.1725600000000043
20
-135.3463569999999834
11
161.9820839999999862
21
-135.4415950000000066
0
LINE
8
BLACK
6
CONTINUOUS
10
161.9820839999999862
20
-135.4415950000000066
11
161.6963690000000042
21
-135.4415950000000066
0
LINE
8
BLACK
6
CONTINUOUS
10
163.5058929999999862
20
-135.4415950000000066
11
163.3154169999999965
21
-135.3463569999999834
0
LINE
8
BLACK
6
CONTINUOUS
10
163.3154169999999965
20
-135.3463569999999834
11
163.2201790000000017
21
-135.1558799999999962
0
LINE
8
BLACK
6
CONTINUOUS
10
163.2201790000000017
20
-135.1558799999999962
11
163.2201790000000017
21
-133.4415950000000066
0
LINE
8
BLACK
6
CONTINUOUS
10
165.0297029999999836
20
-135.3463569999999834
11
164.839226999999994
21
-135.4415950000000066
0
LINE
8
BLACK
6
CONTINUOUS
10
164.839226999999994
20
-135.4415950000000066
11
164.4582739999999887
21
-135.4415950000000066
0
LINE
8
BLACK
6
CONTINUOUS
10
164.4582739999999887
20
-135.4415950000000066
11
164.2677979999999991
21
-135.3463569999999834
0
LINE
8
BLACK
6
CONTINUOUS
10
164.2677979999999991
20
-135.3463569999999834
11
164.1725600000000043
21
-135.1558799999999962
0
LINE
8
BLACK
6
CONTINUOUS
10
164.1725600000000043
20
-135.1558799999999962
11
164.1725600000000043
21
-134.3939759999999808
0
LINE
8
BLACK
6
CONTINUOUS
10
164.1725600000000043
20
-134.3939759999999808
11
164.2677979999999991
21
-134.2034989999999937
0
LINE
8
BLACK
6
CONTINUOUS
10
164.2677979999999991
20
-134.2034989999999937
11
164.4582739999999887
21
-134.1082609999999988
0
LINE
8
BLACK
6
CONTINUOUS
10
164.4582739999999887
20
-134.1082609999999988
11
164.839226999999994
21
-134.1082609999999988
0
LINE
8
BLACK
6
CONTINUOUS
10
164.839226999999994
20
-134.1082609999999988
11
165.0297029999999836
21
-134.2034989999999937
0
LINE
8
BLACK
6
CONTINUOUS
10
165.0297029999999836
20
-134.2034989999999937
11
165.1249409999999784
21
-134.3939759999999808
0
LINE
8
BLACK
6
CONTINUOUS
10
165.1249409999999784
20
-134.3939759999999808
11
165.1249409999999784
21
-134.5844519999999989
0
LINE
8
BLACK
6
CONTINUOUS
10
165.1249409999999784
20
-134.5844519999999989
11
164.1725600000000043
21
-134.7749279999999885
0
LINE
8
BLACK
6
CONTINUOUS
10
165.8868459999999914
20
-135.3463569999999834
11
166.077321999999981
21
-135.4415950000000066
0
LINE
8
BLACK
6
CONTINUOUS
10
166.077321999999981
20
-135.4415950000000066
11
166.4582739999999887
21
-135.4415950000000066
0
LINE
8
BLACK
6
CONTINUOUS
10
166.4582739999999887
20
-135.4415950000000066
11
166.6487510000000043
21
-135.3463569999999834
0
LINE
8
BLACK
6
CONTINUOUS
10
166.6487510000000043
20
-135.3463569999999834
11
166.7439889999999991
21
-135.1558799999999962
0
LINE
8
BLACK
6
CONTINUOUS
10
166.7439889999999991
20
-135.1558799999999962
11
166.7439889999999991
21
-135.0606420000000014
0
LINE
8
BLACK
6
CONTINUOUS
10
166.7439889999999991
20
-135.0606420000000014
11
166.6487510000000043
21
-134.8701659999999833
0
LINE
8
BLACK
6
CONTINUOUS
10
166.6487510000000043
20
-134.8701659999999833
11
166.4582739999999887
21
-134.7749279999999885
0
LINE
8
BLACK
6
CONTINUOUS
10
166.4582739999999887
20
-134.7749279999999885
11
166.1725600000000043
21
-134.7749279999999885
0
LINE
8
BLACK
6
CONTINUOUS
10
166.1725600000000043
20
-134.7749279999999885
11
165.9820839999999862
21
-134.6796899999999937
0
LINE
8
BLACK
6
CONTINUOUS
10
165.9820839999999862
20
-134.6796899999999937
11
165.8868459999999914
21
-134.489214000000004
0
LINE
8
BLACK
6
CONTINUOUS
10
165.8868459999999914
20
-134.489214000000004
11
165.8868459999999914
21
-134.3939759999999808
0
LINE
8
BLACK
6
CONTINUOUS
10
165.8868459999999914
20
-134.3939759999999808
11
165.9820839999999862
21
-134.2034989999999937
0
LINE
8
BLACK
6
CONTINUOUS
10
165.9820839999999862
20
-134.2034989999999937
11
166.1725600000000043
21
-134.1082609999999988
0
LINE
8
BLACK
6
CONTINUOUS
10
166.1725600000000043
20
-134.1082609999999988
11
166.4582739999999887
21
-134.1082609999999988
0
LINE
8
BLACK
6
CONTINUOUS
10
166.4582739999999887
20
-134.1082609999999988
11
166.6487510000000043
21
-134.2034989999999937
0
LINE
8
BLACK
6
CONTINUOUS
10
167.4106559999999888
20
-136.2034989999999937
11
167.5058939999999836
21
-136.1082609999999988
0
LINE
8
BLACK
6
CONTINUOUS
10
167.5058939999999836
20
-136.1082609999999988
11
167.6963700000000017
21
-135.8225469999999859
0
LINE
8
BLACK
6
CONTINUOUS
10
167.6963700000000017
20
-135.8225469999999859
11
167.7916079999999965
21
-135.6320709999999963
0
LINE
8
BLACK
6
CONTINUOUS
10
167.7916079999999965
20
-135.6320709999999963
11
167.8868459999999914
21
-135.3463569999999834
0
LINE
8
BLACK
6
CONTINUOUS
10
167.8868459999999914
20
-135.3463569999999834
11
167.9820839999999862
21
-134.8701659999999833
0
LINE
8
BLACK
6
CONTINUOUS
10
167.9820839999999862
20
-134.8701659999999833
11
167.9820839999999862
21
-134.489214000000004
0
LINE
8
BLACK
6
CONTINUOUS
10
167.9820839999999862
20
-134.489214000000004
11
167.8868459999999914
21
-134.013023000000004
0
LINE
8
BLACK
6
CONTINUOUS
10
167.8868459999999914
20
-134.013023000000004
11
167.7916079999999965
21
-133.7273089999999911
0
LINE
8
BLACK
6
CONTINUOUS
10
167.7916079999999965
20
-133.7273089999999911
11
167.6963700000000017
21
-133.5368330000000014
0
LINE
8
BLACK
6
CONTINUOUS
10
167.6963700000000017
20
-133.5368330000000014
11
167.5058939999999836
21
-133.2511179999999911
0
LINE
8
BLACK
6
CONTINUOUS
10
167.5058939999999836
20
-133.2511179999999911
11
167.4106559999999888
21
-133.1558799999999962
0
CIRCLE
8
BLACK
10
115.3505019999999917
20
-137.1667569999999898
40
0.5
0
LINE
8
BLACK
6
CONTINUOUS
10
119.5058889999999963
20
-138.081594999999993
11
118.3630319999999898
21
-138.081594999999993
0
LINE
8
BLACK
6
CONTINUOUS
10
118.9344600000000014
20
-138.081594999999993
11
118.9344600000000014
21
-136.081594999999993
0
LINE
8
BLACK
6
CONTINUOUS
10
118.9344600000000014
20
-136.081594999999993
11
118.7439839999999975
21
-136.3673090000000059
0
LINE
8
BLACK
6
CONTINUOUS
10
118.7439839999999975
20
-136.3673090000000059
11
118.5535079999999937
21
-136.5577849999999955
0
LINE
8
BLACK
6
CONTINUOUS
10
118.5535079999999937
20
-136.5577849999999955
11
118.3630319999999898
21
-136.6530229999999904
0
LINE
8
BLACK
6
CONTINUOUS
10
120.3630319999999898
20
-137.8911180000000058
11
120.4582699999999988
21
-137.9863569999999982
0
LINE
8
BLACK
6
CONTINUOUS
10
120.4582699999999988
20
-137.9863569999999982
11
120.3630319999999898
21
-138.081594999999993
0
LINE
8
BLACK
6
CONTINUOUS
10
120.3630319999999898
20
-138.081594999999993
11
120.267793999999995
21
-137.9863569999999982
0
LINE
8
BLACK
6
CONTINUOUS
10
120.267793999999995
20
-137.9863569999999982
11
120.3630319999999898
21
-137.8911180000000058
0
LINE
8
BLACK
6
CONTINUOUS
10
120.3630319999999898
20
-137.8911180000000058
11
120.3630319999999898
21
-138.081594999999993
0
LINE
8
BLACK
6
CONTINUOUS
10
121.6963650000000001
20
-136.081594999999993
11
121.8868420000000015
21
-136.081594999999993
0
LINE
8
BLACK
6
CONTINUOUS
10
121.8868420000000015
20
-136.081594999999993
11
122.0773179999999911
21
-136.1768329999999878
0
LINE
8
BLACK
6
CONTINUOUS
10
122.0773179999999911
20
-136.1768329999999878
11
122.1725560000000002
21
-136.2720709999999826
0
LINE
8
BLACK
6
CONTINUOUS
10
122.1725560000000002
20
-136.2720709999999826
11
122.267793999999995
21
-136.4625470000000007
0
LINE
8
BLACK
6
CONTINUOUS
10
122.267793999999995
20
-136.4625470000000007
11
122.3630319999999898
21
-136.84349899999998
0
LINE
8
BLACK
6
CONTINUOUS
10
122.3630319999999898
20
-136.84349899999998
11
122.3630319999999898
21
-137.31968999999998
0
LINE
8
BLACK
6
CONTINUOUS
10
122.3630319999999898
20
-137.31968999999998
11
122.267793999999995
21
-137.7006419999999878
0
LINE
8
BLACK
6
CONTINUOUS
10
122.267793999999995
20
-137.7006419999999878
11
122.1725560000000002
21
-137.8911180000000058
0
LINE
8
BLACK
6
CONTINUOUS
10
122.1725560000000002
20
-137.8911180000000058
11
122.0773179999999911
21
-137.9863569999999982
0
LINE
8
BLACK
6
CONTINUOUS
10
122.0773179999999911
20
-137.9863569999999982
11
121.8868420000000015
21
-138.081594999999993
0
LINE
8
BLACK
6
CONTINUOUS
10
121.8868420000000015
20
-138.081594999999993
11
121.6963650000000001
21
-138.081594999999993
0
LINE
8
BLACK
6
CONTINUOUS
10
121.6963650000000001
20
-138.081594999999993
11
121.5058889999999963
21
-137.9863569999999982
0
LINE
8
BLACK
6
CONTINUOUS
10
121.5058889999999963
20
-137.9863569999999982
11
121.4106510000000014
21
-137.8911180000000058
0
LINE
8
BLACK
6
CONTINUOUS
10
121.4106510000000014
20
-137.8911180000000058
11
121.3154129999999924
21
-137.7006419999999878
0
LINE
8
BLACK
6
CONTINUOUS
10
121.3154129999999924
20
-137.7006419999999878
11
121.2201749999999976
21
-137.31968999999998
0
LINE
8
BLACK
6
CONTINUOUS
10
121.2201749999999976
20
-137.31968999999998
11
121.2201749999999976
21
-136.84349899999998
0
LINE
8
BLACK
6
CONTINUOUS
10
121.2201749999999976
20
-136.84349899999998
11
121.3154129999999924
21
-136.4625470000000007
0
LINE
8
BLACK
6
CONTINUOUS
10
121.3154129999999924
20
-136.4625470000000007
11
121.4106510000000014
21
-136.2720709999999826
0
LINE
8
BLACK
6
CONTINUOUS
10
121.4106510000000014
20
-136.2720709999999826
11
121.5058889999999963
21
-136.1768329999999878
0
LINE
8
BLACK
6
CONTINUOUS
10
121.5058889999999963
20
-136.1768329999999878
11
121.6963650000000001
21
-136.081594999999993
0
LINE
8
BLACK
6
CONTINUOUS
10
123.6011269999999911
20
-136.081594999999993
11
123.7916039999999924
21
-136.081594999999993
0
LINE
8
BLACK
6
CONTINUOUS
10
123.7916039999999924
20
-136.081594999999993
11
123.9820799999999963
21
-136.1768329999999878
0
LINE
8
BLACK
6
CONTINUOUS
10
123.9820799999999963
20
-136.1768329999999878
11
124.0773179999999911
21
-136.2720709999999826
0
LINE
8
BLACK
6
CONTINUOUS
10
124.0773179999999911
20
-136.2720709999999826
11
124.1725560000000002
21
-136.4625470000000007
0
LINE
8
BLACK
6
CONTINUOUS
10
124.1725560000000002
20
-136.4625470000000007
11
124.267793999999995
21
-136.84349899999998
0
LINE
8
BLACK
6
CONTINUOUS
10
124.267793999999995
20
-136.84349899999998
11
124.267793999999995
21
-137.31968999999998
0
LINE
8
BLACK
6
CONTINUOUS
10
124.267793999999995
20
-137.31968999999998
11
124.1725560000000002
21
-137.7006419999999878
0
LINE
8
BLACK
6
CONTINUOUS
10
124.1725560000000002
20
-137.7006419999999878
11
124.0773179999999911
21
-137.8911180000000058
0
LINE
8
BLACK
6
CONTINUOUS
10
124.0773179999999911
20
-137.8911180000000058
11
123.9820799999999963
21
-137.9863569999999982
0
LINE
8
BLACK
6
CONTINUOUS
10
123.9820799999999963
20
-137.9863569999999982
11
123.7916039999999924
21
-138.081594999999993
0
LINE
8
BLACK
6
CONTINUOUS
10
123.7916039999999924
20
-138.081594999999993
11
123.6011269999999911
21
-138.081594999999993
0
LINE
8
BLACK
6
CONTINUOUS
10
123.6011269999999911
20
-138.081594999999993
11
123.4106510000000014
21
-137.9863569999999982
0
LINE
8
BLACK
6
CONTINUOUS
10
123.4106510000000014
20
-137.9863569999999982
11
123.3154129999999924
21
-137.8911180000000058
0
LINE
8
BLACK
6
CONTINUOUS
10
123.3154129999999924
20
-137.8911180000000058
11
123.2201749999999976
21
-137.7006419999999878
0
LINE
8
BLACK
6
CONTINUOUS
10
123.2201749999999976
20
-137.7006419999999878
11
123.1249369999999885
21
-137.31968999999998
0
LINE
8
BLACK
6
CONTINUOUS
10
123.1249369999999885
20
-137.31968999999998
11
123.1249369999999885
21
-136.84349899999998
0
LINE
8
BLACK
6
CONTINUOUS
10
123.1249369999999885
20
-136.84349899999998
11
123.2201749999999976
21
-136.4625470000000007
0
LINE
8
BLACK
6
CONTINUOUS
10
123.2201749999999976
20
-136.4625470000000007
11
123.3154129999999924
21
-136.2720709999999826
0
LINE
8
BLACK
6
CONTINUOUS
10
123.3154129999999924
20
-136.2720709999999826
11
123.4106510000000014
21
-136.1768329999999878
0
LINE
8
BLACK
6
CONTINUOUS
10
123.4106510000000014
20
-136.1768329999999878
11
123.6011269999999911
21
-136.081594999999993
0
LINE
8
BLACK
6
CONTINUOUS
10
125.5058889999999963
20
-136.081594999999993
11
125.6963659999999976
21
-136.081594999999993
0
LINE
8
BLACK
6
CONTINUOUS
10
125.6963659999999976
20
-136.081594999999993
11
125.8868419999999873
21
-136.1768329999999878
0
LINE
8
BLACK
6
CONTINUOUS
10
125.8868419999999873
20
-136.1768329999999878
11
125.9820799999999963
21
-136.2720709999999826
0
LINE
8
BLACK
6
CONTINUOUS
10
125.9820799999999963
20
-136.2720709999999826
11
126.0773179999999911
21
-136.4625470000000007
0
LINE
8
BLACK
6
CONTINUOUS
10
126.0773179999999911
20
-136.4625470000000007
11
126.1725560000000002
21
-136.84349899999998
0
LINE
8
BLACK
6
CONTINUOUS
10
126.1725560000000002
20
-136.84349899999998
11
126.1725560000000002
21
-137.31968999999998
0
LINE
8
BLACK
6
CONTINUOUS
10
126.1725560000000002
20
-137.31968999999998
11
126.0773179999999911
21
-137.7006419999999878
0
LINE
8
BLACK
6
CONTINUOUS
10
126.0773179999999911
20
-137.7006419999999878
11
125.9820799999999963
21
-137.8911180000000058
0
LINE
8
BLACK
6
CONTINUOUS
10
125.9820799999999963
20
-137.8911180000000058
11
125.8868419999999873
21
-137.9863569999999982
0
LINE
8
BLACK
6
CONTINUOUS
10
125.8868419999999873
20
-137.9863569999999982
11
125.6963659999999976
21
-138.081594999999993
0
LINE
8
BLACK
6
CONTINUOUS
10
125.6963659999999976
20
-138.081594999999993
11
125.5058889999999963
21
-138.081594999999993
0
LINE
8
BLACK
6
CONTINUOUS
10
125.5058889999999963
20
-138.081594999999993
11
125.3154129999999924
21
-137.9863569999999982
0
LINE
8
BLACK
6
CONTINUOUS
10
125.3154129999999924
20
-137.9863569999999982
11
125.2201749999999976
21
-137.8911180000000058
0
LINE
8
BLACK
6
CONTINUOUS
10
125.2201749999999976
20
-137.8911180000000058
11
125.1249369999999885
21
-137.7006419999999878
0
LINE
8
BLACK
6
CONTINUOUS
10
125.1249369999999885
20
-137.7006419999999878
11
125.0296989999999937
21
-137.31968999999998
0
LINE
8
BLACK
6
CONTINUOUS
10
125.0296989999999937
20
-137.31968999999998
11
125.0296989999999937
21
-136.84349899999998
0
LINE
8
BLACK
6
CONTINUOUS
10
125.0296989999999937
20
-136.84349899999998
11
125.1249369999999885
21
-136.4625470000000007
0
LINE
8
BLACK
6
CONTINUOUS
10
125.1249369999999885
20
-136.4625470000000007
11
125.2201749999999976
21
-136.2720709999999826
0
LINE
8
BLACK
6
CONTINUOUS
10
125.2201749999999976
20
-136.2720709999999826
11
125.3154129999999924
21
-136.1768329999999878
0
LINE
8
BLACK
6
CONTINUOUS
10
125.3154129999999924
20
-136.1768329999999878
11
125.5058889999999963
21
-136.081594999999993
0
LINE
8
BLACK
6
CONTINUOUS
10
127.0296989999999937
20
-138.081594999999993
11
127.0296989999999937
21
-136.7482609999999852
0
LINE
8
BLACK
6
CONTINUOUS
10
127.0296989999999937
20
-136.9387370000000033
11
127.1249369999999885
21
-136.84349899999998
0
LINE
8
BLACK
6
CONTINUOUS
10
127.1249369999999885
20
-136.84349899999998
11
127.3154129999999924
21
-136.7482609999999852
0
LINE
8
BLACK
6
CONTINUOUS
10
127.3154129999999924
20
-136.7482609999999852
11
127.6011279999999886
21
-136.7482609999999852
0
LINE
8
BLACK
6
CONTINUOUS
10
127.6011279999999886
20
-136.7482609999999852
11
127.7916039999999924
21
-136.84349899999998
0
LINE
8
BLACK
6
CONTINUOUS
10
127.7916039999999924
20
-136.84349899999998
11
127.8868419999999873
21
-137.0339759999999956
0
LINE
8
BLACK
6
CONTINUOUS
10
127.8868419999999873
20
-137.0339759999999956
11
127.8868419999999873
21
-138.081594999999993
0
LINE
8
BLACK
6
CONTINUOUS
10
127.8868419999999873
20
-137.0339759999999956
11
127.9820799999999963
21
-136.84349899999998
0
LINE
8
BLACK
6
CONTINUOUS
10
127.9820799999999963
20
-136.84349899999998
11
128.1725559999999859
21
-136.7482609999999852
0
LINE
8
BLACK
6
CONTINUOUS
10
128.1725559999999859
20
-136.7482609999999852
11
128.4582699999999988
21
-136.7482609999999852
0
LINE
8
BLACK
6
CONTINUOUS
10
128.4582699999999988
20
-136.7482609999999852
11
128.648746999999986
21
-136.84349899999998
0
LINE
8
BLACK
6
CONTINUOUS
10
128.648746999999986
20
-136.84349899999998
11
128.7439849999999808
21
-137.0339759999999956
0
LINE
8
BLACK
6
CONTINUOUS
10
128.7439849999999808
20
-137.0339759999999956
11
128.7439849999999808
21
-138.081594999999993
0
LINE
8
BLACK
6
CONTINUOUS
10
129.6963659999999834
20
-138.081594999999993
11
129.6963659999999834
21
-136.7482609999999852
0
LINE
8
BLACK
6
CONTINUOUS
10
129.6963659999999834
20
-136.9387370000000033
11
129.7916040000000066
21
-136.84349899999998
0
LINE
8
BLACK
6
CONTINUOUS
10
129.7916040000000066
20
-136.84349899999998
11
129.9820799999999963
21
-136.7482609999999852
0
LINE
8
BLACK
6
CONTINUOUS
10
129.9820799999999963
20
-136.7482609999999852
11
130.2677950000000067
21
-136.7482609999999852
0
LINE
8
BLACK
6
CONTINUOUS
10
130.2677950000000067
20
-136.7482609999999852
11
130.4582709999999963
21
-136.84349899999998
0
LINE
8
BLACK
6
CONTINUOUS
10
130.4582709999999963
20
-136.84349899999998
11
130.5535089999999911
21
-137.0339759999999956
0
LINE
8
BLACK
6
CONTINUOUS
10
130.5535089999999911
20
-137.0339759999999956
11
130.5535089999999911
21
-138.081594999999993
0
LINE
8
BLACK
6
CONTINUOUS
10
130.5535089999999911
20
-137.0339759999999956
11
130.648746999999986
21
-136.84349899999998
0
LINE
8
BLACK
6
CONTINUOUS
10
130.648746999999986
20
-136.84349899999998
11
130.839223000000004
21
-136.7482609999999852
0
LINE
8
BLACK
6
CONTINUOUS
10
130.839223000000004
20
-136.7482609999999852
11
131.1249369999999885
21
-136.7482609999999852
0
LINE
8
BLACK
6
CONTINUOUS
10
131.1249369999999885
20
-136.7482609999999852
11
131.3154140000000041
21
-136.84349899999998
0
LINE
8
BLACK
6
CONTINUOUS
10
131.3154140000000041
20
-136.84349899999998
11
131.4106519999999989
21
-137.0339759999999956
0
LINE
8
BLACK
6
CONTINUOUS
10
131.4106519999999989
20
-137.0339759999999956
11
131.4106519999999989
21
-138.081594999999993
0
LINE
8
BLACK
6
CONTINUOUS
10
135.3154140000000041
20
-135.9863569999999982
11
133.601128999999986
21
-138.5577849999999955
0
LINE
8
BLACK
6
CONTINUOUS
10
137.8868429999999989
20
-136.081594999999993
11
138.0773199999999861
21
-136.081594999999993
0
LINE
8
BLACK
6
CONTINUOUS
10
138.0773199999999861
20
-136.081594999999993
11
138.2677960000000041
21
-136.1768329999999878
0
LINE
8
BLACK
6
CONTINUOUS
10
138.2677960000000041
20
-136.1768329999999878
11
138.363033999999999
21
-136.2720709999999826
0
LINE
8
BLACK
6
CONTINUOUS
10
138.363033999999999
20
-136.2720709999999826
11
138.4582719999999938
21
-136.4625470000000007
0
LINE
8
BLACK
6
CONTINUOUS
10
138.4582719999999938
20
-136.4625470000000007
11
138.5535099999999886
21
-136.84349899999998
0
LINE
8
BLACK
6
CONTINUOUS
10
138.5535099999999886
20
-136.84349899999998
11
138.5535099999999886
21
-137.31968999999998
0
LINE
8
BLACK
6
CONTINUOUS
10
138.5535099999999886
20
-137.31968999999998
11
138.4582719999999938
21
-137.7006419999999878
0
LINE
8
BLACK
6
CONTINUOUS
10
138.4582719999999938
20
-137.7006419999999878
11
138.363033999999999
21
-137.8911180000000058
0
LINE
8
BLACK
6
CONTINUOUS
10
138.363033999999999
20
-137.8911180000000058
11
138.2677960000000041
21
-137.9863569999999982
0
LINE
8
BLACK
6
CONTINUOUS
10
138.2677960000000041
20
-137.9863569999999982
11
138.0773199999999861
21
-138.081594999999993
0
LINE
8
BLACK
6
CONTINUOUS
10
138.0773199999999861
20
-138.081594999999993
11
137.8868429999999989
21
-138.081594999999993
0
LINE
8
BLACK
6
CONTINUOUS
10
137.8868429999999989
20
-138.081594999999993
11
137.6963669999999809
21
-137.9863569999999982
0
LINE
8
BLACK
6
CONTINUOUS
10
137.6963669999999809
20
-137.9863569999999982
11
137.601128999999986
21
-137.8911180000000058
0
LINE
8
BLACK
6
CONTINUOUS
10
137.601128999999986
20
-137.8911180000000058
11
137.5058909999999912
21
-137.7006419999999878
0
LINE
8
BLACK
6
CONTINUOUS
10
137.5058909999999912
20
-137.7006419999999878
11
137.4106529999999964
21
-137.31968999999998
0
LINE
8
BLACK
6
CONTINUOUS
10
137.4106529999999964
20
-137.31968999999998
11
137.4106529999999964
21
-136.84349899999998
0
LINE
8
BLACK
6
CONTINUOUS
10
137.4106529999999964
20
-136.84349899999998
11
137.5058909999999912
21
-136.4625470000000007
0
LINE
8
BLACK
6
CONTINUOUS
10
137.5058909999999912
20
-136.4625470000000007
11
137.601128999999986
21
-136.2720709999999826
0
LINE
8
BLACK
6
CONTINUOUS
10
137.601128999999986
20
-136.2720709999999826
11
137.6963669999999809
21
-136.1768329999999878
0
LINE
8
BLACK
6
CONTINUOUS
10
137.6963669999999809
20
-136.1768329999999878
11
137.8868429999999989
21
-136.081594999999993
0
LINE
8
BLACK
6
CONTINUOUS
10
139.4106529999999964
20
-137.8911180000000058
11
139.5058909999999912
21
-137.9863569999999982
0
LINE
8
BLACK
6
CONTINUOUS
10
139.5058909999999912
20
-137.9863569999999982
11
139.4106529999999964
21
-138.081594999999993
0
LINE
8
BLACK
6
CONTINUOUS
10
139.4106529999999964
20
-138.081594999999993
11
139.3154150000000016
21
-137.9863569999999982
0
LINE
8
BLACK
6
CONTINUOUS
10
139.3154150000000016
20
-137.9863569999999982
11
139.4106529999999964
21
-137.8911180000000058
0
LINE
8
BLACK
6
CONTINUOUS
10
139.4106529999999964
20
-137.8911180000000058
11
139.4106529999999964
21
-138.081594999999993
0
LINE
8
BLACK
6
CONTINUOUS
10
140.7439860000000067
20
-136.081594999999993
11
140.9344629999999938
21
-136.081594999999993
0
LINE
8
BLACK
6
CONTINUOUS
10
140.9344629999999938
20
-136.081594999999993
11
141.1249389999999835
21
-136.1768329999999878
0
LINE
8
BLACK
6
CONTINUOUS
10
141.1249389999999835
20
-136.1768329999999878
11
141.2201770000000067
21
-136.2720709999999826
0
LINE
8
BLACK
6
CONTINUOUS
10
141.2201770000000067
20
-136.2720709999999826
11
141.3154150000000016
21
-136.4625470000000007
0
LINE
8
BLACK
6
CONTINUOUS
10
141.3154150000000016
20
-136.4625470000000007
11
141.4106529999999964
21
-136.84349899999998
0
LINE
8
BLACK
6
CONTINUOUS
10
141.4106529999999964
20
-136.84349899999998
11
141.4106529999999964
21
-137.31968999999998
0
LINE
8
BLACK
6
CONTINUOUS
10
141.4106529999999964
20
-137.31968999999998
11
141.3154150000000016
21
-137.7006419999999878
0
LINE
8
BLACK
6
CONTINUOUS
10
141.3154150000000016
20
-137.7006419999999878
11
141.2201770000000067
21
-137.8911180000000058
0
LINE
8
BLACK
6
CONTINUOUS
10
141.2201770000000067
20
-137.8911180000000058
11
141.1249389999999835
21
-137.9863569999999982
0
LINE
8
BLACK
6
CONTINUOUS
10
141.1249389999999835
20
-137.9863569999999982
11
140.9344629999999938
21
-138.081594999999993
0
LINE
8
BLACK
6
CONTINUOUS
10
140.9344629999999938
20
-138.081594999999993
11
140.7439860000000067
21
-138.081594999999993
0
LINE
8
BLACK
6
CONTINUOUS
10
140.7439860000000067
20
-138.081594999999993
11
140.5535099999999886
21
-137.9863569999999982
0
LINE
8
BLACK
6
CONTINUOUS
10
140.5535099999999886
20
-137.9863569999999982
11
140.4582719999999938
21
-137.8911180000000058
0
LINE
8
BLACK
6
CONTINUOUS
10
140.4582719999999938
20
-137.8911180000000058
11
140.363033999999999
21
-137.7006419999999878
0
LINE
8
BLACK
6
CONTINUOUS
10
140.363033999999999
20
-137.7006419999999878
11
140.2677960000000041
21
-137.31968999999998
0
LINE
8
BLACK
6
CONTINUOUS
10
140.2677960000000041
20
-137.31968999999998
11
140.2677960000000041
21
-136.84349899999998
0
LINE
8
BLACK
6
CONTINUOUS
10
140.2677960000000041
20
-136.84349899999998
11
140.363033999999999
21
-136.4625470000000007
0
LINE
8
BLACK
6
CONTINUOUS
10
140.363033999999999
20
-136.4625470000000007
11
140.4582719999999938
21
-136.2720709999999826
0
LINE
8
BLACK
6
CONTINUOUS
10
140.4582719999999938
20
-136.2720709999999826
11
140.5535099999999886
21
-136.1768329999999878
0
LINE
8
BLACK
6
CONTINUOUS
10
140.5535099999999886
20
-136.1768329999999878
11
140.7439860000000067
21
-136.081594999999993
0
LINE
8
BLACK
6
CONTINUOUS
10
142.0773199999999861
20
-136.081594999999993
11
143.3154150000000016
21
-136.081594999999993
0
LINE
8
BLACK
6
CONTINUOUS
10
143.3154150000000016
20
-136.081594999999993
11
142.6487479999999834
21
-136.84349899999998
0
LINE
8
BLACK
6
CONTINUOUS
10
142.6487479999999834
20
-136.84349899999998
11
142.9344629999999938
21
-136.84349899999998
0
LINE
8
BLACK
6
CONTINUOUS
10
142.9344629999999938
20
-136.84349899999998
11
143.1249389999999835
21
-136.9387370000000033
0
LINE
8
BLACK
6
CONTINUOUS
10
143.1249389999999835
20
-136.9387370000000033
11
143.2201770000000067
21
-137.0339759999999956
0
LINE
8
BLACK
6
CONTINUOUS
10
143.2201770000000067
20
-137.0339759999999956
11
143.3154150000000016
21
-137.2244519999999852
0
LINE
8
BLACK
6
CONTINUOUS
10
143.3154150000000016
20
-137.2244519999999852
11
143.3154150000000016
21
-137.7006419999999878
0
LINE
8
BLACK
6
CONTINUOUS
10
143.3154150000000016
20
-137.7006419999999878
11
143.2201770000000067
21
-137.8911180000000058
0
LINE
8
BLACK
6
CONTINUOUS
10
143.2201770000000067
20
-137.8911180000000058
11
143.1249389999999835
21
-137.9863569999999982
0
LINE
8
BLACK
6
CONTINUOUS
10
143.1249389999999835
20
-137.9863569999999982
11
142.9344629999999938
21
-138.081594999999993
0
LINE
8
BLACK
6
CONTINUOUS
10
142.9344629999999938
20
-138.081594999999993
11
142.363033999999999
21
-138.081594999999993
0
LINE
8
BLACK
6
CONTINUOUS
10
142.363033999999999
20
-138.081594999999993
11
142.1725579999999809
21
-137.9863569999999982
0
LINE
8
BLACK
6
CONTINUOUS
10
142.1725579999999809
20
-137.9863569999999982
11
142.0773199999999861
21
-137.8911180000000058
0
LINE
8
BLACK
6
CONTINUOUS
10
144.2677960000000041
20
-138.081594999999993
11
144.6487479999999834
21
-138.081594999999993
0
LINE
8
BLACK
6
CONTINUOUS
10
144.6487479999999834
20
-138.081594999999993
11
144.839224999999999
21
-137.9863569999999982
0
LINE
8
BLACK
6
CONTINUOUS
10
144.839224999999999
20
-137.9863569999999982
11
144.9344629999999938
21
-137.8911180000000058
0
LINE
8
BLACK
6
CONTINUOUS
10
144.9344629999999938
20
-137.8911180000000058
11
145.1249389999999835
21
-137.6054039999999929
0
LINE
8
BLACK
6
CONTINUOUS
10
145.1249389999999835
20
-137.6054039999999929
11
145.2201770000000067
21
-137.2244519999999852
0
LINE
8
BLACK
6
CONTINUOUS
10
145.2201770000000067
20
-137.2244519999999852
11
145.2201770000000067
21
-136.4625470000000007
0
LINE
8
BLACK
6
CONTINUOUS
10
145.2201770000000067
20
-136.4625470000000007
11
145.1249389999999835
21
-136.2720709999999826
0
LINE
8
BLACK
6
CONTINUOUS
10
145.1249389999999835
20
-136.2720709999999826
11
145.0297009999999887
21
-136.1768329999999878
0
LINE
8
BLACK
6
CONTINUOUS
10
145.0297009999999887
20
-136.1768329999999878
11
144.839224999999999
21
-136.081594999999993
0
LINE
8
BLACK
6
CONTINUOUS
10
144.839224999999999
20
-136.081594999999993
11
144.4582719999999938
21
-136.081594999999993
0
LINE
8
BLACK
6
CONTINUOUS
10
144.4582719999999938
20
-136.081594999999993
11
144.2677960000000041
21
-136.1768329999999878
0
LINE
8
BLACK
6
CONTINUOUS
10
144.2677960000000041
20
-136.1768329999999878
11
144.1725579999999809
21
-136.2720709999999826
0
LINE
8
BLACK
6
CONTINUOUS
10
144.1725579999999809
20
-136.2720709999999826
11
144.0773199999999861
21
-136.4625470000000007
0
LINE
8
BLACK
6
CONTINUOUS
10
144.0773199999999861
20
-136.4625470000000007
11
144.0773199999999861
21
-136.9387370000000033
0
LINE
8
BLACK
6
CONTINUOUS
10
144.0773199999999861
20
-136.9387370000000033
11
144.1725579999999809
21
-137.1292139999999904
0
LINE
8
BLACK
6
CONTINUOUS
10
144.1725579999999809
20
-137.1292139999999904
11
144.2677960000000041
21
-137.2244519999999852
0
LINE
8
BLACK
6
CONTINUOUS
10
144.2677960000000041
20
-137.2244519999999852
11
144.4582719999999938
21
-137.31968999999998
0
LINE
8
BLACK
6
CONTINUOUS
10
144.4582719999999938
20
-137.31968999999998
11
144.839224999999999
21
-137.31968999999998
0
LINE
8
BLACK
6
CONTINUOUS
10
144.839224999999999
20
-137.31968999999998
11
145.0297009999999887
21
-137.2244519999999852
0
LINE
8
BLACK
6
CONTINUOUS
10
145.0297009999999887
20
-137.2244519999999852
11
145.1249389999999835
21
-137.1292139999999904
0
LINE
8
BLACK
6
CONTINUOUS
10
145.1249389999999835
20
-137.1292139999999904
11
145.2201770000000067
21
-136.9387370000000033
0
LINE
8
BLACK
6
CONTINUOUS
10
146.9344629999999938
20
-136.7482609999999852
11
146.9344629999999938
21
-138.081594999999993
0
LINE
8
BLACK
6
CONTINUOUS
10
146.4582719999999938
20
-135.9863569999999982
11
145.9820819999999912
21
-137.4149280000000033
0
LINE
8
BLACK
6
CONTINUOUS
10
145.9820819999999912
20
-137.4149280000000033
11
147.2201770000000067
21
-137.4149280000000033
0
LINE
8
BLACK
6
CONTINUOUS
10
147.8868439999999964
20
-136.081594999999993
11
147.8868439999999964
21
-136.4625470000000007
0
LINE
8
BLACK
6
CONTINUOUS
10
148.6487489999999809
20
-136.081594999999993
11
148.6487489999999809
21
-136.4625470000000007
0
LINE
8
BLACK
6
CONTINUOUS
10
151.601130999999981
20
-138.84349899999998
11
151.5058919999999887
21
-138.7482609999999852
0
LINE
8
BLACK
6
CONTINUOUS
10
151.5058919999999887
20
-138.7482609999999852
11
151.315415999999999
21
-138.4625470000000007
0
LINE
8
BLACK
6
CONTINUOUS
10
151.315415999999999
20
-138.4625470000000007
11
151.2201780000000042
21
-138.2720709999999826
0
LINE
8
BLACK
6
CONTINUOUS
10
151.2201780000000042
20
-138.2720709999999826
11
151.124939999999981
21
-137.9863569999999982
0
LINE
8
BLACK
6
CONTINUOUS
10
151.124939999999981
20
-137.9863569999999982
11
151.0297019999999861
21
-137.5101659999999981
0
LINE
8
BLACK
6
CONTINUOUS
10
151.0297019999999861
20
-137.5101659999999981
11
151.0297019999999861
21
-137.1292139999999904
0
LINE
8
BLACK
6
CONTINUOUS
10
151.0297019999999861
20
-137.1292139999999904
11
151.124939999999981
21
-136.6530229999999904
0
LINE
8
BLACK
6
CONTINUOUS
10
151.124939999999981
20
-136.6530229999999904
11
151.2201780000000042
21
-136.3673090000000059
0
LINE
8
BLACK
6
CONTINUOUS
10
151.2201780000000042
20
-136.3673090000000059
11
151.315415999999999
21
-136.1768329999999878
0
LINE
8
BLACK
6
CONTINUOUS
10
151.315415999999999
20
-136.1768329999999878
11
151.5058919999999887
21
-135.8911180000000058
0
LINE
8
BLACK
6
CONTINUOUS
10
151.5058919999999887
20
-135.8911180000000058
11
151.601130999999981
21
-135.7958799999999826
0
LINE
8
BLACK
6
CONTINUOUS
10
153.2201780000000042
20
-136.7482609999999852
11
153.2201780000000042
21
-138.081594999999993
0
LINE
8
BLACK
6
CONTINUOUS
10
152.7439870000000042
20
-135.9863569999999982
11
152.2677970000000016
21
-137.4149280000000033
0
LINE
8
BLACK
6
CONTINUOUS
10
152.2677970000000016
20
-137.4149280000000033
11
153.5058919999999887
21
-137.4149280000000033
0
LINE
8
BLACK
6
CONTINUOUS
10
155.7916069999999991
20
-138.081594999999993
11
155.7916069999999991
21
-136.081594999999993
0
LINE
8
BLACK
6
CONTINUOUS
10
156.6487500000000068
20
-138.081594999999993
11
156.6487500000000068
21
-137.0339759999999956
0
LINE
8
BLACK
6
CONTINUOUS
10
156.6487500000000068
20
-137.0339759999999956
11
156.5535119999999836
21
-136.84349899999998
0
LINE
8
BLACK
6
CONTINUOUS
10
156.5535119999999836
20
-136.84349899999998
11
156.3630359999999939
21
-136.7482609999999852
0
LINE
8
BLACK
6
CONTINUOUS
10
156.3630359999999939
20
-136.7482609999999852
11
156.0773209999999835
21
-136.7482609999999852
0
LINE
8
BLACK
6
CONTINUOUS
10
156.0773209999999835
20
-136.7482609999999852
11
155.8868449999999939
21
-136.84349899999998
0
LINE
8
BLACK
6
CONTINUOUS
10
155.8868449999999939
20
-136.84349899999998
11
155.7916069999999991
21
-136.9387370000000033
0
LINE
8
BLACK
6
CONTINUOUS
10
157.8868449999999939
20
-138.081594999999993
11
157.6963690000000042
21
-137.9863569999999982
0
LINE
8
BLACK
6
CONTINUOUS
10
157.6963690000000042
20
-137.9863569999999982
11
157.601130999999981
21
-137.8911180000000058
0
LINE
8
BLACK
6
CONTINUOUS
10
157.601130999999981
20
-137.8911180000000058
11
157.5058929999999862
21
-137.7006419999999878
0
LINE
8
BLACK
6
CONTINUOUS
10
157.5058929999999862
20
-137.7006419999999878
11
157.5058929999999862
21
-137.1292139999999904
0
LINE
8
BLACK
6
CONTINUOUS
10
157.5058929999999862
20
-137.1292139999999904
11
157.601130999999981
21
-136.9387370000000033
0
LINE
8
BLACK
6
CONTINUOUS
10
157.601130999999981
20
-136.9387370000000033
11
157.6963690000000042
21
-136.84349899999998
0
LINE
8
BLACK
6
CONTINUOUS
10
157.6963690000000042
20
-136.84349899999998
11
157.8868449999999939
21
-136.7482609999999852
0
LINE
8
BLACK
6
CONTINUOUS
10
157.8868449999999939
20
-136.7482609999999852
11
158.1725600000000043
21
-136.7482609999999852
0
LINE
8
BLACK
6
CONTINUOUS
10
158.1725600000000043
20
-136.7482609999999852
11
158.3630359999999939
21
-136.84349899999998
0
LINE
8
BLACK
6
CONTINUOUS
10
158.3630359999999939
20
-136.84349899999998
11
158.4582739999999887
21
-136.9387370000000033
0
LINE
8
BLACK
6
CONTINUOUS
10
158.4582739999999887
20
-136.9387370000000033
11
158.5535119999999836
21
-137.1292139999999904
0
LINE
8
BLACK
6
CONTINUOUS
10
158.5535119999999836
20
-137.1292139999999904
11
158.5535119999999836
21
-137.7006419999999878
0
LINE
8
BLACK
6
CONTINUOUS
10
158.5535119999999836
20
-137.7006419999999878
11
158.4582739999999887
21
-137.8911180000000058
0
LINE
8
BLACK
6
CONTINUOUS
10
158.4582739999999887
20
-137.8911180000000058
11
158.3630359999999939
21
-137.9863569999999982
0
LINE
8
BLACK
6
CONTINUOUS
10
158.3630359999999939
20
-137.9863569999999982
11
158.1725600000000043
21
-138.081594999999993
0
LINE
8
BLACK
6
CONTINUOUS
10
158.1725600000000043
20
-138.081594999999993
11
157.8868449999999939
21
-138.081594999999993
0
LINE
8
BLACK
6
CONTINUOUS
10
159.6963690000000042
20
-138.081594999999993
11
159.5058929999999862
21
-137.9863569999999982
0
LINE
8
BLACK
6
CONTINUOUS
10
159.5058929999999862
20
-137.9863569999999982
11
159.4106549999999913
21
-137.7958799999999826
0
LINE
8
BLACK
6
CONTINUOUS
10
159.4106549999999913
20
-137.7958799999999826
11
159.4106549999999913
21
-136.081594999999993
0
LINE
8
BLACK
6
CONTINUOUS
10
161.2201790000000017
20
-137.9863569999999982
11
161.0297029999999836
21
-138.081594999999993
0
LINE
8
BLACK
6
CONTINUOUS
10
161.0297029999999836
20
-138.081594999999993
11
160.6487500000000068
21
-138.081594999999993
0
LINE
8
BLACK
6
CONTINUOUS
10
160.6487500000000068
20
-138.081594999999993
11
160.4582739999999887
21
-137.9863569999999982
0
LINE
8
BLACK
6
CONTINUOUS
10
160.4582739999999887
20
-137.9863569999999982
11
160.3630359999999939
21
-137.7958799999999826
0
LINE
8
BLACK
6
CONTINUOUS
10
160.3630359999999939
20
-137.7958799999999826
11
160.3630359999999939
21
-137.0339759999999956
0
LINE
8
BLACK
6
CONTINUOUS
10
160.3630359999999939
20
-137.0339759999999956
11
160.4582739999999887
21
-136.84349899999998
0
LINE
8
BLACK
6
CONTINUOUS
10
160.4582739999999887
20
-136.84349899999998
11
160.6487500000000068
21
-136.7482609999999852
0
LINE
8
BLACK
6
CONTINUOUS
10
160.6487500000000068
20
-136.7482609999999852
11
161.0297029999999836
21
-136.7482609999999852
0
LINE
8
BLACK
6
CONTINUOUS
10
161.0297029999999836
20
-136.7482609999999852
11
161.2201790000000017
21
-136.84349899999998
0
LINE
8
BLACK
6
CONTINUOUS
10
161.2201790000000017
20
-136.84349899999998
11
161.3154169999999965
21
-137.0339759999999956
0
LINE
8
BLACK
6
CONTINUOUS
10
161.3154169999999965
20
-137.0339759999999956
11
161.3154169999999965
21
-137.2244519999999852
0
LINE
8
BLACK
6
CONTINUOUS
10
161.3154169999999965
20
-137.2244519999999852
11
160.3630359999999939
21
-137.4149280000000033
0
LINE
8
BLACK
6
CONTINUOUS
10
162.077321999999981
20
-137.9863569999999982
11
162.2677979999999991
21
-138.081594999999993
0
LINE
8
BLACK
6
CONTINUOUS
10
162.2677979999999991
20
-138.081594999999993
11
162.6487500000000068
21
-138.081594999999993
0
LINE
8
BLACK
6
CONTINUOUS
10
162.6487500000000068
20
-138.081594999999993
11
162.839226999999994
21
-137.9863569999999982
0
LINE
8
BLACK
6
CONTINUOUS
10
162.839226999999994
20
-137.9863569999999982
11
162.9344649999999888
21
-137.7958799999999826
0
LINE
8
BLACK
6
CONTINUOUS
10
162.9344649999999888
20
-137.7958799999999826
11
162.9344649999999888
21
-137.7006419999999878
0
LINE
8
BLACK
6
CONTINUOUS
10
162.9344649999999888
20
-137.7006419999999878
11
162.839226999999994
21
-137.5101659999999981
0
LINE
8
BLACK
6
CONTINUOUS
10
162.839226999999994
20
-137.5101659999999981
11
162.6487500000000068
21
-137.4149280000000033
0
LINE
8
BLACK
6
CONTINUOUS
10
162.6487500000000068
20
-137.4149280000000033
11
162.3630359999999939
21
-137.4149280000000033
0
LINE
8
BLACK
6
CONTINUOUS
10
162.3630359999999939
20
-137.4149280000000033
11
162.1725600000000043
21
-137.31968999999998
0
LINE
8
BLACK
6
CONTINUOUS
10
162.1725600000000043
20
-137.31968999999998
11
162.077321999999981
21
-137.1292139999999904
0
LINE
8
BLACK
6
CONTINUOUS
10
162.077321999999981
20
-137.1292139999999904
11
162.077321999999981
21
-137.0339759999999956
0
LINE
8
BLACK
6
CONTINUOUS
10
162.077321999999981
20
-137.0339759999999956
11
162.1725600000000043
21
-136.84349899999998
0
LINE
8
BLACK
6
CONTINUOUS
10
162.1725600000000043
20
-136.84349899999998
11
162.3630359999999939
21
-136.7482609999999852
0
LINE
8
BLACK
6
CONTINUOUS
10
162.3630359999999939
20
-136.7482609999999852
11
162.6487500000000068
21
-136.7482609999999852
0
LINE
8
BLACK
6
CONTINUOUS
10
162.6487500000000068
20
-136.7482609999999852
11
162.839226999999994
21
-136.84349899999998
0
LINE
8
BLACK
6
CONTINUOUS
10
163.6011319999999785
20
-138.84349899999998
11
163.6963700000000017
21
-138.7482609999999852
0
LINE
8
BLACK
6
CONTINUOUS
10
163.6963700000000017
20
-138.7482609999999852
11
163.8868459999999914
21
-138.4625470000000007
0
LINE
8
BLACK
6
CONTINUOUS
10
163.8868459999999914
20
-138.4625470000000007
11
163.9820839999999862
21
-138.2720709999999826
0
LINE
8
BLACK
6
CONTINUOUS
10
163.9820839999999862
20
-138.2720709999999826
11
164.077321999999981
21
-137.9863569999999982
0
LINE
8
BLACK
6
CONTINUOUS
10
164.077321999999981
20
-137.9863569999999982
11
164.1725600000000043
21
-137.5101659999999981
0
LINE
8
BLACK
6
CONTINUOUS
10
164.1725600000000043
20
-137.5101659999999981
11
164.1725600000000043
21
-137.1292139999999904
0
LINE
8
BLACK
6
CONTINUOUS
10
164.1725600000000043
20
-137.1292139999999904
11
164.077321999999981
21
-136.6530229999999904
0
LINE
8
BLACK
6
CONTINUOUS
10
164.077321999999981
20
-136.6530229999999904
11
163.9820839999999862
21
-136.3673090000000059
0
LINE
8
BLACK
6
CONTINUOUS
10
163.9820839999999862
20
-136.3673090000000059
11
163.8868459999999914
21
-136.1768329999999878
0
LINE
8
BLACK
6
CONTINUOUS
10
163.8868459999999914
20
-136.1768329999999878
11
163.6963700000000017
21
-135.8911180000000058
0
LINE
8
BLACK
6
CONTINUOUS
10
163.6963700000000017
20
-135.8911180000000058
11
163.6011319999999785
21
-135.7958799999999826
0
LINE
8
BLACK
6
CONTINUOUS
10
115.2505019999999973
20
-139.2067569999999819
11
115.2505019999999973
21
-140.4067569999999989
0
LINE
8
BLACK
6
CONTINUOUS
10
114.6505019999999888
20
-139.8067570000000046
11
115.8505019999999917
21
-139.8067570000000046
0
LINE
8
BLACK
6
CONTINUOUS
10
119.5058889999999963
20
-140.7215950000000078
11
118.3630319999999898
21
-140.7215950000000078
0
LINE
8
BLACK
6
CONTINUOUS
10
118.9344600000000014
20
-140.7215950000000078
11
118.9344600000000014
21
-138.7215950000000078
0
LINE
8
BLACK
6
CONTINUOUS
10
118.9344600000000014
20
-138.7215950000000078
11
118.7439839999999975
21
-139.0073089999999922
0
LINE
8
BLACK
6
CONTINUOUS
10
118.7439839999999975
20
-139.0073089999999922
11
118.5535079999999937
21
-139.1977849999999819
0
LINE
8
BLACK
6
CONTINUOUS
10
118.5535079999999937
20
-139.1977849999999819
11
118.3630319999999898
21
-139.2930230000000051
0
LINE
8
BLACK
6
CONTINUOUS
10
120.3630319999999898
20
-140.5311179999999922
11
120.4582699999999988
21
-140.6263569999999845
0
LINE
8
BLACK
6
CONTINUOUS
10
120.4582699999999988
20
-140.6263569999999845
11
120.3630319999999898
21
-140.7215950000000078
0
LINE
8
BLACK
6
CONTINUOUS
10
120.3630319999999898
20
-140.7215950000000078
11
120.267793999999995
21
-140.6263569999999845
0
LINE
8
BLACK
6
CONTINUOUS
10
120.267793999999995
20
-140.6263569999999845
11
120.3630319999999898
21
-140.5311179999999922
0
LINE
8
BLACK
6
CONTINUOUS
10
120.3630319999999898
20
-140.5311179999999922
11
120.3630319999999898
21
-140.7215950000000078
0
LINE
8
BLACK
6
CONTINUOUS
10
121.2201749999999976
20
-138.9120709999999974
11
121.3154129999999924
21
-138.8168330000000026
0
LINE
8
BLACK
6
CONTINUOUS
10
121.3154129999999924
20
-138.8168330000000026
11
121.5058889999999963
21
-138.7215950000000078
0
LINE
8
BLACK
6
CONTINUOUS
10
121.5058889999999963
20
-138.7215950000000078
11
121.9820799999999963
21
-138.7215950000000078
0
LINE
8
BLACK
6
CONTINUOUS
10
121.9820799999999963
20
-138.7215950000000078
11
122.1725560000000002
21
-138.8168330000000026
0
LINE
8
BLACK
6
CONTINUOUS
10
122.1725560000000002
20
-138.8168330000000026
11
122.267793999999995
21
-138.9120709999999974
0
LINE
8
BLACK
6
CONTINUOUS
10
122.267793999999995
20
-138.9120709999999974
11
122.3630319999999898
21
-139.1025469999999871
0
LINE
8
BLACK
6
CONTINUOUS
10
122.3630319999999898
20
-139.1025469999999871
11
122.3630319999999898
21
-139.2930230000000051
0
LINE
8
BLACK
6
CONTINUOUS
10
122.3630319999999898
20
-139.2930230000000051
11
122.267793999999995
21
-139.5787369999999896
0
LINE
8
BLACK
6
CONTINUOUS
10
122.267793999999995
20
-139.5787369999999896
11
121.1249369999999885
21
-140.7215950000000078
0
LINE
8
BLACK
6
CONTINUOUS
10
121.1249369999999885
20
-140.7215950000000078
11
122.3630319999999898
21
-140.7215950000000078
0
LINE
8
BLACK
6
CONTINUOUS
10
123.6011269999999911
20
-138.7215950000000078
11
123.7916039999999924
21
-138.7215950000000078
0
LINE
8
BLACK
6
CONTINUOUS
10
123.7916039999999924
20
-138.7215950000000078
11
123.9820799999999963
21
-138.8168330000000026
0
LINE
8
BLACK
6
CONTINUOUS
10
123.9820799999999963
20
-138.8168330000000026
11
124.0773179999999911
21
-138.9120709999999974
0
LINE
8
BLACK
6
CONTINUOUS
10
124.0773179999999911
20
-138.9120709999999974
11
124.1725560000000002
21
-139.1025469999999871
0
LINE
8
BLACK
6
CONTINUOUS
10
124.1725560000000002
20
-139.1025469999999871
11
124.267793999999995
21
-139.4834989999999948
0
LINE
8
BLACK
6
CONTINUOUS
10
124.267793999999995
20
-139.4834989999999948
11
124.267793999999995
21
-139.9596899999999948
0
LINE
8
BLACK
6
CONTINUOUS
10
124.267793999999995
20
-139.9596899999999948
11
124.1725560000000002
21
-140.3406420000000026
0
LINE
8
BLACK
6
CONTINUOUS
10
124.1725560000000002
20
-140.3406420000000026
11
124.0773179999999911
21
-140.5311179999999922
0
LINE
8
BLACK
6
CONTINUOUS
10
124.0773179999999911
20
-140.5311179999999922
11
123.9820799999999963
21
-140.6263569999999845
0
LINE
8
BLACK
6
CONTINUOUS
10
123.9820799999999963
20
-140.6263569999999845
11
123.7916039999999924
21
-140.7215950000000078
0
LINE
8
BLACK
6
CONTINUOUS
10
123.7916039999999924
20
-140.7215950000000078
11
123.6011269999999911
21
-140.7215950000000078
0
LINE
8
BLACK
6
CONTINUOUS
10
123.6011269999999911
20
-140.7215950000000078
11
123.4106510000000014
21
-140.6263569999999845
0
LINE
8
BLACK
6
CONTINUOUS
10
123.4106510000000014
20
-140.6263569999999845
11
123.3154129999999924
21
-140.5311179999999922
0
LINE
8
BLACK
6
CONTINUOUS
10
123.3154129999999924
20
-140.5311179999999922
11
123.2201749999999976
21
-140.3406420000000026
0
LINE
8
BLACK
6
CONTINUOUS
10
123.2201749999999976
20
-140.3406420000000026
11
123.1249369999999885
21
-139.9596899999999948
0
LINE
8
BLACK
6
CONTINUOUS
10
123.1249369999999885
20
-139.9596899999999948
11
123.1249369999999885
21
-139.4834989999999948
0
LINE
8
BLACK
6
CONTINUOUS
10
123.1249369999999885
20
-139.4834989999999948
11
123.2201749999999976
21
-139.1025469999999871
0
LINE
8
BLACK
6
CONTINUOUS
10
123.2201749999999976
20
-139.1025469999999871
11
123.3154129999999924
21
-138.9120709999999974
0
LINE
8
BLACK
6
CONTINUOUS
10
123.3154129999999924
20
-138.9120709999999974
11
123.4106510000000014
21
-138.8168330000000026
0
LINE
8
BLACK
6
CONTINUOUS
10
123.4106510000000014
20
-138.8168330000000026
11
123.6011269999999911
21
-138.7215950000000078
0
LINE
8
BLACK
6
CONTINUOUS
10
125.5058889999999963
20
-138.7215950000000078
11
125.6963659999999976
21
-138.7215950000000078
0
LINE
8
BLACK
6
CONTINUOUS
10
125.6963659999999976
20
-138.7215950000000078
11
125.8868419999999873
21
-138.8168330000000026
0
LINE
8
BLACK
6
CONTINUOUS
10
125.8868419999999873
20
-138.8168330000000026
11
125.9820799999999963
21
-138.9120709999999974
0
LINE
8
BLACK
6
CONTINUOUS
10
125.9820799999999963
20
-138.9120709999999974
11
126.0773179999999911
21
-139.1025469999999871
0
LINE
8
BLACK
6
CONTINUOUS
10
126.0773179999999911
20
-139.1025469999999871
11
126.1725560000000002
21
-139.4834989999999948
0
LINE
8
BLACK
6
CONTINUOUS
10
126.1725560000000002
20
-139.4834989999999948
11
126.1725560000000002
21
-139.9596899999999948
0
LINE
8
BLACK
6
CONTINUOUS
10
126.1725560000000002
20
-139.9596899999999948
11
126.0773179999999911
21
-140.3406420000000026
0
LINE
8
BLACK
6
CONTINUOUS
10
126.0773179999999911
20
-140.3406420000000026
11
125.9820799999999963
21
-140.5311179999999922
0
LINE
8
BLACK
6
CONTINUOUS
10
125.9820799999999963
20
-140.5311179999999922
11
125.8868419999999873
21
-140.6263569999999845
0
LINE
8
BLACK
6
CONTINUOUS
10
125.8868419999999873
20
-140.6263569999999845
11
125.6963659999999976
21
-140.7215950000000078
0
LINE
8
BLACK
6
CONTINUOUS
10
125.6963659999999976
20
-140.7215950000000078
11
125.5058889999999963
21
-140.7215950000000078
0
LINE
8
BLACK
6
CONTINUOUS
10
125.5058889999999963
20
-140.7215950000000078
11
125.3154129999999924
21
-140.6263569999999845
0
LINE
8
BLACK
6
CONTINUOUS
10
125.3154129999999924
20
-140.6263569999999845
11
125.2201749999999976
21
-140.5311179999999922
0
LINE
8
BLACK
6
CONTINUOUS
10
125.2201749999999976
20
-140.5311179999999922
11
125.1249369999999885
21
-140.3406420000000026
0
LINE
8
BLACK
6
CONTINUOUS
10
125.1249369999999885
20
-140.3406420000000026
11
125.0296989999999937
21
-139.9596899999999948
0
LINE
8
BLACK
6
CONTINUOUS
10
125.0296989999999937
20
-139.9596899999999948
11
125.0296989999999937
21
-139.4834989999999948
0
LINE
8
BLACK
6
CONTINUOUS
10
125.0296989999999937
20
-139.4834989999999948
11
125.1249369999999885
21
-139.1025469999999871
0
LINE
8
BLACK
6
CONTINUOUS
10
125.1249369999999885
20
-139.1025469999999871
11
125.2201749999999976
21
-138.9120709999999974
0
LINE
8
BLACK
6
CONTINUOUS
10
125.2201749999999976
20
-138.9120709999999974
11
125.3154129999999924
21
-138.8168330000000026
0
LINE
8
BLACK
6
CONTINUOUS
10
125.3154129999999924
20
-138.8168330000000026
11
125.5058889999999963
21
-138.7215950000000078
0
LINE
8
BLACK
6
CONTINUOUS
10
127.0296989999999937
20
-140.7215950000000078
11
127.0296989999999937
21
-139.388261
0
LINE
8
BLACK
6
CONTINUOUS
10
127.0296989999999937
20
-139.5787369999999896
11
127.1249369999999885
21
-139.4834989999999948
0
LINE
8
BLACK
6
CONTINUOUS
10
127.1249369999999885
20
-139.4834989999999948
11
127.3154129999999924
21
-139.388261
0
LINE
8
BLACK
6
CONTINUOUS
10
127.3154129999999924
20
-139.388261
11
127.6011279999999886
21
-139.388261
0
LINE
8
BLACK
6
CONTINUOUS
10
127.6011279999999886
20
-139.388261
11
127.7916039999999924
21
-139.4834989999999948
0
LINE
8
BLACK
6
CONTINUOUS
10
127.7916039999999924
20
-139.4834989999999948
11
127.8868419999999873
21
-139.6739759999999819
0
LINE
8
BLACK
6
CONTINUOUS
10
127.8868419999999873
20
-139.6739759999999819
11
127.8868419999999873
21
-140.7215950000000078
0
LINE
8
BLACK
6
CONTINUOUS
10
127.8868419999999873
20
-139.6739759999999819
11
127.9820799999999963
21
-139.4834989999999948
0
LINE
8
BLACK
6
CONTINUOUS
10
127.9820799999999963
20
-139.4834989999999948
11
128.1725559999999859
21
-139.388261
0
LINE
8
BLACK
6
CONTINUOUS
10
128.1725559999999859
20
-139.388261
11
128.4582699999999988
21
-139.388261
0
LINE
8
BLACK
6
CONTINUOUS
10
128.4582699999999988
20
-139.388261
11
128.648746999999986
21
-139.4834989999999948
0
LINE
8
BLACK
6
CONTINUOUS
10
128.648746999999986
20
-139.4834989999999948
11
128.7439849999999808
21
-139.6739759999999819
0
LINE
8
BLACK
6
CONTINUOUS
10
128.7439849999999808
20
-139.6739759999999819
11
128.7439849999999808
21
-140.7215950000000078
0
LINE
8
BLACK
6
CONTINUOUS
10
129.6963659999999834
20
-140.7215950000000078
11
129.6963659999999834
21
-139.388261
0
LINE
8
BLACK
6
CONTINUOUS
10
129.6963659999999834
20
-139.5787369999999896
11
129.7916040000000066
21
-139.4834989999999948
0
LINE
8
BLACK
6
CONTINUOUS
10
129.7916040000000066
20
-139.4834989999999948
11
129.9820799999999963
21
-139.388261
0
LINE
8
BLACK
6
CONTINUOUS
10
129.9820799999999963
20
-139.388261
11
130.2677950000000067
21
-139.388261
0
LINE
8
BLACK
6
CONTINUOUS
10
130.2677950000000067
20
-139.388261
11
130.4582709999999963
21
-139.4834989999999948
0
LINE
8
BLACK
6
CONTINUOUS
10
130.4582709999999963
20
-139.4834989999999948
11
130.5535089999999911
21
-139.6739759999999819
0
LINE
8
BLACK
6
CONTINUOUS
10
130.5535089999999911
20
-139.6739759999999819
11
130.5535089999999911
21
-140.7215950000000078
0
LINE
8
BLACK
6
CONTINUOUS
10
130.5535089999999911
20
-139.6739759999999819
11
130.648746999999986
21
-139.4834989999999948
0
LINE
8
BLACK
6
CONTINUOUS
10
130.648746999999986
20
-139.4834989999999948
11
130.839223000000004
21
-139.388261
0
LINE
8
BLACK
6
CONTINUOUS
10
130.839223000000004
20
-139.388261
11
131.1249369999999885
21
-139.388261
0
LINE
8
BLACK
6
CONTINUOUS
10
131.1249369999999885
20
-139.388261
11
131.3154140000000041
21
-139.4834989999999948
0
LINE
8
BLACK
6
CONTINUOUS
10
131.3154140000000041
20
-139.4834989999999948
11
131.4106519999999989
21
-139.6739759999999819
0
LINE
8
BLACK
6
CONTINUOUS
10
131.4106519999999989
20
-139.6739759999999819
11
131.4106519999999989
21
-140.7215950000000078
0
LINE
8
BLACK
6
CONTINUOUS
10
135.3154140000000041
20
-138.6263569999999845
11
133.601128999999986
21
-141.1977849999999819
0
LINE
8
BLACK
6
CONTINUOUS
10
137.8868429999999989
20
-138.7215950000000078
11
138.0773199999999861
21
-138.7215950000000078
0
LINE
8
BLACK
6
CONTINUOUS
10
138.0773199999999861
20
-138.7215950000000078
11
138.2677960000000041
21
-138.8168330000000026
0
LINE
8
BLACK
6
CONTINUOUS
10
138.2677960000000041
20
-138.8168330000000026
11
138.363033999999999
21
-138.9120709999999974
0
LINE
8
BLACK
6
CONTINUOUS
10
138.363033999999999
20
-138.9120709999999974
11
138.4582719999999938
21
-139.1025469999999871
0
LINE
8
BLACK
6
CONTINUOUS
10
138.4582719999999938
20
-139.1025469999999871
11
138.5535099999999886
21
-139.4834989999999948
0
LINE
8
BLACK
6
CONTINUOUS
10
138.5535099999999886
20
-139.4834989999999948
11
138.5535099999999886
21
-139.9596899999999948
0
LINE
8
BLACK
6
CONTINUOUS
10
138.5535099999999886
20
-139.9596899999999948
11
138.4582719999999938
21
-140.3406420000000026
0
LINE
8
BLACK
6
CONTINUOUS
10
138.4582719999999938
20
-140.3406420000000026
11
138.363033999999999
21
-140.5311179999999922
0
LINE
8
BLACK
6
CONTINUOUS
10
138.363033999999999
20
-140.5311179999999922
11
138.2677960000000041
21
-140.6263569999999845
0
LINE
8
BLACK
6
CONTINUOUS
10
138.2677960000000041
20
-140.6263569999999845
11
138.0773199999999861
21
-140.7215950000000078
0
LINE
8
BLACK
6
CONTINUOUS
10
138.0773199999999861
20
-140.7215950000000078
11
137.8868429999999989
21
-140.7215950000000078
0
LINE
8
BLACK
6
CONTINUOUS
10
137.8868429999999989
20
-140.7215950000000078
11
137.6963669999999809
21
-140.6263569999999845
0
LINE
8
BLACK
6
CONTINUOUS
10
137.6963669999999809
20
-140.6263569999999845
11
137.601128999999986
21
-140.5311179999999922
0
LINE
8
BLACK
6
CONTINUOUS
10
137.601128999999986
20
-140.5311179999999922
11
137.5058909999999912
21
-140.3406420000000026
0
LINE
8
BLACK
6
CONTINUOUS
10
137.5058909999999912
20
-140.3406420000000026
11
137.4106529999999964
21
-139.9596899999999948
0
LINE
8
BLACK
6
CONTINUOUS
10
137.4106529999999964
20
-139.9596899999999948
11
137.4106529999999964
21
-139.4834989999999948
0
LINE
8
BLACK
6
CONTINUOUS
10
137.4106529999999964
20
-139.4834989999999948
11
137.5058909999999912
21
-139.1025469999999871
0
LINE
8
BLACK
6
CONTINUOUS
10
137.5058909999999912
20
-139.1025469999999871
11
137.601128999999986
21
-138.9120709999999974
0
LINE
8
BLACK
6
CONTINUOUS
10
137.601128999999986
20
-138.9120709999999974
11
137.6963669999999809
21
-138.8168330000000026
0
LINE
8
BLACK
6
CONTINUOUS
10
137.6963669999999809
20
-138.8168330000000026
11
137.8868429999999989
21
-138.7215950000000078
0
LINE
8
BLACK
6
CONTINUOUS
10
139.4106529999999964
20
-140.5311179999999922
11
139.5058909999999912
21
-140.6263569999999845
0
LINE
8
BLACK
6
CONTINUOUS
10
139.5058909999999912
20
-140.6263569999999845
11
139.4106529999999964
21
-140.7215950000000078
0
LINE
8
BLACK
6
CONTINUOUS
10
139.4106529999999964
20
-140.7215950000000078
11
139.3154150000000016
21
-140.6263569999999845
0
LINE
8
BLACK
6
CONTINUOUS
10
139.3154150000000016
20
-140.6263569999999845
11
139.4106529999999964
21
-140.5311179999999922
0
LINE
8
BLACK
6
CONTINUOUS
10
139.4106529999999964
20
-140.5311179999999922
11
139.4106529999999964
21
-140.7215950000000078
0
LINE
8
BLACK
6
CONTINUOUS
10
140.7439860000000067
20
-138.7215950000000078
11
140.9344629999999938
21
-138.7215950000000078
0
LINE
8
BLACK
6
CONTINUOUS
10
140.9344629999999938
20
-138.7215950000000078
11
141.1249389999999835
21
-138.8168330000000026
0
LINE
8
BLACK
6
CONTINUOUS
10
141.1249389999999835
20
-138.8168330000000026
11
141.2201770000000067
21
-138.9120709999999974
0
LINE
8
BLACK
6
CONTINUOUS
10
141.2201770000000067
20
-138.9120709999999974
11
141.3154150000000016
21
-139.1025469999999871
0
LINE
8
BLACK
6
CONTINUOUS
10
141.3154150000000016
20
-139.1025469999999871
11
141.4106529999999964
21
-139.4834989999999948
0
LINE
8
BLACK
6
CONTINUOUS
10
141.4106529999999964
20
-139.4834989999999948
11
141.4106529999999964
21
-139.9596899999999948
0
LINE
8
BLACK
6
CONTINUOUS
10
141.4106529999999964
20
-139.9596899999999948
11
141.3154150000000016
21
-140.3406420000000026
0
LINE
8
BLACK
6
CONTINUOUS
10
141.3154150000000016
20
-140.3406420000000026
11
141.2201770000000067
21
-140.5311179999999922
0
LINE
8
BLACK
6
CONTINUOUS
10
141.2201770000000067
20
-140.5311179999999922
11
141.1249389999999835
21
-140.6263569999999845
0
LINE
8
BLACK
6
CONTINUOUS
10
141.1249389999999835
20
-140.6263569999999845
11
140.9344629999999938
21
-140.7215950000000078
0
LINE
8
BLACK
6
CONTINUOUS
10
140.9344629999999938
20
-140.7215950000000078
11
140.7439860000000067
21
-140.7215950000000078
0
LINE
8
BLACK
6
CONTINUOUS
10
140.7439860000000067
20
-140.7215950000000078
11
140.5535099999999886
21
-140.6263569999999845
0
LINE
8
BLACK
6
CONTINUOUS
10
140.5535099999999886
20
-140.6263569999999845
11
140.4582719999999938
21
-140.5311179999999922
0
LINE
8
BLACK
6
CONTINUOUS
10
140.4582719999999938
20
-140.5311179999999922
11
140.363033999999999
21
-140.3406420000000026
0
LINE
8
BLACK
6
CONTINUOUS
10
140.363033999999999
20
-140.3406420000000026
11
140.2677960000000041
21
-139.9596899999999948
0
LINE
8
BLACK
6
CONTINUOUS
10
140.2677960000000041
20
-139.9596899999999948
11
140.2677960000000041
21
-139.4834989999999948
0
LINE
8
BLACK
6
CONTINUOUS
10
140.2677960000000041
20
-139.4834989999999948
11
140.363033999999999
21
-139.1025469999999871
0
LINE
8
BLACK
6
CONTINUOUS
10
140.363033999999999
20
-139.1025469999999871
11
140.4582719999999938
21
-138.9120709999999974
0
LINE
8
BLACK
6
CONTINUOUS
10
140.4582719999999938
20
-138.9120709999999974
11
140.5535099999999886
21
-138.8168330000000026
0
LINE
8
BLACK
6
CONTINUOUS
10
140.5535099999999886
20
-138.8168330000000026
11
140.7439860000000067
21
-138.7215950000000078
0
LINE
8
BLACK
6
CONTINUOUS
10
143.1249389999999835
20
-139.388261
11
143.1249389999999835
21
-140.7215950000000078
0
LINE
8
BLACK
6
CONTINUOUS
10
142.6487479999999834
20
-138.6263569999999845
11
142.1725579999999809
21
-140.0549279999999897
0
LINE
8
BLACK
6
CONTINUOUS
10
142.1725579999999809
20
-140.0549279999999897
11
143.4106529999999964
21
-140.0549279999999897
0
LINE
8
BLACK
6
CONTINUOUS
10
143.9820819999999912
20
-138.7215950000000078
11
145.3154150000000016
21
-138.7215950000000078
0
LINE
8
BLACK
6
CONTINUOUS
10
145.3154150000000016
20
-138.7215950000000078
11
144.4582719999999938
21
-140.7215950000000078
0
LINE
8
BLACK
6
CONTINUOUS
10
145.9820819999999912
20
-138.9120709999999974
11
146.0773199999999861
21
-138.8168330000000026
0
LINE
8
BLACK
6
CONTINUOUS
10
146.0773199999999861
20
-138.8168330000000026
11
146.2677960000000041
21
-138.7215950000000078
0
LINE
8
BLACK
6
CONTINUOUS
10
146.2677960000000041
20
-138.7215950000000078
11
146.7439870000000042
21
-138.7215950000000078
0
LINE
8
BLACK
6
CONTINUOUS
10
146.7439870000000042
20
-138.7215950000000078
11
146.9344629999999938
21
-138.8168330000000026
0
LINE
8
BLACK
6
CONTINUOUS
10
146.9344629999999938
20
-138.8168330000000026
11
147.0297009999999887
21
-138.9120709999999974
0
LINE
8
BLACK
6
CONTINUOUS
10
147.0297009999999887
20
-138.9120709999999974
11
147.1249389999999835
21
-139.1025469999999871
0
LINE
8
BLACK
6
CONTINUOUS
10
147.1249389999999835
20
-139.1025469999999871
11
147.1249389999999835
21
-139.2930230000000051
0
LINE
8
BLACK
6
CONTINUOUS
10
147.1249389999999835
20
-139.2930230000000051
11
147.0297009999999887
21
-139.5787369999999896
0
LINE
8
BLACK
6
CONTINUOUS
10
147.0297009999999887
20
-139.5787369999999896
11
145.8868439999999964
21
-140.7215950000000078
0
LINE
8
BLACK
6
CONTINUOUS
10
145.8868439999999964
20
-140.7215950000000078
11
147.1249389999999835
21
-140.7215950000000078
0
LINE
8
BLACK
6
CONTINUOUS
10
147.8868439999999964
20
-138.7215950000000078
11
147.8868439999999964
21
-139.1025469999999871
0
LINE
8
BLACK
6
CONTINUOUS
10
148.6487489999999809
20
-138.7215950000000078
11
148.6487489999999809
21
-139.1025469999999871
0
LINE
8
BLACK
6
CONTINUOUS
10
151.601130999999981
20
-141.4834989999999948
11
151.5058919999999887
21
-141.388261
0
LINE
8
BLACK
6
CONTINUOUS
10
151.5058919999999887
20
-141.388261
11
151.315415999999999
21
-141.1025469999999871
0
LINE
8
BLACK
6
CONTINUOUS
10
151.315415999999999
20
-141.1025469999999871
11
151.2201780000000042
21
-140.9120709999999974
0
LINE
8
BLACK
6
CONTINUOUS
10
151.2201780000000042
20
-140.9120709999999974
11
151.124939999999981
21
-140.6263569999999845
0
LINE
8
BLACK
6
CONTINUOUS
10
151.124939999999981
20
-140.6263569999999845
11
151.0297019999999861
21
-140.1501659999999845
0
LINE
8
BLACK
6
CONTINUOUS
10
151.0297019999999861
20
-140.1501659999999845
11
151.0297019999999861
21
-139.7692140000000052
0
LINE
8
BLACK
6
CONTINUOUS
10
151.0297019999999861
20
-139.7692140000000052
11
151.124939999999981
21
-139.2930230000000051
0
LINE
8
BLACK
6
CONTINUOUS
10
151.124939999999981
20
-139.2930230000000051
11
151.2201780000000042
21
-139.0073089999999922
0
LINE
8
BLACK
6
CONTINUOUS
10
151.2201780000000042
20
-139.0073089999999922
11
151.315415999999999
21
-138.8168330000000026
0
LINE
8
BLACK
6
CONTINUOUS
10
151.315415999999999
20
-138.8168330000000026
11
151.5058919999999887
21
-138.5311179999999922
0
LINE
8
BLACK
6
CONTINUOUS
10
151.5058919999999887
20
-138.5311179999999922
11
151.601130999999981
21
-138.4358799999999974
0
LINE
8
BLACK
6
CONTINUOUS
10
152.1725590000000068
20
-138.7215950000000078
11
153.4106539999999939
21
-138.7215950000000078
0
LINE
8
BLACK
6
CONTINUOUS
10
153.4106539999999939
20
-138.7215950000000078
11
152.7439870000000042
21
-139.4834989999999948
0
LINE
8
BLACK
6
CONTINUOUS
10
152.7439870000000042
20
-139.4834989999999948
11
153.0297019999999861
21
-139.4834989999999948
0
LINE
8
BLACK
6
CONTINUOUS
10
153.0297019999999861
20
-139.4834989999999948
11
153.2201780000000042
21
-139.5787369999999896
0
LINE
8
BLACK
6
CONTINUOUS
10
153.2201780000000042
20
-139.5787369999999896
11
153.315415999999999
21
-139.6739759999999819
0
LINE
8
BLACK
6
CONTINUOUS
10
153.315415999999999
20
-139.6739759999999819
11
153.4106539999999939
21
-139.864452
0
LINE
8
BLACK
6
CONTINUOUS
10
153.4106539999999939
20
-139.864452
11
153.4106539999999939
21
-140.3406420000000026
0
LINE
8
BLACK
6
CONTINUOUS
10
153.4106539999999939
20
-140.3406420000000026
11
153.315415999999999
21
-140.5311179999999922
0
LINE
8
BLACK
6
CONTINUOUS
10
153.315415999999999
20
-140.5311179999999922
11
153.2201780000000042
21
-140.6263569999999845
0
LINE
8
BLACK
6
CONTINUOUS
10
153.2201780000000042
20
-140.6263569999999845
11
153.0297019999999861
21
-140.7215950000000078
0
LINE
8
BLACK
6
CONTINUOUS
10
153.0297019999999861
20
-140.7215950000000078
11
152.4582729999999913
21
-140.7215950000000078
0
LINE
8
BLACK
6
CONTINUOUS
10
152.4582729999999913
20
-140.7215950000000078
11
152.2677970000000016
21
-140.6263569999999845
0
LINE
8
BLACK
6
CONTINUOUS
10
152.2677970000000016
20
-140.6263569999999845
11
152.1725590000000068
21
-140.5311179999999922
0
LINE
8
BLACK
6
CONTINUOUS
10
155.7916069999999991
20
-140.7215950000000078
11
155.7916069999999991
21
-138.7215950000000078
0
LINE
8
BLACK
6
CONTINUOUS
10
156.6487500000000068
20
-140.7215950000000078
11
156.6487500000000068
21
-139.6739759999999819
0
LINE
8
BLACK
6
CONTINUOUS
10
156.6487500000000068
20
-139.6739759999999819
11
156.5535119999999836
21
-139.4834989999999948
0
LINE
8
BLACK
6
CONTINUOUS
10
156.5535119999999836
20
-139.4834989999999948
11
156.3630359999999939
21
-139.388261
0
LINE
8
BLACK
6
CONTINUOUS
10
156.3630359999999939
20
-139.388261
11
156.0773209999999835
21
-139.388261
0
LINE
8
BLACK
6
CONTINUOUS
10
156.0773209999999835
20
-139.388261
11
155.8868449999999939
21
-139.4834989999999948
0
LINE
8
BLACK
6
CONTINUOUS
10
155.8868449999999939
20
-139.4834989999999948
11
155.7916069999999991
21
-139.5787369999999896
0
LINE
8
BLACK
6
CONTINUOUS
10
157.8868449999999939
20
-140.7215950000000078
11
157.6963690000000042
21
-140.6263569999999845
0
LINE
8
BLACK
6
CONTINUOUS
10
157.6963690000000042
20
-140.6263569999999845
11
157.601130999999981
21
-140.5311179999999922
0
LINE
8
BLACK
6
CONTINUOUS
10
157.601130999999981
20
-140.5311179999999922
11
157.5058929999999862
21
-140.3406420000000026
0
LINE
8
BLACK
6
CONTINUOUS
10
157.5058929999999862
20
-140.3406420000000026
11
157.5058929999999862
21
-139.7692140000000052
0
LINE
8
BLACK
6
CONTINUOUS
10
157.5058929999999862
20
-139.7692140000000052
11
157.601130999999981
21
-139.5787369999999896
0
LINE
8
BLACK
6
CONTINUOUS
10
157.601130999999981
20
-139.5787369999999896
11
157.6963690000000042
21
-139.4834989999999948
0
LINE
8
BLACK
6
CONTINUOUS
10
157.6963690000000042
20
-139.4834989999999948
11
157.8868449999999939
21
-139.388261
0
LINE
8
BLACK
6
CONTINUOUS
10
157.8868449999999939
20
-139.388261
11
158.1725600000000043
21
-139.388261
0
LINE
8
BLACK
6
CONTINUOUS
10
158.1725600000000043
20
-139.388261
11
158.3630359999999939
21
-139.4834989999999948
0
LINE
8
BLACK
6
CONTINUOUS
10
158.3630359999999939
20
-139.4834989999999948
11
158.4582739999999887
21
-139.5787369999999896
0
LINE
8
BLACK
6
CONTINUOUS
10
158.4582739999999887
20
-139.5787369999999896
11
158.5535119999999836
21
-139.7692140000000052
0
LINE
8
BLACK
6
CONTINUOUS
10
158.5535119999999836
20
-139.7692140000000052
11
158.5535119999999836
21
-140.3406420000000026
0
LINE
8
BLACK
6
CONTINUOUS
10
158.5535119999999836
20
-140.3406420000000026
11
158.4582739999999887
21
-140.5311179999999922
0
LINE
8
BLACK
6
CONTINUOUS
10
158.4582739999999887
20
-140.5311179999999922
11
158.3630359999999939
21
-140.6263569999999845
0
LINE
8
BLACK
6
CONTINUOUS
10
158.3630359999999939
20
-140.6263569999999845
11
158.1725600000000043
21
-140.7215950000000078
0
LINE
8
BLACK
6
CONTINUOUS
10
158.1725600000000043
20
-140.7215950000000078
11
157.8868449999999939
21
-140.7215950000000078
0
LINE
8
BLACK
6
CONTINUOUS
10
159.6963690000000042
20
-140.7215950000000078
11
159.5058929999999862
21
-140.6263569999999845
0
LINE
8
BLACK
6
CONTINUOUS
10
159.5058929999999862
20
-140.6263569999999845
11
159.4106549999999913
21
-140.4358799999999974
0
LINE
8
BLACK
6
CONTINUOUS
10
159.4106549999999913
20
-140.4358799999999974
11
159.4106549999999913
21
-138.7215950000000078
0
LINE
8
BLACK
6
CONTINUOUS
10
161.2201790000000017
20
-140.6263569999999845
11
161.0297029999999836
21
-140.7215950000000078
0
LINE
8
BLACK
6
CONTINUOUS
10
161.0297029999999836
20
-140.7215950000000078
11
160.6487500000000068
21
-140.7215950000000078
0
LINE
8
BLACK
6
CONTINUOUS
10
160.6487500000000068
20
-140.7215950000000078
11
160.4582739999999887
21
-140.6263569999999845
0
LINE
8
BLACK
6
CONTINUOUS
10
160.4582739999999887
20
-140.6263569999999845
11
160.3630359999999939
21
-140.4358799999999974
0
LINE
8
BLACK
6
CONTINUOUS
10
160.3630359999999939
20
-140.4358799999999974
11
160.3630359999999939
21
-139.6739759999999819
0
LINE
8
BLACK
6
CONTINUOUS
10
160.3630359999999939
20
-139.6739759999999819
11
160.4582739999999887
21
-139.4834989999999948
0
LINE
8
BLACK
6
CONTINUOUS
10
160.4582739999999887
20
-139.4834989999999948
11
160.6487500000000068
21
-139.388261
0
LINE
8
BLACK
6
CONTINUOUS
10
160.6487500000000068
20
-139.388261
11
161.0297029999999836
21
-139.388261
0
LINE
8
BLACK
6
CONTINUOUS
10
161.0297029999999836
20
-139.388261
11
161.2201790000000017
21
-139.4834989999999948
0
LINE
8
BLACK
6
CONTINUOUS
10
161.2201790000000017
20
-139.4834989999999948
11
161.3154169999999965
21
-139.6739759999999819
0
LINE
8
BLACK
6
CONTINUOUS
10
161.3154169999999965
20
-139.6739759999999819
11
161.3154169999999965
21
-139.864452
0
LINE
8
BLACK
6
CONTINUOUS
10
161.3154169999999965
20
-139.864452
11
160.3630359999999939
21
-140.0549279999999897
0
LINE
8
BLACK
6
CONTINUOUS
10
162.077321999999981
20
-140.6263569999999845
11
162.2677979999999991
21
-140.7215950000000078
0
LINE
8
BLACK
6
CONTINUOUS
10
162.2677979999999991
20
-140.7215950000000078
11
162.6487500000000068
21
-140.7215950000000078
0
LINE
8
BLACK
6
CONTINUOUS
10
162.6487500000000068
20
-140.7215950000000078
11
162.839226999999994
21
-140.6263569999999845
0
LINE
8
BLACK
6
CONTINUOUS
10
162.839226999999994
20
-140.6263569999999845
11
162.9344649999999888
21
-140.4358799999999974
0
LINE
8
BLACK
6
CONTINUOUS
10
162.9344649999999888
20
-140.4358799999999974
11
162.9344649999999888
21
-140.3406420000000026
0
LINE
8
BLACK
6
CONTINUOUS
10
162.9344649999999888
20
-140.3406420000000026
11
162.839226999999994
21
-140.1501659999999845
0
LINE
8
BLACK
6
CONTINUOUS
10
162.839226999999994
20
-140.1501659999999845
11
162.6487500000000068
21
-140.0549279999999897
0
LINE
8
BLACK
6
CONTINUOUS
10
162.6487500000000068
20
-140.0549279999999897
11
162.3630359999999939
21
-140.0549279999999897
0
LINE
8
BLACK
6
CONTINUOUS
10
162.3630359999999939
20
-140.0549279999999897
11
162.1725600000000043
21
-139.9596899999999948
0
LINE
8
BLACK
6
CONTINUOUS
10
162.1725600000000043
20
-139.9596899999999948
11
162.077321999999981
21
-139.7692140000000052
0
LINE
8
BLACK
6
CONTINUOUS
10
162.077321999999981
20
-139.7692140000000052
11
162.077321999999981
21
-139.6739759999999819
0
LINE
8
BLACK
6
CONTINUOUS
10
162.077321999999981
20
-139.6739759999999819
11
162.1725600000000043
21
-139.4834989999999948
0
LINE
8
BLACK
6
CONTINUOUS
10
162.1725600000000043
20
-139.4834989999999948
11
162.3630359999999939
21
-139.388261
0
LINE
8
BLACK
6
CONTINUOUS
10
162.3630359999999939
20
-139.388261
11
162.6487500000000068
21
-139.388261
0
LINE
8
BLACK
6
CONTINUOUS
10
162.6487500000000068
20
-139.388261
11
162.839226999999994
21
-139.4834989999999948
0
LINE
8
BLACK
6
CONTINUOUS
10
163.6011319999999785
20
-141.4834989999999948
11
163.6963700000000017
21
-141.388261
0
LINE
8
BLACK
6
CONTINUOUS
10
163.6963700000000017
20
-141.388261
11
163.8868459999999914
21
-141.1025469999999871
0
LINE
8
BLACK
6
CONTINUOUS
10
163.8868459999999914
20
-141.1025469999999871
11
163.9820839999999862
21
-140.9120709999999974
0
LINE
8
BLACK
6
CONTINUOUS
10
163.9820839999999862
20
-140.9120709999999974
11
164.077321999999981
21
-140.6263569999999845
0
LINE
8
BLACK
6
CONTINUOUS
10
164.077321999999981
20
-140.6263569999999845
11
164.1725600000000043
21
-140.1501659999999845
0
LINE
8
BLACK
6
CONTINUOUS
10
164.1725600000000043
20
-140.1501659999999845
11
164.1725600000000043
21
-139.7692140000000052
0
LINE
8
BLACK
6
CONTINUOUS
10
164.1725600000000043
20
-139.7692140000000052
11
164.077321999999981
21
-139.2930230000000051
0
LINE
8
BLACK
6
CONTINUOUS
10
164.077321999999981
20
-139.2930230000000051
11
163.9820839999999862
21
-139.0073089999999922
0
LINE
8
BLACK
6
CONTINUOUS
10
163.9820839999999862
20
-139.0073089999999922
11
163.8868459999999914
21
-138.8168330000000026
0
LINE
8
BLACK
6
CONTINUOUS
10
163.8868459999999914
20
-138.8168330000000026
11
163.6963700000000017
21
-138.5311179999999922
0
LINE
8
BLACK
6
CONTINUOUS
10
163.6963700000000017
20
-138.5311179999999922
11
163.6011319999999785
21
-138.4358799999999974
0
LINE
8
BLACK
6
CONTINUOUS
10
115.5576159999999959
20
-143.153870999999981
11
115.5576159999999959
21
-141.7396430000000009
0
LINE
8
BLACK
6
CONTINUOUS
10
115.5576159999999959
20
-141.7396430000000009
11
114.1433880000000016
21
-141.7396430000000009
0
LINE
8
BLACK
6
CONTINUOUS
10
114.1433880000000016
20
-141.7396430000000009
11
114.1433880000000016
21
-143.153870999999981
0
LINE
8
BLACK
6
CONTINUOUS
10
114.1433880000000016
20
-143.153870999999981
11
115.5576159999999959
21
-143.153870999999981
0
LINE
8
BLACK
6
CONTINUOUS
10
118.267793999999995
20
-141.3615949999999941
11
119.5058889999999963
21
-141.3615949999999941
0
LINE
8
BLACK
6
CONTINUOUS
10
119.5058889999999963
20
-141.3615949999999941
11
118.8392219999999924
21
-142.1234989999999812
0
LINE
8
BLACK
6
CONTINUOUS
10
118.8392219999999924
20
-142.1234989999999812
11
119.1249369999999885
21
-142.1234989999999812
0
LINE
8
BLACK
6
CONTINUOUS
10
119.1249369999999885
20
-142.1234989999999812
11
119.3154129999999924
21
-142.2187370000000044
0
LINE
8
BLACK
6
CONTINUOUS
10
119.3154129999999924
20
-142.2187370000000044
11
119.4106510000000014
21
-142.3139759999999967
0
LINE
8
BLACK
6
CONTINUOUS
10
119.4106510000000014
20
-142.3139759999999967
11
119.5058889999999963
21
-142.5044519999999864
0
LINE
8
BLACK
6
CONTINUOUS
10
119.5058889999999963
20
-142.5044519999999864
11
119.5058889999999963
21
-142.9806419999999889
0
LINE
8
BLACK
6
CONTINUOUS
10
119.5058889999999963
20
-142.9806419999999889
11
119.4106510000000014
21
-143.171118000000007
0
LINE
8
BLACK
6
CONTINUOUS
10
119.4106510000000014
20
-143.171118000000007
11
119.3154129999999924
21
-143.2663569999999993
0
LINE
8
BLACK
6
CONTINUOUS
10
119.3154129999999924
20
-143.2663569999999993
11
119.1249369999999885
21
-143.3615949999999941
0
LINE
8
BLACK
6
CONTINUOUS
10
119.1249369999999885
20
-143.3615949999999941
11
118.5535079999999937
21
-143.3615949999999941
0
LINE
8
BLACK
6
CONTINUOUS
10
118.5535079999999937
20
-143.3615949999999941
11
118.3630319999999898
21
-143.2663569999999993
0
LINE
8
BLACK
6
CONTINUOUS
10
118.3630319999999898
20
-143.2663569999999993
11
118.267793999999995
21
-143.171118000000007
0
LINE
8
BLACK
6
CONTINUOUS
10
120.3630319999999898
20
-143.171118000000007
11
120.4582699999999988
21
-143.2663569999999993
0
LINE
8
BLACK
6
CONTINUOUS
10
120.4582699999999988
20
-143.2663569999999993
11
120.3630319999999898
21
-143.3615949999999941
0
LINE
8
BLACK
6
CONTINUOUS
10
120.3630319999999898
20
-143.3615949999999941
11
120.267793999999995
21
-143.2663569999999993
0
LINE
8
BLACK
6
CONTINUOUS
10
120.267793999999995
20
-143.2663569999999993
11
120.3630319999999898
21
-143.171118000000007
0
LINE
8
BLACK
6
CONTINUOUS
10
120.3630319999999898
20
-143.171118000000007
11
120.3630319999999898
21
-143.3615949999999941
0
LINE
8
BLACK
6
CONTINUOUS
10
121.2201749999999976
20
-141.5520709999999838
11
121.3154129999999924
21
-141.4568329999999889
0
LINE
8
BLACK
6
CONTINUOUS
10
121.3154129999999924
20
-141.4568329999999889
11
121.5058889999999963
21
-141.3615949999999941
0
LINE
8
BLACK
6
CONTINUOUS
10
121.5058889999999963
20
-141.3615949999999941
11
121.9820799999999963
21
-141.3615949999999941
0
LINE
8
BLACK
6
CONTINUOUS
10
121.9820799999999963
20
-141.3615949999999941
11
122.1725560000000002
21
-141.4568329999999889
0
LINE
8
BLACK
6
CONTINUOUS
10
122.1725560000000002
20
-141.4568329999999889
11
122.267793999999995
21
-141.5520709999999838
0
LINE
8
BLACK
6
CONTINUOUS
10
122.267793999999995
20
-141.5520709999999838
11
122.3630319999999898
21
-141.7425470000000018
0
LINE
8
BLACK
6
CONTINUOUS
10
122.3630319999999898
20
-141.7425470000000018
11
122.3630319999999898
21
-141.9330229999999915
0
LINE
8
BLACK
6
CONTINUOUS
10
122.3630319999999898
20
-141.9330229999999915
11
122.267793999999995
21
-142.2187370000000044
0
LINE
8
BLACK
6
CONTINUOUS
10
122.267793999999995
20
-142.2187370000000044
11
121.1249369999999885
21
-143.3615949999999941
0
LINE
8
BLACK
6
CONTINUOUS
10
121.1249369999999885
20
-143.3615949999999941
11
122.3630319999999898
21
-143.3615949999999941
0
LINE
8
BLACK
6
CONTINUOUS
10
123.6011269999999911
20
-141.3615949999999941
11
123.7916039999999924
21
-141.3615949999999941
0
LINE
8
BLACK
6
CONTINUOUS
10
123.7916039999999924
20
-141.3615949999999941
11
123.9820799999999963
21
-141.4568329999999889
0
LINE
8
BLACK
6
CONTINUOUS
10
123.9820799999999963
20
-141.4568329999999889
11
124.0773179999999911
21
-141.5520709999999838
0
LINE
8
BLACK
6
CONTINUOUS
10
124.0773179999999911
20
-141.5520709999999838
11
124.1725560000000002
21
-141.7425470000000018
0
LINE
8
BLACK
6
CONTINUOUS
10
124.1725560000000002
20
-141.7425470000000018
11
124.267793999999995
21
-142.1234989999999812
0
LINE
8
BLACK
6
CONTINUOUS
10
124.267793999999995
20
-142.1234989999999812
11
124.267793999999995
21
-142.5996899999999812
0
LINE
8
BLACK
6
CONTINUOUS
10
124.267793999999995
20
-142.5996899999999812
11
124.1725560000000002
21
-142.9806419999999889
0
LINE
8
BLACK
6
CONTINUOUS
10
124.1725560000000002
20
-142.9806419999999889
11
124.0773179999999911
21
-143.171118000000007
0
LINE
8
BLACK
6
CONTINUOUS
10
124.0773179999999911
20
-143.171118000000007
11
123.9820799999999963
21
-143.2663569999999993
0
LINE
8
BLACK
6
CONTINUOUS
10
123.9820799999999963
20
-143.2663569999999993
11
123.7916039999999924
21
-143.3615949999999941
0
LINE
8
BLACK
6
CONTINUOUS
10
123.7916039999999924
20
-143.3615949999999941
11
123.6011269999999911
21
-143.3615949999999941
0
LINE
8
BLACK
6
CONTINUOUS
10
123.6011269999999911
20
-143.3615949999999941
11
123.4106510000000014
21
-143.2663569999999993
0
LINE
8
BLACK
6
CONTINUOUS
10
123.4106510000000014
20
-143.2663569999999993
11
123.3154129999999924
21
-143.171118000000007
0
LINE
8
BLACK
6
CONTINUOUS
10
123.3154129999999924
20
-143.171118000000007
11
123.2201749999999976
21
-142.9806419999999889
0
LINE
8
BLACK
6
CONTINUOUS
10
123.2201749999999976
20
-142.9806419999999889
11
123.1249369999999885
21
-142.5996899999999812
0
LINE
8
BLACK
6
CONTINUOUS
10
123.1249369999999885
20
-142.5996899999999812
11
123.1249369999999885
21
-142.1234989999999812
0
LINE
8
BLACK
6
CONTINUOUS
10
123.1249369999999885
20
-142.1234989999999812
11
123.2201749999999976
21
-141.7425470000000018
0
LINE
8
BLACK
6
CONTINUOUS
10
123.2201749999999976
20
-141.7425470000000018
11
123.3154129999999924
21
-141.5520709999999838
0
LINE
8
BLACK
6
CONTINUOUS
10
123.3154129999999924
20
-141.5520709999999838
11
123.4106510000000014
21
-141.4568329999999889
0
LINE
8
BLACK
6
CONTINUOUS
10
123.4106510000000014
20
-141.4568329999999889
11
123.6011269999999911
21
-141.3615949999999941
0
LINE
8
BLACK
6
CONTINUOUS
10
125.5058889999999963
20
-141.3615949999999941
11
125.6963659999999976
21
-141.3615949999999941
0
LINE
8
BLACK
6
CONTINUOUS
10
125.6963659999999976
20
-141.3615949999999941
11
125.8868419999999873
21
-141.4568329999999889
0
LINE
8
BLACK
6
CONTINUOUS
10
125.8868419999999873
20
-141.4568329999999889
11
125.9820799999999963
21
-141.5520709999999838
0
LINE
8
BLACK
6
CONTINUOUS
10
125.9820799999999963
20
-141.5520709999999838
11
126.0773179999999911
21
-141.7425470000000018
0
LINE
8
BLACK
6
CONTINUOUS
10
126.0773179999999911
20
-141.7425470000000018
11
126.1725560000000002
21
-142.1234989999999812
0
LINE
8
BLACK
6
CONTINUOUS
10
126.1725560000000002
20
-142.1234989999999812
11
126.1725560000000002
21
-142.5996899999999812
0
LINE
8
BLACK
6
CONTINUOUS
10
126.1725560000000002
20
-142.5996899999999812
11
126.0773179999999911
21
-142.9806419999999889
0
LINE
8
BLACK
6
CONTINUOUS
10
126.0773179999999911
20
-142.9806419999999889
11
125.9820799999999963
21
-143.171118000000007
0
LINE
8
BLACK
6
CONTINUOUS
10
125.9820799999999963
20
-143.171118000000007
11
125.8868419999999873
21
-143.2663569999999993
0
LINE
8
BLACK
6
CONTINUOUS
10
125.8868419999999873
20
-143.2663569999999993
11
125.6963659999999976
21
-143.3615949999999941
0
LINE
8
BLACK
6
CONTINUOUS
10
125.6963659999999976
20
-143.3615949999999941
11
125.5058889999999963
21
-143.3615949999999941
0
LINE
8
BLACK
6
CONTINUOUS
10
125.5058889999999963
20
-143.3615949999999941
11
125.3154129999999924
21
-143.2663569999999993
0
LINE
8
BLACK
6
CONTINUOUS
10
125.3154129999999924
20
-143.2663569999999993
11
125.2201749999999976
21
-143.171118000000007
0
LINE
8
BLACK
6
CONTINUOUS
10
125.2201749999999976
20
-143.171118000000007
11
125.1249369999999885
21
-142.9806419999999889
0
LINE
8
BLACK
6
CONTINUOUS
10
125.1249369999999885
20
-142.9806419999999889
11
125.0296989999999937
21
-142.5996899999999812
0
LINE
8
BLACK
6
CONTINUOUS
10
125.0296989999999937
20
-142.5996899999999812
11
125.0296989999999937
21
-142.1234989999999812
0
LINE
8
BLACK
6
CONTINUOUS
10
125.0296989999999937
20
-142.1234989999999812
11
125.1249369999999885
21
-141.7425470000000018
0
LINE
8
BLACK
6
CONTINUOUS
10
125.1249369999999885
20
-141.7425470000000018
11
125.2201749999999976
21
-141.5520709999999838
0
LINE
8
BLACK
6
CONTINUOUS
10
125.2201749999999976
20
-141.5520709999999838
11
125.3154129999999924
21
-141.4568329999999889
0
LINE
8
BLACK
6
CONTINUOUS
10
125.3154129999999924
20
-141.4568329999999889
11
125.5058889999999963
21
-141.3615949999999941
0
LINE
8
BLACK
6
CONTINUOUS
10
127.0296989999999937
20
-143.3615949999999941
11
127.0296989999999937
21
-142.0282609999999863
0
LINE
8
BLACK
6
CONTINUOUS
10
127.0296989999999937
20
-142.2187370000000044
11
127.1249369999999885
21
-142.1234989999999812
0
LINE
8
BLACK
6
CONTINUOUS
10
127.1249369999999885
20
-142.1234989999999812
11
127.3154129999999924
21
-142.0282609999999863
0
LINE
8
BLACK
6
CONTINUOUS
10
127.3154129999999924
20
-142.0282609999999863
11
127.6011279999999886
21
-142.0282609999999863
0
LINE
8
BLACK
6
CONTINUOUS
10
127.6011279999999886
20
-142.0282609999999863
11
127.7916039999999924
21
-142.1234989999999812
0
LINE
8
BLACK
6
CONTINUOUS
10
127.7916039999999924
20
-142.1234989999999812
11
127.8868419999999873
21
-142.3139759999999967
0
LINE
8
BLACK
6
CONTINUOUS
10
127.8868419999999873
20
-142.3139759999999967
11
127.8868419999999873
21
-143.3615949999999941
0
LINE
8
BLACK
6
CONTINUOUS
10
127.8868419999999873
20
-142.3139759999999967
11
127.9820799999999963
21
-142.1234989999999812
0
LINE
8
BLACK
6
CONTINUOUS
10
127.9820799999999963
20
-142.1234989999999812
11
128.1725559999999859
21
-142.0282609999999863
0
LINE
8
BLACK
6
CONTINUOUS
10
128.1725559999999859
20
-142.0282609999999863
11
128.4582699999999988
21
-142.0282609999999863
0
LINE
8
BLACK
6
CONTINUOUS
10
128.4582699999999988
20
-142.0282609999999863
11
128.648746999999986
21
-142.1234989999999812
0
LINE
8
BLACK
6
CONTINUOUS
10
128.648746999999986
20
-142.1234989999999812
11
128.7439849999999808
21
-142.3139759999999967
0
LINE
8
BLACK
6
CONTINUOUS
10
128.7439849999999808
20
-142.3139759999999967
11
128.7439849999999808
21
-143.3615949999999941
0
LINE
8
BLACK
6
CONTINUOUS
10
129.6963659999999834
20
-143.3615949999999941
11
129.6963659999999834
21
-142.0282609999999863
0
LINE
8
BLACK
6
CONTINUOUS
10
129.6963659999999834
20
-142.2187370000000044
11
129.7916040000000066
21
-142.1234989999999812
0
LINE
8
BLACK
6
CONTINUOUS
10
129.7916040000000066
20
-142.1234989999999812
11
129.9820799999999963
21
-142.0282609999999863
0
LINE
8
BLACK
6
CONTINUOUS
10
129.9820799999999963
20
-142.0282609999999863
11
130.2677950000000067
21
-142.0282609999999863
0
LINE
8
BLACK
6
CONTINUOUS
10
130.2677950000000067
20
-142.0282609999999863
11
130.4582709999999963
21
-142.1234989999999812
0
LINE
8
BLACK
6
CONTINUOUS
10
130.4582709999999963
20
-142.1234989999999812
11
130.5535089999999911
21
-142.3139759999999967
0
LINE
8
BLACK
6
CONTINUOUS
10
130.5535089999999911
20
-142.3139759999999967
11
130.5535089999999911
21
-143.3615949999999941
0
LINE
8
BLACK
6
CONTINUOUS
10
130.5535089999999911
20
-142.3139759999999967
11
130.648746999999986
21
-142.1234989999999812
0
LINE
8
BLACK
6
CONTINUOUS
10
130.648746999999986
20
-142.1234989999999812
11
130.839223000000004
21
-142.0282609999999863
0
LINE
8
BLACK
6
CONTINUOUS
10
130.839223000000004
20
-142.0282609999999863
11
131.1249369999999885
21
-142.0282609999999863
0
LINE
8
BLACK
6
CONTINUOUS
10
131.1249369999999885
20
-142.0282609999999863
11
131.3154140000000041
21
-142.1234989999999812
0
LINE
8
BLACK
6
CONTINUOUS
10
131.3154140000000041
20
-142.1234989999999812
11
131.4106519999999989
21
-142.3139759999999967
0
LINE
8
BLACK
6
CONTINUOUS
10
131.4106519999999989
20
-142.3139759999999967
11
131.4106519999999989
21
-143.3615949999999941
0
LINE
8
BLACK
6
CONTINUOUS
10
135.3154140000000041
20
-141.2663569999999993
11
133.601128999999986
21
-143.8377849999999967
0
LINE
8
BLACK
6
CONTINUOUS
10
137.8868429999999989
20
-141.3615949999999941
11
138.0773199999999861
21
-141.3615949999999941
0
LINE
8
BLACK
6
CONTINUOUS
10
138.0773199999999861
20
-141.3615949999999941
11
138.2677960000000041
21
-141.4568329999999889
0
LINE
8
BLACK
6
CONTINUOUS
10
138.2677960000000041
20
-141.4568329999999889
11
138.363033999999999
21
-141.5520709999999838
0
LINE
8
BLACK
6
CONTINUOUS
10
138.363033999999999
20
-141.5520709999999838
11
138.4582719999999938
21
-141.7425470000000018
0
LINE
8
BLACK
6
CONTINUOUS
10
138.4582719999999938
20
-141.7425470000000018
11
138.5535099999999886
21
-142.1234989999999812
0
LINE
8
BLACK
6
CONTINUOUS
10
138.5535099999999886
20
-142.1234989999999812
11
138.5535099999999886
21
-142.5996899999999812
0
LINE
8
BLACK
6
CONTINUOUS
10
138.5535099999999886
20
-142.5996899999999812
11
138.4582719999999938
21
-142.9806419999999889
0
LINE
8
BLACK
6
CONTINUOUS
10
138.4582719999999938
20
-142.9806419999999889
11
138.363033999999999
21
-143.171118000000007
0
LINE
8
BLACK
6
CONTINUOUS
10
138.363033999999999
20
-143.171118000000007
11
138.2677960000000041
21
-143.2663569999999993
0
LINE
8
BLACK
6
CONTINUOUS
10
138.2677960000000041
20
-143.2663569999999993
11
138.0773199999999861
21
-143.3615949999999941
0
LINE
8
BLACK
6
CONTINUOUS
10
138.0773199999999861
20
-143.3615949999999941
11
137.8868429999999989
21
-143.3615949999999941
0
LINE
8
BLACK
6
CONTINUOUS
10
137.8868429999999989
20
-143.3615949999999941
11
137.6963669999999809
21
-143.2663569999999993
0
LINE
8
BLACK
6
CONTINUOUS
10
137.6963669999999809
20
-143.2663569999999993
11
137.601128999999986
21
-143.171118000000007
0
LINE
8
BLACK
6
CONTINUOUS
10
137.601128999999986
20
-143.171118000000007
11
137.5058909999999912
21
-142.9806419999999889
0
LINE
8
BLACK
6
CONTINUOUS
10
137.5058909999999912
20
-142.9806419999999889
11
137.4106529999999964
21
-142.5996899999999812
0
LINE
8
BLACK
6
CONTINUOUS
10
137.4106529999999964
20
-142.5996899999999812
11
137.4106529999999964
21
-142.1234989999999812
0
LINE
8
BLACK
6
CONTINUOUS
10
137.4106529999999964
20
-142.1234989999999812
11
137.5058909999999912
21
-141.7425470000000018
0
LINE
8
BLACK
6
CONTINUOUS
10
137.5058909999999912
20
-141.7425470000000018
11
137.601128999999986
21
-141.5520709999999838
0
LINE
8
BLACK
6
CONTINUOUS
10
137.601128999999986
20
-141.5520709999999838
11
137.6963669999999809
21
-141.4568329999999889
0
LINE
8
BLACK
6
CONTINUOUS
10
137.6963669999999809
20
-141.4568329999999889
11
137.8868429999999989
21
-141.3615949999999941
0
LINE
8
BLACK
6
CONTINUOUS
10
139.4106529999999964
20
-143.171118000000007
11
139.5058909999999912
21
-143.2663569999999993
0
LINE
8
BLACK
6
CONTINUOUS
10
139.5058909999999912
20
-143.2663569999999993
11
139.4106529999999964
21
-143.3615949999999941
0
LINE
8
BLACK
6
CONTINUOUS
10
139.4106529999999964
20
-143.3615949999999941
11
139.3154150000000016
21
-143.2663569999999993
0
LINE
8
BLACK
6
CONTINUOUS
10
139.3154150000000016
20
-143.2663569999999993
11
139.4106529999999964
21
-143.171118000000007
0
LINE
8
BLACK
6
CONTINUOUS
10
139.4106529999999964
20
-143.171118000000007
11
139.4106529999999964
21
-143.3615949999999941
0
LINE
8
BLACK
6
CONTINUOUS
10
141.4106529999999964
20
-143.3615949999999941
11
140.2677960000000041
21
-143.3615949999999941
0
LINE
8
BLACK
6
CONTINUOUS
10
140.8392240000000015
20
-143.3615949999999941
11
140.8392240000000015
21
-141.3615949999999941
0
LINE
8
BLACK
6
CONTINUOUS
10
140.8392240000000015
20
-141.3615949999999941
11
140.6487479999999834
21
-141.647309000000007
0
LINE
8
BLACK
6
CONTINUOUS
10
140.6487479999999834
20
-141.647309000000007
11
140.4582719999999938
21
-141.8377849999999967
0
LINE
8
BLACK
6
CONTINUOUS
10
140.4582719999999938
20
-141.8377849999999967
11
140.2677960000000041
21
-141.9330229999999915
0
LINE
8
BLACK
6
CONTINUOUS
10
142.1725579999999809
20
-141.5520709999999838
11
142.2677960000000041
21
-141.4568329999999889
0
LINE
8
BLACK
6
CONTINUOUS
10
142.2677960000000041
20
-141.4568329999999889
11
142.4582719999999938
21
-141.3615949999999941
0
LINE
8
BLACK
6
CONTINUOUS
10
142.4582719999999938
20
-141.3615949999999941
11
142.9344629999999938
21
-141.3615949999999941
0
LINE
8
BLACK
6
CONTINUOUS
10
142.9344629999999938
20
-141.3615949999999941
11
143.1249389999999835
21
-141.4568329999999889
0
LINE
8
BLACK
6
CONTINUOUS
10
143.1249389999999835
20
-141.4568329999999889
11
143.2201770000000067
21
-141.5520709999999838
0
LINE
8
BLACK
6
CONTINUOUS
10
143.2201770000000067
20
-141.5520709999999838
11
143.3154150000000016
21
-141.7425470000000018
0
LINE
8
BLACK
6
CONTINUOUS
10
143.3154150000000016
20
-141.7425470000000018
11
143.3154150000000016
21
-141.9330229999999915
0
LINE
8
BLACK
6
CONTINUOUS
10
143.3154150000000016
20
-141.9330229999999915
11
143.2201770000000067
21
-142.2187370000000044
0
LINE
8
BLACK
6
CONTINUOUS
10
143.2201770000000067
20
-142.2187370000000044
11
142.0773199999999861
21
-143.3615949999999941
0
LINE
8
BLACK
6
CONTINUOUS
10
142.0773199999999861
20
-143.3615949999999941
11
143.3154150000000016
21
-143.3615949999999941
0
LINE
8
BLACK
6
CONTINUOUS
10
145.0297009999999887
20
-141.3615949999999941
11
144.6487479999999834
21
-141.3615949999999941
0
LINE
8
BLACK
6
CONTINUOUS
10
144.6487479999999834
20
-141.3615949999999941
11
144.4582719999999938
21
-141.4568329999999889
0
LINE
8
BLACK
6
CONTINUOUS
10
144.4582719999999938
20
-141.4568329999999889
11
144.363033999999999
21
-141.5520709999999838
0
LINE
8
BLACK
6
CONTINUOUS
10
144.363033999999999
20
-141.5520709999999838
11
144.1725579999999809
21
-141.8377849999999967
0
LINE
8
BLACK
6
CONTINUOUS
10
144.1725579999999809
20
-141.8377849999999967
11
144.0773199999999861
21
-142.2187370000000044
0
LINE
8
BLACK
6
CONTINUOUS
10
144.0773199999999861
20
-142.2187370000000044
11
144.0773199999999861
21
-142.9806419999999889
0
LINE
8
BLACK
6
CONTINUOUS
10
144.0773199999999861
20
-142.9806419999999889
11
144.1725579999999809
21
-143.171118000000007
0
LINE
8
BLACK
6
CONTINUOUS
10
144.1725579999999809
20
-143.171118000000007
11
144.2677960000000041
21
-143.2663569999999993
0
LINE
8
BLACK
6
CONTINUOUS
10
144.2677960000000041
20
-143.2663569999999993
11
144.4582719999999938
21
-143.3615949999999941
0
LINE
8
BLACK
6
CONTINUOUS
10
144.4582719999999938
20
-143.3615949999999941
11
144.839224999999999
21
-143.3615949999999941
0
LINE
8
BLACK
6
CONTINUOUS
10
144.839224999999999
20
-143.3615949999999941
11
145.0297009999999887
21
-143.2663569999999993
0
LINE
8
BLACK
6
CONTINUOUS
10
145.0297009999999887
20
-143.2663569999999993
11
145.1249389999999835
21
-143.171118000000007
0
LINE
8
BLACK
6
CONTINUOUS
10
145.1249389999999835
20
-143.171118000000007
11
145.2201770000000067
21
-142.9806419999999889
0
LINE
8
BLACK
6
CONTINUOUS
10
145.2201770000000067
20
-142.9806419999999889
11
145.2201770000000067
21
-142.5044519999999864
0
LINE
8
BLACK
6
CONTINUOUS
10
145.2201770000000067
20
-142.5044519999999864
11
145.1249389999999835
21
-142.3139759999999967
0
LINE
8
BLACK
6
CONTINUOUS
10
145.1249389999999835
20
-142.3139759999999967
11
145.0297009999999887
21
-142.2187370000000044
0
LINE
8
BLACK
6
CONTINUOUS
10
145.0297009999999887
20
-142.2187370000000044
11
144.839224999999999
21
-142.1234989999999812
0
LINE
8
BLACK
6
CONTINUOUS
10
144.839224999999999
20
-142.1234989999999812
11
144.4582719999999938
21
-142.1234989999999812
0
LINE
8
BLACK
6
CONTINUOUS
10
144.4582719999999938
20
-142.1234989999999812
11
144.2677960000000041
21
-142.2187370000000044
0
LINE
8
BLACK
6
CONTINUOUS
10
144.2677960000000041
20
-142.2187370000000044
11
144.1725579999999809
21
-142.3139759999999967
0
LINE
8
BLACK
6
CONTINUOUS
10
144.1725579999999809
20
-142.3139759999999967
11
144.0773199999999861
21
-142.5044519999999864
0
LINE
8
BLACK
6
CONTINUOUS
10
146.4582719999999938
20
-141.3615949999999941
11
146.6487489999999809
21
-141.3615949999999941
0
LINE
8
BLACK
6
CONTINUOUS
10
146.6487489999999809
20
-141.3615949999999941
11
146.839224999999999
21
-141.4568329999999889
0
LINE
8
BLACK
6
CONTINUOUS
10
146.839224999999999
20
-141.4568329999999889
11
146.9344629999999938
21
-141.5520709999999838
0
LINE
8
BLACK
6
CONTINUOUS
10
146.9344629999999938
20
-141.5520709999999838
11
147.0297009999999887
21
-141.7425470000000018
0
LINE
8
BLACK
6
CONTINUOUS
10
147.0297009999999887
20
-141.7425470000000018
11
147.1249389999999835
21
-142.1234989999999812
0
LINE
8
BLACK
6
CONTINUOUS
10
147.1249389999999835
20
-142.1234989999999812
11
147.1249389999999835
21
-142.5996899999999812
0
LINE
8
BLACK
6
CONTINUOUS
10
147.1249389999999835
20
-142.5996899999999812
11
147.0297009999999887
21
-142.9806419999999889
0
LINE
8
BLACK
6
CONTINUOUS
10
147.0297009999999887
20
-142.9806419999999889
11
146.9344629999999938
21
-143.171118000000007
0
LINE
8
BLACK
6
CONTINUOUS
10
146.9344629999999938
20
-143.171118000000007
11
146.839224999999999
21
-143.2663569999999993
0
LINE
8
BLACK
6
CONTINUOUS
10
146.839224999999999
20
-143.2663569999999993
11
146.6487489999999809
21
-143.3615949999999941
0
LINE
8
BLACK
6
CONTINUOUS
10
146.6487489999999809
20
-143.3615949999999941
11
146.4582719999999938
21
-143.3615949999999941
0
LINE
8
BLACK
6
CONTINUOUS
10
146.4582719999999938
20
-143.3615949999999941
11
146.2677960000000041
21
-143.2663569999999993
0
LINE
8
BLACK
6
CONTINUOUS
10
146.2677960000000041
20
-143.2663569999999993
11
146.1725579999999809
21
-143.171118000000007
0
LINE
8
BLACK
6
CONTINUOUS
10
146.1725579999999809
20
-143.171118000000007
11
146.0773199999999861
21
-142.9806419999999889
0
LINE
8
BLACK
6
CONTINUOUS
10
146.0773199999999861
20
-142.9806419999999889
11
145.9820819999999912
21
-142.5996899999999812
0
LINE
8
BLACK
6
CONTINUOUS
10
145.9820819999999912
20
-142.5996899999999812
11
145.9820819999999912
21
-142.1234989999999812
0
LINE
8
BLACK
6
CONTINUOUS
10
145.9820819999999912
20
-142.1234989999999812
11
146.0773199999999861
21
-141.7425470000000018
0
LINE
8
BLACK
6
CONTINUOUS
10
146.0773199999999861
20
-141.7425470000000018
11
146.1725579999999809
21
-141.5520709999999838
0
LINE
8
BLACK
6
CONTINUOUS
10
146.1725579999999809
20
-141.5520709999999838
11
146.2677960000000041
21
-141.4568329999999889
0
LINE
8
BLACK
6
CONTINUOUS
10
146.2677960000000041
20
-141.4568329999999889
11
146.4582719999999938
21
-141.3615949999999941
0
LINE
8
BLACK
6
CONTINUOUS
10
147.8868439999999964
20
-141.3615949999999941
11
147.8868439999999964
21
-141.7425470000000018
0
LINE
8
BLACK
6
CONTINUOUS
10
148.6487489999999809
20
-141.3615949999999941
11
148.6487489999999809
21
-141.7425470000000018
0
LINE
8
BLACK
6
CONTINUOUS
10
151.601130999999981
20
-144.1234989999999812
11
151.5058919999999887
21
-144.0282609999999863
0
LINE
8
BLACK
6
CONTINUOUS
10
151.5058919999999887
20
-144.0282609999999863
11
151.315415999999999
21
-143.7425470000000018
0
LINE
8
BLACK
6
CONTINUOUS
10
151.315415999999999
20
-143.7425470000000018
11
151.2201780000000042
21
-143.5520709999999838
0
LINE
8
BLACK
6
CONTINUOUS
10
151.2201780000000042
20
-143.5520709999999838
11
151.124939999999981
21
-143.2663569999999993
0
LINE
8
BLACK
6
CONTINUOUS
10
151.124939999999981
20
-143.2663569999999993
11
151.0297019999999861
21
-142.7901659999999993
0
LINE
8
BLACK
6
CONTINUOUS
10
151.0297019999999861
20
-142.7901659999999993
11
151.0297019999999861
21
-142.4092139999999915
0
LINE
8
BLACK
6
CONTINUOUS
10
151.0297019999999861
20
-142.4092139999999915
11
151.124939999999981
21
-141.9330229999999915
0
LINE
8
BLACK
6
CONTINUOUS
10
151.124939999999981
20
-141.9330229999999915
11
151.2201780000000042
21
-141.647309000000007
0
LINE
8
BLACK
6
CONTINUOUS
10
151.2201780000000042
20
-141.647309000000007
11
151.315415999999999
21
-141.4568329999999889
0
LINE
8
BLACK
6
CONTINUOUS
10
151.315415999999999
20
-141.4568329999999889
11
151.5058919999999887
21
-141.171118000000007
0
LINE
8
BLACK
6
CONTINUOUS
10
151.5058919999999887
20
-141.171118000000007
11
151.601130999999981
21
-141.0758799999999837
0
LINE
8
BLACK
6
CONTINUOUS
10
152.2677970000000016
20
-141.5520709999999838
11
152.3630349999999964
21
-141.4568329999999889
0
LINE
8
BLACK
6
CONTINUOUS
10
152.3630349999999964
20
-141.4568329999999889
11
152.5535109999999861
21
-141.3615949999999941
0
LINE
8
BLACK
6
CONTINUOUS
10
152.5535109999999861
20
-141.3615949999999941
11
153.0297019999999861
21
-141.3615949999999941
0
LINE
8
BLACK
6
CONTINUOUS
10
153.0297019999999861
20
-141.3615949999999941
11
153.2201780000000042
21
-141.4568329999999889
0
LINE
8
BLACK
6
CONTINUOUS
10
153.2201780000000042
20
-141.4568329999999889
11
153.315415999999999
21
-141.5520709999999838
0
LINE
8
BLACK
6
CONTINUOUS
10
153.315415999999999
20
-141.5520709999999838
11
153.4106539999999939
21
-141.7425470000000018
0
LINE
8
BLACK
6
CONTINUOUS
10
153.4106539999999939
20
-141.7425470000000018
11
153.4106539999999939
21
-141.9330229999999915
0
LINE
8
BLACK
6
CONTINUOUS
10
153.4106539999999939
20
-141.9330229999999915
11
153.315415999999999
21
-142.2187370000000044
0
LINE
8
BLACK
6
CONTINUOUS
10
153.315415999999999
20
-142.2187370000000044
11
152.1725590000000068
21
-143.3615949999999941
0
LINE
8
BLACK
6
CONTINUOUS
10
152.1725590000000068
20
-143.3615949999999941
11
153.4106539999999939
21
-143.3615949999999941
0
LINE
8
BLACK
6
CONTINUOUS
10
155.7916069999999991
20
-143.3615949999999941
11
155.7916069999999991
21
-141.3615949999999941
0
LINE
8
BLACK
6
CONTINUOUS
10
156.6487500000000068
20
-143.3615949999999941
11
156.6487500000000068
21
-142.3139759999999967
0
LINE
8
BLACK
6
CONTINUOUS
10
156.6487500000000068
20
-142.3139759999999967
11
156.5535119999999836
21
-142.1234989999999812
0
LINE
8
BLACK
6
CONTINUOUS
10
156.5535119999999836
20
-142.1234989999999812
11
156.3630359999999939
21
-142.0282609999999863
0
LINE
8
BLACK
6
CONTINUOUS
10
156.3630359999999939
20
-142.0282609999999863
11
156.0773209999999835
21
-142.0282609999999863
0
LINE
8
BLACK
6
CONTINUOUS
10
156.0773209999999835
20
-142.0282609999999863
11
155.8868449999999939
21
-142.1234989999999812
0
LINE
8
BLACK
6
CONTINUOUS
10
155.8868449999999939
20
-142.1234989999999812
11
155.7916069999999991
21
-142.2187370000000044
0
LINE
8
BLACK
6
CONTINUOUS
10
157.8868449999999939
20
-143.3615949999999941
11
157.6963690000000042
21
-143.2663569999999993
0
LINE
8
BLACK
6
CONTINUOUS
10
157.6963690000000042
20
-143.2663569999999993
11
157.601130999999981
21
-143.171118000000007
0
LINE
8
BLACK
6
CONTINUOUS
10
157.601130999999981
20
-143.171118000000007
11
157.5058929999999862
21
-142.9806419999999889
0
LINE
8
BLACK
6
CONTINUOUS
10
157.5058929999999862
20
-142.9806419999999889
11
157.5058929999999862
21
-142.4092139999999915
0
LINE
8
BLACK
6
CONTINUOUS
10
157.5058929999999862
20
-142.4092139999999915
11
157.601130999999981
21
-142.2187370000000044
0
LINE
8
BLACK
6
CONTINUOUS
10
157.601130999999981
20
-142.2187370000000044
11
157.6963690000000042
21
-142.1234989999999812
0
LINE
8
BLACK
6
CONTINUOUS
10
157.6963690000000042
20
-142.1234989999999812
11
157.8868449999999939
21
-142.0282609999999863
0
LINE
8
BLACK
6
CONTINUOUS
10
157.8868449999999939
20
-142.0282609999999863
11
158.1725600000000043
21
-142.0282609999999863
0
LINE
8
BLACK
6
CONTINUOUS
10
158.1725600000000043
20
-142.0282609999999863
11
158.3630359999999939
21
-142.1234989999999812
0
LINE
8
BLACK
6
CONTINUOUS
10
158.3630359999999939
20
-142.1234989999999812
11
158.4582739999999887
21
-142.2187370000000044
0
LINE
8
BLACK
6
CONTINUOUS
10
158.4582739999999887
20
-142.2187370000000044
11
158.5535119999999836
21
-142.4092139999999915
0
LINE
8
BLACK
6
CONTINUOUS
10
158.5535119999999836
20
-142.4092139999999915
11
158.5535119999999836
21
-142.9806419999999889
0
LINE
8
BLACK
6
CONTINUOUS
10
158.5535119999999836
20
-142.9806419999999889
11
158.4582739999999887
21
-143.171118000000007
0
LINE
8
BLACK
6
CONTINUOUS
10
158.4582739999999887
20
-143.171118000000007
11
158.3630359999999939
21
-143.2663569999999993
0
LINE
8
BLACK
6
CONTINUOUS
10
158.3630359999999939
20
-143.2663569999999993
11
158.1725600000000043
21
-143.3615949999999941
0
LINE
8
BLACK
6
CONTINUOUS
10
158.1725600000000043
20
-143.3615949999999941
11
157.8868449999999939
21
-143.3615949999999941
0
LINE
8
BLACK
6
CONTINUOUS
10
159.6963690000000042
20
-143.3615949999999941
11
159.5058929999999862
21
-143.2663569999999993
0
LINE
8
BLACK
6
CONTINUOUS
10
159.5058929999999862
20
-143.2663569999999993
11
159.4106549999999913
21
-143.0758799999999837
0
LINE
8
BLACK
6
CONTINUOUS
10
159.4106549999999913
20
-143.0758799999999837
11
159.4106549999999913
21
-141.3615949999999941
0
LINE
8
BLACK
6
CONTINUOUS
10
161.2201790000000017
20
-143.2663569999999993
11
161.0297029999999836
21
-143.3615949999999941
0
LINE
8
BLACK
6
CONTINUOUS
10
161.0297029999999836
20
-143.3615949999999941
11
160.6487500000000068
21
-143.3615949999999941
0
LINE
8
BLACK
6
CONTINUOUS
10
160.6487500000000068
20
-143.3615949999999941
11
160.4582739999999887
21
-143.2663569999999993
0
LINE
8
BLACK
6
CONTINUOUS
10
160.4582739999999887
20
-143.2663569999999993
11
160.3630359999999939
21
-143.0758799999999837
0
LINE
8
BLACK
6
CONTINUOUS
10
160.3630359999999939
20
-143.0758799999999837
11
160.3630359999999939
21
-142.3139759999999967
0
LINE
8
BLACK
6
CONTINUOUS
10
160.3630359999999939
20
-142.3139759999999967
11
160.4582739999999887
21
-142.1234989999999812
0
LINE
8
BLACK
6
CONTINUOUS
10
160.4582739999999887
20
-142.1234989999999812
11
160.6487500000000068
21
-142.0282609999999863
0
LINE
8
BLACK
6
CONTINUOUS
10
160.6487500000000068
20
-142.0282609999999863
11
161.0297029999999836
21
-142.0282609999999863
0
LINE
8
BLACK
6
CONTINUOUS
10
161.0297029999999836
20
-142.0282609999999863
11
161.2201790000000017
21
-142.1234989999999812
0
LINE
8
BLACK
6
CONTINUOUS
10
161.2201790000000017
20
-142.1234989999999812
11
161.3154169999999965
21
-142.3139759999999967
0
LINE
8
BLACK
6
CONTINUOUS
10
161.3154169999999965
20
-142.3139759999999967
11
161.3154169999999965
21
-142.5044519999999864
0
LINE
8
BLACK
6
CONTINUOUS
10
161.3154169999999965
20
-142.5044519999999864
11
160.3630359999999939
21
-142.6949280000000044
0
LINE
8
BLACK
6
CONTINUOUS
10
162.077321999999981
20
-143.2663569999999993
11
162.2677979999999991
21
-143.3615949999999941
0
LINE
8
BLACK
6
CONTINUOUS
10
162.2677979999999991
20
-143.3615949999999941
11
162.6487500000000068
21
-143.3615949999999941
0
LINE
8
BLACK
6
CONTINUOUS
10
162.6487500000000068
20
-143.3615949999999941
11
162.839226999999994
21
-143.2663569999999993
0
LINE
8
BLACK
6
CONTINUOUS
10
162.839226999999994
20
-143.2663569999999993
11
162.9344649999999888
21
-143.0758799999999837
0
LINE
8
BLACK
6
CONTINUOUS
10
162.9344649999999888
20
-143.0758799999999837
11
162.9344649999999888
21
-142.9806419999999889
0
LINE
8
BLACK
6
CONTINUOUS
10
162.9344649999999888
20
-142.9806419999999889
11
162.839226999999994
21
-142.7901659999999993
0
LINE
8
BLACK
6
CONTINUOUS
10
162.839226999999994
20
-142.7901659999999993
11
162.6487500000000068
21
-142.6949280000000044
0
LINE
8
BLACK
6
CONTINUOUS
10
162.6487500000000068
20
-142.6949280000000044
11
162.3630359999999939
21
-142.6949280000000044
0
LINE
8
BLACK
6
CONTINUOUS
10
162.3630359999999939
20
-142.6949280000000044
11
162.1725600000000043
21
-142.5996899999999812
0
LINE
8
BLACK
6
CONTINUOUS
10
162.1725600000000043
20
-142.5996899999999812
11
162.077321999999981
21
-142.4092139999999915
0
LINE
8
BLACK
6
CONTINUOUS
10
162.077321999999981
20
-142.4092139999999915
11
162.077321999999981
21
-142.3139759999999967
0
LINE
8
BLACK
6
CONTINUOUS
10
162.077321999999981
20
-142.3139759999999967
11
162.1725600000000043
21
-142.1234989999999812
0
LINE
8
BLACK
6
CONTINUOUS
10
162.1725600000000043
20
-142.1234989999999812
11
162.3630359999999939
21
-142.0282609999999863
0
LINE
8
BLACK
6
CONTINUOUS
10
162.3630359999999939
20
-142.0282609999999863
11
162.6487500000000068
21
-142.0282609999999863
0
LINE
8
BLACK
6
CONTINUOUS
10
162.6487500000000068
20
-142.0282609999999863
11
162.839226999999994
21
-142.1234989999999812
0
LINE
8
BLACK
6
CONTINUOUS
10
163.6011319999999785
20
-144.1234989999999812
11
163.6963700000000017
21
-144.0282609999999863
0
LINE
8
BLACK
6
CONTINUOUS
10
163.6963700000000017
20
-144.0282609999999863
11
163.8868459999999914
21
-143.7425470000000018
0
LINE
8
BLACK
6
CONTINUOUS
10
163.8868459999999914
20
-143.7425470000000018
11
163.9820839999999862
21
-143.5520709999999838
0
LINE
8
BLACK
6
CONTINUOUS
10
163.9820839999999862
20
-143.5520709999999838
11
164.077321999999981
21
-143.2663569999999993
0
LINE
8
BLACK
6
CONTINUOUS
10
164.077321999999981
20
-143.2663569999999993
11
164.1725600000000043
21
-142.7901659999999993
0
LINE
8
BLACK
6
CONTINUOUS
10
164.1725600000000043
20
-142.7901659999999993
11
164.1725600000000043
21
-142.4092139999999915
0
LINE
8
BLACK
6
CONTINUOUS
10
164.1725600000000043
20
-142.4092139999999915
11
164.077321999999981
21
-141.9330229999999915
0
LINE
8
BLACK
6
CONTINUOUS
10
164.077321999999981
20
-141.9330229999999915
11
163.9820839999999862
21
-141.647309000000007
0
LINE
8
BLACK
6
CONTINUOUS
10
163.9820839999999862
20
-141.647309000000007
11
163.8868459999999914
21
-141.4568329999999889
0
LINE
8
BLACK
6
CONTINUOUS
10
163.8868459999999914
20
-141.4568329999999889
11
163.6963700000000017
21
-141.171118000000007
0
LINE
8
BLACK
6
CONTINUOUS
10
163.6963700000000017
20
-141.171118000000007
11
163.6011319999999785
21
-141.0758799999999837
0
LINE
8
BLACK
6
CONTINUOUS
10
114.8505019999999917
20
-146.6467569999999796
11
115.8505019999999917
21
-145.6467569999999796
0
LINE
8
BLACK
6
CONTINUOUS
10
115.8505019999999917
20
-145.6467569999999796
11
114.8505019999999917
21
-144.6467569999999796
0
LINE
8
BLACK
6
CONTINUOUS
10
114.8505019999999917
20
-144.6467569999999796
11
113.8505019999999917
21
-145.6467569999999796
0
LINE
8
BLACK
6
CONTINUOUS
10
113.8505019999999917
20
-145.6467569999999796
11
114.8505019999999917
21
-146.6467569999999796
0
LINE
8
BLACK
6
CONTINUOUS
10
119.3154129999999924
20
-145.2282610000000034
11
119.3154129999999924
21
-146.5615949999999827
0
LINE
8
BLACK
6
CONTINUOUS
10
118.8392219999999924
20
-144.4663569999999879
11
118.3630319999999898
21
-145.8949279999999931
0
LINE
8
BLACK
6
CONTINUOUS
10
118.3630319999999898
20
-145.8949279999999931
11
119.6011269999999911
21
-145.8949279999999931
0
LINE
8
BLACK
6
CONTINUOUS
10
120.3630319999999898
20
-146.3711179999999956
11
120.4582699999999988
21
-146.4663569999999879
0
LINE
8
BLACK
6
CONTINUOUS
10
120.4582699999999988
20
-146.4663569999999879
11
120.3630319999999898
21
-146.5615949999999827
0
LINE
8
BLACK
6
CONTINUOUS
10
120.3630319999999898
20
-146.5615949999999827
11
120.267793999999995
21
-146.4663569999999879
0
LINE
8
BLACK
6
CONTINUOUS
10
120.267793999999995
20
-146.4663569999999879
11
120.3630319999999898
21
-146.3711179999999956
0
LINE
8
BLACK
6
CONTINUOUS
10
120.3630319999999898
20
-146.3711179999999956
11
120.3630319999999898
21
-146.5615949999999827
0
LINE
8
BLACK
6
CONTINUOUS
10
121.6963650000000001
20
-144.5615949999999827
11
121.8868420000000015
21
-144.5615949999999827
0
LINE
8
BLACK
6
CONTINUOUS
10
121.8868420000000015
20
-144.5615949999999827
11
122.0773179999999911
21
-144.656833000000006
0
LINE
8
BLACK
6
CONTINUOUS
10
122.0773179999999911
20
-144.656833000000006
11
122.1725560000000002
21
-144.7520710000000008
0
LINE
8
BLACK
6
CONTINUOUS
10
122.1725560000000002
20
-144.7520710000000008
11
122.267793999999995
21
-144.9425469999999905
0
LINE
8
BLACK
6
CONTINUOUS
10
122.267793999999995
20
-144.9425469999999905
11
122.3630319999999898
21
-145.3234989999999982
0
LINE
8
BLACK
6
CONTINUOUS
10
122.3630319999999898
20
-145.3234989999999982
11
122.3630319999999898
21
-145.7996899999999982
0
LINE
8
BLACK
6
CONTINUOUS
10
122.3630319999999898
20
-145.7996899999999982
11
122.267793999999995
21
-146.180642000000006
0
LINE
8
BLACK
6
CONTINUOUS
10
122.267793999999995
20
-146.180642000000006
11
122.1725560000000002
21
-146.3711179999999956
0
LINE
8
BLACK
6
CONTINUOUS
10
122.1725560000000002
20
-146.3711179999999956
11
122.0773179999999911
21
-146.4663569999999879
0
LINE
8
BLACK
6
CONTINUOUS
10
122.0773179999999911
20
-146.4663569999999879
11
121.8868420000000015
21
-146.5615949999999827
0
LINE
8
BLACK
6
CONTINUOUS
10
121.8868420000000015
20
-146.5615949999999827
11
121.6963650000000001
21
-146.5615949999999827
0
LINE
8
BLACK
6
CONTINUOUS
10
121.6963650000000001
20
-146.5615949999999827
11
121.5058889999999963
21
-146.4663569999999879
0
LINE
8
BLACK
6
CONTINUOUS
10
121.5058889999999963
20
-146.4663569999999879
11
121.4106510000000014
21
-146.3711179999999956
0
LINE
8
BLACK
6
CONTINUOUS
10
121.4106510000000014
20
-146.3711179999999956
11
121.3154129999999924
21
-146.180642000000006
0
LINE
8
BLACK
6
CONTINUOUS
10
121.3154129999999924
20
-146.180642000000006
11
121.2201749999999976
21
-145.7996899999999982
0
LINE
8
BLACK
6
CONTINUOUS
10
121.2201749999999976
20
-145.7996899999999982
11
121.2201749999999976
21
-145.3234989999999982
0
LINE
8
BLACK
6
CONTINUOUS
10
121.2201749999999976
20
-145.3234989999999982
11
121.3154129999999924
21
-144.9425469999999905
0
LINE
8
BLACK
6
CONTINUOUS
10
121.3154129999999924
20
-144.9425469999999905
11
121.4106510000000014
21
-144.7520710000000008
0
LINE
8
BLACK
6
CONTINUOUS
10
121.4106510000000014
20
-144.7520710000000008
11
121.5058889999999963
21
-144.656833000000006
0
LINE
8
BLACK
6
CONTINUOUS
10
121.5058889999999963
20
-144.656833000000006
11
121.6963650000000001
21
-144.5615949999999827
0
LINE
8
BLACK
6
CONTINUOUS
10
123.6011269999999911
20
-144.5615949999999827
11
123.7916039999999924
21
-144.5615949999999827
0
LINE
8
BLACK
6
CONTINUOUS
10
123.7916039999999924
20
-144.5615949999999827
11
123.9820799999999963
21
-144.656833000000006
0
LINE
8
BLACK
6
CONTINUOUS
10
123.9820799999999963
20
-144.656833000000006
11
124.0773179999999911
21
-144.7520710000000008
0
LINE
8
BLACK
6
CONTINUOUS
10
124.0773179999999911
20
-144.7520710000000008
11
124.1725560000000002
21
-144.9425469999999905
0
LINE
8
BLACK
6
CONTINUOUS
10
124.1725560000000002
20
-144.9425469999999905
11
124.267793999999995
21
-145.3234989999999982
0
LINE
8
BLACK
6
CONTINUOUS
10
124.267793999999995
20
-145.3234989999999982
11
124.267793999999995
21
-145.7996899999999982
0
LINE
8
BLACK
6
CONTINUOUS
10
124.267793999999995
20
-145.7996899999999982
11
124.1725560000000002
21
-146.180642000000006
0
LINE
8
BLACK
6
CONTINUOUS
10
124.1725560000000002
20
-146.180642000000006
11
124.0773179999999911
21
-146.3711179999999956
0
LINE
8
BLACK
6
CONTINUOUS
10
124.0773179999999911
20
-146.3711179999999956
11
123.9820799999999963
21
-146.4663569999999879
0
LINE
8
BLACK
6
CONTINUOUS
10
123.9820799999999963
20
-146.4663569999999879
11
123.7916039999999924
21
-146.5615949999999827
0
LINE
8
BLACK
6
CONTINUOUS
10
123.7916039999999924
20
-146.5615949999999827
11
123.6011269999999911
21
-146.5615949999999827
0
LINE
8
BLACK
6
CONTINUOUS
10
123.6011269999999911
20
-146.5615949999999827
11
123.4106510000000014
21
-146.4663569999999879
0
LINE
8
BLACK
6
CONTINUOUS
10
123.4106510000000014
20
-146.4663569999999879
11
123.3154129999999924
21
-146.3711179999999956
0
LINE
8
BLACK
6
CONTINUOUS
10
123.3154129999999924
20
-146.3711179999999956
11
123.2201749999999976
21
-146.180642000000006
0
LINE
8
BLACK
6
CONTINUOUS
10
123.2201749999999976
20
-146.180642000000006
11
123.1249369999999885
21
-145.7996899999999982
0
LINE
8
BLACK
6
CONTINUOUS
10
123.1249369999999885
20
-145.7996899999999982
11
123.1249369999999885
21
-145.3234989999999982
0
LINE
8
BLACK
6
CONTINUOUS
10
123.1249369999999885
20
-145.3234989999999982
11
123.2201749999999976
21
-144.9425469999999905
0
LINE
8
BLACK
6
CONTINUOUS
10
123.2201749999999976
20
-144.9425469999999905
11
123.3154129999999924
21
-144.7520710000000008
0
LINE
8
BLACK
6
CONTINUOUS
10
123.3154129999999924
20
-144.7520710000000008
11
123.4106510000000014
21
-144.656833000000006
0
LINE
8
BLACK
6
CONTINUOUS
10
123.4106510000000014
20
-144.656833000000006
11
123.6011269999999911
21
-144.5615949999999827
0
LINE
8
BLACK
6
CONTINUOUS
10
125.5058889999999963
20
-144.5615949999999827
11
125.6963659999999976
21
-144.5615949999999827
0
LINE
8
BLACK
6
CONTINUOUS
10
125.6963659999999976
20
-144.5615949999999827
11
125.8868419999999873
21
-144.656833000000006
0
LINE
8
BLACK
6
CONTINUOUS
10
125.8868419999999873
20
-144.656833000000006
11
125.9820799999999963
21
-144.7520710000000008
0
LINE
8
BLACK
6
CONTINUOUS
10
125.9820799999999963
20
-144.7520710000000008
11
126.0773179999999911
21
-144.9425469999999905
0
LINE
8
BLACK
6
CONTINUOUS
10
126.0773179999999911
20
-144.9425469999999905
11
126.1725560000000002
21
-145.3234989999999982
0
LINE
8
BLACK
6
CONTINUOUS
10
126.1725560000000002
20
-145.3234989999999982
11
126.1725560000000002
21
-145.7996899999999982
0
LINE
8
BLACK
6
CONTINUOUS
10
126.1725560000000002
20
-145.7996899999999982
11
126.0773179999999911
21
-146.180642000000006
0
LINE
8
BLACK
6
CONTINUOUS
10
126.0773179999999911
20
-146.180642000000006
11
125.9820799999999963
21
-146.3711179999999956
0
LINE
8
BLACK
6
CONTINUOUS
10
125.9820799999999963
20
-146.3711179999999956
11
125.8868419999999873
21
-146.4663569999999879
0
LINE
8
BLACK
6
CONTINUOUS
10
125.8868419999999873
20
-146.4663569999999879
11
125.6963659999999976
21
-146.5615949999999827
0
LINE
8
BLACK
6
CONTINUOUS
10
125.6963659999999976
20
-146.5615949999999827
11
125.5058889999999963
21
-146.5615949999999827
0
LINE
8
BLACK
6
CONTINUOUS
10
125.5058889999999963
20
-146.5615949999999827
11
125.3154129999999924
21
-146.4663569999999879
0
LINE
8
BLACK
6
CONTINUOUS
10
125.3154129999999924
20
-146.4663569999999879
11
125.2201749999999976
21
-146.3711179999999956
0
LINE
8
BLACK
6
CONTINUOUS
10
125.2201749999999976
20
-146.3711179999999956
11
125.1249369999999885
21
-146.180642000000006
0
LINE
8
BLACK
6
CONTINUOUS
10
125.1249369999999885
20
-146.180642000000006
11
125.0296989999999937
21
-145.7996899999999982
0
LINE
8
BLACK
6
CONTINUOUS
10
125.0296989999999937
20
-145.7996899999999982
11
125.0296989999999937
21
-145.3234989999999982
0
LINE
8
BLACK
6
CONTINUOUS
10
125.0296989999999937
20
-145.3234989999999982
11
125.1249369999999885
21
-144.9425469999999905
0
LINE
8
BLACK
6
CONTINUOUS
10
125.1249369999999885
20
-144.9425469999999905
11
125.2201749999999976
21
-144.7520710000000008
0
LINE
8
BLACK
6
CONTINUOUS
10
125.2201749999999976
20
-144.7520710000000008
11
125.3154129999999924
21
-144.656833000000006
0
LINE
8
BLACK
6
CONTINUOUS
10
125.3154129999999924
20
-144.656833000000006
11
125.5058889999999963
21
-144.5615949999999827
0
LINE
8
BLACK
6
CONTINUOUS
10
127.0296989999999937
20
-146.5615949999999827
11
127.0296989999999937
21
-145.2282610000000034
0
LINE
8
BLACK
6
CONTINUOUS
10
127.0296989999999937
20
-145.418736999999993
11
127.1249369999999885
21
-145.3234989999999982
0
LINE
8
BLACK
6
CONTINUOUS
10
127.1249369999999885
20
-145.3234989999999982
11
127.3154129999999924
21
-145.2282610000000034
0
LINE
8
BLACK
6
CONTINUOUS
10
127.3154129999999924
20
-145.2282610000000034
11
127.6011279999999886
21
-145.2282610000000034
0
LINE
8
BLACK
6
CONTINUOUS
10
127.6011279999999886
20
-145.2282610000000034
11
127.7916039999999924
21
-145.3234989999999982
0
LINE
8
BLACK
6
CONTINUOUS
10
127.7916039999999924
20
-145.3234989999999982
11
127.8868419999999873
21
-145.5139759999999853
0
LINE
8
BLACK
6
CONTINUOUS
10
127.8868419999999873
20
-145.5139759999999853
11
127.8868419999999873
21
-146.5615949999999827
0
LINE
8
BLACK
6
CONTINUOUS
10
127.8868419999999873
20
-145.5139759999999853
11
127.9820799999999963
21
-145.3234989999999982
0
LINE
8
BLACK
6
CONTINUOUS
10
127.9820799999999963
20
-145.3234989999999982
11
128.1725559999999859
21
-145.2282610000000034
0
LINE
8
BLACK
6
CONTINUOUS
10
128.1725559999999859
20
-145.2282610000000034
11
128.4582699999999988
21
-145.2282610000000034
0
LINE
8
BLACK
6
CONTINUOUS
10
128.4582699999999988
20
-145.2282610000000034
11
128.648746999999986
21
-145.3234989999999982
0
LINE
8
BLACK
6
CONTINUOUS
10
128.648746999999986
20
-145.3234989999999982
11
128.7439849999999808
21
-145.5139759999999853
0
LINE
8
BLACK
6
CONTINUOUS
10
128.7439849999999808
20
-145.5139759999999853
11
128.7439849999999808
21
-146.5615949999999827
0
LINE
8
BLACK
6
CONTINUOUS
10
129.6963659999999834
20
-146.5615949999999827
11
129.6963659999999834
21
-145.2282610000000034
0
LINE
8
BLACK
6
CONTINUOUS
10
129.6963659999999834
20
-145.418736999999993
11
129.7916040000000066
21
-145.3234989999999982
0
LINE
8
BLACK
6
CONTINUOUS
10
129.7916040000000066
20
-145.3234989999999982
11
129.9820799999999963
21
-145.2282610000000034
0
LINE
8
BLACK
6
CONTINUOUS
10
129.9820799999999963
20
-145.2282610000000034
11
130.2677950000000067
21
-145.2282610000000034
0
LINE
8
BLACK
6
CONTINUOUS
10
130.2677950000000067
20
-145.2282610000000034
11
130.4582709999999963
21
-145.3234989999999982
0
LINE
8
BLACK
6
CONTINUOUS
10
130.4582709999999963
20
-145.3234989999999982
11
130.5535089999999911
21
-145.5139759999999853
0
LINE
8
BLACK
6
CONTINUOUS
10
130.5535089999999911
20
-145.5139759999999853
11
130.5535089999999911
21
-146.5615949999999827
0
LINE
8
BLACK
6
CONTINUOUS
10
130.5535089999999911
20
-145.5139759999999853
11
130.648746999999986
21
-145.3234989999999982
0
LINE
8
BLACK
6
CONTINUOUS
10
130.648746999999986
20
-145.3234989999999982
11
130.839223000000004
21
-145.2282610000000034
0
LINE
8
BLACK
6
CONTINUOUS
10
130.839223000000004
20
-145.2282610000000034
11
131.1249369999999885
21
-145.2282610000000034
0
LINE
8
BLACK
6
CONTINUOUS
10
131.1249369999999885
20
-145.2282610000000034
11
131.3154140000000041
21
-145.3234989999999982
0
LINE
8
BLACK
6
CONTINUOUS
10
131.3154140000000041
20
-145.3234989999999982
11
131.4106519999999989
21
-145.5139759999999853
0
LINE
8
BLACK
6
CONTINUOUS
10
131.4106519999999989
20
-145.5139759999999853
11
131.4106519999999989
21
-146.5615949999999827
0
LINE
8
BLACK
6
CONTINUOUS
10
135.3154140000000041
20
-144.4663569999999879
11
133.601128999999986
21
-147.0377849999999853
0
LINE
8
BLACK
6
CONTINUOUS
10
137.8868429999999989
20
-144.5615949999999827
11
138.0773199999999861
21
-144.5615949999999827
0
LINE
8
BLACK
6
CONTINUOUS
10
138.0773199999999861
20
-144.5615949999999827
11
138.2677960000000041
21
-144.656833000000006
0
LINE
8
BLACK
6
CONTINUOUS
10
138.2677960000000041
20
-144.656833000000006
11
138.363033999999999
21
-144.7520710000000008
0
LINE
8
BLACK
6
CONTINUOUS
10
138.363033999999999
20
-144.7520710000000008
11
138.4582719999999938
21
-144.9425469999999905
0
LINE
8
BLACK
6
CONTINUOUS
10
138.4582719999999938
20
-144.9425469999999905
11
138.5535099999999886
21
-145.3234989999999982
0
LINE
8
BLACK
6
CONTINUOUS
10
138.5535099999999886
20
-145.3234989999999982
11
138.5535099999999886
21
-145.7996899999999982
0
LINE
8
BLACK
6
CONTINUOUS
10
138.5535099999999886
20
-145.7996899999999982
11
138.4582719999999938
21
-146.180642000000006
0
LINE
8
BLACK
6
CONTINUOUS
10
138.4582719999999938
20
-146.180642000000006
11
138.363033999999999
21
-146.3711179999999956
0
LINE
8
BLACK
6
CONTINUOUS
10
138.363033999999999
20
-146.3711179999999956
11
138.2677960000000041
21
-146.4663569999999879
0
LINE
8
BLACK
6
CONTINUOUS
10
138.2677960000000041
20
-146.4663569999999879
11
138.0773199999999861
21
-146.5615949999999827
0
LINE
8
BLACK
6
CONTINUOUS
10
138.0773199999999861
20
-146.5615949999999827
11
137.8868429999999989
21
-146.5615949999999827
0
LINE
8
BLACK
6
CONTINUOUS
10
137.8868429999999989
20
-146.5615949999999827
11
137.6963669999999809
21
-146.4663569999999879
0
LINE
8
BLACK
6
CONTINUOUS
10
137.6963669999999809
20
-146.4663569999999879
11
137.601128999999986
21
-146.3711179999999956
0
LINE
8
BLACK
6
CONTINUOUS
10
137.601128999999986
20
-146.3711179999999956
11
137.5058909999999912
21
-146.180642000000006
0
LINE
8
BLACK
6
CONTINUOUS
10
137.5058909999999912
20
-146.180642000000006
11
137.4106529999999964
21
-145.7996899999999982
0
LINE
8
BLACK
6
CONTINUOUS
10
137.4106529999999964
20
-145.7996899999999982
11
137.4106529999999964
21
-145.3234989999999982
0
LINE
8
BLACK
6
CONTINUOUS
10
137.4106529999999964
20
-145.3234989999999982
11
137.5058909999999912
21
-144.9425469999999905
0
LINE
8
BLACK
6
CONTINUOUS
10
137.5058909999999912
20
-144.9425469999999905
11
137.601128999999986
21
-144.7520710000000008
0
LINE
8
BLACK
6
CONTINUOUS
10
137.601128999999986
20
-144.7520710000000008
11
137.6963669999999809
21
-144.656833000000006
0
LINE
8
BLACK
6
CONTINUOUS
10
137.6963669999999809
20
-144.656833000000006
11
137.8868429999999989
21
-144.5615949999999827
0
LINE
8
BLACK
6
CONTINUOUS
10
139.4106529999999964
20
-146.3711179999999956
11
139.5058909999999912
21
-146.4663569999999879
0
LINE
8
BLACK
6
CONTINUOUS
10
139.5058909999999912
20
-146.4663569999999879
11
139.4106529999999964
21
-146.5615949999999827
0
LINE
8
BLACK
6
CONTINUOUS
10
139.4106529999999964
20
-146.5615949999999827
11
139.3154150000000016
21
-146.4663569999999879
0
LINE
8
BLACK
6
CONTINUOUS
10
139.3154150000000016
20
-146.4663569999999879
11
139.4106529999999964
21
-146.3711179999999956
0
LINE
8
BLACK
6
CONTINUOUS
10
139.4106529999999964
20
-146.3711179999999956
11
139.4106529999999964
21
-146.5615949999999827
0
LINE
8
BLACK
6
CONTINUOUS
10
141.4106529999999964
20
-146.5615949999999827
11
140.2677960000000041
21
-146.5615949999999827
0
LINE
8
BLACK
6
CONTINUOUS
10
140.8392240000000015
20
-146.5615949999999827
11
140.8392240000000015
21
-144.5615949999999827
0
LINE
8
BLACK
6
CONTINUOUS
10
140.8392240000000015
20
-144.5615949999999827
11
140.6487479999999834
21
-144.8473089999999956
0
LINE
8
BLACK
6
CONTINUOUS
10
140.6487479999999834
20
-144.8473089999999956
11
140.4582719999999938
21
-145.0377849999999853
0
LINE
8
BLACK
6
CONTINUOUS
10
140.4582719999999938
20
-145.0377849999999853
11
140.2677960000000041
21
-145.1330229999999801
0
LINE
8
BLACK
6
CONTINUOUS
10
143.2201770000000067
20
-144.5615949999999827
11
142.2677960000000041
21
-144.5615949999999827
0
LINE
8
BLACK
6
CONTINUOUS
10
142.2677960000000041
20
-144.5615949999999827
11
142.1725579999999809
21
-145.5139759999999853
0
LINE
8
BLACK
6
CONTINUOUS
10
142.1725579999999809
20
-145.5139759999999853
11
142.2677960000000041
21
-145.418736999999993
0
LINE
8
BLACK
6
CONTINUOUS
10
142.2677960000000041
20
-145.418736999999993
11
142.4582719999999938
21
-145.3234989999999982
0
LINE
8
BLACK
6
CONTINUOUS
10
142.4582719999999938
20
-145.3234989999999982
11
142.9344629999999938
21
-145.3234989999999982
0
LINE
8
BLACK
6
CONTINUOUS
10
142.9344629999999938
20
-145.3234989999999982
11
143.1249389999999835
21
-145.418736999999993
0
LINE
8
BLACK
6
CONTINUOUS
10
143.1249389999999835
20
-145.418736999999993
11
143.2201770000000067
21
-145.5139759999999853
0
LINE
8
BLACK
6
CONTINUOUS
10
143.2201770000000067
20
-145.5139759999999853
11
143.3154150000000016
21
-145.7044520000000034
0
LINE
8
BLACK
6
CONTINUOUS
10
143.3154150000000016
20
-145.7044520000000034
11
143.3154150000000016
21
-146.180642000000006
0
LINE
8
BLACK
6
CONTINUOUS
10
143.3154150000000016
20
-146.180642000000006
11
143.2201770000000067
21
-146.3711179999999956
0
LINE
8
BLACK
6
CONTINUOUS
10
143.2201770000000067
20
-146.3711179999999956
11
143.1249389999999835
21
-146.4663569999999879
0
LINE
8
BLACK
6
CONTINUOUS
10
143.1249389999999835
20
-146.4663569999999879
11
142.9344629999999938
21
-146.5615949999999827
0
LINE
8
BLACK
6
CONTINUOUS
10
142.9344629999999938
20
-146.5615949999999827
11
142.4582719999999938
21
-146.5615949999999827
0
LINE
8
BLACK
6
CONTINUOUS
10
142.4582719999999938
20
-146.5615949999999827
11
142.2677960000000041
21
-146.4663569999999879
0
LINE
8
BLACK
6
CONTINUOUS
10
142.2677960000000041
20
-146.4663569999999879
11
142.1725579999999809
21
-146.3711179999999956
0
LINE
8
BLACK
6
CONTINUOUS
10
143.9820819999999912
20
-144.5615949999999827
11
145.3154150000000016
21
-144.5615949999999827
0
LINE
8
BLACK
6
CONTINUOUS
10
145.3154150000000016
20
-144.5615949999999827
11
144.4582719999999938
21
-146.5615949999999827
0
LINE
8
BLACK
6
CONTINUOUS
10
147.0297009999999887
20
-144.5615949999999827
11
146.0773199999999861
21
-144.5615949999999827
0
LINE
8
BLACK
6
CONTINUOUS
10
146.0773199999999861
20
-144.5615949999999827
11
145.9820819999999912
21
-145.5139759999999853
0
LINE
8
BLACK
6
CONTINUOUS
10
145.9820819999999912
20
-145.5139759999999853
11
146.0773199999999861
21
-145.418736999999993
0
LINE
8
BLACK
6
CONTINUOUS
10
146.0773199999999861
20
-145.418736999999993
11
146.2677960000000041
21
-145.3234989999999982
0
LINE
8
BLACK
6
CONTINUOUS
10
146.2677960000000041
20
-145.3234989999999982
11
146.7439870000000042
21
-145.3234989999999982
0
LINE
8
BLACK
6
CONTINUOUS
10
146.7439870000000042
20
-145.3234989999999982
11
146.9344629999999938
21
-145.418736999999993
0
LINE
8
BLACK
6
CONTINUOUS
10
146.9344629999999938
20
-145.418736999999993
11
147.0297009999999887
21
-145.5139759999999853
0
LINE
8
BLACK
6
CONTINUOUS
10
147.0297009999999887
20
-145.5139759999999853
11
147.1249389999999835
21
-145.7044520000000034
0
LINE
8
BLACK
6
CONTINUOUS
10
147.1249389999999835
20
-145.7044520000000034
11
147.1249389999999835
21
-146.180642000000006
0
LINE
8
BLACK
6
CONTINUOUS
10
147.1249389999999835
20
-146.180642000000006
11
147.0297009999999887
21
-146.3711179999999956
0
LINE
8
BLACK
6
CONTINUOUS
10
147.0297009999999887
20
-146.3711179999999956
11
146.9344629999999938
21
-146.4663569999999879
0
LINE
8
BLACK
6
CONTINUOUS
10
146.9344629999999938
20
-146.4663569999999879
11
146.7439870000000042
21
-146.5615949999999827
0
LINE
8
BLACK
6
CONTINUOUS
10
146.7439870000000042
20
-146.5615949999999827
11
146.2677960000000041
21
-146.5615949999999827
0
LINE
8
BLACK
6
CONTINUOUS
10
146.2677960000000041
20
-146.5615949999999827
11
146.0773199999999861
21
-146.4663569999999879
0
LINE
8
BLACK
6
CONTINUOUS
10
146.0773199999999861
20
-146.4663569999999879
11
145.9820819999999912
21
-146.3711179999999956
0
LINE
8
BLACK
6
CONTINUOUS
10
147.8868439999999964
20
-144.5615949999999827
11
147.8868439999999964
21
-144.9425469999999905
0
LINE
8
BLACK
6
CONTINUOUS
10
148.6487489999999809
20
-144.5615949999999827
11
148.6487489999999809
21
-144.9425469999999905
0
LINE
8
BLACK
6
CONTINUOUS
10
151.601130999999981
20
-147.3234989999999982
11
151.5058919999999887
21
-147.2282610000000034
0
LINE
8
BLACK
6
CONTINUOUS
10
151.5058919999999887
20
-147.2282610000000034
11
151.315415999999999
21
-146.9425469999999905
0
LINE
8
BLACK
6
CONTINUOUS
10
151.315415999999999
20
-146.9425469999999905
11
151.2201780000000042
21
-146.7520710000000008
0
LINE
8
BLACK
6
CONTINUOUS
10
151.2201780000000042
20
-146.7520710000000008
11
151.124939999999981
21
-146.4663569999999879
0
LINE
8
BLACK
6
CONTINUOUS
10
151.124939999999981
20
-146.4663569999999879
11
151.0297019999999861
21
-145.9901659999999879
0
LINE
8
BLACK
6
CONTINUOUS
10
151.0297019999999861
20
-145.9901659999999879
11
151.0297019999999861
21
-145.6092139999999802
0
LINE
8
BLACK
6
CONTINUOUS
10
151.0297019999999861
20
-145.6092139999999802
11
151.124939999999981
21
-145.1330229999999801
0
LINE
8
BLACK
6
CONTINUOUS
10
151.124939999999981
20
-145.1330229999999801
11
151.2201780000000042
21
-144.8473089999999956
0
LINE
8
BLACK
6
CONTINUOUS
10
151.2201780000000042
20
-144.8473089999999956
11
151.315415999999999
21
-144.656833000000006
0
LINE
8
BLACK
6
CONTINUOUS
10
151.315415999999999
20
-144.656833000000006
11
151.5058919999999887
21
-144.3711179999999956
0
LINE
8
BLACK
6
CONTINUOUS
10
151.5058919999999887
20
-144.3711179999999956
11
151.601130999999981
21
-144.2758800000000008
0
LINE
8
BLACK
6
CONTINUOUS
10
152.2677970000000016
20
-144.7520710000000008
11
152.3630349999999964
21
-144.656833000000006
0
LINE
8
BLACK
6
CONTINUOUS
10
152.3630349999999964
20
-144.656833000000006
11
152.5535109999999861
21
-144.5615949999999827
0
LINE
8
BLACK
6
CONTINUOUS
10
152.5535109999999861
20
-144.5615949999999827
11
153.0297019999999861
21
-144.5615949999999827
0
LINE
8
BLACK
6
CONTINUOUS
10
153.0297019999999861
20
-144.5615949999999827
11
153.2201780000000042
21
-144.656833000000006
0
LINE
8
BLACK
6
CONTINUOUS
10
153.2201780000000042
20
-144.656833000000006
11
153.315415999999999
21
-144.7520710000000008
0
LINE
8
BLACK
6
CONTINUOUS
10
153.315415999999999
20
-144.7520710000000008
11
153.4106539999999939
21
-144.9425469999999905
0
LINE
8
BLACK
6
CONTINUOUS
10
153.4106539999999939
20
-144.9425469999999905
11
153.4106539999999939
21
-145.1330229999999801
0
LINE
8
BLACK
6
CONTINUOUS
10
153.4106539999999939
20
-145.1330229999999801
11
153.315415999999999
21
-145.418736999999993
0
LINE
8
BLACK
6
CONTINUOUS
10
153.315415999999999
20
-145.418736999999993
11
152.1725590000000068
21
-146.5615949999999827
0
LINE
8
BLACK
6
CONTINUOUS
10
152.1725590000000068
20
-146.5615949999999827
11
153.4106539999999939
21
-146.5615949999999827
0
LINE
8
BLACK
6
CONTINUOUS
10
155.7916069999999991
20
-146.5615949999999827
11
155.7916069999999991
21
-144.5615949999999827
0
LINE
8
BLACK
6
CONTINUOUS
10
156.6487500000000068
20
-146.5615949999999827
11
156.6487500000000068
21
-145.5139759999999853
0
LINE
8
BLACK
6
CONTINUOUS
10
156.6487500000000068
20
-145.5139759999999853
11
156.5535119999999836
21
-145.3234989999999982
0
LINE
8
BLACK
6
CONTINUOUS
10
156.5535119999999836
20
-145.3234989999999982
11
156.3630359999999939
21
-145.2282610000000034
0
LINE
8
BLACK
6
CONTINUOUS
10
156.3630359999999939
20
-145.2282610000000034
11
156.0773209999999835
21
-145.2282610000000034
0
LINE
8
BLACK
6
CONTINUOUS
10
156.0773209999999835
20
-145.2282610000000034
11
155.8868449999999939
21
-145.3234989999999982
0
LINE
8
BLACK
6
CONTINUOUS
10
155.8868449999999939
20
-145.3234989999999982
11
155.7916069999999991
21
-145.418736999999993
0
LINE
8
BLACK
6
CONTINUOUS
10
157.8868449999999939
20
-146.5615949999999827
11
157.6963690000000042
21
-146.4663569999999879
0
LINE
8
BLACK
6
CONTINUOUS
10
157.6963690000000042
20
-146.4663569999999879
11
157.601130999999981
21
-146.3711179999999956
0
LINE
8
BLACK
6
CONTINUOUS
10
157.601130999999981
20
-146.3711179999999956
11
157.5058929999999862
21
-146.180642000000006
0
LINE
8
BLACK
6
CONTINUOUS
10
157.5058929999999862
20
-146.180642000000006
11
157.5058929999999862
21
-145.6092139999999802
0
LINE
8
BLACK
6
CONTINUOUS
10
157.5058929999999862
20
-145.6092139999999802
11
157.601130999999981
21
-145.418736999999993
0
LINE
8
BLACK
6
CONTINUOUS
10
157.601130999999981
20
-145.418736999999993
11
157.6963690000000042
21
-145.3234989999999982
0
LINE
8
BLACK
6
CONTINUOUS
10
157.6963690000000042
20
-145.3234989999999982
11
157.8868449999999939
21
-145.2282610000000034
0
LINE
8
BLACK
6
CONTINUOUS
10
157.8868449999999939
20
-145.2282610000000034
11
158.1725600000000043
21
-145.2282610000000034
0
LINE
8
BLACK
6
CONTINUOUS
10
158.1725600000000043
20
-145.2282610000000034
11
158.3630359999999939
21
-145.3234989999999982
0
LINE
8
BLACK
6
CONTINUOUS
10
158.3630359999999939
20
-145.3234989999999982
11
158.4582739999999887
21
-145.418736999999993
0
LINE
8
BLACK
6
CONTINUOUS
10
158.4582739999999887
20
-145.418736999999993
11
158.5535119999999836
21
-145.6092139999999802
0
LINE
8
BLACK
6
CONTINUOUS
10
158.5535119999999836
20
-145.6092139999999802
11
158.5535119999999836
21
-146.180642000000006
0
LINE
8
BLACK
6
CONTINUOUS
10
158.5535119999999836
20
-146.180642000000006
11
158.4582739999999887
21
-146.3711179999999956
0
LINE
8
BLACK
6
CONTINUOUS
10
158.4582739999999887
20
-146.3711179999999956
11
158.3630359999999939
21
-146.4663569999999879
0
LINE
8
BLACK
6
CONTINUOUS
10
158.3630359999999939
20
-146.4663569999999879
11
158.1725600000000043
21
-146.5615949999999827
0
LINE
8
BLACK
6
CONTINUOUS
10
158.1725600000000043
20
-146.5615949999999827
11
157.8868449999999939
21
-146.5615949999999827
0
LINE
8
BLACK
6
CONTINUOUS
10
159.6963690000000042
20
-146.5615949999999827
11
159.5058929999999862
21
-146.4663569999999879
0
LINE
8
BLACK
6
CONTINUOUS
10
159.5058929999999862
20
-146.4663569999999879
11
159.4106549999999913
21
-146.2758800000000008
0
LINE
8
BLACK
6
CONTINUOUS
10
159.4106549999999913
20
-146.2758800000000008
11
159.4106549999999913
21
-144.5615949999999827
0
LINE
8
BLACK
6
CONTINUOUS
10
161.2201790000000017
20
-146.4663569999999879
11
161.0297029999999836
21
-146.5615949999999827
0
LINE
8
BLACK
6
CONTINUOUS
10
161.0297029999999836
20
-146.5615949999999827
11
160.6487500000000068
21
-146.5615949999999827
0
LINE
8
BLACK
6
CONTINUOUS
10
160.6487500000000068
20
-146.5615949999999827
11
160.4582739999999887
21
-146.4663569999999879
0
LINE
8
BLACK
6
CONTINUOUS
10
160.4582739999999887
20
-146.4663569999999879
11
160.3630359999999939
21
-146.2758800000000008
0
LINE
8
BLACK
6
CONTINUOUS
10
160.3630359999999939
20
-146.2758800000000008
11
160.3630359999999939
21
-145.5139759999999853
0
LINE
8
BLACK
6
CONTINUOUS
10
160.3630359999999939
20
-145.5139759999999853
11
160.4582739999999887
21
-145.3234989999999982
0
LINE
8
BLACK
6
CONTINUOUS
10
160.4582739999999887
20
-145.3234989999999982
11
160.6487500000000068
21
-145.2282610000000034
0
LINE
8
BLACK
6
CONTINUOUS
10
160.6487500000000068
20
-145.2282610000000034
11
161.0297029999999836
21
-145.2282610000000034
0
LINE
8
BLACK
6
CONTINUOUS
10
161.0297029999999836
20
-145.2282610000000034
11
161.2201790000000017
21
-145.3234989999999982
0
LINE
8
BLACK
6
CONTINUOUS
10
161.2201790000000017
20
-145.3234989999999982
11
161.3154169999999965
21
-145.5139759999999853
0
LINE
8
BLACK
6
CONTINUOUS
10
161.3154169999999965
20
-145.5139759999999853
11
161.3154169999999965
21
-145.7044520000000034
0
LINE
8
BLACK
6
CONTINUOUS
10
161.3154169999999965
20
-145.7044520000000034
11
160.3630359999999939
21
-145.8949279999999931
0
LINE
8
BLACK
6
CONTINUOUS
10
162.077321999999981
20
-146.4663569999999879
11
162.2677979999999991
21
-146.5615949999999827
0
LINE
8
BLACK
6
CONTINUOUS
10
162.2677979999999991
20
-146.5615949999999827
11
162.6487500000000068
21
-146.5615949999999827
0
LINE
8
BLACK
6
CONTINUOUS
10
162.6487500000000068
20
-146.5615949999999827
11
162.839226999999994
21
-146.4663569999999879
0
LINE
8
BLACK
6
CONTINUOUS
10
162.839226999999994
20
-146.4663569999999879
11
162.9344649999999888
21
-146.2758800000000008
0
LINE
8
BLACK
6
CONTINUOUS
10
162.9344649999999888
20
-146.2758800000000008
11
162.9344649999999888
21
-146.180642000000006
0
LINE
8
BLACK
6
CONTINUOUS
10
162.9344649999999888
20
-146.180642000000006
11
162.839226999999994
21
-145.9901659999999879
0
LINE
8
BLACK
6
CONTINUOUS
10
162.839226999999994
20
-145.9901659999999879
11
162.6487500000000068
21
-145.8949279999999931
0
LINE
8
BLACK
6
CONTINUOUS
10
162.6487500000000068
20
-145.8949279999999931
11
162.3630359999999939
21
-145.8949279999999931
0
LINE
8
BLACK
6
CONTINUOUS
10
162.3630359999999939
20
-145.8949279999999931
11
162.1725600000000043
21
-145.7996899999999982
0
LINE
8
BLACK
6
CONTINUOUS
10
162.1725600000000043
20
-145.7996899999999982
11
162.077321999999981
21
-145.6092139999999802
0
LINE
8
BLACK
6
CONTINUOUS
10
162.077321999999981
20
-145.6092139999999802
11
162.077321999999981
21
-145.5139759999999853
0
LINE
8
BLACK
6
CONTINUOUS
10
162.077321999999981
20
-145.5139759999999853
11
162.1725600000000043
21
-145.3234989999999982
0
LINE
8
BLACK
6
CONTINUOUS
10
162.1725600000000043
20
-145.3234989999999982
11
162.3630359999999939
21
-145.2282610000000034
0
LINE
8
BLACK
6
CONTINUOUS
10
162.3630359999999939
20
-145.2282610000000034
11
162.6487500000000068
21
-145.2282610000000034
0
LINE
8
BLACK
6
CONTINUOUS
10
162.6487500000000068
20
-145.2282610000000034
11
162.839226999999994
21
-145.3234989999999982
0
LINE
8
BLACK
6
CONTINUOUS
10
163.6011319999999785
20
-147.3234989999999982
11
163.6963700000000017
21
-147.2282610000000034
0
LINE
8
BLACK
6
CONTINUOUS
10
163.6963700000000017
20
-147.2282610000000034
11
163.8868459999999914
21
-146.9425469999999905
0
LINE
8
BLACK
6
CONTINUOUS
10
163.8868459999999914
20
-146.9425469999999905
11
163.9820839999999862
21
-146.7520710000000008
0
LINE
8
BLACK
6
CONTINUOUS
10
163.9820839999999862
20
-146.7520710000000008
11
164.077321999999981
21
-146.4663569999999879
0
LINE
8
BLACK
6
CONTINUOUS
10
164.077321999999981
20
-146.4663569999999879
11
164.1725600000000043
21
-145.9901659999999879
0
LINE
8
BLACK
6
CONTINUOUS
10
164.1725600000000043
20
-145.9901659999999879
11
164.1725600000000043
21
-145.6092139999999802
0
LINE
8
BLACK
6
CONTINUOUS
10
164.1725600000000043
20
-145.6092139999999802
11
164.077321999999981
21
-145.1330229999999801
0
LINE
8
BLACK
6
CONTINUOUS
10
164.077321999999981
20
-145.1330229999999801
11
163.9820839999999862
21
-144.8473089999999956
0
LINE
8
BLACK
6
CONTINUOUS
10
163.9820839999999862
20
-144.8473089999999956
11
163.8868459999999914
21
-144.656833000000006
0
LINE
8
BLACK
6
CONTINUOUS
10
163.8868459999999914
20
-144.656833000000006
11
163.6963700000000017
21
-144.3711179999999956
0
LINE
8
BLACK
6
CONTINUOUS
10
163.6963700000000017
20
-144.3711179999999956
11
163.6011319999999785
21
-144.2758800000000008
0
LINE
8
BLACK
6
CONTINUOUS
10
113.8505019999999917
20
-147.8467569999999967
11
115.8505019999999917
21
-149.8467569999999967
0
LINE
8
BLACK
6
CONTINUOUS
10
115.8505019999999917
20
-147.8467569999999967
11
113.8505019999999917
21
-149.8467569999999967
0
CIRCLE
8
BLACK
10
114.8505019999999917
20
-148.8467569999999967
40
1.
0
LINE
8
BLACK
6
CONTINUOUS
10
118.267793999999995
20
-147.7615949999999998
11
119.5058889999999963
21
-147.7615949999999998
0
LINE
8
BLACK
6
CONTINUOUS
10
119.5058889999999963
20
-147.7615949999999998
11
118.8392219999999924
21
-148.5234989999999868
0
LINE
8
BLACK
6
CONTINUOUS
10
118.8392219999999924
20
-148.5234989999999868
11
119.1249369999999885
21
-148.5234989999999868
0
LINE
8
BLACK
6
CONTINUOUS
10
119.1249369999999885
20
-148.5234989999999868
11
119.3154129999999924
21
-148.6187369999999817
0
LINE
8
BLACK
6
CONTINUOUS
10
119.3154129999999924
20
-148.6187369999999817
11
119.4106510000000014
21
-148.7139760000000024
0
LINE
8
BLACK
6
CONTINUOUS
10
119.4106510000000014
20
-148.7139760000000024
11
119.5058889999999963
21
-148.904451999999992
0
LINE
8
BLACK
6
CONTINUOUS
10
119.5058889999999963
20
-148.904451999999992
11
119.5058889999999963
21
-149.3806419999999946
0
LINE
8
BLACK
6
CONTINUOUS
10
119.5058889999999963
20
-149.3806419999999946
11
119.4106510000000014
21
-149.5711179999999842
0
LINE
8
BLACK
6
CONTINUOUS
10
119.4106510000000014
20
-149.5711179999999842
11
119.3154129999999924
21
-149.666357000000005
0
LINE
8
BLACK
6
CONTINUOUS
10
119.3154129999999924
20
-149.666357000000005
11
119.1249369999999885
21
-149.7615949999999998
0
LINE
8
BLACK
6
CONTINUOUS
10
119.1249369999999885
20
-149.7615949999999998
11
118.5535079999999937
21
-149.7615949999999998
0
LINE
8
BLACK
6
CONTINUOUS
10
118.5535079999999937
20
-149.7615949999999998
11
118.3630319999999898
21
-149.666357000000005
0
LINE
8
BLACK
6
CONTINUOUS
10
118.3630319999999898
20
-149.666357000000005
11
118.267793999999995
21
-149.5711179999999842
0
LINE
8
BLACK
6
CONTINUOUS
10
120.3630319999999898
20
-149.5711179999999842
11
120.4582699999999988
21
-149.666357000000005
0
LINE
8
BLACK
6
CONTINUOUS
10
120.4582699999999988
20
-149.666357000000005
11
120.3630319999999898
21
-149.7615949999999998
0
LINE
8
BLACK
6
CONTINUOUS
10
120.3630319999999898
20
-149.7615949999999998
11
120.267793999999995
21
-149.666357000000005
0
LINE
8
BLACK
6
CONTINUOUS
10
120.267793999999995
20
-149.666357000000005
11
120.3630319999999898
21
-149.5711179999999842
0
LINE
8
BLACK
6
CONTINUOUS
10
120.3630319999999898
20
-149.5711179999999842
11
120.3630319999999898
21
-149.7615949999999998
0
LINE
8
BLACK
6
CONTINUOUS
10
121.2201749999999976
20
-147.9520709999999895
11
121.3154129999999924
21
-147.8568329999999946
0
LINE
8
BLACK
6
CONTINUOUS
10
121.3154129999999924
20
-147.8568329999999946
11
121.5058889999999963
21
-147.7615949999999998
0
LINE
8
BLACK
6
CONTINUOUS
10
121.5058889999999963
20
-147.7615949999999998
11
121.9820799999999963
21
-147.7615949999999998
0
LINE
8
BLACK
6
CONTINUOUS
10
121.9820799999999963
20
-147.7615949999999998
11
122.1725560000000002
21
-147.8568329999999946
0
LINE
8
BLACK
6
CONTINUOUS
10
122.1725560000000002
20
-147.8568329999999946
11
122.267793999999995
21
-147.9520709999999895
0
LINE
8
BLACK
6
CONTINUOUS
10
122.267793999999995
20
-147.9520709999999895
11
122.3630319999999898
21
-148.1425469999999791
0
LINE
8
BLACK
6
CONTINUOUS
10
122.3630319999999898
20
-148.1425469999999791
11
122.3630319999999898
21
-148.3330229999999972
0
LINE
8
BLACK
6
CONTINUOUS
10
122.3630319999999898
20
-148.3330229999999972
11
122.267793999999995
21
-148.6187369999999817
0
LINE
8
BLACK
6
CONTINUOUS
10
122.267793999999995
20
-148.6187369999999817
11
121.1249369999999885
21
-149.7615949999999998
0
LINE
8
BLACK
6
CONTINUOUS
10
121.1249369999999885
20
-149.7615949999999998
11
122.3630319999999898
21
-149.7615949999999998
0
LINE
8
BLACK
6
CONTINUOUS
10
123.6011269999999911
20
-147.7615949999999998
11
123.7916039999999924
21
-147.7615949999999998
0
LINE
8
BLACK
6
CONTINUOUS
10
123.7916039999999924
20
-147.7615949999999998
11
123.9820799999999963
21
-147.8568329999999946
0
LINE
8
BLACK
6
CONTINUOUS
10
123.9820799999999963
20
-147.8568329999999946
11
124.0773179999999911
21
-147.9520709999999895
0
LINE
8
BLACK
6
CONTINUOUS
10
124.0773179999999911
20
-147.9520709999999895
11
124.1725560000000002
21
-148.1425469999999791
0
LINE
8
BLACK
6
CONTINUOUS
10
124.1725560000000002
20
-148.1425469999999791
11
124.267793999999995
21
-148.5234989999999868
0
LINE
8
BLACK
6
CONTINUOUS
10
124.267793999999995
20
-148.5234989999999868
11
124.267793999999995
21
-148.9996899999999869
0
LINE
8
BLACK
6
CONTINUOUS
10
124.267793999999995
20
-148.9996899999999869
11
124.1725560000000002
21
-149.3806419999999946
0
LINE
8
BLACK
6
CONTINUOUS
10
124.1725560000000002
20
-149.3806419999999946
11
124.0773179999999911
21
-149.5711179999999842
0
LINE
8
BLACK
6
CONTINUOUS
10
124.0773179999999911
20
-149.5711179999999842
11
123.9820799999999963
21
-149.666357000000005
0
LINE
8
BLACK
6
CONTINUOUS
10
123.9820799999999963
20
-149.666357000000005
11
123.7916039999999924
21
-149.7615949999999998
0
LINE
8
BLACK
6
CONTINUOUS
10
123.7916039999999924
20
-149.7615949999999998
11
123.6011269999999911
21
-149.7615949999999998
0
LINE
8
BLACK
6
CONTINUOUS
10
123.6011269999999911
20
-149.7615949999999998
11
123.4106510000000014
21
-149.666357000000005
0
LINE
8
BLACK
6
CONTINUOUS
10
123.4106510000000014
20
-149.666357000000005
11
123.3154129999999924
21
-149.5711179999999842
0
LINE
8
BLACK
6
CONTINUOUS
10
123.3154129999999924
20
-149.5711179999999842
11
123.2201749999999976
21
-149.3806419999999946
0
LINE
8
BLACK
6
CONTINUOUS
10
123.2201749999999976
20
-149.3806419999999946
11
123.1249369999999885
21
-148.9996899999999869
0
LINE
8
BLACK
6
CONTINUOUS
10
123.1249369999999885
20
-148.9996899999999869
11
123.1249369999999885
21
-148.5234989999999868
0
LINE
8
BLACK
6
CONTINUOUS
10
123.1249369999999885
20
-148.5234989999999868
11
123.2201749999999976
21
-148.1425469999999791
0
LINE
8
BLACK
6
CONTINUOUS
10
123.2201749999999976
20
-148.1425469999999791
11
123.3154129999999924
21
-147.9520709999999895
0
LINE
8
BLACK
6
CONTINUOUS
10
123.3154129999999924
20
-147.9520709999999895
11
123.4106510000000014
21
-147.8568329999999946
0
LINE
8
BLACK
6
CONTINUOUS
10
123.4106510000000014
20
-147.8568329999999946
11
123.6011269999999911
21
-147.7615949999999998
0
LINE
8
BLACK
6
CONTINUOUS
10
125.5058889999999963
20
-147.7615949999999998
11
125.6963659999999976
21
-147.7615949999999998
0
LINE
8
BLACK
6
CONTINUOUS
10
125.6963659999999976
20
-147.7615949999999998
11
125.8868419999999873
21
-147.8568329999999946
0
LINE
8
BLACK
6
CONTINUOUS
10
125.8868419999999873
20
-147.8568329999999946
11
125.9820799999999963
21
-147.9520709999999895
0
LINE
8
BLACK
6
CONTINUOUS
10
125.9820799999999963
20
-147.9520709999999895
11
126.0773179999999911
21
-148.1425469999999791
0
LINE
8
BLACK
6
CONTINUOUS
10
126.0773179999999911
20
-148.1425469999999791
11
126.1725560000000002
21
-148.5234989999999868
0
LINE
8
BLACK
6
CONTINUOUS
10
126.1725560000000002
20
-148.5234989999999868
11
126.1725560000000002
21
-148.9996899999999869
0
LINE
8
BLACK
6
CONTINUOUS
10
126.1725560000000002
20
-148.9996899999999869
11
126.0773179999999911
21
-149.3806419999999946
0
LINE
8
BLACK
6
CONTINUOUS
10
126.0773179999999911
20
-149.3806419999999946
11
125.9820799999999963
21
-149.5711179999999842
0
LINE
8
BLACK
6
CONTINUOUS
10
125.9820799999999963
20
-149.5711179999999842
11
125.8868419999999873
21
-149.666357000000005
0
LINE
8
BLACK
6
CONTINUOUS
10
125.8868419999999873
20
-149.666357000000005
11
125.6963659999999976
21
-149.7615949999999998
0
LINE
8
BLACK
6
CONTINUOUS
10
125.6963659999999976
20
-149.7615949999999998
11
125.5058889999999963
21
-149.7615949999999998
0
LINE
8
BLACK
6
CONTINUOUS
10
125.5058889999999963
20
-149.7615949999999998
11
125.3154129999999924
21
-149.666357000000005
0
LINE
8
BLACK
6
CONTINUOUS
10
125.3154129999999924
20
-149.666357000000005
11
125.2201749999999976
21
-149.5711179999999842
0
LINE
8
BLACK
6
CONTINUOUS
10
125.2201749999999976
20
-149.5711179999999842
11
125.1249369999999885
21
-149.3806419999999946
0
LINE
8
BLACK
6
CONTINUOUS
10
125.1249369999999885
20
-149.3806419999999946
11
125.0296989999999937
21
-148.9996899999999869
0
LINE
8
BLACK
6
CONTINUOUS
10
125.0296989999999937
20
-148.9996899999999869
11
125.0296989999999937
21
-148.5234989999999868
0
LINE
8
BLACK
6
CONTINUOUS
10
125.0296989999999937
20
-148.5234989999999868
11
125.1249369999999885
21
-148.1425469999999791
0
LINE
8
BLACK
6
CONTINUOUS
10
125.1249369999999885
20
-148.1425469999999791
11
125.2201749999999976
21
-147.9520709999999895
0
LINE
8
BLACK
6
CONTINUOUS
10
125.2201749999999976
20
-147.9520709999999895
11
125.3154129999999924
21
-147.8568329999999946
0
LINE
8
BLACK
6
CONTINUOUS
10
125.3154129999999924
20
-147.8568329999999946
11
125.5058889999999963
21
-147.7615949999999998
0
LINE
8
BLACK
6
CONTINUOUS
10
127.0296989999999937
20
-149.7615949999999998
11
127.0296989999999937
21
-148.428260999999992
0
LINE
8
BLACK
6
CONTINUOUS
10
127.0296989999999937
20
-148.6187369999999817
11
127.1249369999999885
21
-148.5234989999999868
0
LINE
8
BLACK
6
CONTINUOUS
10
127.1249369999999885
20
-148.5234989999999868
11
127.3154129999999924
21
-148.428260999999992
0
LINE
8
BLACK
6
CONTINUOUS
10
127.3154129999999924
20
-148.428260999999992
11
127.6011279999999886
21
-148.428260999999992
0
LINE
8
BLACK
6
CONTINUOUS
10
127.6011279999999886
20
-148.428260999999992
11
127.7916039999999924
21
-148.5234989999999868
0
LINE
8
BLACK
6
CONTINUOUS
10
127.7916039999999924
20
-148.5234989999999868
11
127.8868419999999873
21
-148.7139760000000024
0
LINE
8
BLACK
6
CONTINUOUS
10
127.8868419999999873
20
-148.7139760000000024
11
127.8868419999999873
21
-149.7615949999999998
0
LINE
8
BLACK
6
CONTINUOUS
10
127.8868419999999873
20
-148.7139760000000024
11
127.9820799999999963
21
-148.5234989999999868
0
LINE
8
BLACK
6
CONTINUOUS
10
127.9820799999999963
20
-148.5234989999999868
11
128.1725559999999859
21
-148.428260999999992
0
LINE
8
BLACK
6
CONTINUOUS
10
128.1725559999999859
20
-148.428260999999992
11
128.4582699999999988
21
-148.428260999999992
0
LINE
8
BLACK
6
CONTINUOUS
10
128.4582699999999988
20
-148.428260999999992
11
128.648746999999986
21
-148.5234989999999868
0
LINE
8
BLACK
6
CONTINUOUS
10
128.648746999999986
20
-148.5234989999999868
11
128.7439849999999808
21
-148.7139760000000024
0
LINE
8
BLACK
6
CONTINUOUS
10
128.7439849999999808
20
-148.7139760000000024
11
128.7439849999999808
21
-149.7615949999999998
0
LINE
8
BLACK
6
CONTINUOUS
10
129.6963659999999834
20
-149.7615949999999998
11
129.6963659999999834
21
-148.428260999999992
0
LINE
8
BLACK
6
CONTINUOUS
10
129.6963659999999834
20
-148.6187369999999817
11
129.7916040000000066
21
-148.5234989999999868
0
LINE
8
BLACK
6
CONTINUOUS
10
129.7916040000000066
20
-148.5234989999999868
11
129.9820799999999963
21
-148.428260999999992
0
LINE
8
BLACK
6
CONTINUOUS
10
129.9820799999999963
20
-148.428260999999992
11
130.2677950000000067
21
-148.428260999999992
0
LINE
8
BLACK
6
CONTINUOUS
10
130.2677950000000067
20
-148.428260999999992
11
130.4582709999999963
21
-148.5234989999999868
0
LINE
8
BLACK
6
CONTINUOUS
10
130.4582709999999963
20
-148.5234989999999868
11
130.5535089999999911
21
-148.7139760000000024
0
LINE
8
BLACK
6
CONTINUOUS
10
130.5535089999999911
20
-148.7139760000000024
11
130.5535089999999911
21
-149.7615949999999998
0
LINE
8
BLACK
6
CONTINUOUS
10
130.5535089999999911
20
-148.7139760000000024
11
130.648746999999986
21
-148.5234989999999868
0
LINE
8
BLACK
6
CONTINUOUS
10
130.648746999999986
20
-148.5234989999999868
11
130.839223000000004
21
-148.428260999999992
0
LINE
8
BLACK
6
CONTINUOUS
10
130.839223000000004
20
-148.428260999999992
11
131.1249369999999885
21
-148.428260999999992
0
LINE
8
BLACK
6
CONTINUOUS
10
131.1249369999999885
20
-148.428260999999992
11
131.3154140000000041
21
-148.5234989999999868
0
LINE
8
BLACK
6
CONTINUOUS
10
131.3154140000000041
20
-148.5234989999999868
11
131.4106519999999989
21
-148.7139760000000024
0
LINE
8
BLACK
6
CONTINUOUS
10
131.4106519999999989
20
-148.7139760000000024
11
131.4106519999999989
21
-149.7615949999999998
0
LINE
8
BLACK
6
CONTINUOUS
10
135.3154140000000041
20
-147.666357000000005
11
133.601128999999986
21
-150.2377850000000024
0
LINE
8
BLACK
6
CONTINUOUS
10
137.8868429999999989
20
-147.7615949999999998
11
138.0773199999999861
21
-147.7615949999999998
0
LINE
8
BLACK
6
CONTINUOUS
10
138.0773199999999861
20
-147.7615949999999998
11
138.2677960000000041
21
-147.8568329999999946
0
LINE
8
BLACK
6
CONTINUOUS
10
138.2677960000000041
20
-147.8568329999999946
11
138.363033999999999
21
-147.9520709999999895
0
LINE
8
BLACK
6
CONTINUOUS
10
138.363033999999999
20
-147.9520709999999895
11
138.4582719999999938
21
-148.1425469999999791
0
LINE
8
BLACK
6
CONTINUOUS
10
138.4582719999999938
20
-148.1425469999999791
11
138.5535099999999886
21
-148.5234989999999868
0
LINE
8
BLACK
6
CONTINUOUS
10
138.5535099999999886
20
-148.5234989999999868
11
138.5535099999999886
21
-148.9996899999999869
0
LINE
8
BLACK
6
CONTINUOUS
10
138.5535099999999886
20
-148.9996899999999869
11
138.4582719999999938
21
-149.3806419999999946
0
LINE
8
BLACK
6
CONTINUOUS
10
138.4582719999999938
20
-149.3806419999999946
11
138.363033999999999
21
-149.5711179999999842
0
LINE
8
BLACK
6
CONTINUOUS
10
138.363033999999999
20
-149.5711179999999842
11
138.2677960000000041
21
-149.666357000000005
0
LINE
8
BLACK
6
CONTINUOUS
10
138.2677960000000041
20
-149.666357000000005
11
138.0773199999999861
21
-149.7615949999999998
0
LINE
8
BLACK
6
CONTINUOUS
10
138.0773199999999861
20
-149.7615949999999998
11
137.8868429999999989
21
-149.7615949999999998
0
LINE
8
BLACK
6
CONTINUOUS
10
137.8868429999999989
20
-149.7615949999999998
11
137.6963669999999809
21
-149.666357000000005
0
LINE
8
BLACK
6
CONTINUOUS
10
137.6963669999999809
20
-149.666357000000005
11
137.601128999999986
21
-149.5711179999999842
0
LINE
8
BLACK
6
CONTINUOUS
10
137.601128999999986
20
-149.5711179999999842
11
137.5058909999999912
21
-149.3806419999999946
0
LINE
8
BLACK
6
CONTINUOUS
10
137.5058909999999912
20
-149.3806419999999946
11
137.4106529999999964
21
-148.9996899999999869
0
LINE
8
BLACK
6
CONTINUOUS
10
137.4106529999999964
20
-148.9996899999999869
11
137.4106529999999964
21
-148.5234989999999868
0
LINE
8
BLACK
6
CONTINUOUS
10
137.4106529999999964
20
-148.5234989999999868
11
137.5058909999999912
21
-148.1425469999999791
0
LINE
8
BLACK
6
CONTINUOUS
10
137.5058909999999912
20
-148.1425469999999791
11
137.601128999999986
21
-147.9520709999999895
0
LINE
8
BLACK
6
CONTINUOUS
10
137.601128999999986
20
-147.9520709999999895
11
137.6963669999999809
21
-147.8568329999999946
0
LINE
8
BLACK
6
CONTINUOUS
10
137.6963669999999809
20
-147.8568329999999946
11
137.8868429999999989
21
-147.7615949999999998
0
LINE
8
BLACK
6
CONTINUOUS
10
139.4106529999999964
20
-149.5711179999999842
11
139.5058909999999912
21
-149.666357000000005
0
LINE
8
BLACK
6
CONTINUOUS
10
139.5058909999999912
20
-149.666357000000005
11
139.4106529999999964
21
-149.7615949999999998
0
LINE
8
BLACK
6
CONTINUOUS
10
139.4106529999999964
20
-149.7615949999999998
11
139.3154150000000016
21
-149.666357000000005
0
LINE
8
BLACK
6
CONTINUOUS
10
139.3154150000000016
20
-149.666357000000005
11
139.4106529999999964
21
-149.5711179999999842
0
LINE
8
BLACK
6
CONTINUOUS
10
139.4106529999999964
20
-149.5711179999999842
11
139.4106529999999964
21
-149.7615949999999998
0
LINE
8
BLACK
6
CONTINUOUS
10
141.4106529999999964
20
-149.7615949999999998
11
140.2677960000000041
21
-149.7615949999999998
0
LINE
8
BLACK
6
CONTINUOUS
10
140.8392240000000015
20
-149.7615949999999998
11
140.8392240000000015
21
-147.7615949999999998
0
LINE
8
BLACK
6
CONTINUOUS
10
140.8392240000000015
20
-147.7615949999999998
11
140.6487479999999834
21
-148.0473089999999843
0
LINE
8
BLACK
6
CONTINUOUS
10
140.6487479999999834
20
-148.0473089999999843
11
140.4582719999999938
21
-148.2377850000000024
0
LINE
8
BLACK
6
CONTINUOUS
10
140.4582719999999938
20
-148.2377850000000024
11
140.2677960000000041
21
-148.3330229999999972
0
LINE
8
BLACK
6
CONTINUOUS
10
142.1725579999999809
20
-147.9520709999999895
11
142.2677960000000041
21
-147.8568329999999946
0
LINE
8
BLACK
6
CONTINUOUS
10
142.2677960000000041
20
-147.8568329999999946
11
142.4582719999999938
21
-147.7615949999999998
0
LINE
8
BLACK
6
CONTINUOUS
10
142.4582719999999938
20
-147.7615949999999998
11
142.9344629999999938
21
-147.7615949999999998
0
LINE
8
BLACK
6
CONTINUOUS
10
142.9344629999999938
20
-147.7615949999999998
11
143.1249389999999835
21
-147.8568329999999946
0
LINE
8
BLACK
6
CONTINUOUS
10
143.1249389999999835
20
-147.8568329999999946
11
143.2201770000000067
21
-147.9520709999999895
0
LINE
8
BLACK
6
CONTINUOUS
10
143.2201770000000067
20
-147.9520709999999895
11
143.3154150000000016
21
-148.1425469999999791
0
LINE
8
BLACK
6
CONTINUOUS
10
143.3154150000000016
20
-148.1425469999999791
11
143.3154150000000016
21
-148.3330229999999972
0
LINE
8
BLACK
6
CONTINUOUS
10
143.3154150000000016
20
-148.3330229999999972
11
143.2201770000000067
21
-148.6187369999999817
0
LINE
8
BLACK
6
CONTINUOUS
10
143.2201770000000067
20
-148.6187369999999817
11
142.0773199999999861
21
-149.7615949999999998
0
LINE
8
BLACK
6
CONTINUOUS
10
142.0773199999999861
20
-149.7615949999999998
11
143.3154150000000016
21
-149.7615949999999998
0
LINE
8
BLACK
6
CONTINUOUS
10
145.0297009999999887
20
-147.7615949999999998
11
144.6487479999999834
21
-147.7615949999999998
0
LINE
8
BLACK
6
CONTINUOUS
10
144.6487479999999834
20
-147.7615949999999998
11
144.4582719999999938
21
-147.8568329999999946
0
LINE
8
BLACK
6
CONTINUOUS
10
144.4582719999999938
20
-147.8568329999999946
11
144.363033999999999
21
-147.9520709999999895
0
LINE
8
BLACK
6
CONTINUOUS
10
144.363033999999999
20
-147.9520709999999895
11
144.1725579999999809
21
-148.2377850000000024
0
LINE
8
BLACK
6
CONTINUOUS
10
144.1725579999999809
20
-148.2377850000000024
11
144.0773199999999861
21
-148.6187369999999817
0
LINE
8
BLACK
6
CONTINUOUS
10
144.0773199999999861
20
-148.6187369999999817
11
144.0773199999999861
21
-149.3806419999999946
0
LINE
8
BLACK
6
CONTINUOUS
10
144.0773199999999861
20
-149.3806419999999946
11
144.1725579999999809
21
-149.5711179999999842
0
LINE
8
BLACK
6
CONTINUOUS
10
144.1725579999999809
20
-149.5711179999999842
11
144.2677960000000041
21
-149.666357000000005
0
LINE
8
BLACK
6
CONTINUOUS
10
144.2677960000000041
20
-149.666357000000005
11
144.4582719999999938
21
-149.7615949999999998
0
LINE
8
BLACK
6
CONTINUOUS
10
144.4582719999999938
20
-149.7615949999999998
11
144.839224999999999
21
-149.7615949999999998
0
LINE
8
BLACK
6
CONTINUOUS
10
144.839224999999999
20
-149.7615949999999998
11
145.0297009999999887
21
-149.666357000000005
0
LINE
8
BLACK
6
CONTINUOUS
10
145.0297009999999887
20
-149.666357000000005
11
145.1249389999999835
21
-149.5711179999999842
0
LINE
8
BLACK
6
CONTINUOUS
10
145.1249389999999835
20
-149.5711179999999842
11
145.2201770000000067
21
-149.3806419999999946
0
LINE
8
BLACK
6
CONTINUOUS
10
145.2201770000000067
20
-149.3806419999999946
11
145.2201770000000067
21
-148.904451999999992
0
LINE
8
BLACK
6
CONTINUOUS
10
145.2201770000000067
20
-148.904451999999992
11
145.1249389999999835
21
-148.7139760000000024
0
LINE
8
BLACK
6
CONTINUOUS
10
145.1249389999999835
20
-148.7139760000000024
11
145.0297009999999887
21
-148.6187369999999817
0
LINE
8
BLACK
6
CONTINUOUS
10
145.0297009999999887
20
-148.6187369999999817
11
144.839224999999999
21
-148.5234989999999868
0
LINE
8
BLACK
6
CONTINUOUS
10
144.839224999999999
20
-148.5234989999999868
11
144.4582719999999938
21
-148.5234989999999868
0
LINE
8
BLACK
6
CONTINUOUS
10
144.4582719999999938
20
-148.5234989999999868
11
144.2677960000000041
21
-148.6187369999999817
0
LINE
8
BLACK
6
CONTINUOUS
10
144.2677960000000041
20
-148.6187369999999817
11
144.1725579999999809
21
-148.7139760000000024
0
LINE
8
BLACK
6
CONTINUOUS
10
144.1725579999999809
20
-148.7139760000000024
11
144.0773199999999861
21
-148.904451999999992
0
LINE
8
BLACK
6
CONTINUOUS
10
146.4582719999999938
20
-147.7615949999999998
11
146.6487489999999809
21
-147.7615949999999998
0
LINE
8
BLACK
6
CONTINUOUS
10
146.6487489999999809
20
-147.7615949999999998
11
146.839224999999999
21
-147.8568329999999946
0
LINE
8
BLACK
6
CONTINUOUS
10
146.839224999999999
20
-147.8568329999999946
11
146.9344629999999938
21
-147.9520709999999895
0
LINE
8
BLACK
6
CONTINUOUS
10
146.9344629999999938
20
-147.9520709999999895
11
147.0297009999999887
21
-148.1425469999999791
0
LINE
8
BLACK
6
CONTINUOUS
10
147.0297009999999887
20
-148.1425469999999791
11
147.1249389999999835
21
-148.5234989999999868
0
LINE
8
BLACK
6
CONTINUOUS
10
147.1249389999999835
20
-148.5234989999999868
11
147.1249389999999835
21
-148.9996899999999869
0
LINE
8
BLACK
6
CONTINUOUS
10
147.1249389999999835
20
-148.9996899999999869
11
147.0297009999999887
21
-149.3806419999999946
0
LINE
8
BLACK
6
CONTINUOUS
10
147.0297009999999887
20
-149.3806419999999946
11
146.9344629999999938
21
-149.5711179999999842
0
LINE
8
BLACK
6
CONTINUOUS
10
146.9344629999999938
20
-149.5711179999999842
11
146.839224999999999
21
-149.666357000000005
0
LINE
8
BLACK
6
CONTINUOUS
10
146.839224999999999
20
-149.666357000000005
11
146.6487489999999809
21
-149.7615949999999998
0
LINE
8
BLACK
6
CONTINUOUS
10
146.6487489999999809
20
-149.7615949999999998
11
146.4582719999999938
21
-149.7615949999999998
0
LINE
8
BLACK
6
CONTINUOUS
10
146.4582719999999938
20
-149.7615949999999998
11
146.2677960000000041
21
-149.666357000000005
0
LINE
8
BLACK
6
CONTINUOUS
10
146.2677960000000041
20
-149.666357000000005
11
146.1725579999999809
21
-149.5711179999999842
0
LINE
8
BLACK
6
CONTINUOUS
10
146.1725579999999809
20
-149.5711179999999842
11
146.0773199999999861
21
-149.3806419999999946
0
LINE
8
BLACK
6
CONTINUOUS
10
146.0773199999999861
20
-149.3806419999999946
11
145.9820819999999912
21
-148.9996899999999869
0
LINE
8
BLACK
6
CONTINUOUS
10
145.9820819999999912
20
-148.9996899999999869
11
145.9820819999999912
21
-148.5234989999999868
0
LINE
8
BLACK
6
CONTINUOUS
10
145.9820819999999912
20
-148.5234989999999868
11
146.0773199999999861
21
-148.1425469999999791
0
LINE
8
BLACK
6
CONTINUOUS
10
146.0773199999999861
20
-148.1425469999999791
11
146.1725579999999809
21
-147.9520709999999895
0
LINE
8
BLACK
6
CONTINUOUS
10
146.1725579999999809
20
-147.9520709999999895
11
146.2677960000000041
21
-147.8568329999999946
0
LINE
8
BLACK
6
CONTINUOUS
10
146.2677960000000041
20
-147.8568329999999946
11
146.4582719999999938
21
-147.7615949999999998
0
LINE
8
BLACK
6
CONTINUOUS
10
147.8868439999999964
20
-147.7615949999999998
11
147.8868439999999964
21
-148.1425469999999791
0
LINE
8
BLACK
6
CONTINUOUS
10
148.6487489999999809
20
-147.7615949999999998
11
148.6487489999999809
21
-148.1425469999999791
0
LINE
8
BLACK
6
CONTINUOUS
10
151.601130999999981
20
-150.5234989999999868
11
151.5058919999999887
21
-150.428260999999992
0
LINE
8
BLACK
6
CONTINUOUS
10
151.5058919999999887
20
-150.428260999999992
11
151.315415999999999
21
-150.1425469999999791
0
LINE
8
BLACK
6
CONTINUOUS
10
151.315415999999999
20
-150.1425469999999791
11
151.2201780000000042
21
-149.9520709999999895
0
LINE
8
BLACK
6
CONTINUOUS
10
151.2201780000000042
20
-149.9520709999999895
11
151.124939999999981
21
-149.666357000000005
0
LINE
8
BLACK
6
CONTINUOUS
10
151.124939999999981
20
-149.666357000000005
11
151.0297019999999861
21
-149.1901660000000049
0
LINE
8
BLACK
6
CONTINUOUS
10
151.0297019999999861
20
-149.1901660000000049
11
151.0297019999999861
21
-148.8092139999999972
0
LINE
8
BLACK
6
CONTINUOUS
10
151.0297019999999861
20
-148.8092139999999972
11
151.124939999999981
21
-148.3330229999999972
0
LINE
8
BLACK
6
CONTINUOUS
10
151.124939999999981
20
-148.3330229999999972
11
151.2201780000000042
21
-148.0473089999999843
0
LINE
8
BLACK
6
CONTINUOUS
10
151.2201780000000042
20
-148.0473089999999843
11
151.315415999999999
21
-147.8568329999999946
0
LINE
8
BLACK
6
CONTINUOUS
10
151.315415999999999
20
-147.8568329999999946
11
151.5058919999999887
21
-147.5711179999999842
0
LINE
8
BLACK
6
CONTINUOUS
10
151.5058919999999887
20
-147.5711179999999842
11
151.601130999999981
21
-147.4758799999999894
0
LINE
8
BLACK
6
CONTINUOUS
10
152.2677970000000016
20
-147.9520709999999895
11
152.3630349999999964
21
-147.8568329999999946
0
LINE
8
BLACK
6
CONTINUOUS
10
152.3630349999999964
20
-147.8568329999999946
11
152.5535109999999861
21
-147.7615949999999998
0
LINE
8
BLACK
6
CONTINUOUS
10
152.5535109999999861
20
-147.7615949999999998
11
153.0297019999999861
21
-147.7615949999999998
0
LINE
8
BLACK
6
CONTINUOUS
10
153.0297019999999861
20
-147.7615949999999998
11
153.2201780000000042
21
-147.8568329999999946
0
LINE
8
BLACK
6
CONTINUOUS
10
153.2201780000000042
20
-147.8568329999999946
11
153.315415999999999
21
-147.9520709999999895
0
LINE
8
BLACK
6
CONTINUOUS
10
153.315415999999999
20
-147.9520709999999895
11
153.4106539999999939
21
-148.1425469999999791
0
LINE
8
BLACK
6
CONTINUOUS
10
153.4106539999999939
20
-148.1425469999999791
11
153.4106539999999939
21
-148.3330229999999972
0
LINE
8
BLACK
6
CONTINUOUS
10
153.4106539999999939
20
-148.3330229999999972
11
153.315415999999999
21
-148.6187369999999817
0
LINE
8
BLACK
6
CONTINUOUS
10
153.315415999999999
20
-148.6187369999999817
11
152.1725590000000068
21
-149.7615949999999998
0
LINE
8
BLACK
6
CONTINUOUS
10
152.1725590000000068
20
-149.7615949999999998
11
153.4106539999999939
21
-149.7615949999999998
0
LINE
8
BLACK
6
CONTINUOUS
10
155.7916069999999991
20
-149.7615949999999998
11
155.7916069999999991
21
-147.7615949999999998
0
LINE
8
BLACK
6
CONTINUOUS
10
156.6487500000000068
20
-149.7615949999999998
11
156.6487500000000068
21
-148.7139760000000024
0
LINE
8
BLACK
6
CONTINUOUS
10
156.6487500000000068
20
-148.7139760000000024
11
156.5535119999999836
21
-148.5234989999999868
0
LINE
8
BLACK
6
CONTINUOUS
10
156.5535119999999836
20
-148.5234989999999868
11
156.3630359999999939
21
-148.428260999999992
0
LINE
8
BLACK
6
CONTINUOUS
10
156.3630359999999939
20
-148.428260999999992
11
156.0773209999999835
21
-148.428260999999992
0
LINE
8
BLACK
6
CONTINUOUS
10
156.0773209999999835
20
-148.428260999999992
11
155.8868449999999939
21
-148.5234989999999868
0
LINE
8
BLACK
6
CONTINUOUS
10
155.8868449999999939
20
-148.5234989999999868
11
155.7916069999999991
21
-148.6187369999999817
0
LINE
8
BLACK
6
CONTINUOUS
10
157.8868449999999939
20
-149.7615949999999998
11
157.6963690000000042
21
-149.666357000000005
0
LINE
8
BLACK
6
CONTINUOUS
10
157.6963690000000042
20
-149.666357000000005
11
157.601130999999981
21
-149.5711179999999842
0
LINE
8
BLACK
6
CONTINUOUS
10
157.601130999999981
20
-149.5711179999999842
11
157.5058929999999862
21
-149.3806419999999946
0
LINE
8
BLACK
6
CONTINUOUS
10
157.5058929999999862
20
-149.3806419999999946
11
157.5058929999999862
21
-148.8092139999999972
0
LINE
8
BLACK
6
CONTINUOUS
10
157.5058929999999862
20
-148.8092139999999972
11
157.601130999999981
21
-148.6187369999999817
0
LINE
8
BLACK
6
CONTINUOUS
10
157.601130999999981
20
-148.6187369999999817
11
157.6963690000000042
21
-148.5234989999999868
0
LINE
8
BLACK
6
CONTINUOUS
10
157.6963690000000042
20
-148.5234989999999868
11
157.8868449999999939
21
-148.428260999999992
0
LINE
8
BLACK
6
CONTINUOUS
10
157.8868449999999939
20
-148.428260999999992
11
158.1725600000000043
21
-148.428260999999992
0
LINE
8
BLACK
6
CONTINUOUS
10
158.1725600000000043
20
-148.428260999999992
11
158.3630359999999939
21
-148.5234989999999868
0
LINE
8
BLACK
6
CONTINUOUS
10
158.3630359999999939
20
-148.5234989999999868
11
158.4582739999999887
21
-148.6187369999999817
0
LINE
8
BLACK
6
CONTINUOUS
10
158.4582739999999887
20
-148.6187369999999817
11
158.5535119999999836
21
-148.8092139999999972
0
LINE
8
BLACK
6
CONTINUOUS
10
158.5535119999999836
20
-148.8092139999999972
11
158.5535119999999836
21
-149.3806419999999946
0
LINE
8
BLACK
6
CONTINUOUS
10
158.5535119999999836
20
-149.3806419999999946
11
158.4582739999999887
21
-149.5711179999999842
0
LINE
8
BLACK
6
CONTINUOUS
10
158.4582739999999887
20
-149.5711179999999842
11
158.3630359999999939
21
-149.666357000000005
0
LINE
8
BLACK
6
CONTINUOUS
10
158.3630359999999939
20
-149.666357000000005
11
158.1725600000000043
21
-149.7615949999999998
0
LINE
8
BLACK
6
CONTINUOUS
10
158.1725600000000043
20
-149.7615949999999998
11
157.8868449999999939
21
-149.7615949999999998
0
LINE
8
BLACK
6
CONTINUOUS
10
159.6963690000000042
20
-149.7615949999999998
11
159.5058929999999862
21
-149.666357000000005
0
LINE
8
BLACK
6
CONTINUOUS
10
159.5058929999999862
20
-149.666357000000005
11
159.4106549999999913
21
-149.4758799999999894
0
LINE
8
BLACK
6
CONTINUOUS
10
159.4106549999999913
20
-149.4758799999999894
11
159.4106549999999913
21
-147.7615949999999998
0
LINE
8
BLACK
6
CONTINUOUS
10
161.2201790000000017
20
-149.666357000000005
11
161.0297029999999836
21
-149.7615949999999998
0
LINE
8
BLACK
6
CONTINUOUS
10
161.0297029999999836
20
-149.7615949999999998
11
160.6487500000000068
21
-149.7615949999999998
0
LINE
8
BLACK
6
CONTINUOUS
10
160.6487500000000068
20
-149.7615949999999998
11
160.4582739999999887
21
-149.666357000000005
0
LINE
8
BLACK
6
CONTINUOUS
10
160.4582739999999887
20
-149.666357000000005
11
160.3630359999999939
21
-149.4758799999999894
0
LINE
8
BLACK
6
CONTINUOUS
10
160.3630359999999939
20
-149.4758799999999894
11
160.3630359999999939
21
-148.7139760000000024
0
LINE
8
BLACK
6
CONTINUOUS
10
160.3630359999999939
20
-148.7139760000000024
11
160.4582739999999887
21
-148.5234989999999868
0
LINE
8
BLACK
6
CONTINUOUS
10
160.4582739999999887
20
-148.5234989999999868
11
160.6487500000000068
21
-148.428260999999992
0
LINE
8
BLACK
6
CONTINUOUS
10
160.6487500000000068
20
-148.428260999999992
11
161.0297029999999836
21
-148.428260999999992
0
LINE
8
BLACK
6
CONTINUOUS
10
161.0297029999999836
20
-148.428260999999992
11
161.2201790000000017
21
-148.5234989999999868
0
LINE
8
BLACK
6
CONTINUOUS
10
161.2201790000000017
20
-148.5234989999999868
11
161.3154169999999965
21
-148.7139760000000024
0
LINE
8
BLACK
6
CONTINUOUS
10
161.3154169999999965
20
-148.7139760000000024
11
161.3154169999999965
21
-148.904451999999992
0
LINE
8
BLACK
6
CONTINUOUS
10
161.3154169999999965
20
-148.904451999999992
11
160.3630359999999939
21
-149.0949279999999817
0
LINE
8
BLACK
6
CONTINUOUS
10
162.077321999999981
20
-149.666357000000005
11
162.2677979999999991
21
-149.7615949999999998
0
LINE
8
BLACK
6
CONTINUOUS
10
162.2677979999999991
20
-149.7615949999999998
11
162.6487500000000068
21
-149.7615949999999998
0
LINE
8
BLACK
6
CONTINUOUS
10
162.6487500000000068
20
-149.7615949999999998
11
162.839226999999994
21
-149.666357000000005
0
LINE
8
BLACK
6
CONTINUOUS
10
162.839226999999994
20
-149.666357000000005
11
162.9344649999999888
21
-149.4758799999999894
0
LINE
8
BLACK
6
CONTINUOUS
10
162.9344649999999888
20
-149.4758799999999894
11
162.9344649999999888
21
-149.3806419999999946
0
LINE
8
BLACK
6
CONTINUOUS
10
162.9344649999999888
20
-149.3806419999999946
11
162.839226999999994
21
-149.1901660000000049
0
LINE
8
BLACK
6
CONTINUOUS
10
162.839226999999994
20
-149.1901660000000049
11
162.6487500000000068
21
-149.0949279999999817
0
LINE
8
BLACK
6
CONTINUOUS
10
162.6487500000000068
20
-149.0949279999999817
11
162.3630359999999939
21
-149.0949279999999817
0
LINE
8
BLACK
6
CONTINUOUS
10
162.3630359999999939
20
-149.0949279999999817
11
162.1725600000000043
21
-148.9996899999999869
0
LINE
8
BLACK
6
CONTINUOUS
10
162.1725600000000043
20
-148.9996899999999869
11
162.077321999999981
21
-148.8092139999999972
0
LINE
8
BLACK
6
CONTINUOUS
10
162.077321999999981
20
-148.8092139999999972
11
162.077321999999981
21
-148.7139760000000024
0
LINE
8
BLACK
6
CONTINUOUS
10
162.077321999999981
20
-148.7139760000000024
11
162.1725600000000043
21
-148.5234989999999868
0
LINE
8
BLACK
6
CONTINUOUS
10
162.1725600000000043
20
-148.5234989999999868
11
162.3630359999999939
21
-148.428260999999992
0
LINE
8
BLACK
6
CONTINUOUS
10
162.3630359999999939
20
-148.428260999999992
11
162.6487500000000068
21
-148.428260999999992
0
LINE
8
BLACK
6
CONTINUOUS
10
162.6487500000000068
20
-148.428260999999992
11
162.839226999999994
21
-148.5234989999999868
0
LINE
8
BLACK
6
CONTINUOUS
10
163.6011319999999785
20
-150.5234989999999868
11
163.6963700000000017
21
-150.428260999999992
0
LINE
8
BLACK
6
CONTINUOUS
10
163.6963700000000017
20
-150.428260999999992
11
163.8868459999999914
21
-150.1425469999999791
0
LINE
8
BLACK
6
CONTINUOUS
10
163.8868459999999914
20
-150.1425469999999791
11
163.9820839999999862
21
-149.9520709999999895
0
LINE
8
BLACK
6
CONTINUOUS
10
163.9820839999999862
20
-149.9520709999999895
11
164.077321999999981
21
-149.666357000000005
0
LINE
8
BLACK
6
CONTINUOUS
10
164.077321999999981
20
-149.666357000000005
11
164.1725600000000043
21
-149.1901660000000049
0
LINE
8
BLACK
6
CONTINUOUS
10
164.1725600000000043
20
-149.1901660000000049
11
164.1725600000000043
21
-148.8092139999999972
0
LINE
8
BLACK
6
CONTINUOUS
10
164.1725600000000043
20
-148.8092139999999972
11
164.077321999999981
21
-148.3330229999999972
0
LINE
8
BLACK
6
CONTINUOUS
10
164.077321999999981
20
-148.3330229999999972
11
163.9820839999999862
21
-148.0473089999999843
0
LINE
8
BLACK
6
CONTINUOUS
10
163.9820839999999862
20
-148.0473089999999843
11
163.8868459999999914
21
-147.8568329999999946
0
LINE
8
BLACK
6
CONTINUOUS
10
163.8868459999999914
20
-147.8568329999999946
11
163.6963700000000017
21
-147.5711179999999842
0
LINE
8
BLACK
6
CONTINUOUS
10
163.6963700000000017
20
-147.5711179999999842
11
163.6011319999999785
21
-147.4758799999999894
0
LINE
8
BLACK
6
CONTINUOUS
10
167.2201799999999992
20
-150.5234989999999868
11
167.1249409999999784
21
-150.428260999999992
0
LINE
8
BLACK
6
CONTINUOUS
10
167.1249409999999784
20
-150.428260999999992
11
166.9344649999999888
21
-150.1425469999999791
0
LINE
8
BLACK
6
CONTINUOUS
10
166.9344649999999888
20
-150.1425469999999791
11
166.839226999999994
21
-149.9520709999999895
0
LINE
8
BLACK
6
CONTINUOUS
10
166.839226999999994
20
-149.9520709999999895
11
166.7439889999999991
21
-149.666357000000005
0
LINE
8
BLACK
6
CONTINUOUS
10
166.7439889999999991
20
-149.666357000000005
11
166.6487510000000043
21
-149.1901660000000049
0
LINE
8
BLACK
6
CONTINUOUS
10
166.6487510000000043
20
-149.1901660000000049
11
166.6487510000000043
21
-148.8092139999999972
0
LINE
8
BLACK
6
CONTINUOUS
10
166.6487510000000043
20
-148.8092139999999972
11
166.7439889999999991
21
-148.3330229999999972
0
LINE
8
BLACK
6
CONTINUOUS
10
166.7439889999999991
20
-148.3330229999999972
11
166.839226999999994
21
-148.0473089999999843
0
LINE
8
BLACK
6
CONTINUOUS
10
166.839226999999994
20
-148.0473089999999843
11
166.9344649999999888
21
-147.8568329999999946
0
LINE
8
BLACK
6
CONTINUOUS
10
166.9344649999999888
20
-147.8568329999999946
11
167.1249409999999784
21
-147.5711179999999842
0
LINE
8
BLACK
6
CONTINUOUS
10
167.1249409999999784
20
-147.5711179999999842
11
167.2201799999999992
21
-147.4758799999999894
0
LINE
8
BLACK
6
CONTINUOUS
10
167.9820839999999862
20
-148.428260999999992
11
167.9820839999999862
21
-149.7615949999999998
0
LINE
8
BLACK
6
CONTINUOUS
10
167.9820839999999862
20
-148.6187369999999817
11
168.077321999999981
21
-148.5234989999999868
0
LINE
8
BLACK
6
CONTINUOUS
10
168.077321999999981
20
-148.5234989999999868
11
168.2677979999999991
21
-148.428260999999992
0
LINE
8
BLACK
6
CONTINUOUS
10
168.2677979999999991
20
-148.428260999999992
11
168.553512999999981
21
-148.428260999999992
0
LINE
8
BLACK
6
CONTINUOUS
10
168.553512999999981
20
-148.428260999999992
11
168.7439889999999991
21
-148.5234989999999868
0
LINE
8
BLACK
6
CONTINUOUS
10
168.7439889999999991
20
-148.5234989999999868
11
168.839226999999994
21
-148.7139760000000024
0
LINE
8
BLACK
6
CONTINUOUS
10
168.839226999999994
20
-148.7139760000000024
11
168.839226999999994
21
-149.7615949999999998
0
LINE
8
BLACK
6
CONTINUOUS
10
170.077321999999981
20
-149.7615949999999998
11
169.8868459999999914
21
-149.666357000000005
0
LINE
8
BLACK
6
CONTINUOUS
10
169.8868459999999914
20
-149.666357000000005
11
169.7916079999999965
21
-149.5711179999999842
0
LINE
8
BLACK
6
CONTINUOUS
10
169.7916079999999965
20
-149.5711179999999842
11
169.6963700000000017
21
-149.3806419999999946
0
LINE
8
BLACK
6
CONTINUOUS
10
169.6963700000000017
20
-149.3806419999999946
11
169.6963700000000017
21
-148.8092139999999972
0
LINE
8
BLACK
6
CONTINUOUS
10
169.6963700000000017
20
-148.8092139999999972
11
169.7916079999999965
21
-148.6187369999999817
0
LINE
8
BLACK
6
CONTINUOUS
10
169.7916079999999965
20
-148.6187369999999817
11
169.8868459999999914
21
-148.5234989999999868
0
LINE
8
BLACK
6
CONTINUOUS
10
169.8868459999999914
20
-148.5234989999999868
11
170.077321999999981
21
-148.428260999999992
0
LINE
8
BLACK
6
CONTINUOUS
10
170.077321999999981
20
-148.428260999999992
11
170.3630369999999914
21
-148.428260999999992
0
LINE
8
BLACK
6
CONTINUOUS
10
170.3630369999999914
20
-148.428260999999992
11
170.553512999999981
21
-148.5234989999999868
0
LINE
8
BLACK
6
CONTINUOUS
10
170.553512999999981
20
-148.5234989999999868
11
170.6487510000000043
21
-148.6187369999999817
0
LINE
8
BLACK
6
CONTINUOUS
10
170.6487510000000043
20
-148.6187369999999817
11
170.7439889999999991
21
-148.8092139999999972
0
LINE
8
BLACK
6
CONTINUOUS
10
170.7439889999999991
20
-148.8092139999999972
11
170.7439889999999991
21
-149.3806419999999946
0
LINE
8
BLACK
6
CONTINUOUS
10
170.7439889999999991
20
-149.3806419999999946
11
170.6487510000000043
21
-149.5711179999999842
0
LINE
8
BLACK
6
CONTINUOUS
10
170.6487510000000043
20
-149.5711179999999842
11
170.553512999999981
21
-149.666357000000005
0
LINE
8
BLACK
6
CONTINUOUS
10
170.553512999999981
20
-149.666357000000005
11
170.3630369999999914
21
-149.7615949999999998
0
LINE
8
BLACK
6
CONTINUOUS
10
170.3630369999999914
20
-149.7615949999999998
11
170.077321999999981
21
-149.7615949999999998
0
LINE
8
BLACK
6
CONTINUOUS
10
171.315417999999994
20
-148.428260999999992
11
172.077321999999981
21
-148.428260999999992
0
LINE
8
BLACK
6
CONTINUOUS
10
171.6011319999999785
20
-147.7615949999999998
11
171.6011319999999785
21
-149.4758799999999894
0
LINE
8
BLACK
6
CONTINUOUS
10
171.6011319999999785
20
-149.4758799999999894
11
171.6963700000000017
21
-149.666357000000005
0
LINE
8
BLACK
6
CONTINUOUS
10
171.6963700000000017
20
-149.666357000000005
11
171.8868459999999914
21
-149.7615949999999998
0
LINE
8
BLACK
6
CONTINUOUS
10
171.8868459999999914
20
-149.7615949999999998
11
172.077321999999981
21
-149.7615949999999998
0
LINE
8
BLACK
6
CONTINUOUS
10
174.2677989999999966
20
-148.428260999999992
11
174.2677989999999966
21
-150.428260999999992
0
LINE
8
BLACK
6
CONTINUOUS
10
174.2677989999999966
20
-148.5234989999999868
11
174.4582749999999862
21
-148.428260999999992
0
LINE
8
BLACK
6
CONTINUOUS
10
174.4582749999999862
20
-148.428260999999992
11
174.8392279999999914
21
-148.428260999999992
0
LINE
8
BLACK
6
CONTINUOUS
10
174.8392279999999914
20
-148.428260999999992
11
175.0297039999999811
21
-148.5234989999999868
0
LINE
8
BLACK
6
CONTINUOUS
10
175.0297039999999811
20
-148.5234989999999868
11
175.1249420000000043
21
-148.6187369999999817
0
LINE
8
BLACK
6
CONTINUOUS
10
175.1249420000000043
20
-148.6187369999999817
11
175.2201799999999992
21
-148.8092139999999972
0
LINE
8
BLACK
6
CONTINUOUS
10
175.2201799999999992
20
-148.8092139999999972
11
175.2201799999999992
21
-149.3806419999999946
0
LINE
8
BLACK
6
CONTINUOUS
10
175.2201799999999992
20
-149.3806419999999946
11
175.1249420000000043
21
-149.5711179999999842
0
LINE
8
BLACK
6
CONTINUOUS
10
175.1249420000000043
20
-149.5711179999999842
11
175.0297039999999811
21
-149.666357000000005
0
LINE
8
BLACK
6
CONTINUOUS
10
175.0297039999999811
20
-149.666357000000005
11
174.8392279999999914
21
-149.7615949999999998
0
LINE
8
BLACK
6
CONTINUOUS
10
174.8392279999999914
20
-149.7615949999999998
11
174.4582749999999862
21
-149.7615949999999998
0
LINE
8
BLACK
6
CONTINUOUS
10
174.4582749999999862
20
-149.7615949999999998
11
174.2677989999999966
21
-149.666357000000005
0
LINE
8
BLACK
6
CONTINUOUS
10
176.3630369999999914
20
-149.7615949999999998
11
176.1725610000000017
21
-149.666357000000005
0
LINE
8
BLACK
6
CONTINUOUS
10
176.1725610000000017
20
-149.666357000000005
11
176.0773229999999785
21
-149.4758799999999894
0
LINE
8
BLACK
6
CONTINUOUS
10
176.0773229999999785
20
-149.4758799999999894
11
176.0773229999999785
21
-147.7615949999999998
0
LINE
8
BLACK
6
CONTINUOUS
10
177.9820849999999837
20
-149.7615949999999998
11
177.9820849999999837
21
-148.7139760000000024
0
LINE
8
BLACK
6
CONTINUOUS
10
177.9820849999999837
20
-148.7139760000000024
11
177.8868469999999888
21
-148.5234989999999868
0
LINE
8
BLACK
6
CONTINUOUS
10
177.8868469999999888
20
-148.5234989999999868
11
177.6963709999999992
21
-148.428260999999992
0
LINE
8
BLACK
6
CONTINUOUS
10
177.6963709999999992
20
-148.428260999999992
11
177.315417999999994
21
-148.428260999999992
0
LINE
8
BLACK
6
CONTINUOUS
10
177.315417999999994
20
-148.428260999999992
11
177.1249420000000043
21
-148.5234989999999868
0
LINE
8
BLACK
6
CONTINUOUS
10
177.9820849999999837
20
-149.666357000000005
11
177.791608999999994
21
-149.7615949999999998
0
LINE
8
BLACK
6
CONTINUOUS
10
177.791608999999994
20
-149.7615949999999998
11
177.315417999999994
21
-149.7615949999999998
0
LINE
8
BLACK
6
CONTINUOUS
10
177.315417999999994
20
-149.7615949999999998
11
177.1249420000000043
21
-149.666357000000005
0
LINE
8
BLACK
6
CONTINUOUS
10
177.1249420000000043
20
-149.666357000000005
11
177.0297039999999811
21
-149.4758799999999894
0
LINE
8
BLACK
6
CONTINUOUS
10
177.0297039999999811
20
-149.4758799999999894
11
177.0297039999999811
21
-149.2854039999999998
0
LINE
8
BLACK
6
CONTINUOUS
10
177.0297039999999811
20
-149.2854039999999998
11
177.1249420000000043
21
-149.0949279999999817
0
LINE
8
BLACK
6
CONTINUOUS
10
177.1249420000000043
20
-149.0949279999999817
11
177.315417999999994
21
-148.9996899999999869
0
LINE
8
BLACK
6
CONTINUOUS
10
177.315417999999994
20
-148.9996899999999869
11
177.791608999999994
21
-148.9996899999999869
0
LINE
8
BLACK
6
CONTINUOUS
10
177.791608999999994
20
-148.9996899999999869
11
177.9820849999999837
21
-148.904451999999992
0
LINE
8
BLACK
6
CONTINUOUS
10
178.6487520000000018
20
-148.428260999999992
11
179.4106559999999888
21
-148.428260999999992
0
LINE
8
BLACK
6
CONTINUOUS
10
178.9344659999999863
20
-147.7615949999999998
11
178.9344659999999863
21
-149.4758799999999894
0
LINE
8
BLACK
6
CONTINUOUS
10
178.9344659999999863
20
-149.4758799999999894
11
179.0297039999999811
21
-149.666357000000005
0
LINE
8
BLACK
6
CONTINUOUS
10
179.0297039999999811
20
-149.666357000000005
11
179.2201799999999992
21
-149.7615949999999998
0
LINE
8
BLACK
6
CONTINUOUS
10
179.2201799999999992
20
-149.7615949999999998
11
179.4106559999999888
21
-149.7615949999999998
0
LINE
8
BLACK
6
CONTINUOUS
10
180.8392279999999914
20
-149.666357000000005
11
180.6487520000000018
21
-149.7615949999999998
0
LINE
8
BLACK
6
CONTINUOUS
10
180.6487520000000018
20
-149.7615949999999998
11
180.2677989999999966
21
-149.7615949999999998
0
LINE
8
BLACK
6
CONTINUOUS
10
180.2677989999999966
20
-149.7615949999999998
11
180.0773229999999785
21
-149.666357000000005
0
LINE
8
BLACK
6
CONTINUOUS
10
180.0773229999999785
20
-149.666357000000005
11
179.9820849999999837
21
-149.4758799999999894
0
LINE
8
BLACK
6
CONTINUOUS
10
179.9820849999999837
20
-149.4758799999999894
11
179.9820849999999837
21
-148.7139760000000024
0
LINE
8
BLACK
6
CONTINUOUS
10
179.9820849999999837
20
-148.7139760000000024
11
180.0773229999999785
21
-148.5234989999999868
0
LINE
8
BLACK
6
CONTINUOUS
10
180.0773229999999785
20
-148.5234989999999868
11
180.2677989999999966
21
-148.428260999999992
0
LINE
8
BLACK
6
CONTINUOUS
10
180.2677989999999966
20
-148.428260999999992
11
180.6487520000000018
21
-148.428260999999992
0
LINE
8
BLACK
6
CONTINUOUS
10
180.6487520000000018
20
-148.428260999999992
11
180.8392279999999914
21
-148.5234989999999868
0
LINE
8
BLACK
6
CONTINUOUS
10
180.8392279999999914
20
-148.5234989999999868
11
180.9344659999999863
21
-148.7139760000000024
0
LINE
8
BLACK
6
CONTINUOUS
10
180.9344659999999863
20
-148.7139760000000024
11
180.9344659999999863
21
-148.904451999999992
0
LINE
8
BLACK
6
CONTINUOUS
10
180.9344659999999863
20
-148.904451999999992
11
179.9820849999999837
21
-149.0949279999999817
0
LINE
8
BLACK
6
CONTINUOUS
10
182.6487520000000018
20
-149.7615949999999998
11
182.6487520000000018
21
-147.7615949999999998
0
LINE
8
BLACK
6
CONTINUOUS
10
182.6487520000000018
20
-149.666357000000005
11
182.4582759999999837
21
-149.7615949999999998
0
LINE
8
BLACK
6
CONTINUOUS
10
182.4582759999999837
20
-149.7615949999999998
11
182.0773229999999785
21
-149.7615949999999998
0
LINE
8
BLACK
6
CONTINUOUS
10
182.0773229999999785
20
-149.7615949999999998
11
181.8868469999999888
21
-149.666357000000005
0
LINE
8
BLACK
6
CONTINUOUS
10
181.8868469999999888
20
-149.666357000000005
11
181.791608999999994
21
-149.5711179999999842
0
LINE
8
BLACK
6
CONTINUOUS
10
181.791608999999994
20
-149.5711179999999842
11
181.6963709999999992
21
-149.3806419999999946
0
LINE
8
BLACK
6
CONTINUOUS
10
181.6963709999999992
20
-149.3806419999999946
11
181.6963709999999992
21
-148.8092139999999972
0
LINE
8
BLACK
6
CONTINUOUS
10
181.6963709999999992
20
-148.8092139999999972
11
181.791608999999994
21
-148.6187369999999817
0
LINE
8
BLACK
6
CONTINUOUS
10
181.791608999999994
20
-148.6187369999999817
11
181.8868469999999888
21
-148.5234989999999868
0
LINE
8
BLACK
6
CONTINUOUS
10
181.8868469999999888
20
-148.5234989999999868
11
182.0773229999999785
21
-148.428260999999992
0
LINE
8
BLACK
6
CONTINUOUS
10
182.0773229999999785
20
-148.428260999999992
11
182.4582759999999837
21
-148.428260999999992
0
LINE
8
BLACK
6
CONTINUOUS
10
182.4582759999999837
20
-148.428260999999992
11
182.6487520000000018
21
-148.5234989999999868
0
LINE
8
BLACK
6
CONTINUOUS
10
183.4106569999999863
20
-150.5234989999999868
11
183.5058949999999811
21
-150.428260999999992
0
LINE
8
BLACK
6
CONTINUOUS
10
183.5058949999999811
20
-150.428260999999992
11
183.6963709999999992
21
-150.1425469999999791
0
LINE
8
BLACK
6
CONTINUOUS
10
183.6963709999999992
20
-150.1425469999999791
11
183.791608999999994
21
-149.9520709999999895
0
LINE
8
BLACK
6
CONTINUOUS
10
183.791608999999994
20
-149.9520709999999895
11
183.8868469999999888
21
-149.666357000000005
0
LINE
8
BLACK
6
CONTINUOUS
10
183.8868469999999888
20
-149.666357000000005
11
183.9820849999999837
21
-149.1901660000000049
0
LINE
8
BLACK
6
CONTINUOUS
10
183.9820849999999837
20
-149.1901660000000049
11
183.9820849999999837
21
-148.8092139999999972
0
LINE
8
BLACK
6
CONTINUOUS
10
183.9820849999999837
20
-148.8092139999999972
11
183.8868469999999888
21
-148.3330229999999972
0
LINE
8
BLACK
6
CONTINUOUS
10
183.8868469999999888
20
-148.3330229999999972
11
183.791608999999994
21
-148.0473089999999843
0
LINE
8
BLACK
6
CONTINUOUS
10
183.791608999999994
20
-148.0473089999999843
11
183.6963709999999992
21
-147.8568329999999946
0
LINE
8
BLACK
6
CONTINUOUS
10
183.6963709999999992
20
-147.8568329999999946
11
183.5058949999999811
21
-147.5711179999999842
0
LINE
8
BLACK
6
CONTINUOUS
10
183.5058949999999811
20
-147.5711179999999842
11
183.4106569999999863
21
-147.4758799999999894
  0
ENDSEC
  0
EOF
