  0
SECTION
  2
HEADER
  9
$ANGBASE
  50
0.0
  9
$ANGDIR
  70
1
  9
$MEASUREMENT
  70
1
  0
ENDSEC
  0
SECTION
  2
TABLES
  0
TABLE
  2
LTYPE
  70
4
  0
LTYPE
  5
40F
  2
CONTINUOUS
  70
0
  3
Solid line
  72
65
  73
0
  40
0.0
  0
LTYPE
  5
410
  2
DASHDOT
 70
0
  3
Dash Dot ____ _ ____ _
 72
65
 73
4
 40
2.0
 49
1.25
 49
-0.25
 49
0.25
 49
-0.25
  0
LTYPE
  5
411
  2
DASHED
 70
0
  3
Dashed __ __ __ __ __
 72
65
 73
2
 40
0.75
 49
0.5
 49
-0.25
  0
LTYPE
  5
43B
  2
DOTTED
 70
0
  3
Dotted .  .  .  .
 72
65
 73
2
 40
0.2
 49
0.0
 49
-0.2
  0
ENDTAB
  0
TABLE
  2
STYLE
  70
4
  0
STYLE
  2
KICAD
  70
0
  40
0
  41
1
  42
1
  50
0
  71
0
  3
isocp.shx
  0
STYLE
  2
KICADB
  70
0
  40
0
  41
1
  42
1
  50
0
  71
0
  3
isocp.shx
  0
STYLE
  2
KICADI
  70
0
  40
0
  41
1
  42
1
  50
15
  71
0
  3
isocp.shx
  0
STYLE
  2
KICADBI
  70
0
  40
0
  41
1
  42
1
  50
15
  71
0
  3
isocp.shx
  0
ENDTAB
  0
TABLE
  2
LAYER
  70
1
  0
LAYER
  2
BLACK
  70
0
  62
7
  6
CONTINUOUS
  0
ENDTAB
  0
ENDSEC
  0
SECTION
  2
ENTITIES
0
LINE
8
BLACK
6
CONTINUOUS
10
133.6710799999999892
20
-110.6248569999999916
11
133.7186999999999841
21
-110.672475999999989
0
LINE
8
BLACK
6
CONTINUOUS
10
133.7186999999999841
20
-110.672475999999989
11
133.7663189999999815
21
-110.8153329999999954
0
LINE
8
BLACK
6
CONTINUOUS
10
133.7663189999999815
20
-110.8153329999999954
11
133.7663189999999815
21
-110.9105709999999902
0
LINE
8
BLACK
6
CONTINUOUS
10
133.7663189999999815
20
-110.9105709999999902
11
133.7186999999999841
21
-111.0534279999999967
0
LINE
8
BLACK
6
CONTINUOUS
10
133.7186999999999841
20
-111.0534279999999967
11
133.6234609999999918
21
-111.1486659999999915
0
LINE
8
BLACK
6
CONTINUOUS
10
133.6234609999999918
20
-111.1486659999999915
11
133.528222999999997
21
-111.1962849999999889
0
LINE
8
BLACK
6
CONTINUOUS
10
133.528222999999997
20
-111.1962849999999889
11
133.3377470000000073
21
-111.2439040000000006
0
LINE
8
BLACK
6
CONTINUOUS
10
133.3377470000000073
20
-111.2439040000000006
11
133.1948899999999867
21
-111.2439040000000006
0
LINE
8
BLACK
6
CONTINUOUS
10
133.1948899999999867
20
-111.2439040000000006
11
133.004413999999997
21
-111.1962849999999889
0
LINE
8
BLACK
6
CONTINUOUS
10
133.004413999999997
20
-111.1962849999999889
11
132.9091760000000022
21
-111.1486659999999915
0
LINE
8
BLACK
6
CONTINUOUS
10
132.9091760000000022
20
-111.1486659999999915
11
132.8139380000000074
21
-111.0534279999999967
0
LINE
8
BLACK
6
CONTINUOUS
10
132.8139380000000074
20
-111.0534279999999967
11
132.7663189999999815
21
-110.9105709999999902
0
LINE
8
BLACK
6
CONTINUOUS
10
132.7663189999999815
20
-110.9105709999999902
11
132.7663189999999815
21
-110.8153329999999954
0
LINE
8
BLACK
6
CONTINUOUS
10
132.7663189999999815
20
-110.8153329999999954
11
132.8139380000000074
21
-110.672475999999989
0
LINE
8
BLACK
6
CONTINUOUS
10
132.8139380000000074
20
-110.672475999999989
11
132.8615570000000048
21
-110.6248569999999916
0
LINE
8
BLACK
6
CONTINUOUS
10
133.7663189999999815
20
-109.672475999999989
11
133.7663189999999815
21
-110.2439040000000006
0
LINE
8
BLACK
6
CONTINUOUS
10
133.7663189999999815
20
-109.9581900000000019
11
132.7663189999999815
21
-109.9581900000000019
0
LINE
8
BLACK
6
CONTINUOUS
10
132.7663189999999815
20
-109.9581900000000019
11
132.9091760000000022
21
-110.0534279999999967
0
LINE
8
BLACK
6
CONTINUOUS
10
132.9091760000000022
20
-110.0534279999999967
11
133.004413999999997
21
-110.1486659999999915
0
LINE
8
BLACK
6
CONTINUOUS
10
133.004413999999997
20
-110.1486659999999915
11
133.0520329999999944
21
-110.2439040000000006
0
LINE
8
BLACK
6
CONTINUOUS
10
133.0996519999999919
20
-108.8153329999999954
11
133.7663189999999815
21
-108.8153329999999954
0
LINE
8
BLACK
6
CONTINUOUS
10
132.7186999999999841
20
-109.0534279999999967
11
133.4329850000000022
21
-109.291522999999998
0
LINE
8
BLACK
6
CONTINUOUS
10
133.4329850000000022
20
-109.291522999999998
11
133.4329850000000022
21
-108.672475999999989
0
LINE
8
BLACK
6
CONTINUOUS
10
124.0258189999999985
20
-78.9066660000000013
11
123.5496279999999985
21
-79.2399989999999974
0
LINE
8
BLACK
6
CONTINUOUS
10
124.0258189999999985
20
-79.4780939999999987
11
123.0258189999999985
21
-79.4780939999999987
0
LINE
8
BLACK
6
CONTINUOUS
10
123.0258189999999985
20
-79.4780939999999987
11
123.0258189999999985
21
-79.097141999999991
0
LINE
8
BLACK
6
CONTINUOUS
10
123.0258189999999985
20
-79.097141999999991
11
123.0734379999999959
21
-79.0019039999999961
0
LINE
8
BLACK
6
CONTINUOUS
10
123.0734379999999959
20
-79.0019039999999961
11
123.1210569999999933
21
-78.9542849999999987
0
LINE
8
BLACK
6
CONTINUOUS
10
123.1210569999999933
20
-78.9542849999999987
11
123.2162949999999881
21
-78.9066660000000013
0
LINE
8
BLACK
6
CONTINUOUS
10
123.2162949999999881
20
-78.9066660000000013
11
123.3591519999999946
21
-78.9066660000000013
0
LINE
8
BLACK
6
CONTINUOUS
10
123.3591519999999946
20
-78.9066660000000013
11
123.4543899999999894
21
-78.9542849999999987
0
LINE
8
BLACK
6
CONTINUOUS
10
123.4543899999999894
20
-78.9542849999999987
11
123.502009000000001
21
-79.0019039999999961
0
LINE
8
BLACK
6
CONTINUOUS
10
123.502009000000001
20
-79.0019039999999961
11
123.5496279999999985
21
-79.097141999999991
0
LINE
8
BLACK
6
CONTINUOUS
10
123.5496279999999985
20
-79.097141999999991
11
123.5496279999999985
21
-79.4780939999999987
0
LINE
8
BLACK
6
CONTINUOUS
10
123.0258189999999985
20
-78.0019039999999961
11
123.0258189999999985
21
-78.4780939999999987
0
LINE
8
BLACK
6
CONTINUOUS
10
123.0258189999999985
20
-78.4780939999999987
11
123.502009000000001
21
-78.5257129999999961
0
LINE
8
BLACK
6
CONTINUOUS
10
123.502009000000001
20
-78.5257129999999961
11
123.4543899999999894
21
-78.4780939999999987
0
LINE
8
BLACK
6
CONTINUOUS
10
123.4543899999999894
20
-78.4780939999999987
11
123.406770999999992
21
-78.3828559999999896
0
LINE
8
BLACK
6
CONTINUOUS
10
123.406770999999992
20
-78.3828559999999896
11
123.406770999999992
21
-78.1447610000000026
0
LINE
8
BLACK
6
CONTINUOUS
10
123.406770999999992
20
-78.1447610000000026
11
123.4543899999999894
21
-78.0495229999999935
0
LINE
8
BLACK
6
CONTINUOUS
10
123.4543899999999894
20
-78.0495229999999935
11
123.502009000000001
21
-78.0019039999999961
0
LINE
8
BLACK
6
CONTINUOUS
10
123.502009000000001
20
-78.0019039999999961
11
123.5972469999999959
21
-77.9542849999999987
0
LINE
8
BLACK
6
CONTINUOUS
10
123.5972469999999959
20
-77.9542849999999987
11
123.8353419999999971
21
-77.9542849999999987
0
LINE
8
BLACK
6
CONTINUOUS
10
123.8353419999999971
20
-77.9542849999999987
11
123.930579999999992
21
-78.0019039999999961
0
LINE
8
BLACK
6
CONTINUOUS
10
123.930579999999992
20
-78.0019039999999961
11
123.9782000000000011
21
-78.0495229999999935
0
LINE
8
BLACK
6
CONTINUOUS
10
123.9782000000000011
20
-78.0495229999999935
11
124.0258189999999985
21
-78.1447610000000026
0
LINE
8
BLACK
6
CONTINUOUS
10
124.0258189999999985
20
-78.1447610000000026
11
124.0258189999999985
21
-78.3828559999999896
0
LINE
8
BLACK
6
CONTINUOUS
10
124.0258189999999985
20
-78.3828559999999896
11
123.9782000000000011
21
-78.4780939999999987
0
LINE
8
BLACK
6
CONTINUOUS
10
123.9782000000000011
20
-78.4780939999999987
11
123.930579999999992
21
-78.5257129999999961
0
LINE
8
BLACK
6
CONTINUOUS
10
142.073332999999991
20
-90.1485799999999955
11
142.0257139999999936
21
-90.1961999999999904
0
LINE
8
BLACK
6
CONTINUOUS
10
142.0257139999999936
20
-90.1961999999999904
11
141.8828570000000013
21
-90.243819000000002
0
LINE
8
BLACK
6
CONTINUOUS
10
141.8828570000000013
20
-90.243819000000002
11
141.7876190000000065
21
-90.243819000000002
0
LINE
8
BLACK
6
CONTINUOUS
10
141.7876190000000065
20
-90.243819000000002
11
141.6447619999999858
21
-90.1961999999999904
0
LINE
8
BLACK
6
CONTINUOUS
10
141.6447619999999858
20
-90.1961999999999904
11
141.549523999999991
21
-90.1009609999999981
0
LINE
8
BLACK
6
CONTINUOUS
10
141.549523999999991
20
-90.1009609999999981
11
141.5019049999999936
21
-90.005722999999989
0
LINE
8
BLACK
6
CONTINUOUS
10
141.5019049999999936
20
-90.005722999999989
11
141.4542859999999962
21
-89.8152469999999994
0
LINE
8
BLACK
6
CONTINUOUS
10
141.4542859999999962
20
-89.8152469999999994
11
141.4542859999999962
21
-89.6723899999999929
0
LINE
8
BLACK
6
CONTINUOUS
10
141.4542859999999962
20
-89.6723899999999929
11
141.5019049999999936
21
-89.4819139999999891
0
LINE
8
BLACK
6
CONTINUOUS
10
141.5019049999999936
20
-89.4819139999999891
11
141.549523999999991
21
-89.3866759999999942
0
LINE
8
BLACK
6
CONTINUOUS
10
141.549523999999991
20
-89.3866759999999942
11
141.6447619999999858
21
-89.2914379999999994
0
LINE
8
BLACK
6
CONTINUOUS
10
141.6447619999999858
20
-89.2914379999999994
11
141.7876190000000065
21
-89.243819000000002
0
LINE
8
BLACK
6
CONTINUOUS
10
141.7876190000000065
20
-89.243819000000002
11
141.8828570000000013
21
-89.243819000000002
0
LINE
8
BLACK
6
CONTINUOUS
10
141.8828570000000013
20
-89.243819000000002
11
142.0257139999999936
21
-89.2914379999999994
0
LINE
8
BLACK
6
CONTINUOUS
10
142.0257139999999936
20
-89.2914379999999994
11
142.073332999999991
21
-89.3390569999999968
0
LINE
8
BLACK
6
CONTINUOUS
10
142.9304759999999987
20
-89.5771519999999981
11
142.9304759999999987
21
-90.243819000000002
0
LINE
8
BLACK
6
CONTINUOUS
10
142.6923809999999833
20
-89.1961999999999904
11
142.4542859999999962
21
-89.9104849999999942
0
LINE
8
BLACK
6
CONTINUOUS
10
142.4542859999999962
20
-89.9104849999999942
11
143.073332999999991
21
-89.9104849999999942
0
LINE
8
BLACK
6
CONTINUOUS
10
164.4253329999999949
20
-118.9458190000000002
11
164.0919999999999845
21
-118.4696280000000002
0
LINE
8
BLACK
6
CONTINUOUS
10
163.8539049999999975
20
-118.9458190000000002
11
163.8539049999999975
21
-117.9458190000000002
0
LINE
8
BLACK
6
CONTINUOUS
10
163.8539049999999975
20
-117.9458190000000002
11
164.2348570000000052
21
-117.9458190000000002
0
LINE
8
BLACK
6
CONTINUOUS
10
164.2348570000000052
20
-117.9458190000000002
11
164.330095
21
-117.9934379999999976
0
LINE
8
BLACK
6
CONTINUOUS
10
164.330095
20
-117.9934379999999976
11
164.3777139999999974
21
-118.041056999999995
0
LINE
8
BLACK
6
CONTINUOUS
10
164.3777139999999974
20
-118.041056999999995
11
164.4253329999999949
21
-118.1362949999999898
0
LINE
8
BLACK
6
CONTINUOUS
10
164.4253329999999949
20
-118.1362949999999898
11
164.4253329999999949
21
-118.2791519999999963
0
LINE
8
BLACK
6
CONTINUOUS
10
164.4253329999999949
20
-118.2791519999999963
11
164.3777139999999974
21
-118.3743899999999911
0
LINE
8
BLACK
6
CONTINUOUS
10
164.3777139999999974
20
-118.3743899999999911
11
164.330095
21
-118.4220089999999885
0
LINE
8
BLACK
6
CONTINUOUS
10
164.330095
20
-118.4220089999999885
11
164.2348570000000052
21
-118.4696280000000002
0
LINE
8
BLACK
6
CONTINUOUS
10
164.2348570000000052
20
-118.4696280000000002
11
163.8539049999999975
21
-118.4696280000000002
0
LINE
8
BLACK
6
CONTINUOUS
10
164.9015239999999949
20
-118.9458190000000002
11
165.0919999999999845
21
-118.9458190000000002
0
LINE
8
BLACK
6
CONTINUOUS
10
165.0919999999999845
20
-118.9458190000000002
11
165.1872379999999794
21
-118.8981999999999886
0
LINE
8
BLACK
6
CONTINUOUS
10
165.1872379999999794
20
-118.8981999999999886
11
165.2348570000000052
21
-118.8505799999999937
0
LINE
8
BLACK
6
CONTINUOUS
10
165.2348570000000052
20
-118.8505799999999937
11
165.330095
21
-118.7077230000000014
0
LINE
8
BLACK
6
CONTINUOUS
10
165.330095
20
-118.7077230000000014
11
165.3777139999999974
21
-118.5172469999999976
0
LINE
8
BLACK
6
CONTINUOUS
10
165.3777139999999974
20
-118.5172469999999976
11
165.3777139999999974
21
-118.1362949999999898
0
LINE
8
BLACK
6
CONTINUOUS
10
165.3777139999999974
20
-118.1362949999999898
11
165.330095
21
-118.041056999999995
0
LINE
8
BLACK
6
CONTINUOUS
10
165.330095
20
-118.041056999999995
11
165.2824760000000026
21
-117.9934379999999976
0
LINE
8
BLACK
6
CONTINUOUS
10
165.2824760000000026
20
-117.9934379999999976
11
165.1872379999999794
21
-117.9458190000000002
0
LINE
8
BLACK
6
CONTINUOUS
10
165.1872379999999794
20
-117.9458190000000002
11
164.9967619999999897
21
-117.9458190000000002
0
LINE
8
BLACK
6
CONTINUOUS
10
164.9967619999999897
20
-117.9458190000000002
11
164.9015239999999949
21
-117.9934379999999976
0
LINE
8
BLACK
6
CONTINUOUS
10
164.9015239999999949
20
-117.9934379999999976
11
164.8539049999999975
21
-118.041056999999995
0
LINE
8
BLACK
6
CONTINUOUS
10
164.8539049999999975
20
-118.041056999999995
11
164.8062860000000001
21
-118.1362949999999898
0
LINE
8
BLACK
6
CONTINUOUS
10
164.8062860000000001
20
-118.1362949999999898
11
164.8062860000000001
21
-118.3743899999999911
0
LINE
8
BLACK
6
CONTINUOUS
10
164.8062860000000001
20
-118.3743899999999911
11
164.8539049999999975
21
-118.4696280000000002
0
LINE
8
BLACK
6
CONTINUOUS
10
164.8539049999999975
20
-118.4696280000000002
11
164.9015239999999949
21
-118.5172469999999976
0
LINE
8
BLACK
6
CONTINUOUS
10
164.9015239999999949
20
-118.5172469999999976
11
164.9967619999999897
21
-118.564865999999995
0
LINE
8
BLACK
6
CONTINUOUS
10
164.9967619999999897
20
-118.564865999999995
11
165.1872379999999794
21
-118.564865999999995
0
LINE
8
BLACK
6
CONTINUOUS
10
165.1872379999999794
20
-118.564865999999995
11
165.2824760000000026
21
-118.5172469999999976
0
LINE
8
BLACK
6
CONTINUOUS
10
165.2824760000000026
20
-118.5172469999999976
11
165.330095
21
-118.4696280000000002
0
LINE
8
BLACK
6
CONTINUOUS
10
165.330095
20
-118.4696280000000002
11
165.3777139999999974
21
-118.3743899999999911
0
LINE
8
BLACK
6
CONTINUOUS
10
136.4248189999999852
20
-60.7666660000000007
11
135.9486279999999851
21
-61.0999989999999968
0
LINE
8
BLACK
6
CONTINUOUS
10
136.4248189999999852
20
-61.3380939999999981
11
135.4248189999999852
21
-61.3380939999999981
0
LINE
8
BLACK
6
CONTINUOUS
10
135.4248189999999852
20
-61.3380939999999981
11
135.4248189999999852
21
-60.9571419999999975
0
LINE
8
BLACK
6
CONTINUOUS
10
135.4248189999999852
20
-60.9571419999999975
11
135.4724379999999826
21
-60.8619039999999956
0
LINE
8
BLACK
6
CONTINUOUS
10
135.4724379999999826
20
-60.8619039999999956
11
135.52005699999998
21
-60.8142849999999981
0
LINE
8
BLACK
6
CONTINUOUS
10
135.52005699999998
20
-60.8142849999999981
11
135.6152950000000033
21
-60.7666660000000007
0
LINE
8
BLACK
6
CONTINUOUS
10
135.6152950000000033
20
-60.7666660000000007
11
135.7581519999999955
21
-60.7666660000000007
0
LINE
8
BLACK
6
CONTINUOUS
10
135.7581519999999955
20
-60.7666660000000007
11
135.8533899999999903
21
-60.8142849999999981
0
LINE
8
BLACK
6
CONTINUOUS
10
135.8533899999999903
20
-60.8142849999999981
11
135.9010089999999877
21
-60.8619039999999956
0
LINE
8
BLACK
6
CONTINUOUS
10
135.9010089999999877
20
-60.8619039999999956
11
135.9486279999999851
21
-60.9571419999999975
0
LINE
8
BLACK
6
CONTINUOUS
10
135.9486279999999851
20
-60.9571419999999975
11
135.9486279999999851
21
-61.3380939999999981
0
LINE
8
BLACK
6
CONTINUOUS
10
135.4248189999999852
20
-60.4333320000000001
11
135.4248189999999852
21
-59.7666660000000007
0
LINE
8
BLACK
6
CONTINUOUS
10
135.4248189999999852
20
-59.7666660000000007
11
136.4248189999999852
21
-60.1952369999999988
0
LINE
8
BLACK
6
CONTINUOUS
10
133.6032869999999946
20
-58.9424109999999999
11
133.5080489999999998
21
-59.0376499999999993
0
LINE
8
BLACK
6
CONTINUOUS
10
133.5080489999999998
20
-59.0376499999999993
11
133.2223349999999868
21
-59.1328879999999941
0
LINE
8
BLACK
6
CONTINUOUS
10
133.2223349999999868
20
-59.1328879999999941
11
133.0318589999999972
21
-59.1328879999999941
0
LINE
8
BLACK
6
CONTINUOUS
10
133.0318589999999972
20
-59.1328879999999941
11
132.7461439999999868
21
-59.0376499999999993
0
LINE
8
BLACK
6
CONTINUOUS
10
132.7461439999999868
20
-59.0376499999999993
11
132.5556679999999972
21
-58.847172999999998
0
LINE
8
BLACK
6
CONTINUOUS
10
132.5556679999999972
20
-58.847172999999998
11
132.4604300000000023
21
-58.6566969999999941
0
LINE
8
BLACK
6
CONTINUOUS
10
132.4604300000000023
20
-58.6566969999999941
11
132.3651920000000075
21
-58.2757450000000006
0
LINE
8
BLACK
6
CONTINUOUS
10
132.3651920000000075
20
-58.2757450000000006
11
132.3651920000000075
21
-57.9900299999999973
0
LINE
8
BLACK
6
CONTINUOUS
10
132.3651920000000075
20
-57.9900299999999973
11
132.4604300000000023
21
-57.6090779999999967
0
LINE
8
BLACK
6
CONTINUOUS
10
132.4604300000000023
20
-57.6090779999999967
11
132.5556679999999972
21
-57.4186019999999999
0
LINE
8
BLACK
6
CONTINUOUS
10
132.5556679999999972
20
-57.4186019999999999
11
132.7461439999999868
21
-57.2281259999999961
0
LINE
8
BLACK
6
CONTINUOUS
10
132.7461439999999868
20
-57.2281259999999961
11
133.0318589999999972
21
-57.1328879999999941
0
LINE
8
BLACK
6
CONTINUOUS
10
133.0318589999999972
20
-57.1328879999999941
11
133.2223349999999868
21
-57.1328879999999941
0
LINE
8
BLACK
6
CONTINUOUS
10
133.2223349999999868
20
-57.1328879999999941
11
133.5080489999999998
21
-57.2281259999999961
0
LINE
8
BLACK
6
CONTINUOUS
10
133.5080489999999998
20
-57.2281259999999961
11
133.6032869999999946
21
-57.323363999999998
0
LINE
8
BLACK
6
CONTINUOUS
10
165.2740489999999909
20
-58.5614589999999993
11
166.2264299999999935
21
-58.5614589999999993
0
LINE
8
BLACK
6
CONTINUOUS
10
165.0835730000000012
20
-59.1328879999999941
11
165.7502389999999934
21
-57.1328879999999941
0
LINE
8
BLACK
6
CONTINUOUS
10
165.7502389999999934
20
-57.1328879999999941
11
166.4169059999999831
21
-59.1328879999999941
0
LINE
8
BLACK
6
CONTINUOUS
10
139.805579999999992
20
-103.5128569999999968
11
139.8531999999999869
21
-103.5604759999999942
0
LINE
8
BLACK
6
CONTINUOUS
10
139.8531999999999869
20
-103.5604759999999942
11
139.9008189999999843
21
-103.7033330000000007
0
LINE
8
BLACK
6
CONTINUOUS
10
139.9008189999999843
20
-103.7033330000000007
11
139.9008189999999843
21
-103.7985709999999955
0
LINE
8
BLACK
6
CONTINUOUS
10
139.9008189999999843
20
-103.7985709999999955
11
139.8531999999999869
21
-103.9414280000000019
0
LINE
8
BLACK
6
CONTINUOUS
10
139.8531999999999869
20
-103.9414280000000019
11
139.7579609999999946
21
-104.0366659999999968
0
LINE
8
BLACK
6
CONTINUOUS
10
139.7579609999999946
20
-104.0366659999999968
11
139.6627229999999997
21
-104.0842849999999942
0
LINE
8
BLACK
6
CONTINUOUS
10
139.6627229999999997
20
-104.0842849999999942
11
139.4722469999999817
21
-104.1319039999999916
0
LINE
8
BLACK
6
CONTINUOUS
10
139.4722469999999817
20
-104.1319039999999916
11
139.3293899999999894
21
-104.1319039999999916
0
LINE
8
BLACK
6
CONTINUOUS
10
139.3293899999999894
20
-104.1319039999999916
11
139.1389139999999998
21
-104.0842849999999942
0
LINE
8
BLACK
6
CONTINUOUS
10
139.1389139999999998
20
-104.0842849999999942
11
139.0436760000000049
21
-104.0366659999999968
0
LINE
8
BLACK
6
CONTINUOUS
10
139.0436760000000049
20
-104.0366659999999968
11
138.9484379999999817
21
-103.9414280000000019
0
LINE
8
BLACK
6
CONTINUOUS
10
138.9484379999999817
20
-103.9414280000000019
11
138.9008189999999843
21
-103.7985709999999955
0
LINE
8
BLACK
6
CONTINUOUS
10
138.9008189999999843
20
-103.7985709999999955
11
138.9008189999999843
21
-103.7033330000000007
0
LINE
8
BLACK
6
CONTINUOUS
10
138.9008189999999843
20
-103.7033330000000007
11
138.9484379999999817
21
-103.5604759999999942
0
LINE
8
BLACK
6
CONTINUOUS
10
138.9484379999999817
20
-103.5604759999999942
11
138.9960570000000075
21
-103.5128569999999968
0
LINE
8
BLACK
6
CONTINUOUS
10
138.9008189999999843
20
-103.179522999999989
11
138.9008189999999843
21
-102.5604759999999942
0
LINE
8
BLACK
6
CONTINUOUS
10
138.9008189999999843
20
-102.5604759999999942
11
139.281770999999992
21
-102.8938089999999903
0
LINE
8
BLACK
6
CONTINUOUS
10
139.281770999999992
20
-102.8938089999999903
11
139.281770999999992
21
-102.7509519999999981
0
LINE
8
BLACK
6
CONTINUOUS
10
139.281770999999992
20
-102.7509519999999981
11
139.3293899999999894
21
-102.655713999999989
0
LINE
8
BLACK
6
CONTINUOUS
10
139.3293899999999894
20
-102.655713999999989
11
139.3770089999999868
21
-102.6080949999999916
0
LINE
8
BLACK
6
CONTINUOUS
10
139.3770089999999868
20
-102.6080949999999916
11
139.4722469999999817
21
-102.5604759999999942
0
LINE
8
BLACK
6
CONTINUOUS
10
139.4722469999999817
20
-102.5604759999999942
11
139.7103419999999971
21
-102.5604759999999942
0
LINE
8
BLACK
6
CONTINUOUS
10
139.7103419999999971
20
-102.5604759999999942
11
139.805579999999992
21
-102.6080949999999916
0
LINE
8
BLACK
6
CONTINUOUS
10
139.805579999999992
20
-102.6080949999999916
11
139.8531999999999869
21
-102.655713999999989
0
LINE
8
BLACK
6
CONTINUOUS
10
139.8531999999999869
20
-102.655713999999989
11
139.9008189999999843
21
-102.7509519999999981
0
LINE
8
BLACK
6
CONTINUOUS
10
139.9008189999999843
20
-102.7509519999999981
11
139.9008189999999843
21
-103.0366659999999968
0
LINE
8
BLACK
6
CONTINUOUS
10
139.9008189999999843
20
-103.0366659999999968
11
139.8531999999999869
21
-103.1319039999999916
0
LINE
8
BLACK
6
CONTINUOUS
10
139.8531999999999869
20
-103.1319039999999916
11
139.805579999999992
21
-103.179522999999989
0
LINE
8
BLACK
6
CONTINUOUS
10
139.9008189999999843
20
-102.0842849999999942
11
139.9008189999999843
21
-101.8938089999999903
0
LINE
8
BLACK
6
CONTINUOUS
10
139.9008189999999843
20
-101.8938089999999903
11
139.8531999999999869
21
-101.7985709999999955
0
LINE
8
BLACK
6
CONTINUOUS
10
139.8531999999999869
20
-101.7985709999999955
11
139.805579999999992
21
-101.7509519999999981
0
LINE
8
BLACK
6
CONTINUOUS
10
139.805579999999992
20
-101.7509519999999981
11
139.6627229999999997
21
-101.655713999999989
0
LINE
8
BLACK
6
CONTINUOUS
10
139.6627229999999997
20
-101.655713999999989
11
139.4722469999999817
21
-101.6080949999999916
0
LINE
8
BLACK
6
CONTINUOUS
10
139.4722469999999817
20
-101.6080949999999916
11
139.0912950000000023
21
-101.6080949999999916
0
LINE
8
BLACK
6
CONTINUOUS
10
139.0912950000000023
20
-101.6080949999999916
11
138.9960570000000075
21
-101.655713999999989
0
LINE
8
BLACK
6
CONTINUOUS
10
138.9960570000000075
20
-101.655713999999989
11
138.9484379999999817
21
-101.7033330000000007
0
LINE
8
BLACK
6
CONTINUOUS
10
138.9484379999999817
20
-101.7033330000000007
11
138.9008189999999843
21
-101.7985709999999955
0
LINE
8
BLACK
6
CONTINUOUS
10
138.9008189999999843
20
-101.7985709999999955
11
138.9008189999999843
21
-101.9890469999999993
0
LINE
8
BLACK
6
CONTINUOUS
10
138.9008189999999843
20
-101.9890469999999993
11
138.9484379999999817
21
-102.0842849999999942
0
LINE
8
BLACK
6
CONTINUOUS
10
138.9484379999999817
20
-102.0842849999999942
11
138.9960570000000075
21
-102.1319039999999916
0
LINE
8
BLACK
6
CONTINUOUS
10
138.9960570000000075
20
-102.1319039999999916
11
139.0912950000000023
21
-102.179522999999989
0
LINE
8
BLACK
6
CONTINUOUS
10
139.0912950000000023
20
-102.179522999999989
11
139.3293899999999894
21
-102.179522999999989
0
LINE
8
BLACK
6
CONTINUOUS
10
139.3293899999999894
20
-102.179522999999989
11
139.4246279999999842
21
-102.1319039999999916
0
LINE
8
BLACK
6
CONTINUOUS
10
139.4246279999999842
20
-102.1319039999999916
11
139.4722469999999817
21
-102.0842849999999942
0
LINE
8
BLACK
6
CONTINUOUS
10
139.4722469999999817
20
-102.0842849999999942
11
139.5198660000000075
21
-101.9890469999999993
0
LINE
8
BLACK
6
CONTINUOUS
10
139.5198660000000075
20
-101.9890469999999993
11
139.5198660000000075
21
-101.7985709999999955
0
LINE
8
BLACK
6
CONTINUOUS
10
139.5198660000000075
20
-101.7985709999999955
11
139.4722469999999817
21
-101.7033330000000007
0
LINE
8
BLACK
6
CONTINUOUS
10
139.4722469999999817
20
-101.7033330000000007
11
139.4246279999999842
21
-101.655713999999989
0
LINE
8
BLACK
6
CONTINUOUS
10
139.4246279999999842
20
-101.655713999999989
11
139.3293899999999894
21
-101.6080949999999916
0
LINE
8
BLACK
6
CONTINUOUS
10
176.4768190000000061
20
-85.7646659999999912
11
176.0006280000000061
21
-86.0979990000000015
0
LINE
8
BLACK
6
CONTINUOUS
10
176.4768190000000061
20
-86.3360940000000028
11
175.4768190000000061
21
-86.3360940000000028
0
LINE
8
BLACK
6
CONTINUOUS
10
175.4768190000000061
20
-86.3360940000000028
11
175.4768190000000061
21
-85.9551419999999951
0
LINE
8
BLACK
6
CONTINUOUS
10
175.4768190000000061
20
-85.9551419999999951
11
175.5244380000000035
21
-85.8599040000000002
0
LINE
8
BLACK
6
CONTINUOUS
10
175.5244380000000035
20
-85.8599040000000002
11
175.5720570000000009
21
-85.8122850000000028
0
LINE
8
BLACK
6
CONTINUOUS
10
175.5720570000000009
20
-85.8122850000000028
11
175.6672949999999958
21
-85.7646659999999912
0
LINE
8
BLACK
6
CONTINUOUS
10
175.6672949999999958
20
-85.7646659999999912
11
175.810151999999988
21
-85.7646659999999912
0
LINE
8
BLACK
6
CONTINUOUS
10
175.810151999999988
20
-85.7646659999999912
11
175.9053899999999828
21
-85.8122850000000028
0
LINE
8
BLACK
6
CONTINUOUS
10
175.9053899999999828
20
-85.8122850000000028
11
175.9530089999999802
21
-85.8599040000000002
0
LINE
8
BLACK
6
CONTINUOUS
10
175.9530089999999802
20
-85.8599040000000002
11
176.0006280000000061
21
-85.9551419999999951
0
LINE
8
BLACK
6
CONTINUOUS
10
176.0006280000000061
20
-85.9551419999999951
11
176.0006280000000061
21
-86.3360940000000028
0
LINE
8
BLACK
6
CONTINUOUS
10
175.4768190000000061
20
-85.4313319999999976
11
175.4768190000000061
21
-84.8122850000000028
0
LINE
8
BLACK
6
CONTINUOUS
10
175.4768190000000061
20
-84.8122850000000028
11
175.8577709999999854
21
-85.1456179999999989
0
LINE
8
BLACK
6
CONTINUOUS
10
175.8577709999999854
20
-85.1456179999999989
11
175.8577709999999854
21
-85.0027609999999925
0
LINE
8
BLACK
6
CONTINUOUS
10
175.8577709999999854
20
-85.0027609999999925
11
175.9053899999999828
21
-84.9075229999999976
0
LINE
8
BLACK
6
CONTINUOUS
10
175.9053899999999828
20
-84.9075229999999976
11
175.9530089999999802
21
-84.8599040000000002
0
LINE
8
BLACK
6
CONTINUOUS
10
175.9530089999999802
20
-84.8599040000000002
11
176.0482470000000035
21
-84.8122850000000028
0
LINE
8
BLACK
6
CONTINUOUS
10
176.0482470000000035
20
-84.8122850000000028
11
176.2863419999999905
21
-84.8122850000000028
0
LINE
8
BLACK
6
CONTINUOUS
10
176.2863419999999905
20
-84.8122850000000028
11
176.3815799999999854
21
-84.8599040000000002
0
LINE
8
BLACK
6
CONTINUOUS
10
176.3815799999999854
20
-84.8599040000000002
11
176.4291999999999803
21
-84.9075229999999976
0
LINE
8
BLACK
6
CONTINUOUS
10
176.4291999999999803
20
-84.9075229999999976
11
176.4768190000000061
21
-85.0027609999999925
0
LINE
8
BLACK
6
CONTINUOUS
10
176.4768190000000061
20
-85.0027609999999925
11
176.4768190000000061
21
-85.2884749999999912
0
LINE
8
BLACK
6
CONTINUOUS
10
176.4768190000000061
20
-85.2884749999999912
11
176.4291999999999803
21
-85.3837130000000002
0
LINE
8
BLACK
6
CONTINUOUS
10
176.4291999999999803
20
-85.3837130000000002
11
176.3815799999999854
21
-85.4313319999999976
0
LINE
8
BLACK
6
CONTINUOUS
10
147.4391420000000039
20
-116.3105800000000016
11
147.3915230000000065
21
-116.3581999999999965
0
LINE
8
BLACK
6
CONTINUOUS
10
147.3915230000000065
20
-116.3581999999999965
11
147.2486659999999858
21
-116.4058189999999939
0
LINE
8
BLACK
6
CONTINUOUS
10
147.2486659999999858
20
-116.4058189999999939
11
147.153427999999991
21
-116.4058189999999939
0
LINE
8
BLACK
6
CONTINUOUS
10
147.153427999999991
20
-116.4058189999999939
11
147.0105709999999988
21
-116.3581999999999965
0
LINE
8
BLACK
6
CONTINUOUS
10
147.0105709999999988
20
-116.3581999999999965
11
146.9153330000000039
21
-116.26296099999999
0
LINE
8
BLACK
6
CONTINUOUS
10
146.9153330000000039
20
-116.26296099999999
11
146.8677140000000065
21
-116.1677229999999952
0
LINE
8
BLACK
6
CONTINUOUS
10
146.8677140000000065
20
-116.1677229999999952
11
146.8200949999999807
21
-115.9772469999999913
0
LINE
8
BLACK
6
CONTINUOUS
10
146.8200949999999807
20
-115.9772469999999913
11
146.8200949999999807
21
-115.8343899999999991
0
LINE
8
BLACK
6
CONTINUOUS
10
146.8200949999999807
20
-115.8343899999999991
11
146.8677140000000065
21
-115.6439139999999952
0
LINE
8
BLACK
6
CONTINUOUS
10
146.8677140000000065
20
-115.6439139999999952
11
146.9153330000000039
21
-115.5486760000000004
0
LINE
8
BLACK
6
CONTINUOUS
10
146.9153330000000039
20
-115.5486760000000004
11
147.0105709999999988
21
-115.4534379999999913
0
LINE
8
BLACK
6
CONTINUOUS
10
147.0105709999999988
20
-115.4534379999999913
11
147.153427999999991
21
-115.4058189999999939
0
LINE
8
BLACK
6
CONTINUOUS
10
147.153427999999991
20
-115.4058189999999939
11
147.2486659999999858
21
-115.4058189999999939
0
LINE
8
BLACK
6
CONTINUOUS
10
147.2486659999999858
20
-115.4058189999999939
11
147.3915230000000065
21
-115.4534379999999913
0
LINE
8
BLACK
6
CONTINUOUS
10
147.3915230000000065
20
-115.4534379999999913
11
147.4391420000000039
21
-115.5010569999999888
0
LINE
8
BLACK
6
CONTINUOUS
10
147.8200949999999807
20
-115.5010569999999888
11
147.8677140000000065
21
-115.4534379999999913
0
LINE
8
BLACK
6
CONTINUOUS
10
147.8677140000000065
20
-115.4534379999999913
11
147.9629520000000014
21
-115.4058189999999939
0
LINE
8
BLACK
6
CONTINUOUS
10
147.9629520000000014
20
-115.4058189999999939
11
148.2010469999999884
21
-115.4058189999999939
0
LINE
8
BLACK
6
CONTINUOUS
10
148.2010469999999884
20
-115.4058189999999939
11
148.2962849999999833
21
-115.4534379999999913
0
LINE
8
BLACK
6
CONTINUOUS
10
148.2962849999999833
20
-115.4534379999999913
11
148.3439039999999807
21
-115.5010569999999888
0
LINE
8
BLACK
6
CONTINUOUS
10
148.3439039999999807
20
-115.5010569999999888
11
148.3915230000000065
21
-115.5962949999999978
0
LINE
8
BLACK
6
CONTINUOUS
10
148.3915230000000065
20
-115.5962949999999978
11
148.3915230000000065
21
-115.6915329999999926
0
LINE
8
BLACK
6
CONTINUOUS
10
148.3915230000000065
20
-115.6915329999999926
11
148.3439039999999807
21
-115.8343899999999991
0
LINE
8
BLACK
6
CONTINUOUS
10
148.3439039999999807
20
-115.8343899999999991
11
147.7724759999999833
21
-116.4058189999999939
0
LINE
8
BLACK
6
CONTINUOUS
10
147.7724759999999833
20
-116.4058189999999939
11
148.3915230000000065
21
-116.4058189999999939
0
LINE
8
BLACK
6
CONTINUOUS
10
149.2486659999999858
20
-115.4058189999999939
11
149.0581899999999962
21
-115.4058189999999939
0
LINE
8
BLACK
6
CONTINUOUS
10
149.0581899999999962
20
-115.4058189999999939
11
148.9629520000000014
21
-115.4534379999999913
0
LINE
8
BLACK
6
CONTINUOUS
10
148.9629520000000014
20
-115.4534379999999913
11
148.9153330000000039
21
-115.5010569999999888
0
LINE
8
BLACK
6
CONTINUOUS
10
148.9153330000000039
20
-115.5010569999999888
11
148.8200949999999807
21
-115.6439139999999952
0
LINE
8
BLACK
6
CONTINUOUS
10
148.8200949999999807
20
-115.6439139999999952
11
148.7724759999999833
21
-115.8343899999999991
0
LINE
8
BLACK
6
CONTINUOUS
10
148.7724759999999833
20
-115.8343899999999991
11
148.7724759999999833
21
-116.2153419999999926
0
LINE
8
BLACK
6
CONTINUOUS
10
148.7724759999999833
20
-116.2153419999999926
11
148.8200949999999807
21
-116.3105800000000016
0
LINE
8
BLACK
6
CONTINUOUS
10
148.8200949999999807
20
-116.3105800000000016
11
148.8677140000000065
21
-116.3581999999999965
0
LINE
8
BLACK
6
CONTINUOUS
10
148.8677140000000065
20
-116.3581999999999965
11
148.9629520000000014
21
-116.4058189999999939
0
LINE
8
BLACK
6
CONTINUOUS
10
148.9629520000000014
20
-116.4058189999999939
11
149.153427999999991
21
-116.4058189999999939
0
LINE
8
BLACK
6
CONTINUOUS
10
149.153427999999991
20
-116.4058189999999939
11
149.2486659999999858
21
-116.3581999999999965
0
LINE
8
BLACK
6
CONTINUOUS
10
149.2486659999999858
20
-116.3581999999999965
11
149.2962849999999833
21
-116.3105800000000016
0
LINE
8
BLACK
6
CONTINUOUS
10
149.2962849999999833
20
-116.3105800000000016
11
149.3439039999999807
21
-116.2153419999999926
0
LINE
8
BLACK
6
CONTINUOUS
10
149.3439039999999807
20
-116.2153419999999926
11
149.3439039999999807
21
-115.9772469999999913
0
LINE
8
BLACK
6
CONTINUOUS
10
149.3439039999999807
20
-115.9772469999999913
11
149.2962849999999833
21
-115.8820089999999965
0
LINE
8
BLACK
6
CONTINUOUS
10
149.2962849999999833
20
-115.8820089999999965
11
149.2486659999999858
21
-115.8343899999999991
0
LINE
8
BLACK
6
CONTINUOUS
10
149.2486659999999858
20
-115.8343899999999991
11
149.153427999999991
21
-115.7867710000000017
0
LINE
8
BLACK
6
CONTINUOUS
10
149.153427999999991
20
-115.7867710000000017
11
148.9629520000000014
21
-115.7867710000000017
0
LINE
8
BLACK
6
CONTINUOUS
10
148.9629520000000014
20
-115.7867710000000017
11
148.8677140000000065
21
-115.8343899999999991
0
LINE
8
BLACK
6
CONTINUOUS
10
148.8677140000000065
20
-115.8343899999999991
11
148.8200949999999807
21
-115.8820089999999965
0
LINE
8
BLACK
6
CONTINUOUS
10
148.8200949999999807
20
-115.8820089999999965
11
148.7724759999999833
21
-115.9772469999999913
0
LINE
8
BLACK
6
CONTINUOUS
10
147.9153330000000039
20
-90.1485799999999955
11
147.8677140000000065
21
-90.1961999999999904
0
LINE
8
BLACK
6
CONTINUOUS
10
147.8677140000000065
20
-90.1961999999999904
11
147.7248569999999859
21
-90.243819000000002
0
LINE
8
BLACK
6
CONTINUOUS
10
147.7248569999999859
20
-90.243819000000002
11
147.629618999999991
21
-90.243819000000002
0
LINE
8
BLACK
6
CONTINUOUS
10
147.629618999999991
20
-90.243819000000002
11
147.4867619999999988
21
-90.1961999999999904
0
LINE
8
BLACK
6
CONTINUOUS
10
147.4867619999999988
20
-90.1961999999999904
11
147.391524000000004
21
-90.1009609999999981
0
LINE
8
BLACK
6
CONTINUOUS
10
147.391524000000004
20
-90.1009609999999981
11
147.3439050000000066
21
-90.005722999999989
0
LINE
8
BLACK
6
CONTINUOUS
10
147.3439050000000066
20
-90.005722999999989
11
147.2962859999999807
21
-89.8152469999999994
0
LINE
8
BLACK
6
CONTINUOUS
10
147.2962859999999807
20
-89.8152469999999994
11
147.2962859999999807
21
-89.6723899999999929
0
LINE
8
BLACK
6
CONTINUOUS
10
147.2962859999999807
20
-89.6723899999999929
11
147.3439050000000066
21
-89.4819139999999891
0
LINE
8
BLACK
6
CONTINUOUS
10
147.3439050000000066
20
-89.4819139999999891
11
147.391524000000004
21
-89.3866759999999942
0
LINE
8
BLACK
6
CONTINUOUS
10
147.391524000000004
20
-89.3866759999999942
11
147.4867619999999988
21
-89.2914379999999994
0
LINE
8
BLACK
6
CONTINUOUS
10
147.4867619999999988
20
-89.2914379999999994
11
147.629618999999991
21
-89.243819000000002
0
LINE
8
BLACK
6
CONTINUOUS
10
147.629618999999991
20
-89.243819000000002
11
147.7248569999999859
21
-89.243819000000002
0
LINE
8
BLACK
6
CONTINUOUS
10
147.7248569999999859
20
-89.243819000000002
11
147.8677140000000065
21
-89.2914379999999994
0
LINE
8
BLACK
6
CONTINUOUS
10
147.8677140000000065
20
-89.2914379999999994
11
147.9153330000000039
21
-89.3390569999999968
0
LINE
8
BLACK
6
CONTINUOUS
10
148.391524000000004
20
-90.243819000000002
11
148.5819999999999936
21
-90.243819000000002
0
LINE
8
BLACK
6
CONTINUOUS
10
148.5819999999999936
20
-90.243819000000002
11
148.6772379999999885
21
-90.1961999999999904
0
LINE
8
BLACK
6
CONTINUOUS
10
148.6772379999999885
20
-90.1961999999999904
11
148.7248569999999859
21
-90.1485799999999955
0
LINE
8
BLACK
6
CONTINUOUS
10
148.7248569999999859
20
-90.1485799999999955
11
148.8200949999999807
21
-90.005722999999989
0
LINE
8
BLACK
6
CONTINUOUS
10
148.8200949999999807
20
-90.005722999999989
11
148.8677140000000065
21
-89.8152469999999994
0
LINE
8
BLACK
6
CONTINUOUS
10
148.8677140000000065
20
-89.8152469999999994
11
148.8677140000000065
21
-89.4342949999999917
0
LINE
8
BLACK
6
CONTINUOUS
10
148.8677140000000065
20
-89.4342949999999917
11
148.8200949999999807
21
-89.3390569999999968
0
LINE
8
BLACK
6
CONTINUOUS
10
148.8200949999999807
20
-89.3390569999999968
11
148.7724759999999833
21
-89.2914379999999994
0
LINE
8
BLACK
6
CONTINUOUS
10
148.7724759999999833
20
-89.2914379999999994
11
148.6772379999999885
21
-89.243819000000002
0
LINE
8
BLACK
6
CONTINUOUS
10
148.6772379999999885
20
-89.243819000000002
11
148.4867619999999988
21
-89.243819000000002
0
LINE
8
BLACK
6
CONTINUOUS
10
148.4867619999999988
20
-89.243819000000002
11
148.391524000000004
21
-89.2914379999999994
0
LINE
8
BLACK
6
CONTINUOUS
10
148.391524000000004
20
-89.2914379999999994
11
148.3439050000000066
21
-89.3390569999999968
0
LINE
8
BLACK
6
CONTINUOUS
10
148.3439050000000066
20
-89.3390569999999968
11
148.2962859999999807
21
-89.4342949999999917
0
LINE
8
BLACK
6
CONTINUOUS
10
148.2962859999999807
20
-89.4342949999999917
11
148.2962859999999807
21
-89.6723899999999929
0
LINE
8
BLACK
6
CONTINUOUS
10
148.2962859999999807
20
-89.6723899999999929
11
148.3439050000000066
21
-89.767628000000002
0
LINE
8
BLACK
6
CONTINUOUS
10
148.3439050000000066
20
-89.767628000000002
11
148.391524000000004
21
-89.8152469999999994
0
LINE
8
BLACK
6
CONTINUOUS
10
148.391524000000004
20
-89.8152469999999994
11
148.4867619999999988
21
-89.8628659999999968
0
LINE
8
BLACK
6
CONTINUOUS
10
148.4867619999999988
20
-89.8628659999999968
11
148.6772379999999885
21
-89.8628659999999968
0
LINE
8
BLACK
6
CONTINUOUS
10
148.6772379999999885
20
-89.8628659999999968
11
148.7724759999999833
21
-89.8152469999999994
0
LINE
8
BLACK
6
CONTINUOUS
10
148.7724759999999833
20
-89.8152469999999994
11
148.8200949999999807
21
-89.767628000000002
0
LINE
8
BLACK
6
CONTINUOUS
10
148.8200949999999807
20
-89.767628000000002
11
148.8677140000000065
21
-89.6723899999999929
0
LINE
8
BLACK
6
CONTINUOUS
10
125.264056999999994
20
-69.6912379999999985
11
125.2164379999999966
21
-69.7864759999999933
0
LINE
8
BLACK
6
CONTINUOUS
10
125.2164379999999966
20
-69.7864759999999933
11
125.1211999999999875
21
-69.8817140000000023
0
LINE
8
BLACK
6
CONTINUOUS
10
125.1211999999999875
20
-69.8817140000000023
11
124.9783419999999978
21
-70.0245709999999946
0
LINE
8
BLACK
6
CONTINUOUS
10
124.9783419999999978
20
-70.0245709999999946
11
124.9307230000000004
21
-70.1198090000000036
0
LINE
8
BLACK
6
CONTINUOUS
10
124.9307230000000004
20
-70.1198090000000036
11
124.9307230000000004
21
-70.2150469999999984
0
LINE
8
BLACK
6
CONTINUOUS
10
125.1688189999999992
20
-70.167428000000001
11
125.1211999999999875
21
-70.2626659999999958
0
LINE
8
BLACK
6
CONTINUOUS
10
125.1211999999999875
20
-70.2626659999999958
11
125.0259609999999952
21
-70.3579039999999907
0
LINE
8
BLACK
6
CONTINUOUS
10
125.0259609999999952
20
-70.3579039999999907
11
124.8354849999999914
21
-70.4055230000000023
0
LINE
8
BLACK
6
CONTINUOUS
10
124.8354849999999914
20
-70.4055230000000023
11
124.5021519999999953
21
-70.4055230000000023
0
LINE
8
BLACK
6
CONTINUOUS
10
124.5021519999999953
20
-70.4055230000000023
11
124.3116759999999914
21
-70.3579039999999907
0
LINE
8
BLACK
6
CONTINUOUS
10
124.3116759999999914
20
-70.3579039999999907
11
124.2164379999999966
21
-70.2626659999999958
0
LINE
8
BLACK
6
CONTINUOUS
10
124.2164379999999966
20
-70.2626659999999958
11
124.1688189999999992
21
-70.167428000000001
0
LINE
8
BLACK
6
CONTINUOUS
10
124.1688189999999992
20
-70.167428000000001
11
124.1688189999999992
21
-69.9769519999999972
0
LINE
8
BLACK
6
CONTINUOUS
10
124.1688189999999992
20
-69.9769519999999972
11
124.2164379999999966
21
-69.8817140000000023
0
LINE
8
BLACK
6
CONTINUOUS
10
124.2164379999999966
20
-69.8817140000000023
11
124.3116759999999914
21
-69.7864759999999933
0
LINE
8
BLACK
6
CONTINUOUS
10
124.3116759999999914
20
-69.7864759999999933
11
124.5021519999999953
21
-69.7388569999999959
0
LINE
8
BLACK
6
CONTINUOUS
10
124.5021519999999953
20
-69.7388569999999959
11
124.8354849999999914
21
-69.7388569999999959
0
LINE
8
BLACK
6
CONTINUOUS
10
124.8354849999999914
20
-69.7388569999999959
11
125.0259609999999952
21
-69.7864759999999933
0
LINE
8
BLACK
6
CONTINUOUS
10
125.0259609999999952
20
-69.7864759999999933
11
125.1211999999999875
21
-69.8817140000000023
0
LINE
8
BLACK
6
CONTINUOUS
10
125.1211999999999875
20
-69.8817140000000023
11
125.1688189999999992
21
-69.9769519999999972
0
LINE
8
BLACK
6
CONTINUOUS
10
125.1688189999999992
20
-69.9769519999999972
11
125.1688189999999992
21
-70.167428000000001
0
LINE
8
BLACK
6
CONTINUOUS
10
124.1688189999999992
20
-68.8817140000000023
11
124.1688189999999992
21
-69.072189999999992
0
LINE
8
BLACK
6
CONTINUOUS
10
124.1688189999999992
20
-69.072189999999992
11
124.2164379999999966
21
-69.167428000000001
0
LINE
8
BLACK
6
CONTINUOUS
10
124.2164379999999966
20
-69.167428000000001
11
124.264056999999994
21
-69.2150469999999984
0
LINE
8
BLACK
6
CONTINUOUS
10
124.264056999999994
20
-69.2150469999999984
11
124.4069140000000004
21
-69.3102849999999933
0
LINE
8
BLACK
6
CONTINUOUS
10
124.4069140000000004
20
-69.3102849999999933
11
124.5973899999999901
21
-69.3579039999999907
0
LINE
8
BLACK
6
CONTINUOUS
10
124.5973899999999901
20
-69.3579039999999907
11
124.9783419999999978
21
-69.3579039999999907
0
LINE
8
BLACK
6
CONTINUOUS
10
124.9783419999999978
20
-69.3579039999999907
11
125.0735799999999927
21
-69.3102849999999933
0
LINE
8
BLACK
6
CONTINUOUS
10
125.0735799999999927
20
-69.3102849999999933
11
125.1211999999999875
21
-69.2626659999999958
0
LINE
8
BLACK
6
CONTINUOUS
10
125.1211999999999875
20
-69.2626659999999958
11
125.1688189999999992
21
-69.167428000000001
0
LINE
8
BLACK
6
CONTINUOUS
10
125.1688189999999992
20
-69.167428000000001
11
125.1688189999999992
21
-68.9769519999999972
0
LINE
8
BLACK
6
CONTINUOUS
10
125.1688189999999992
20
-68.9769519999999972
11
125.1211999999999875
21
-68.8817140000000023
0
LINE
8
BLACK
6
CONTINUOUS
10
125.1211999999999875
20
-68.8817140000000023
11
125.0735799999999927
21
-68.8340949999999907
0
LINE
8
BLACK
6
CONTINUOUS
10
125.0735799999999927
20
-68.8340949999999907
11
124.9783419999999978
21
-68.7864759999999933
0
LINE
8
BLACK
6
CONTINUOUS
10
124.9783419999999978
20
-68.7864759999999933
11
124.7402469999999965
21
-68.7864759999999933
0
LINE
8
BLACK
6
CONTINUOUS
10
124.7402469999999965
20
-68.7864759999999933
11
124.6450089999999875
21
-68.8340949999999907
0
LINE
8
BLACK
6
CONTINUOUS
10
124.6450089999999875
20
-68.8340949999999907
11
124.5973899999999901
21
-68.8817140000000023
0
LINE
8
BLACK
6
CONTINUOUS
10
124.5973899999999901
20
-68.8817140000000023
11
124.5497709999999927
21
-68.9769519999999972
0
LINE
8
BLACK
6
CONTINUOUS
10
124.5497709999999927
20
-68.9769519999999972
11
124.5497709999999927
21
-69.167428000000001
0
LINE
8
BLACK
6
CONTINUOUS
10
124.5497709999999927
20
-69.167428000000001
11
124.5973899999999901
21
-69.2626659999999958
0
LINE
8
BLACK
6
CONTINUOUS
10
124.5973899999999901
20
-69.2626659999999958
11
124.6450089999999875
21
-69.3102849999999933
0
LINE
8
BLACK
6
CONTINUOUS
10
124.6450089999999875
20
-69.3102849999999933
11
124.7402469999999965
21
-69.3579039999999907
0
LINE
8
BLACK
6
CONTINUOUS
10
144.8855800000000045
20
-72.5248569999999972
11
144.9331999999999994
21
-72.5724759999999947
0
LINE
8
BLACK
6
CONTINUOUS
10
144.9331999999999994
20
-72.5724759999999947
11
144.9808189999999968
21
-72.7153330000000011
0
LINE
8
BLACK
6
CONTINUOUS
10
144.9808189999999968
20
-72.7153330000000011
11
144.9808189999999968
21
-72.8105709999999959
0
LINE
8
BLACK
6
CONTINUOUS
10
144.9808189999999968
20
-72.8105709999999959
11
144.9331999999999994
21
-72.9534280000000024
0
LINE
8
BLACK
6
CONTINUOUS
10
144.9331999999999994
20
-72.9534280000000024
11
144.8379610000000071
21
-73.0486659999999972
0
LINE
8
BLACK
6
CONTINUOUS
10
144.8379610000000071
20
-73.0486659999999972
11
144.7427229999999838
21
-73.0962849999999946
0
LINE
8
BLACK
6
CONTINUOUS
10
144.7427229999999838
20
-73.0962849999999946
11
144.5522469999999942
21
-73.143903999999992
0
LINE
8
BLACK
6
CONTINUOUS
10
144.5522469999999942
20
-73.143903999999992
11
144.4093900000000019
21
-73.143903999999992
0
LINE
8
BLACK
6
CONTINUOUS
10
144.4093900000000019
20
-73.143903999999992
11
144.2189139999999838
21
-73.0962849999999946
0
LINE
8
BLACK
6
CONTINUOUS
10
144.2189139999999838
20
-73.0962849999999946
11
144.123675999999989
21
-73.0486659999999972
0
LINE
8
BLACK
6
CONTINUOUS
10
144.123675999999989
20
-73.0486659999999972
11
144.0284379999999942
21
-72.9534280000000024
0
LINE
8
BLACK
6
CONTINUOUS
10
144.0284379999999942
20
-72.9534280000000024
11
143.9808189999999968
21
-72.8105709999999959
0
LINE
8
BLACK
6
CONTINUOUS
10
143.9808189999999968
20
-72.8105709999999959
11
143.9808189999999968
21
-72.7153330000000011
0
LINE
8
BLACK
6
CONTINUOUS
10
143.9808189999999968
20
-72.7153330000000011
11
144.0284379999999942
21
-72.5724759999999947
0
LINE
8
BLACK
6
CONTINUOUS
10
144.0284379999999942
20
-72.5724759999999947
11
144.0760569999999916
21
-72.5248569999999972
0
LINE
8
BLACK
6
CONTINUOUS
10
143.9808189999999968
20
-71.6200949999999921
11
143.9808189999999968
21
-72.0962849999999946
0
LINE
8
BLACK
6
CONTINUOUS
10
143.9808189999999968
20
-72.0962849999999946
11
144.4570089999999993
21
-72.143903999999992
0
LINE
8
BLACK
6
CONTINUOUS
10
144.4570089999999993
20
-72.143903999999992
11
144.4093900000000019
21
-72.0962849999999946
0
LINE
8
BLACK
6
CONTINUOUS
10
144.4093900000000019
20
-72.0962849999999946
11
144.3617710000000045
21
-72.0010469999999998
0
LINE
8
BLACK
6
CONTINUOUS
10
144.3617710000000045
20
-72.0010469999999998
11
144.3617710000000045
21
-71.7629519999999985
0
LINE
8
BLACK
6
CONTINUOUS
10
144.3617710000000045
20
-71.7629519999999985
11
144.4093900000000019
21
-71.6677140000000037
0
LINE
8
BLACK
6
CONTINUOUS
10
144.4093900000000019
20
-71.6677140000000037
11
144.4570089999999993
21
-71.6200949999999921
0
LINE
8
BLACK
6
CONTINUOUS
10
144.4570089999999993
20
-71.6200949999999921
11
144.5522469999999942
21
-71.5724759999999947
0
LINE
8
BLACK
6
CONTINUOUS
10
144.5522469999999942
20
-71.5724759999999947
11
144.7903419999999812
21
-71.5724759999999947
0
LINE
8
BLACK
6
CONTINUOUS
10
144.7903419999999812
20
-71.5724759999999947
11
144.8855800000000045
21
-71.6200949999999921
0
LINE
8
BLACK
6
CONTINUOUS
10
144.8855800000000045
20
-71.6200949999999921
11
144.9331999999999994
21
-71.6677140000000037
0
LINE
8
BLACK
6
CONTINUOUS
10
144.9331999999999994
20
-71.6677140000000037
11
144.9808189999999968
21
-71.7629519999999985
0
LINE
8
BLACK
6
CONTINUOUS
10
144.9808189999999968
20
-71.7629519999999985
11
144.9808189999999968
21
-72.0010469999999998
0
LINE
8
BLACK
6
CONTINUOUS
10
144.9808189999999968
20
-72.0010469999999998
11
144.9331999999999994
21
-72.0962849999999946
0
LINE
8
BLACK
6
CONTINUOUS
10
144.9331999999999994
20
-72.0962849999999946
11
144.8855800000000045
21
-72.143903999999992
0
LINE
8
BLACK
6
CONTINUOUS
10
143.9808189999999968
20
-70.9534280000000024
11
143.9808189999999968
21
-70.8581899999999933
0
LINE
8
BLACK
6
CONTINUOUS
10
143.9808189999999968
20
-70.8581899999999933
11
144.0284379999999942
21
-70.7629519999999985
0
LINE
8
BLACK
6
CONTINUOUS
10
144.0284379999999942
20
-70.7629519999999985
11
144.0760569999999916
21
-70.7153330000000011
0
LINE
8
BLACK
6
CONTINUOUS
10
144.0760569999999916
20
-70.7153330000000011
11
144.1712949999999864
21
-70.6677140000000037
0
LINE
8
BLACK
6
CONTINUOUS
10
144.1712949999999864
20
-70.6677140000000037
11
144.3617710000000045
21
-70.6200949999999921
0
LINE
8
BLACK
6
CONTINUOUS
10
144.3617710000000045
20
-70.6200949999999921
11
144.5998659999999916
21
-70.6200949999999921
0
LINE
8
BLACK
6
CONTINUOUS
10
144.5998659999999916
20
-70.6200949999999921
11
144.7903419999999812
21
-70.6677140000000037
0
LINE
8
BLACK
6
CONTINUOUS
10
144.7903419999999812
20
-70.6677140000000037
11
144.8855800000000045
21
-70.7153330000000011
0
LINE
8
BLACK
6
CONTINUOUS
10
144.8855800000000045
20
-70.7153330000000011
11
144.9331999999999994
21
-70.7629519999999985
0
LINE
8
BLACK
6
CONTINUOUS
10
144.9331999999999994
20
-70.7629519999999985
11
144.9808189999999968
21
-70.8581899999999933
0
LINE
8
BLACK
6
CONTINUOUS
10
144.9808189999999968
20
-70.8581899999999933
11
144.9808189999999968
21
-70.9534280000000024
0
LINE
8
BLACK
6
CONTINUOUS
10
144.9808189999999968
20
-70.9534280000000024
11
144.9331999999999994
21
-71.0486659999999972
0
LINE
8
BLACK
6
CONTINUOUS
10
144.9331999999999994
20
-71.0486659999999972
11
144.8855800000000045
21
-71.0962849999999946
0
LINE
8
BLACK
6
CONTINUOUS
10
144.8855800000000045
20
-71.0962849999999946
11
144.7903419999999812
21
-71.143903999999992
0
LINE
8
BLACK
6
CONTINUOUS
10
144.7903419999999812
20
-71.143903999999992
11
144.5998659999999916
21
-71.1915230000000037
0
LINE
8
BLACK
6
CONTINUOUS
10
144.5998659999999916
20
-71.1915230000000037
11
144.3617710000000045
21
-71.1915230000000037
0
LINE
8
BLACK
6
CONTINUOUS
10
144.3617710000000045
20
-71.1915230000000037
11
144.1712949999999864
21
-71.143903999999992
0
LINE
8
BLACK
6
CONTINUOUS
10
144.1712949999999864
20
-71.143903999999992
11
144.0760569999999916
21
-71.0962849999999946
0
LINE
8
BLACK
6
CONTINUOUS
10
144.0760569999999916
20
-71.0962849999999946
11
144.0284379999999942
21
-71.0486659999999972
0
LINE
8
BLACK
6
CONTINUOUS
10
144.0284379999999942
20
-71.0486659999999972
11
143.9808189999999968
21
-70.9534280000000024
0
LINE
8
BLACK
6
CONTINUOUS
10
151.616579999999999
20
-110.6248569999999916
11
151.6641999999999939
21
-110.672475999999989
0
LINE
8
BLACK
6
CONTINUOUS
10
151.6641999999999939
20
-110.672475999999989
11
151.7118189999999913
21
-110.8153329999999954
0
LINE
8
BLACK
6
CONTINUOUS
10
151.7118189999999913
20
-110.8153329999999954
11
151.7118189999999913
21
-110.9105709999999902
0
LINE
8
BLACK
6
CONTINUOUS
10
151.7118189999999913
20
-110.9105709999999902
11
151.6641999999999939
21
-111.0534279999999967
0
LINE
8
BLACK
6
CONTINUOUS
10
151.6641999999999939
20
-111.0534279999999967
11
151.5689610000000016
21
-111.1486659999999915
0
LINE
8
BLACK
6
CONTINUOUS
10
151.5689610000000016
20
-111.1486659999999915
11
151.4737230000000068
21
-111.1962849999999889
0
LINE
8
BLACK
6
CONTINUOUS
10
151.4737230000000068
20
-111.1962849999999889
11
151.2832469999999887
21
-111.2439040000000006
0
LINE
8
BLACK
6
CONTINUOUS
10
151.2832469999999887
20
-111.2439040000000006
11
151.1403899999999965
21
-111.2439040000000006
0
LINE
8
BLACK
6
CONTINUOUS
10
151.1403899999999965
20
-111.2439040000000006
11
150.9499140000000068
21
-111.1962849999999889
0
LINE
8
BLACK
6
CONTINUOUS
10
150.9499140000000068
20
-111.1962849999999889
11
150.8546759999999836
21
-111.1486659999999915
0
LINE
8
BLACK
6
CONTINUOUS
10
150.8546759999999836
20
-111.1486659999999915
11
150.7594379999999887
21
-111.0534279999999967
0
LINE
8
BLACK
6
CONTINUOUS
10
150.7594379999999887
20
-111.0534279999999967
11
150.7118189999999913
21
-110.9105709999999902
0
LINE
8
BLACK
6
CONTINUOUS
10
150.7118189999999913
20
-110.9105709999999902
11
150.7118189999999913
21
-110.8153329999999954
0
LINE
8
BLACK
6
CONTINUOUS
10
150.7118189999999913
20
-110.8153329999999954
11
150.7594379999999887
21
-110.672475999999989
0
LINE
8
BLACK
6
CONTINUOUS
10
150.7594379999999887
20
-110.672475999999989
11
150.8070569999999861
21
-110.6248569999999916
0
LINE
8
BLACK
6
CONTINUOUS
10
150.8070569999999861
20
-110.2439040000000006
11
150.7594379999999887
21
-110.1962849999999889
0
LINE
8
BLACK
6
CONTINUOUS
10
150.7594379999999887
20
-110.1962849999999889
11
150.7118189999999913
21
-110.1010469999999941
0
LINE
8
BLACK
6
CONTINUOUS
10
150.7118189999999913
20
-110.1010469999999941
11
150.7118189999999913
21
-109.8629519999999928
0
LINE
8
BLACK
6
CONTINUOUS
10
150.7118189999999913
20
-109.8629519999999928
11
150.7594379999999887
21
-109.767713999999998
0
LINE
8
BLACK
6
CONTINUOUS
10
150.7594379999999887
20
-109.767713999999998
11
150.8070569999999861
21
-109.7200950000000006
0
LINE
8
BLACK
6
CONTINUOUS
10
150.8070569999999861
20
-109.7200950000000006
11
150.902294999999981
21
-109.672475999999989
0
LINE
8
BLACK
6
CONTINUOUS
10
150.902294999999981
20
-109.672475999999989
11
150.9975330000000042
21
-109.672475999999989
0
LINE
8
BLACK
6
CONTINUOUS
10
150.9975330000000042
20
-109.672475999999989
11
151.1403899999999965
21
-109.7200950000000006
0
LINE
8
BLACK
6
CONTINUOUS
10
151.1403899999999965
20
-109.7200950000000006
11
151.7118189999999913
21
-110.291522999999998
0
LINE
8
BLACK
6
CONTINUOUS
10
151.7118189999999913
20
-110.291522999999998
11
151.7118189999999913
21
-109.672475999999989
0
LINE
8
BLACK
6
CONTINUOUS
10
150.7118189999999913
20
-108.767713999999998
11
150.7118189999999913
21
-109.2439040000000006
0
LINE
8
BLACK
6
CONTINUOUS
10
150.7118189999999913
20
-109.2439040000000006
11
151.1880089999999939
21
-109.291522999999998
0
LINE
8
BLACK
6
CONTINUOUS
10
151.1880089999999939
20
-109.291522999999998
11
151.1403899999999965
21
-109.2439040000000006
0
LINE
8
BLACK
6
CONTINUOUS
10
151.1403899999999965
20
-109.2439040000000006
11
151.092770999999999
21
-109.1486659999999915
0
LINE
8
BLACK
6
CONTINUOUS
10
151.092770999999999
20
-109.1486659999999915
11
151.092770999999999
21
-108.9105709999999902
0
LINE
8
BLACK
6
CONTINUOUS
10
151.092770999999999
20
-108.9105709999999902
11
151.1403899999999965
21
-108.8153329999999954
0
LINE
8
BLACK
6
CONTINUOUS
10
151.1403899999999965
20
-108.8153329999999954
11
151.1880089999999939
21
-108.767713999999998
0
LINE
8
BLACK
6
CONTINUOUS
10
151.1880089999999939
20
-108.767713999999998
11
151.2832469999999887
21
-108.7200950000000006
0
LINE
8
BLACK
6
CONTINUOUS
10
151.2832469999999887
20
-108.7200950000000006
11
151.5213420000000042
21
-108.7200950000000006
0
LINE
8
BLACK
6
CONTINUOUS
10
151.5213420000000042
20
-108.7200950000000006
11
151.616579999999999
21
-108.767713999999998
0
LINE
8
BLACK
6
CONTINUOUS
10
151.616579999999999
20
-108.767713999999998
11
151.6641999999999939
21
-108.8153329999999954
0
LINE
8
BLACK
6
CONTINUOUS
10
151.6641999999999939
20
-108.8153329999999954
11
151.7118189999999913
21
-108.9105709999999902
0
LINE
8
BLACK
6
CONTINUOUS
10
151.7118189999999913
20
-108.9105709999999902
11
151.7118189999999913
21
-109.1486659999999915
0
LINE
8
BLACK
6
CONTINUOUS
10
151.7118189999999913
20
-109.1486659999999915
11
151.6641999999999939
21
-109.2439040000000006
0
LINE
8
BLACK
6
CONTINUOUS
10
151.6641999999999939
20
-109.2439040000000006
11
151.616579999999999
21
-109.291522999999998
0
LINE
8
BLACK
6
CONTINUOUS
10
146.6209059999999909
20
-121.8130689999999987
11
146.6209059999999909
21
-122.5273539999999883
0
LINE
8
BLACK
6
CONTINUOUS
10
146.6209059999999909
20
-122.5273539999999883
11
146.5732869999999934
21
-122.6702109999999948
0
LINE
8
BLACK
6
CONTINUOUS
10
146.5732869999999934
20
-122.6702109999999948
11
146.4780489999999986
21
-122.7654500000000013
0
LINE
8
BLACK
6
CONTINUOUS
10
146.4780489999999986
20
-122.7654500000000013
11
146.3351920000000064
21
-122.8130689999999987
0
LINE
8
BLACK
6
CONTINUOUS
10
146.3351920000000064
20
-122.8130689999999987
11
146.2399539999999831
21
-122.8130689999999987
0
LINE
8
BLACK
6
CONTINUOUS
10
147.525667999999996
20
-121.8130689999999987
11
147.3351920000000064
21
-121.8130689999999987
0
LINE
8
BLACK
6
CONTINUOUS
10
147.3351920000000064
20
-121.8130689999999987
11
147.2399539999999831
21
-121.8606879999999961
0
LINE
8
BLACK
6
CONTINUOUS
10
147.2399539999999831
20
-121.8606879999999961
11
147.1923349999999857
21
-121.9083069999999935
0
LINE
8
BLACK
6
CONTINUOUS
10
147.1923349999999857
20
-121.9083069999999935
11
147.0970969999999909
21
-122.051164
0
LINE
8
BLACK
6
CONTINUOUS
10
147.0970969999999909
20
-122.051164
11
147.0494779999999935
21
-122.2416399999999896
0
LINE
8
BLACK
6
CONTINUOUS
10
147.0494779999999935
20
-122.2416399999999896
11
147.0494779999999935
21
-122.6225919999999974
0
LINE
8
BLACK
6
CONTINUOUS
10
147.0494779999999935
20
-122.6225919999999974
11
147.0970969999999909
21
-122.7178299999999922
0
LINE
8
BLACK
6
CONTINUOUS
10
147.0970969999999909
20
-122.7178299999999922
11
147.1447159999999883
21
-122.7654500000000013
0
LINE
8
BLACK
6
CONTINUOUS
10
147.1447159999999883
20
-122.7654500000000013
11
147.2399539999999831
21
-122.8130689999999987
0
LINE
8
BLACK
6
CONTINUOUS
10
147.2399539999999831
20
-122.8130689999999987
11
147.4304300000000012
21
-122.8130689999999987
0
LINE
8
BLACK
6
CONTINUOUS
10
147.4304300000000012
20
-122.8130689999999987
11
147.525667999999996
21
-122.7654500000000013
0
LINE
8
BLACK
6
CONTINUOUS
10
147.525667999999996
20
-122.7654500000000013
11
147.5732869999999934
21
-122.7178299999999922
0
LINE
8
BLACK
6
CONTINUOUS
10
147.5732869999999934
20
-122.7178299999999922
11
147.6209059999999909
21
-122.6225919999999974
0
LINE
8
BLACK
6
CONTINUOUS
10
147.6209059999999909
20
-122.6225919999999974
11
147.6209059999999909
21
-122.3844969999999961
0
LINE
8
BLACK
6
CONTINUOUS
10
147.6209059999999909
20
-122.3844969999999961
11
147.5732869999999934
21
-122.2892590000000013
0
LINE
8
BLACK
6
CONTINUOUS
10
147.5732869999999934
20
-122.2892590000000013
11
147.525667999999996
21
-122.2416399999999896
0
LINE
8
BLACK
6
CONTINUOUS
10
147.525667999999996
20
-122.2416399999999896
11
147.4304300000000012
21
-122.1940209999999922
0
LINE
8
BLACK
6
CONTINUOUS
10
147.4304300000000012
20
-122.1940209999999922
11
147.2399539999999831
21
-122.1940209999999922
0
LINE
8
BLACK
6
CONTINUOUS
10
147.2399539999999831
20
-122.1940209999999922
11
147.1447159999999883
21
-122.2416399999999896
0
LINE
8
BLACK
6
CONTINUOUS
10
147.1447159999999883
20
-122.2416399999999896
11
147.0970969999999909
21
-122.2892590000000013
0
LINE
8
BLACK
6
CONTINUOUS
10
147.0970969999999909
20
-122.2892590000000013
11
147.0494779999999935
21
-122.3844969999999961
0
LINE
8
BLACK
6
CONTINUOUS
10
142.1285259999999937
20
-125.345887999999988
11
142.1285259999999937
21
-123.345887999999988
0
LINE
8
BLACK
6
CONTINUOUS
10
143.0809069999999963
20
-125.345887999999988
11
143.0809069999999963
21
-123.345887999999988
0
LINE
8
BLACK
6
CONTINUOUS
10
143.0809069999999963
20
-123.345887999999988
11
144.2237639999999885
21
-125.345887999999988
0
LINE
8
BLACK
6
CONTINUOUS
10
144.2237639999999885
20
-125.345887999999988
11
144.2237639999999885
21
-123.345887999999988
0
LINE
8
BLACK
6
CONTINUOUS
10
145.1761449999999911
20
-124.5839829999999893
11
146.6999549999999886
21
-124.5839829999999893
0
LINE
8
BLACK
6
CONTINUOUS
10
145.938050000000004
20
-125.345887999999988
11
145.938050000000004
21
-123.8220779999999905
0
LINE
8
BLACK
6
CONTINUOUS
10
151.5431039999999996
20
-99.8282849999999939
11
151.5811999999999955
21
-99.8663809999999899
0
LINE
8
BLACK
6
CONTINUOUS
10
151.5811999999999955
20
-99.8663809999999899
11
151.6192949999999939
21
-99.9806659999999994
0
LINE
8
BLACK
6
CONTINUOUS
10
151.6192949999999939
20
-99.9806659999999994
11
151.6192949999999939
21
-100.0568569999999937
0
LINE
8
BLACK
6
CONTINUOUS
10
151.6192949999999939
20
-100.0568569999999937
11
151.5811999999999955
21
-100.1711430000000007
0
LINE
8
BLACK
6
CONTINUOUS
10
151.5811999999999955
20
-100.1711430000000007
11
151.5050090000000012
21
-100.2473329999999976
0
LINE
8
BLACK
6
CONTINUOUS
10
151.5050090000000012
20
-100.2473329999999976
11
151.4288190000000043
21
-100.285427999999996
0
LINE
8
BLACK
6
CONTINUOUS
10
151.4288190000000043
20
-100.285427999999996
11
151.2764379999999846
21
-100.3235239999999919
0
LINE
8
BLACK
6
CONTINUOUS
10
151.2764379999999846
20
-100.3235239999999919
11
151.1621519999999919
21
-100.3235239999999919
0
LINE
8
BLACK
6
CONTINUOUS
10
151.1621519999999919
20
-100.3235239999999919
11
151.0097710000000006
21
-100.285427999999996
0
LINE
8
BLACK
6
CONTINUOUS
10
151.0097710000000006
20
-100.285427999999996
11
150.9335800000000063
21
-100.2473329999999976
0
LINE
8
BLACK
6
CONTINUOUS
10
150.9335800000000063
20
-100.2473329999999976
11
150.857389999999981
21
-100.1711430000000007
0
LINE
8
BLACK
6
CONTINUOUS
10
150.857389999999981
20
-100.1711430000000007
11
150.8192949999999826
21
-100.0568569999999937
0
LINE
8
BLACK
6
CONTINUOUS
10
150.8192949999999826
20
-100.0568569999999937
11
150.8192949999999826
21
-99.9806659999999994
0
LINE
8
BLACK
6
CONTINUOUS
10
150.8192949999999826
20
-99.9806659999999994
11
150.857389999999981
21
-99.8663809999999899
0
LINE
8
BLACK
6
CONTINUOUS
10
150.857389999999981
20
-99.8663809999999899
11
150.8954849999999794
21
-99.8282849999999939
0
LINE
8
BLACK
6
CONTINUOUS
10
150.8954849999999794
20
-99.5235239999999948
11
150.857389999999981
21
-99.4854279999999989
0
LINE
8
BLACK
6
CONTINUOUS
10
150.857389999999981
20
-99.4854279999999989
11
150.8192949999999826
21
-99.409238000000002
0
LINE
8
BLACK
6
CONTINUOUS
10
150.8192949999999826
20
-99.409238000000002
11
150.8192949999999826
21
-99.2187619999999981
0
LINE
8
BLACK
6
CONTINUOUS
10
150.8192949999999826
20
-99.2187619999999981
11
150.857389999999981
21
-99.1425709999999896
0
LINE
8
BLACK
6
CONTINUOUS
10
150.857389999999981
20
-99.1425709999999896
11
150.8954849999999794
21
-99.1044759999999911
0
LINE
8
BLACK
6
CONTINUOUS
10
150.8954849999999794
20
-99.1044759999999911
11
150.9716760000000022
21
-99.0663809999999927
0
LINE
8
BLACK
6
CONTINUOUS
10
150.9716760000000022
20
-99.0663809999999927
11
151.0478659999999991
21
-99.0663809999999927
0
LINE
8
BLACK
6
CONTINUOUS
10
151.0478659999999991
20
-99.0663809999999927
11
151.1621519999999919
21
-99.1044759999999911
0
LINE
8
BLACK
6
CONTINUOUS
10
151.1621519999999919
20
-99.1044759999999911
11
151.6192949999999939
21
-99.5616189999999932
0
LINE
8
BLACK
6
CONTINUOUS
10
151.6192949999999939
20
-99.5616189999999932
11
151.6192949999999939
21
-99.0663809999999927
0
LINE
8
BLACK
6
CONTINUOUS
10
151.6192949999999939
20
-98.304475999999994
11
151.6192949999999939
21
-98.761618999999996
0
LINE
8
BLACK
6
CONTINUOUS
10
151.6192949999999939
20
-98.5330469999999963
11
150.8192949999999826
21
-98.5330469999999963
0
LINE
8
BLACK
6
CONTINUOUS
10
150.8192949999999826
20
-98.5330469999999963
11
150.9335800000000063
21
-98.6092379999999906
0
LINE
8
BLACK
6
CONTINUOUS
10
150.9335800000000063
20
-98.6092379999999906
11
151.0097710000000006
21
-98.6854280000000017
0
LINE
8
BLACK
6
CONTINUOUS
10
151.0097710000000006
20
-98.6854280000000017
11
151.0478659999999991
21
-98.761618999999996
0
LINE
8
BLACK
6
CONTINUOUS
10
157.5855799999999931
20
-72.5248569999999972
11
157.633199999999988
21
-72.5724759999999947
0
LINE
8
BLACK
6
CONTINUOUS
10
157.633199999999988
20
-72.5724759999999947
11
157.6808189999999854
21
-72.7153330000000011
0
LINE
8
BLACK
6
CONTINUOUS
10
157.6808189999999854
20
-72.7153330000000011
11
157.6808189999999854
21
-72.8105709999999959
0
LINE
8
BLACK
6
CONTINUOUS
10
157.6808189999999854
20
-72.8105709999999959
11
157.633199999999988
21
-72.9534280000000024
0
LINE
8
BLACK
6
CONTINUOUS
10
157.633199999999988
20
-72.9534280000000024
11
157.5379609999999957
21
-73.0486659999999972
0
LINE
8
BLACK
6
CONTINUOUS
10
157.5379609999999957
20
-73.0486659999999972
11
157.4427230000000009
21
-73.0962849999999946
0
LINE
8
BLACK
6
CONTINUOUS
10
157.4427230000000009
20
-73.0962849999999946
11
157.2522469999999828
21
-73.143903999999992
0
LINE
8
BLACK
6
CONTINUOUS
10
157.2522469999999828
20
-73.143903999999992
11
157.1093899999999906
21
-73.143903999999992
0
LINE
8
BLACK
6
CONTINUOUS
10
157.1093899999999906
20
-73.143903999999992
11
156.9189140000000009
21
-73.0962849999999946
0
LINE
8
BLACK
6
CONTINUOUS
10
156.9189140000000009
20
-73.0962849999999946
11
156.8236760000000061
21
-73.0486659999999972
0
LINE
8
BLACK
6
CONTINUOUS
10
156.8236760000000061
20
-73.0486659999999972
11
156.7284379999999828
21
-72.9534280000000024
0
LINE
8
BLACK
6
CONTINUOUS
10
156.7284379999999828
20
-72.9534280000000024
11
156.6808189999999854
21
-72.8105709999999959
0
LINE
8
BLACK
6
CONTINUOUS
10
156.6808189999999854
20
-72.8105709999999959
11
156.6808189999999854
21
-72.7153330000000011
0
LINE
8
BLACK
6
CONTINUOUS
10
156.6808189999999854
20
-72.7153330000000011
11
156.7284379999999828
21
-72.5724759999999947
0
LINE
8
BLACK
6
CONTINUOUS
10
156.7284379999999828
20
-72.5724759999999947
11
156.7760569999999802
21
-72.5248569999999972
0
LINE
8
BLACK
6
CONTINUOUS
10
156.6808189999999854
20
-71.6200949999999921
11
156.6808189999999854
21
-72.0962849999999946
0
LINE
8
BLACK
6
CONTINUOUS
10
156.6808189999999854
20
-72.0962849999999946
11
157.157008999999988
21
-72.143903999999992
0
LINE
8
BLACK
6
CONTINUOUS
10
157.157008999999988
20
-72.143903999999992
11
157.1093899999999906
21
-72.0962849999999946
0
LINE
8
BLACK
6
CONTINUOUS
10
157.1093899999999906
20
-72.0962849999999946
11
157.0617709999999931
21
-72.0010469999999998
0
LINE
8
BLACK
6
CONTINUOUS
10
157.0617709999999931
20
-72.0010469999999998
11
157.0617709999999931
21
-71.7629519999999985
0
LINE
8
BLACK
6
CONTINUOUS
10
157.0617709999999931
20
-71.7629519999999985
11
157.1093899999999906
21
-71.6677140000000037
0
LINE
8
BLACK
6
CONTINUOUS
10
157.1093899999999906
20
-71.6677140000000037
11
157.157008999999988
21
-71.6200949999999921
0
LINE
8
BLACK
6
CONTINUOUS
10
157.157008999999988
20
-71.6200949999999921
11
157.2522469999999828
21
-71.5724759999999947
0
LINE
8
BLACK
6
CONTINUOUS
10
157.2522469999999828
20
-71.5724759999999947
11
157.4903419999999983
21
-71.5724759999999947
0
LINE
8
BLACK
6
CONTINUOUS
10
157.4903419999999983
20
-71.5724759999999947
11
157.5855799999999931
21
-71.6200949999999921
0
LINE
8
BLACK
6
CONTINUOUS
10
157.5855799999999931
20
-71.6200949999999921
11
157.633199999999988
21
-71.6677140000000037
0
LINE
8
BLACK
6
CONTINUOUS
10
157.633199999999988
20
-71.6677140000000037
11
157.6808189999999854
21
-71.7629519999999985
0
LINE
8
BLACK
6
CONTINUOUS
10
157.6808189999999854
20
-71.7629519999999985
11
157.6808189999999854
21
-72.0010469999999998
0
LINE
8
BLACK
6
CONTINUOUS
10
157.6808189999999854
20
-72.0010469999999998
11
157.633199999999988
21
-72.0962849999999946
0
LINE
8
BLACK
6
CONTINUOUS
10
157.633199999999988
20
-72.0962849999999946
11
157.5855799999999931
21
-72.143903999999992
0
LINE
8
BLACK
6
CONTINUOUS
10
157.6808189999999854
20
-70.6200949999999921
11
157.6808189999999854
21
-71.1915230000000037
0
LINE
8
BLACK
6
CONTINUOUS
10
157.6808189999999854
20
-70.9058089999999908
11
156.6808189999999854
21
-70.9058089999999908
0
LINE
8
BLACK
6
CONTINUOUS
10
156.6808189999999854
20
-70.9058089999999908
11
156.8236760000000061
21
-71.0010469999999998
0
LINE
8
BLACK
6
CONTINUOUS
10
156.8236760000000061
20
-71.0010469999999998
11
156.9189140000000009
21
-71.0962849999999946
0
LINE
8
BLACK
6
CONTINUOUS
10
156.9189140000000009
20
-71.0962849999999946
11
156.9665329999999983
21
-71.1915230000000037
0
LINE
8
BLACK
6
CONTINUOUS
10
123.1742859999999951
20
-75.4008189999999985
11
123.7457139999999924
21
-75.4008189999999985
0
LINE
8
BLACK
6
CONTINUOUS
10
123.4599999999999937
20
-76.4008189999999985
11
123.4599999999999937
21
-75.4008189999999985
0
LINE
8
BLACK
6
CONTINUOUS
10
124.0790480000000002
20
-76.4008189999999985
11
124.0790480000000002
21
-75.4008189999999985
0
LINE
8
BLACK
6
CONTINUOUS
10
124.0790480000000002
20
-75.877009000000001
11
124.6504759999999976
21
-75.877009000000001
0
LINE
8
BLACK
6
CONTINUOUS
10
124.6504759999999976
20
-76.4008189999999985
11
124.6504759999999976
21
-75.4008189999999985
0
LINE
8
BLACK
6
CONTINUOUS
10
125.0314289999999886
20
-75.4008189999999985
11
125.6504759999999976
21
-75.4008189999999985
0
LINE
8
BLACK
6
CONTINUOUS
10
125.6504759999999976
20
-75.4008189999999985
11
125.3171429999999873
21
-75.781770999999992
0
LINE
8
BLACK
6
CONTINUOUS
10
125.3171429999999873
20
-75.781770999999992
11
125.4599999999999937
21
-75.781770999999992
0
LINE
8
BLACK
6
CONTINUOUS
10
125.4599999999999937
20
-75.781770999999992
11
125.5552379999999886
21
-75.8293900000000036
0
LINE
8
BLACK
6
CONTINUOUS
10
125.5552379999999886
20
-75.8293900000000036
11
125.6028570000000002
21
-75.877009000000001
0
LINE
8
BLACK
6
CONTINUOUS
10
125.6028570000000002
20
-75.877009000000001
11
125.6504759999999976
21
-75.9722469999999959
0
LINE
8
BLACK
6
CONTINUOUS
10
125.6504759999999976
20
-75.9722469999999959
11
125.6504759999999976
21
-76.2103419999999971
0
LINE
8
BLACK
6
CONTINUOUS
10
125.6504759999999976
20
-76.2103419999999971
11
125.6028570000000002
21
-76.305579999999992
0
LINE
8
BLACK
6
CONTINUOUS
10
125.6028570000000002
20
-76.305579999999992
11
125.5552379999999886
21
-76.3532000000000011
0
LINE
8
BLACK
6
CONTINUOUS
10
125.5552379999999886
20
-76.3532000000000011
11
125.4599999999999937
21
-76.4008189999999985
0
LINE
8
BLACK
6
CONTINUOUS
10
125.4599999999999937
20
-76.4008189999999985
11
125.1742859999999951
21
-76.4008189999999985
0
LINE
8
BLACK
6
CONTINUOUS
10
125.1742859999999951
20
-76.4008189999999985
11
125.0790480000000002
21
-76.3532000000000011
0
LINE
8
BLACK
6
CONTINUOUS
10
125.0790480000000002
20
-76.3532000000000011
11
125.0314289999999886
21
-76.305579999999992
0
LINE
8
BLACK
6
CONTINUOUS
10
156.8767609999999877
20
-116.3740569999999934
11
156.7815229999999929
21
-116.326437999999996
0
LINE
8
BLACK
6
CONTINUOUS
10
156.7815229999999929
20
-116.326437999999996
11
156.686284999999998
21
-116.2312000000000012
0
LINE
8
BLACK
6
CONTINUOUS
10
156.686284999999998
20
-116.2312000000000012
11
156.5434280000000058
21
-116.0883419999999973
0
LINE
8
BLACK
6
CONTINUOUS
10
156.5434280000000058
20
-116.0883419999999973
11
156.4481899999999825
21
-116.0407229999999998
0
LINE
8
BLACK
6
CONTINUOUS
10
156.4481899999999825
20
-116.0407229999999998
11
156.3529519999999877
21
-116.0407229999999998
0
LINE
8
BLACK
6
CONTINUOUS
10
156.4005709999999851
20
-116.2788189999999986
11
156.3053329999999903
21
-116.2312000000000012
0
LINE
8
BLACK
6
CONTINUOUS
10
156.3053329999999903
20
-116.2312000000000012
11
156.2100949999999955
21
-116.1359609999999947
0
LINE
8
BLACK
6
CONTINUOUS
10
156.2100949999999955
20
-116.1359609999999947
11
156.1624759999999981
21
-115.9454849999999908
0
LINE
8
BLACK
6
CONTINUOUS
10
156.1624759999999981
20
-115.9454849999999908
11
156.1624759999999981
21
-115.6121519999999947
0
LINE
8
BLACK
6
CONTINUOUS
10
156.1624759999999981
20
-115.6121519999999947
11
156.2100949999999955
21
-115.4216759999999908
0
LINE
8
BLACK
6
CONTINUOUS
10
156.2100949999999955
20
-115.4216759999999908
11
156.3053329999999903
21
-115.326437999999996
0
LINE
8
BLACK
6
CONTINUOUS
10
156.3053329999999903
20
-115.326437999999996
11
156.4005709999999851
21
-115.2788189999999986
0
LINE
8
BLACK
6
CONTINUOUS
10
156.4005709999999851
20
-115.2788189999999986
11
156.5910470000000032
21
-115.2788189999999986
0
LINE
8
BLACK
6
CONTINUOUS
10
156.5910470000000032
20
-115.2788189999999986
11
156.686284999999998
21
-115.326437999999996
0
LINE
8
BLACK
6
CONTINUOUS
10
156.686284999999998
20
-115.326437999999996
11
156.7815229999999929
21
-115.4216759999999908
0
LINE
8
BLACK
6
CONTINUOUS
10
156.7815229999999929
20
-115.4216759999999908
11
156.8291419999999903
21
-115.6121519999999947
0
LINE
8
BLACK
6
CONTINUOUS
10
156.8291419999999903
20
-115.6121519999999947
11
156.8291419999999903
21
-115.9454849999999908
0
LINE
8
BLACK
6
CONTINUOUS
10
156.8291419999999903
20
-115.9454849999999908
11
156.7815229999999929
21
-116.1359609999999947
0
LINE
8
BLACK
6
CONTINUOUS
10
156.7815229999999929
20
-116.1359609999999947
11
156.686284999999998
21
-116.2312000000000012
0
LINE
8
BLACK
6
CONTINUOUS
10
156.686284999999998
20
-116.2312000000000012
11
156.5910470000000032
21
-116.2788189999999986
0
LINE
8
BLACK
6
CONTINUOUS
10
156.5910470000000032
20
-116.2788189999999986
11
156.4005709999999851
21
-116.2788189999999986
0
LINE
8
BLACK
6
CONTINUOUS
10
157.1624759999999981
20
-115.2788189999999986
11
157.8291419999999903
21
-115.2788189999999986
0
LINE
8
BLACK
6
CONTINUOUS
10
157.8291419999999903
20
-115.2788189999999986
11
157.4005709999999851
21
-116.2788189999999986
0
LINE
8
BLACK
6
CONTINUOUS
10
142.073332999999991
20
-116.3105800000000016
11
142.0257139999999936
21
-116.3581999999999965
0
LINE
8
BLACK
6
CONTINUOUS
10
142.0257139999999936
20
-116.3581999999999965
11
141.8828570000000013
21
-116.4058189999999939
0
LINE
8
BLACK
6
CONTINUOUS
10
141.8828570000000013
20
-116.4058189999999939
11
141.7876190000000065
21
-116.4058189999999939
0
LINE
8
BLACK
6
CONTINUOUS
10
141.7876190000000065
20
-116.4058189999999939
11
141.6447619999999858
21
-116.3581999999999965
0
LINE
8
BLACK
6
CONTINUOUS
10
141.6447619999999858
20
-116.3581999999999965
11
141.549523999999991
21
-116.26296099999999
0
LINE
8
BLACK
6
CONTINUOUS
10
141.549523999999991
20
-116.26296099999999
11
141.5019049999999936
21
-116.1677229999999952
0
LINE
8
BLACK
6
CONTINUOUS
10
141.5019049999999936
20
-116.1677229999999952
11
141.4542859999999962
21
-115.9772469999999913
0
LINE
8
BLACK
6
CONTINUOUS
10
141.4542859999999962
20
-115.9772469999999913
11
141.4542859999999962
21
-115.8343899999999991
0
LINE
8
BLACK
6
CONTINUOUS
10
141.4542859999999962
20
-115.8343899999999991
11
141.5019049999999936
21
-115.6439139999999952
0
LINE
8
BLACK
6
CONTINUOUS
10
141.5019049999999936
20
-115.6439139999999952
11
141.549523999999991
21
-115.5486760000000004
0
LINE
8
BLACK
6
CONTINUOUS
10
141.549523999999991
20
-115.5486760000000004
11
141.6447619999999858
21
-115.4534379999999913
0
LINE
8
BLACK
6
CONTINUOUS
10
141.6447619999999858
20
-115.4534379999999913
11
141.7876190000000065
21
-115.4058189999999939
0
LINE
8
BLACK
6
CONTINUOUS
10
141.7876190000000065
20
-115.4058189999999939
11
141.8828570000000013
21
-115.4058189999999939
0
LINE
8
BLACK
6
CONTINUOUS
10
141.8828570000000013
20
-115.4058189999999939
11
142.0257139999999936
21
-115.4534379999999913
0
LINE
8
BLACK
6
CONTINUOUS
10
142.0257139999999936
20
-115.4534379999999913
11
142.073332999999991
21
-115.5010569999999888
0
LINE
8
BLACK
6
CONTINUOUS
10
142.4066669999999988
20
-115.4058189999999939
11
143.0257139999999936
21
-115.4058189999999939
0
LINE
8
BLACK
6
CONTINUOUS
10
143.0257139999999936
20
-115.4058189999999939
11
142.6923809999999833
21
-115.7867710000000017
0
LINE
8
BLACK
6
CONTINUOUS
10
142.6923809999999833
20
-115.7867710000000017
11
142.8352380000000039
21
-115.7867710000000017
0
LINE
8
BLACK
6
CONTINUOUS
10
142.8352380000000039
20
-115.7867710000000017
11
142.9304759999999987
21
-115.8343899999999991
0
LINE
8
BLACK
6
CONTINUOUS
10
142.9304759999999987
20
-115.8343899999999991
11
142.9780949999999962
21
-115.8820089999999965
0
LINE
8
BLACK
6
CONTINUOUS
10
142.9780949999999962
20
-115.8820089999999965
11
143.0257139999999936
21
-115.9772469999999913
0
LINE
8
BLACK
6
CONTINUOUS
10
143.0257139999999936
20
-115.9772469999999913
11
143.0257139999999936
21
-116.2153419999999926
0
LINE
8
BLACK
6
CONTINUOUS
10
143.0257139999999936
20
-116.2153419999999926
11
142.9780949999999962
21
-116.3105800000000016
0
LINE
8
BLACK
6
CONTINUOUS
10
142.9780949999999962
20
-116.3105800000000016
11
142.9304759999999987
21
-116.3581999999999965
0
LINE
8
BLACK
6
CONTINUOUS
10
142.9304759999999987
20
-116.3581999999999965
11
142.8352380000000039
21
-116.4058189999999939
0
LINE
8
BLACK
6
CONTINUOUS
10
142.8352380000000039
20
-116.4058189999999939
11
142.549523999999991
21
-116.4058189999999939
0
LINE
8
BLACK
6
CONTINUOUS
10
142.549523999999991
20
-116.4058189999999939
11
142.4542859999999962
21
-116.3581999999999965
0
LINE
8
BLACK
6
CONTINUOUS
10
142.4542859999999962
20
-116.3581999999999965
11
142.4066669999999988
21
-116.3105800000000016
0
LINE
8
BLACK
6
CONTINUOUS
10
149.7488569999999868
20
-48.884018999999995
11
150.0345709999999997
21
-48.9792569999999969
0
LINE
8
BLACK
6
CONTINUOUS
10
150.0345709999999997
20
-48.9792569999999969
11
150.1298089999999945
21
-49.0744949999999989
0
LINE
8
BLACK
6
CONTINUOUS
10
150.1298089999999945
20
-49.0744949999999989
11
150.2250469999999893
21
-49.2649709999999956
0
LINE
8
BLACK
6
CONTINUOUS
10
150.2250469999999893
20
-49.2649709999999956
11
150.2250469999999893
21
-49.5506849999999943
0
LINE
8
BLACK
6
CONTINUOUS
10
150.2250469999999893
20
-49.5506849999999943
11
150.1298089999999945
21
-49.7411609999999982
0
LINE
8
BLACK
6
CONTINUOUS
10
150.1298089999999945
20
-49.7411609999999982
11
150.0345709999999997
21
-49.8363999999999976
0
LINE
8
BLACK
6
CONTINUOUS
10
150.0345709999999997
20
-49.8363999999999976
11
149.8440949999999816
21
-49.9316379999999995
0
LINE
8
BLACK
6
CONTINUOUS
10
149.8440949999999816
20
-49.9316379999999995
11
149.0821899999999971
21
-49.9316379999999995
0
LINE
8
BLACK
6
CONTINUOUS
10
149.0821899999999971
20
-49.9316379999999995
11
149.0821899999999971
21
-47.9316379999999995
0
LINE
8
BLACK
6
CONTINUOUS
10
149.0821899999999971
20
-47.9316379999999995
11
149.7488569999999868
21
-47.9316379999999995
0
LINE
8
BLACK
6
CONTINUOUS
10
149.7488569999999868
20
-47.9316379999999995
11
149.9393330000000049
21
-48.0268759999999943
0
LINE
8
BLACK
6
CONTINUOUS
10
149.9393330000000049
20
-48.0268759999999943
11
150.0345709999999997
21
-48.1221139999999963
0
LINE
8
BLACK
6
CONTINUOUS
10
150.0345709999999997
20
-48.1221139999999963
11
150.1298089999999945
21
-48.3125900000000001
0
LINE
8
BLACK
6
CONTINUOUS
10
150.1298089999999945
20
-48.3125900000000001
11
150.1298089999999945
21
-48.5030659999999969
0
LINE
8
BLACK
6
CONTINUOUS
10
150.1298089999999945
20
-48.5030659999999969
11
150.0345709999999997
21
-48.6935420000000008
0
LINE
8
BLACK
6
CONTINUOUS
10
150.0345709999999997
20
-48.6935420000000008
11
149.9393330000000049
21
-48.7887799999999956
0
LINE
8
BLACK
6
CONTINUOUS
10
149.9393330000000049
20
-48.7887799999999956
11
149.7488569999999868
21
-48.884018999999995
0
LINE
8
BLACK
6
CONTINUOUS
10
149.7488569999999868
20
-48.884018999999995
11
149.0821899999999971
21
-48.884018999999995
0
LINE
8
BLACK
6
CONTINUOUS
10
155.5138189999999838
20
-91.5193329999999889
11
156.2281040000000019
21
-91.5193329999999889
0
LINE
8
BLACK
6
CONTINUOUS
10
156.2281040000000019
20
-91.5193329999999889
11
156.3709609999999941
21
-91.5669520000000006
0
LINE
8
BLACK
6
CONTINUOUS
10
156.3709609999999941
20
-91.5669520000000006
11
156.4661999999999864
21
-91.6621899999999954
0
LINE
8
BLACK
6
CONTINUOUS
10
156.4661999999999864
20
-91.6621899999999954
11
156.5138189999999838
21
-91.8050470000000018
0
LINE
8
BLACK
6
CONTINUOUS
10
156.5138189999999838
20
-91.8050470000000018
11
156.5138189999999838
21
-91.9002849999999967
0
LINE
8
BLACK
6
CONTINUOUS
10
155.5138189999999838
20
-91.1383799999999979
11
155.5138189999999838
21
-90.4717139999999915
0
LINE
8
BLACK
6
CONTINUOUS
10
155.5138189999999838
20
-90.4717139999999915
11
156.5138189999999838
21
-90.9002849999999967
0
LINE
8
BLACK
6
CONTINUOUS
10
142.0280569999999898
20
-82.1372379999999964
11
141.9804379999999924
21
-82.2324759999999912
0
LINE
8
BLACK
6
CONTINUOUS
10
141.9804379999999924
20
-82.2324759999999912
11
141.8851999999999975
21
-82.3277140000000003
0
LINE
8
BLACK
6
CONTINUOUS
10
141.8851999999999975
20
-82.3277140000000003
11
141.7423419999999794
21
-82.4705709999999925
0
LINE
8
BLACK
6
CONTINUOUS
10
141.7423419999999794
20
-82.4705709999999925
11
141.694722999999982
21
-82.5658090000000016
0
LINE
8
BLACK
6
CONTINUOUS
10
141.694722999999982
20
-82.5658090000000016
11
141.694722999999982
21
-82.6610469999999964
0
LINE
8
BLACK
6
CONTINUOUS
10
141.932818999999995
20
-82.613427999999999
11
141.8851999999999975
21
-82.7086659999999938
0
LINE
8
BLACK
6
CONTINUOUS
10
141.8851999999999975
20
-82.7086659999999938
11
141.7899610000000052
21
-82.8039040000000028
0
LINE
8
BLACK
6
CONTINUOUS
10
141.7899610000000052
20
-82.8039040000000028
11
141.5994849999999872
21
-82.8515230000000003
0
LINE
8
BLACK
6
CONTINUOUS
10
141.5994849999999872
20
-82.8515230000000003
11
141.2661520000000053
21
-82.8515230000000003
0
LINE
8
BLACK
6
CONTINUOUS
10
141.2661520000000053
20
-82.8515230000000003
11
141.0756759999999872
21
-82.8039040000000028
0
LINE
8
BLACK
6
CONTINUOUS
10
141.0756759999999872
20
-82.8039040000000028
11
140.9804379999999924
21
-82.7086659999999938
0
LINE
8
BLACK
6
CONTINUOUS
10
140.9804379999999924
20
-82.7086659999999938
11
140.932818999999995
21
-82.613427999999999
0
LINE
8
BLACK
6
CONTINUOUS
10
140.932818999999995
20
-82.613427999999999
11
140.932818999999995
21
-82.4229519999999951
0
LINE
8
BLACK
6
CONTINUOUS
10
140.932818999999995
20
-82.4229519999999951
11
140.9804379999999924
21
-82.3277140000000003
0
LINE
8
BLACK
6
CONTINUOUS
10
140.9804379999999924
20
-82.3277140000000003
11
141.0756759999999872
21
-82.2324759999999912
0
LINE
8
BLACK
6
CONTINUOUS
10
141.0756759999999872
20
-82.2324759999999912
11
141.2661520000000053
21
-82.1848569999999938
0
LINE
8
BLACK
6
CONTINUOUS
10
141.2661520000000053
20
-82.1848569999999938
11
141.5994849999999872
21
-82.1848569999999938
0
LINE
8
BLACK
6
CONTINUOUS
10
141.5994849999999872
20
-82.1848569999999938
11
141.7899610000000052
21
-82.2324759999999912
0
LINE
8
BLACK
6
CONTINUOUS
10
141.7899610000000052
20
-82.2324759999999912
11
141.8851999999999975
21
-82.3277140000000003
0
LINE
8
BLACK
6
CONTINUOUS
10
141.8851999999999975
20
-82.3277140000000003
11
141.932818999999995
21
-82.4229519999999951
0
LINE
8
BLACK
6
CONTINUOUS
10
141.932818999999995
20
-82.4229519999999951
11
141.932818999999995
21
-82.613427999999999
0
LINE
8
BLACK
6
CONTINUOUS
10
140.932818999999995
20
-81.8515230000000003
11
140.932818999999995
21
-81.2324759999999912
0
LINE
8
BLACK
6
CONTINUOUS
10
140.932818999999995
20
-81.2324759999999912
11
141.3137710000000027
21
-81.5658090000000016
0
LINE
8
BLACK
6
CONTINUOUS
10
141.3137710000000027
20
-81.5658090000000016
11
141.3137710000000027
21
-81.4229519999999951
0
LINE
8
BLACK
6
CONTINUOUS
10
141.3137710000000027
20
-81.4229519999999951
11
141.3613900000000001
21
-81.3277140000000003
0
LINE
8
BLACK
6
CONTINUOUS
10
141.3613900000000001
20
-81.3277140000000003
11
141.4090089999999975
21
-81.2800950000000029
0
LINE
8
BLACK
6
CONTINUOUS
10
141.4090089999999975
20
-81.2800950000000029
11
141.5042469999999923
21
-81.2324759999999912
0
LINE
8
BLACK
6
CONTINUOUS
10
141.5042469999999923
20
-81.2324759999999912
11
141.7423419999999794
21
-81.2324759999999912
0
LINE
8
BLACK
6
CONTINUOUS
10
141.7423419999999794
20
-81.2324759999999912
11
141.8375800000000027
21
-81.2800950000000029
0
LINE
8
BLACK
6
CONTINUOUS
10
141.8375800000000027
20
-81.2800950000000029
11
141.8851999999999975
21
-81.3277140000000003
0
LINE
8
BLACK
6
CONTINUOUS
10
141.8851999999999975
20
-81.3277140000000003
11
141.932818999999995
21
-81.4229519999999951
0
LINE
8
BLACK
6
CONTINUOUS
10
141.932818999999995
20
-81.4229519999999951
11
141.932818999999995
21
-81.7086659999999938
0
LINE
8
BLACK
6
CONTINUOUS
10
141.932818999999995
20
-81.7086659999999938
11
141.8851999999999975
21
-81.8039040000000028
0
LINE
8
BLACK
6
CONTINUOUS
10
141.8851999999999975
20
-81.8039040000000028
11
141.8375800000000027
21
-81.8515230000000003
0
LINE
8
BLACK
6
CONTINUOUS
10
139.805579999999992
20
-96.400857000000002
11
139.8531999999999869
21
-96.4484759999999994
0
LINE
8
BLACK
6
CONTINUOUS
10
139.8531999999999869
20
-96.4484759999999994
11
139.9008189999999843
21
-96.5913329999999917
0
LINE
8
BLACK
6
CONTINUOUS
10
139.9008189999999843
20
-96.5913329999999917
11
139.9008189999999843
21
-96.6865710000000007
0
LINE
8
BLACK
6
CONTINUOUS
10
139.9008189999999843
20
-96.6865710000000007
11
139.8531999999999869
21
-96.8294279999999929
0
LINE
8
BLACK
6
CONTINUOUS
10
139.8531999999999869
20
-96.8294279999999929
11
139.7579609999999946
21
-96.924666000000002
0
LINE
8
BLACK
6
CONTINUOUS
10
139.7579609999999946
20
-96.924666000000002
11
139.6627229999999997
21
-96.9722849999999994
0
LINE
8
BLACK
6
CONTINUOUS
10
139.6627229999999997
20
-96.9722849999999994
11
139.4722469999999817
21
-97.0199039999999968
0
LINE
8
BLACK
6
CONTINUOUS
10
139.4722469999999817
20
-97.0199039999999968
11
139.3293899999999894
21
-97.0199039999999968
0
LINE
8
BLACK
6
CONTINUOUS
10
139.3293899999999894
20
-97.0199039999999968
11
139.1389139999999998
21
-96.9722849999999994
0
LINE
8
BLACK
6
CONTINUOUS
10
139.1389139999999998
20
-96.9722849999999994
11
139.0436760000000049
21
-96.924666000000002
0
LINE
8
BLACK
6
CONTINUOUS
10
139.0436760000000049
20
-96.924666000000002
11
138.9484379999999817
21
-96.8294279999999929
0
LINE
8
BLACK
6
CONTINUOUS
10
138.9484379999999817
20
-96.8294279999999929
11
138.9008189999999843
21
-96.6865710000000007
0
LINE
8
BLACK
6
CONTINUOUS
10
138.9008189999999843
20
-96.6865710000000007
11
138.9008189999999843
21
-96.5913329999999917
0
LINE
8
BLACK
6
CONTINUOUS
10
138.9008189999999843
20
-96.5913329999999917
11
138.9484379999999817
21
-96.4484759999999994
0
LINE
8
BLACK
6
CONTINUOUS
10
138.9484379999999817
20
-96.4484759999999994
11
138.9960570000000075
21
-96.400857000000002
0
LINE
8
BLACK
6
CONTINUOUS
10
138.9960570000000075
20
-96.0199039999999968
11
138.9484379999999817
21
-95.9722849999999994
0
LINE
8
BLACK
6
CONTINUOUS
10
138.9484379999999817
20
-95.9722849999999994
11
138.9008189999999843
21
-95.8770469999999904
0
LINE
8
BLACK
6
CONTINUOUS
10
138.9008189999999843
20
-95.8770469999999904
11
138.9008189999999843
21
-95.6389519999999891
0
LINE
8
BLACK
6
CONTINUOUS
10
138.9008189999999843
20
-95.6389519999999891
11
138.9484379999999817
21
-95.5437139999999943
0
LINE
8
BLACK
6
CONTINUOUS
10
138.9484379999999817
20
-95.5437139999999943
11
138.9960570000000075
21
-95.4960949999999968
0
LINE
8
BLACK
6
CONTINUOUS
10
138.9960570000000075
20
-95.4960949999999968
11
139.0912950000000023
21
-95.4484759999999994
0
LINE
8
BLACK
6
CONTINUOUS
10
139.0912950000000023
20
-95.4484759999999994
11
139.1865329999999972
21
-95.4484759999999994
0
LINE
8
BLACK
6
CONTINUOUS
10
139.1865329999999972
20
-95.4484759999999994
11
139.3293899999999894
21
-95.4960949999999968
0
LINE
8
BLACK
6
CONTINUOUS
10
139.3293899999999894
20
-95.4960949999999968
11
139.9008189999999843
21
-96.0675229999999942
0
LINE
8
BLACK
6
CONTINUOUS
10
139.9008189999999843
20
-96.0675229999999942
11
139.9008189999999843
21
-95.4484759999999994
0
LINE
8
BLACK
6
CONTINUOUS
10
138.9008189999999843
20
-95.1151419999999916
11
138.9008189999999843
21
-94.4484759999999994
0
LINE
8
BLACK
6
CONTINUOUS
10
138.9008189999999843
20
-94.4484759999999994
11
139.9008189999999843
21
-94.8770469999999904
0
LINE
8
BLACK
6
CONTINUOUS
10
142.345579999999984
20
-72.5248569999999972
11
142.3932000000000073
21
-72.5724759999999947
0
LINE
8
BLACK
6
CONTINUOUS
10
142.3932000000000073
20
-72.5724759999999947
11
142.4408190000000047
21
-72.7153330000000011
0
LINE
8
BLACK
6
CONTINUOUS
10
142.4408190000000047
20
-72.7153330000000011
11
142.4408190000000047
21
-72.8105709999999959
0
LINE
8
BLACK
6
CONTINUOUS
10
142.4408190000000047
20
-72.8105709999999959
11
142.3932000000000073
21
-72.9534280000000024
0
LINE
8
BLACK
6
CONTINUOUS
10
142.3932000000000073
20
-72.9534280000000024
11
142.2979609999999866
21
-73.0486659999999972
0
LINE
8
BLACK
6
CONTINUOUS
10
142.2979609999999866
20
-73.0486659999999972
11
142.2027229999999918
21
-73.0962849999999946
0
LINE
8
BLACK
6
CONTINUOUS
10
142.2027229999999918
20
-73.0962849999999946
11
142.0122470000000021
21
-73.143903999999992
0
LINE
8
BLACK
6
CONTINUOUS
10
142.0122470000000021
20
-73.143903999999992
11
141.8693899999999815
21
-73.143903999999992
0
LINE
8
BLACK
6
CONTINUOUS
10
141.8693899999999815
20
-73.143903999999992
11
141.6789139999999918
21
-73.0962849999999946
0
LINE
8
BLACK
6
CONTINUOUS
10
141.6789139999999918
20
-73.0962849999999946
11
141.583675999999997
21
-73.0486659999999972
0
LINE
8
BLACK
6
CONTINUOUS
10
141.583675999999997
20
-73.0486659999999972
11
141.4884380000000021
21
-72.9534280000000024
0
LINE
8
BLACK
6
CONTINUOUS
10
141.4884380000000021
20
-72.9534280000000024
11
141.4408190000000047
21
-72.8105709999999959
0
LINE
8
BLACK
6
CONTINUOUS
10
141.4408190000000047
20
-72.8105709999999959
11
141.4408190000000047
21
-72.7153330000000011
0
LINE
8
BLACK
6
CONTINUOUS
10
141.4408190000000047
20
-72.7153330000000011
11
141.4884380000000021
21
-72.5724759999999947
0
LINE
8
BLACK
6
CONTINUOUS
10
141.4884380000000021
20
-72.5724759999999947
11
141.5360569999999996
21
-72.5248569999999972
0
LINE
8
BLACK
6
CONTINUOUS
10
141.7741519999999866
20
-71.6677140000000037
11
142.4408190000000047
21
-71.6677140000000037
0
LINE
8
BLACK
6
CONTINUOUS
10
141.3932000000000073
20
-71.9058089999999908
11
142.1074849999999969
21
-72.143903999999992
0
LINE
8
BLACK
6
CONTINUOUS
10
142.1074849999999969
20
-72.143903999999992
11
142.1074849999999969
21
-71.5248569999999972
0
LINE
8
BLACK
6
CONTINUOUS
10
141.4408190000000047
20
-71.2391420000000011
11
141.4408190000000047
21
-70.5724759999999947
0
LINE
8
BLACK
6
CONTINUOUS
10
141.4408190000000047
20
-70.5724759999999947
11
142.4408190000000047
21
-71.0010469999999998
0
LINE
8
BLACK
6
CONTINUOUS
10
149.0608189999999809
20
-56.4037129999999962
11
149.0608189999999809
21
-55.8322849999999988
0
LINE
8
BLACK
6
CONTINUOUS
10
150.0608189999999809
20
-56.1179989999999975
11
149.0608189999999809
21
-56.1179989999999975
0
LINE
8
BLACK
6
CONTINUOUS
10
150.0608189999999809
20
-55.4989509999999981
11
149.0608189999999809
21
-55.4989509999999981
0
LINE
8
BLACK
6
CONTINUOUS
10
149.5370089999999834
20
-55.4989509999999981
11
149.5370089999999834
21
-54.9275230000000008
0
LINE
8
BLACK
6
CONTINUOUS
10
150.0608189999999809
20
-54.9275230000000008
11
149.0608189999999809
21
-54.9275230000000008
0
LINE
8
BLACK
6
CONTINUOUS
10
150.0608189999999809
20
-53.9275230000000008
11
150.0608189999999809
21
-54.4989509999999981
0
LINE
8
BLACK
6
CONTINUOUS
10
150.0608189999999809
20
-54.2132369999999995
11
149.0608189999999809
21
-54.2132369999999995
0
LINE
8
BLACK
6
CONTINUOUS
10
149.0608189999999809
20
-54.2132369999999995
11
149.2036760000000015
21
-54.3084749999999943
0
LINE
8
BLACK
6
CONTINUOUS
10
149.2036760000000015
20
-54.3084749999999943
11
149.2989139999999963
21
-54.4037129999999962
0
LINE
8
BLACK
6
CONTINUOUS
10
149.2989139999999963
20
-54.4037129999999962
11
149.3465329999999938
21
-54.4989509999999981
0
LINE
8
BLACK
6
CONTINUOUS
10
133.8365799999999979
20
-96.400857000000002
11
133.8841999999999928
21
-96.4484759999999994
0
LINE
8
BLACK
6
CONTINUOUS
10
133.8841999999999928
20
-96.4484759999999994
11
133.9318189999999902
21
-96.5913329999999917
0
LINE
8
BLACK
6
CONTINUOUS
10
133.9318189999999902
20
-96.5913329999999917
11
133.9318189999999902
21
-96.6865710000000007
0
LINE
8
BLACK
6
CONTINUOUS
10
133.9318189999999902
20
-96.6865710000000007
11
133.8841999999999928
21
-96.8294279999999929
0
LINE
8
BLACK
6
CONTINUOUS
10
133.8841999999999928
20
-96.8294279999999929
11
133.7889610000000005
21
-96.924666000000002
0
LINE
8
BLACK
6
CONTINUOUS
10
133.7889610000000005
20
-96.924666000000002
11
133.6937230000000056
21
-96.9722849999999994
0
LINE
8
BLACK
6
CONTINUOUS
10
133.6937230000000056
20
-96.9722849999999994
11
133.5032469999999876
21
-97.0199039999999968
0
LINE
8
BLACK
6
CONTINUOUS
10
133.5032469999999876
20
-97.0199039999999968
11
133.3603899999999953
21
-97.0199039999999968
0
LINE
8
BLACK
6
CONTINUOUS
10
133.3603899999999953
20
-97.0199039999999968
11
133.1699140000000057
21
-96.9722849999999994
0
LINE
8
BLACK
6
CONTINUOUS
10
133.1699140000000057
20
-96.9722849999999994
11
133.0746759999999824
21
-96.924666000000002
0
LINE
8
BLACK
6
CONTINUOUS
10
133.0746759999999824
20
-96.924666000000002
11
132.9794379999999876
21
-96.8294279999999929
0
LINE
8
BLACK
6
CONTINUOUS
10
132.9794379999999876
20
-96.8294279999999929
11
132.9318189999999902
21
-96.6865710000000007
0
LINE
8
BLACK
6
CONTINUOUS
10
132.9318189999999902
20
-96.6865710000000007
11
132.9318189999999902
21
-96.5913329999999917
0
LINE
8
BLACK
6
CONTINUOUS
10
132.9318189999999902
20
-96.5913329999999917
11
132.9794379999999876
21
-96.4484759999999994
0
LINE
8
BLACK
6
CONTINUOUS
10
132.9794379999999876
20
-96.4484759999999994
11
133.027056999999985
21
-96.400857000000002
0
LINE
8
BLACK
6
CONTINUOUS
10
133.2651520000000005
20
-95.5437139999999943
11
133.9318189999999902
21
-95.5437139999999943
0
LINE
8
BLACK
6
CONTINUOUS
10
132.8841999999999928
20
-95.7818089999999955
11
133.5984849999999824
21
-96.0199039999999968
0
LINE
8
BLACK
6
CONTINUOUS
10
133.5984849999999824
20
-96.0199039999999968
11
133.5984849999999824
21
-95.400857000000002
0
LINE
8
BLACK
6
CONTINUOUS
10
133.027056999999985
20
-95.0675229999999942
11
132.9794379999999876
21
-95.0199039999999968
0
LINE
8
BLACK
6
CONTINUOUS
10
132.9794379999999876
20
-95.0199039999999968
11
132.9318189999999902
21
-94.924666000000002
0
LINE
8
BLACK
6
CONTINUOUS
10
132.9318189999999902
20
-94.924666000000002
11
132.9318189999999902
21
-94.6865710000000007
0
LINE
8
BLACK
6
CONTINUOUS
10
132.9318189999999902
20
-94.6865710000000007
11
132.9794379999999876
21
-94.5913329999999917
0
LINE
8
BLACK
6
CONTINUOUS
10
132.9794379999999876
20
-94.5913329999999917
11
133.027056999999985
21
-94.5437139999999943
0
LINE
8
BLACK
6
CONTINUOUS
10
133.027056999999985
20
-94.5437139999999943
11
133.1222949999999798
21
-94.4960949999999968
0
LINE
8
BLACK
6
CONTINUOUS
10
133.1222949999999798
20
-94.4960949999999968
11
133.2175330000000031
21
-94.4960949999999968
0
LINE
8
BLACK
6
CONTINUOUS
10
133.2175330000000031
20
-94.4960949999999968
11
133.3603899999999953
21
-94.5437139999999943
0
LINE
8
BLACK
6
CONTINUOUS
10
133.3603899999999953
20
-94.5437139999999943
11
133.9318189999999902
21
-95.1151419999999916
0
LINE
8
BLACK
6
CONTINUOUS
10
133.9318189999999902
20
-95.1151419999999916
11
133.9318189999999902
21
-94.4960949999999968
0
LINE
8
BLACK
6
CONTINUOUS
10
160.2813819999999794
20
-127.2898299999999949
11
160.233762999999982
21
-127.3374499999999898
0
LINE
8
BLACK
6
CONTINUOUS
10
160.233762999999982
20
-127.3374499999999898
11
160.0909059999999897
21
-127.3850689999999872
0
LINE
8
BLACK
6
CONTINUOUS
10
160.0909059999999897
20
-127.3850689999999872
11
159.9956679999999949
21
-127.3850689999999872
0
LINE
8
BLACK
6
CONTINUOUS
10
159.9956679999999949
20
-127.3850689999999872
11
159.8528110000000027
21
-127.3374499999999898
0
LINE
8
BLACK
6
CONTINUOUS
10
159.8528110000000027
20
-127.3374499999999898
11
159.7575729999999794
21
-127.2422109999999975
0
LINE
8
BLACK
6
CONTINUOUS
10
159.7575729999999794
20
-127.2422109999999975
11
159.709953999999982
21
-127.1469729999999885
0
LINE
8
BLACK
6
CONTINUOUS
10
159.709953999999982
20
-127.1469729999999885
11
159.6623349999999846
21
-126.9564969999999988
0
LINE
8
BLACK
6
CONTINUOUS
10
159.6623349999999846
20
-126.9564969999999988
11
159.6623349999999846
21
-126.8136399999999924
0
LINE
8
BLACK
6
CONTINUOUS
10
159.6623349999999846
20
-126.8136399999999924
11
159.709953999999982
21
-126.6231639999999885
0
LINE
8
BLACK
6
CONTINUOUS
10
159.709953999999982
20
-126.6231639999999885
11
159.7575729999999794
21
-126.5279259999999937
0
LINE
8
BLACK
6
CONTINUOUS
10
159.7575729999999794
20
-126.5279259999999937
11
159.8528110000000027
21
-126.4326879999999989
0
LINE
8
BLACK
6
CONTINUOUS
10
159.8528110000000027
20
-126.4326879999999989
11
159.9956679999999949
21
-126.3850689999999872
0
LINE
8
BLACK
6
CONTINUOUS
10
159.9956679999999949
20
-126.3850689999999872
11
160.0909059999999897
21
-126.3850689999999872
0
LINE
8
BLACK
6
CONTINUOUS
10
160.0909059999999897
20
-126.3850689999999872
11
160.233762999999982
21
-126.4326879999999989
0
LINE
8
BLACK
6
CONTINUOUS
10
160.233762999999982
20
-126.4326879999999989
11
160.2813819999999794
21
-126.4803069999999963
0
LINE
8
BLACK
6
CONTINUOUS
10
161.1385249999999871
20
-126.7184019999999975
11
161.1385249999999871
21
-127.3850689999999872
0
LINE
8
BLACK
6
CONTINUOUS
10
160.9004300000000001
20
-126.3374499999999898
11
160.6623349999999846
21
-127.0517349999999936
0
LINE
8
BLACK
6
CONTINUOUS
10
160.6623349999999846
20
-127.0517349999999936
11
161.2813819999999794
21
-127.0517349999999936
0
LINE
8
BLACK
6
CONTINUOUS
10
162.0909059999999897
20
-126.7184019999999975
11
162.0909059999999897
21
-127.3850689999999872
0
LINE
8
BLACK
6
CONTINUOUS
10
161.8528110000000027
20
-126.3374499999999898
11
161.6147159999999872
21
-127.0517349999999936
0
LINE
8
BLACK
6
CONTINUOUS
10
161.6147159999999872
20
-127.0517349999999936
11
162.233762999999982
21
-127.0517349999999936
0
LINE
8
BLACK
6
CONTINUOUS
10
153.0271419999999978
20
-64.8755799999999994
11
152.9795230000000004
21
-64.9231999999999942
0
LINE
8
BLACK
6
CONTINUOUS
10
152.9795230000000004
20
-64.9231999999999942
11
152.8366659999999797
21
-64.9708189999999917
0
LINE
8
BLACK
6
CONTINUOUS
10
152.8366659999999797
20
-64.9708189999999917
11
152.7414279999999849
21
-64.9708189999999917
0
LINE
8
BLACK
6
CONTINUOUS
10
152.7414279999999849
20
-64.9708189999999917
11
152.5985709999999926
21
-64.9231999999999942
0
LINE
8
BLACK
6
CONTINUOUS
10
152.5985709999999926
20
-64.9231999999999942
11
152.5033329999999978
21
-64.8279610000000019
0
LINE
8
BLACK
6
CONTINUOUS
10
152.5033329999999978
20
-64.8279610000000019
11
152.4557140000000004
21
-64.7327229999999929
0
LINE
8
BLACK
6
CONTINUOUS
10
152.4557140000000004
20
-64.7327229999999929
11
152.408095000000003
21
-64.5422470000000033
0
LINE
8
BLACK
6
CONTINUOUS
10
152.408095000000003
20
-64.5422470000000033
11
152.408095000000003
21
-64.3993899999999968
0
LINE
8
BLACK
6
CONTINUOUS
10
152.408095000000003
20
-64.3993899999999968
11
152.4557140000000004
21
-64.2089139999999929
0
LINE
8
BLACK
6
CONTINUOUS
10
152.4557140000000004
20
-64.2089139999999929
11
152.5033329999999978
21
-64.1136759999999981
0
LINE
8
BLACK
6
CONTINUOUS
10
152.5033329999999978
20
-64.1136759999999981
11
152.5985709999999926
21
-64.0184380000000033
0
LINE
8
BLACK
6
CONTINUOUS
10
152.5985709999999926
20
-64.0184380000000033
11
152.7414279999999849
21
-63.9708189999999988
0
LINE
8
BLACK
6
CONTINUOUS
10
152.7414279999999849
20
-63.9708189999999988
11
152.8366659999999797
21
-63.9708189999999988
0
LINE
8
BLACK
6
CONTINUOUS
10
152.8366659999999797
20
-63.9708189999999988
11
152.9795230000000004
21
-64.0184380000000033
0
LINE
8
BLACK
6
CONTINUOUS
10
152.9795230000000004
20
-64.0184380000000033
11
153.0271419999999978
21
-64.0660570000000007
0
LINE
8
BLACK
6
CONTINUOUS
10
153.8842850000000055
20
-64.304152000000002
11
153.8842850000000055
21
-64.9708189999999917
0
LINE
8
BLACK
6
CONTINUOUS
10
153.6461899999999901
20
-63.9231999999999942
11
153.408095000000003
21
-64.6374849999999981
0
LINE
8
BLACK
6
CONTINUOUS
10
153.408095000000003
20
-64.6374849999999981
11
154.0271419999999978
21
-64.6374849999999981
0
LINE
8
BLACK
6
CONTINUOUS
10
154.8366659999999797
20
-63.9708189999999988
11
154.6461899999999901
21
-63.9708189999999988
0
LINE
8
BLACK
6
CONTINUOUS
10
154.6461899999999901
20
-63.9708189999999988
11
154.5509519999999952
21
-64.0184380000000033
0
LINE
8
BLACK
6
CONTINUOUS
10
154.5509519999999952
20
-64.0184380000000033
11
154.5033329999999978
21
-64.0660570000000007
0
LINE
8
BLACK
6
CONTINUOUS
10
154.5033329999999978
20
-64.0660570000000007
11
154.408095000000003
21
-64.2089139999999929
0
LINE
8
BLACK
6
CONTINUOUS
10
154.408095000000003
20
-64.2089139999999929
11
154.3604760000000056
21
-64.3993899999999968
0
LINE
8
BLACK
6
CONTINUOUS
10
154.3604760000000056
20
-64.3993899999999968
11
154.3604760000000056
21
-64.7803419999999903
0
LINE
8
BLACK
6
CONTINUOUS
10
154.3604760000000056
20
-64.7803419999999903
11
154.408095000000003
21
-64.8755799999999994
0
LINE
8
BLACK
6
CONTINUOUS
10
154.408095000000003
20
-64.8755799999999994
11
154.4557140000000004
21
-64.9231999999999942
0
LINE
8
BLACK
6
CONTINUOUS
10
154.4557140000000004
20
-64.9231999999999942
11
154.5509519999999952
21
-64.9708189999999917
0
LINE
8
BLACK
6
CONTINUOUS
10
154.5509519999999952
20
-64.9708189999999917
11
154.7414279999999849
21
-64.9708189999999917
0
LINE
8
BLACK
6
CONTINUOUS
10
154.7414279999999849
20
-64.9708189999999917
11
154.8366659999999797
21
-64.9231999999999942
0
LINE
8
BLACK
6
CONTINUOUS
10
154.8366659999999797
20
-64.9231999999999942
11
154.8842850000000055
21
-64.8755799999999994
0
LINE
8
BLACK
6
CONTINUOUS
10
154.8842850000000055
20
-64.8755799999999994
11
154.931904000000003
21
-64.7803419999999903
0
LINE
8
BLACK
6
CONTINUOUS
10
154.931904000000003
20
-64.7803419999999903
11
154.931904000000003
21
-64.5422470000000033
0
LINE
8
BLACK
6
CONTINUOUS
10
154.931904000000003
20
-64.5422470000000033
11
154.8842850000000055
21
-64.4470089999999942
0
LINE
8
BLACK
6
CONTINUOUS
10
154.8842850000000055
20
-64.4470089999999942
11
154.8366659999999797
21
-64.3993899999999968
0
LINE
8
BLACK
6
CONTINUOUS
10
154.8366659999999797
20
-64.3993899999999968
11
154.7414279999999849
21
-64.3517709999999994
0
LINE
8
BLACK
6
CONTINUOUS
10
154.7414279999999849
20
-64.3517709999999994
11
154.5509519999999952
21
-64.3517709999999994
0
LINE
8
BLACK
6
CONTINUOUS
10
154.5509519999999952
20
-64.3517709999999994
11
154.4557140000000004
21
-64.3993899999999968
0
LINE
8
BLACK
6
CONTINUOUS
10
154.4557140000000004
20
-64.3993899999999968
11
154.408095000000003
21
-64.4470089999999942
0
LINE
8
BLACK
6
CONTINUOUS
10
154.408095000000003
20
-64.4470089999999942
11
154.3604760000000056
21
-64.5422470000000033
0
LINE
8
BLACK
6
CONTINUOUS
10
135.8821419999999875
20
-116.1835799999999921
11
135.8345229999999901
21
-116.2312000000000012
0
LINE
8
BLACK
6
CONTINUOUS
10
135.8345229999999901
20
-116.2312000000000012
11
135.6916659999999979
21
-116.2788189999999986
0
LINE
8
BLACK
6
CONTINUOUS
10
135.6916659999999979
20
-116.2788189999999986
11
135.5964280000000031
21
-116.2788189999999986
0
LINE
8
BLACK
6
CONTINUOUS
10
135.5964280000000031
20
-116.2788189999999986
11
135.4535709999999824
21
-116.2312000000000012
0
LINE
8
BLACK
6
CONTINUOUS
10
135.4535709999999824
20
-116.2312000000000012
11
135.3583329999999876
21
-116.1359609999999947
0
LINE
8
BLACK
6
CONTINUOUS
10
135.3583329999999876
20
-116.1359609999999947
11
135.3107139999999902
21
-116.0407229999999998
0
LINE
8
BLACK
6
CONTINUOUS
10
135.3107139999999902
20
-116.0407229999999998
11
135.2630949999999928
21
-115.850246999999996
0
LINE
8
BLACK
6
CONTINUOUS
10
135.2630949999999928
20
-115.850246999999996
11
135.2630949999999928
21
-115.7073899999999895
0
LINE
8
BLACK
6
CONTINUOUS
10
135.2630949999999928
20
-115.7073899999999895
11
135.3107139999999902
21
-115.5169139999999999
0
LINE
8
BLACK
6
CONTINUOUS
10
135.3107139999999902
20
-115.5169139999999999
11
135.3583329999999876
21
-115.4216759999999908
0
LINE
8
BLACK
6
CONTINUOUS
10
135.3583329999999876
20
-115.4216759999999908
11
135.4535709999999824
21
-115.326437999999996
0
LINE
8
BLACK
6
CONTINUOUS
10
135.4535709999999824
20
-115.326437999999996
11
135.5964280000000031
21
-115.2788189999999986
0
LINE
8
BLACK
6
CONTINUOUS
10
135.5964280000000031
20
-115.2788189999999986
11
135.6916659999999979
21
-115.2788189999999986
0
LINE
8
BLACK
6
CONTINUOUS
10
135.6916659999999979
20
-115.2788189999999986
11
135.8345229999999901
21
-115.326437999999996
0
LINE
8
BLACK
6
CONTINUOUS
10
135.8345229999999901
20
-115.326437999999996
11
135.8821419999999875
21
-115.3740569999999934
0
LINE
8
BLACK
6
CONTINUOUS
10
136.2630949999999928
20
-115.3740569999999934
11
136.3107139999999902
21
-115.326437999999996
0
LINE
8
BLACK
6
CONTINUOUS
10
136.3107139999999902
20
-115.326437999999996
11
136.405951999999985
21
-115.2788189999999986
0
LINE
8
BLACK
6
CONTINUOUS
10
136.405951999999985
20
-115.2788189999999986
11
136.6440470000000005
21
-115.2788189999999986
0
LINE
8
BLACK
6
CONTINUOUS
10
136.6440470000000005
20
-115.2788189999999986
11
136.7392849999999953
21
-115.326437999999996
0
LINE
8
BLACK
6
CONTINUOUS
10
136.7392849999999953
20
-115.326437999999996
11
136.7869039999999927
21
-115.3740569999999934
0
LINE
8
BLACK
6
CONTINUOUS
10
136.7869039999999927
20
-115.3740569999999934
11
136.8345229999999901
21
-115.4692949999999882
0
LINE
8
BLACK
6
CONTINUOUS
10
136.8345229999999901
20
-115.4692949999999882
11
136.8345229999999901
21
-115.5645329999999973
0
LINE
8
BLACK
6
CONTINUOUS
10
136.8345229999999901
20
-115.5645329999999973
11
136.7869039999999927
21
-115.7073899999999895
0
LINE
8
BLACK
6
CONTINUOUS
10
136.7869039999999927
20
-115.7073899999999895
11
136.2154759999999953
21
-116.2788189999999986
0
LINE
8
BLACK
6
CONTINUOUS
10
136.2154759999999953
20
-116.2788189999999986
11
136.8345229999999901
21
-116.2788189999999986
0
LINE
8
BLACK
6
CONTINUOUS
10
137.3107139999999902
20
-116.2788189999999986
11
137.5011899999999798
21
-116.2788189999999986
0
LINE
8
BLACK
6
CONTINUOUS
10
137.5011899999999798
20
-116.2788189999999986
11
137.5964280000000031
21
-116.2312000000000012
0
LINE
8
BLACK
6
CONTINUOUS
10
137.5964280000000031
20
-116.2312000000000012
11
137.6440470000000005
21
-116.1835799999999921
0
LINE
8
BLACK
6
CONTINUOUS
10
137.6440470000000005
20
-116.1835799999999921
11
137.7392849999999953
21
-116.0407229999999998
0
LINE
8
BLACK
6
CONTINUOUS
10
137.7392849999999953
20
-116.0407229999999998
11
137.7869039999999927
21
-115.850246999999996
0
LINE
8
BLACK
6
CONTINUOUS
10
137.7869039999999927
20
-115.850246999999996
11
137.7869039999999927
21
-115.4692949999999882
0
LINE
8
BLACK
6
CONTINUOUS
10
137.7869039999999927
20
-115.4692949999999882
11
137.7392849999999953
21
-115.3740569999999934
0
LINE
8
BLACK
6
CONTINUOUS
10
137.7392849999999953
20
-115.3740569999999934
11
137.6916659999999979
21
-115.326437999999996
0
LINE
8
BLACK
6
CONTINUOUS
10
137.6916659999999979
20
-115.326437999999996
11
137.5964280000000031
21
-115.2788189999999986
0
LINE
8
BLACK
6
CONTINUOUS
10
137.5964280000000031
20
-115.2788189999999986
11
137.405951999999985
21
-115.2788189999999986
0
LINE
8
BLACK
6
CONTINUOUS
10
137.405951999999985
20
-115.2788189999999986
11
137.3107139999999902
21
-115.326437999999996
0
LINE
8
BLACK
6
CONTINUOUS
10
137.3107139999999902
20
-115.326437999999996
11
137.2630949999999928
21
-115.3740569999999934
0
LINE
8
BLACK
6
CONTINUOUS
10
137.2630949999999928
20
-115.3740569999999934
11
137.2154759999999953
21
-115.4692949999999882
0
LINE
8
BLACK
6
CONTINUOUS
10
137.2154759999999953
20
-115.4692949999999882
11
137.2154759999999953
21
-115.7073899999999895
0
LINE
8
BLACK
6
CONTINUOUS
10
137.2154759999999953
20
-115.7073899999999895
11
137.2630949999999928
21
-115.8026279999999986
0
LINE
8
BLACK
6
CONTINUOUS
10
137.2630949999999928
20
-115.8026279999999986
11
137.3107139999999902
21
-115.850246999999996
0
LINE
8
BLACK
6
CONTINUOUS
10
137.3107139999999902
20
-115.850246999999996
11
137.405951999999985
21
-115.8978659999999934
0
LINE
8
BLACK
6
CONTINUOUS
10
137.405951999999985
20
-115.8978659999999934
11
137.5964280000000031
21
-115.8978659999999934
0
LINE
8
BLACK
6
CONTINUOUS
10
137.5964280000000031
20
-115.8978659999999934
11
137.6916659999999979
21
-115.850246999999996
0
LINE
8
BLACK
6
CONTINUOUS
10
137.6916659999999979
20
-115.850246999999996
11
137.7392849999999953
21
-115.8026279999999986
0
LINE
8
BLACK
6
CONTINUOUS
10
137.7392849999999953
20
-115.8026279999999986
11
137.7869039999999927
21
-115.7073899999999895
0
LINE
8
BLACK
6
CONTINUOUS
10
132.9611419999999953
20
-118.9458190000000002
11
132.627808999999985
21
-118.4696280000000002
0
LINE
8
BLACK
6
CONTINUOUS
10
132.3897139999999979
20
-118.9458190000000002
11
132.3897139999999979
21
-117.9458190000000002
0
LINE
8
BLACK
6
CONTINUOUS
10
132.3897139999999979
20
-117.9458190000000002
11
132.7706660000000056
21
-117.9458190000000002
0
LINE
8
BLACK
6
CONTINUOUS
10
132.7706660000000056
20
-117.9458190000000002
11
132.8659040000000005
21
-117.9934379999999976
0
LINE
8
BLACK
6
CONTINUOUS
10
132.8659040000000005
20
-117.9934379999999976
11
132.9135229999999979
21
-118.041056999999995
0
LINE
8
BLACK
6
CONTINUOUS
10
132.9135229999999979
20
-118.041056999999995
11
132.9611419999999953
21
-118.1362949999999898
0
LINE
8
BLACK
6
CONTINUOUS
10
132.9611419999999953
20
-118.1362949999999898
11
132.9611419999999953
21
-118.2791519999999963
0
LINE
8
BLACK
6
CONTINUOUS
10
132.9611419999999953
20
-118.2791519999999963
11
132.9135229999999979
21
-118.3743899999999911
0
LINE
8
BLACK
6
CONTINUOUS
10
132.9135229999999979
20
-118.3743899999999911
11
132.8659040000000005
21
-118.4220089999999885
0
LINE
8
BLACK
6
CONTINUOUS
10
132.8659040000000005
20
-118.4220089999999885
11
132.7706660000000056
21
-118.4696280000000002
0
LINE
8
BLACK
6
CONTINUOUS
10
132.7706660000000056
20
-118.4696280000000002
11
132.3897139999999979
21
-118.4696280000000002
0
LINE
8
BLACK
6
CONTINUOUS
10
133.9135229999999979
20
-118.9458190000000002
11
133.3420950000000005
21
-118.9458190000000002
0
LINE
8
BLACK
6
CONTINUOUS
10
133.627808999999985
20
-118.9458190000000002
11
133.627808999999985
21
-117.9458190000000002
0
LINE
8
BLACK
6
CONTINUOUS
10
133.627808999999985
20
-117.9458190000000002
11
133.5325709999999901
21
-118.0886759999999924
0
LINE
8
BLACK
6
CONTINUOUS
10
133.5325709999999901
20
-118.0886759999999924
11
133.4373329999999953
21
-118.1839140000000015
0
LINE
8
BLACK
6
CONTINUOUS
10
133.4373329999999953
20
-118.1839140000000015
11
133.3420950000000005
21
-118.2315329999999989
0
LINE
8
BLACK
6
CONTINUOUS
10
134.5325709999999901
20
-117.9458190000000002
11
134.627808999999985
21
-117.9458190000000002
0
LINE
8
BLACK
6
CONTINUOUS
10
134.627808999999985
20
-117.9458190000000002
11
134.7230469999999798
21
-117.9934379999999976
0
LINE
8
BLACK
6
CONTINUOUS
10
134.7230469999999798
20
-117.9934379999999976
11
134.7706660000000056
21
-118.041056999999995
0
LINE
8
BLACK
6
CONTINUOUS
10
134.7706660000000056
20
-118.041056999999995
11
134.818285000000003
21
-118.1362949999999898
0
LINE
8
BLACK
6
CONTINUOUS
10
134.818285000000003
20
-118.1362949999999898
11
134.8659040000000005
21
-118.3267709999999937
0
LINE
8
BLACK
6
CONTINUOUS
10
134.8659040000000005
20
-118.3267709999999937
11
134.8659040000000005
21
-118.564865999999995
0
LINE
8
BLACK
6
CONTINUOUS
10
134.8659040000000005
20
-118.564865999999995
11
134.818285000000003
21
-118.7553419999999988
0
LINE
8
BLACK
6
CONTINUOUS
10
134.818285000000003
20
-118.7553419999999988
11
134.7706660000000056
21
-118.8505799999999937
0
LINE
8
BLACK
6
CONTINUOUS
10
134.7706660000000056
20
-118.8505799999999937
11
134.7230469999999798
21
-118.8981999999999886
0
LINE
8
BLACK
6
CONTINUOUS
10
134.7230469999999798
20
-118.8981999999999886
11
134.627808999999985
21
-118.9458190000000002
0
LINE
8
BLACK
6
CONTINUOUS
10
134.627808999999985
20
-118.9458190000000002
11
134.5325709999999901
21
-118.9458190000000002
0
LINE
8
BLACK
6
CONTINUOUS
10
134.5325709999999901
20
-118.9458190000000002
11
134.4373329999999953
21
-118.8981999999999886
0
LINE
8
BLACK
6
CONTINUOUS
10
134.4373329999999953
20
-118.8981999999999886
11
134.3897139999999979
21
-118.8505799999999937
0
LINE
8
BLACK
6
CONTINUOUS
10
134.3897139999999979
20
-118.8505799999999937
11
134.3420950000000005
21
-118.7553419999999988
0
LINE
8
BLACK
6
CONTINUOUS
10
134.3420950000000005
20
-118.7553419999999988
11
134.2944760000000031
21
-118.564865999999995
0
LINE
8
BLACK
6
CONTINUOUS
10
134.2944760000000031
20
-118.564865999999995
11
134.2944760000000031
21
-118.3267709999999937
0
LINE
8
BLACK
6
CONTINUOUS
10
134.2944760000000031
20
-118.3267709999999937
11
134.3420950000000005
21
-118.1362949999999898
0
LINE
8
BLACK
6
CONTINUOUS
10
134.3420950000000005
20
-118.1362949999999898
11
134.3897139999999979
21
-118.041056999999995
0
LINE
8
BLACK
6
CONTINUOUS
10
134.3897139999999979
20
-118.041056999999995
11
134.4373329999999953
21
-117.9934379999999976
0
LINE
8
BLACK
6
CONTINUOUS
10
134.4373329999999953
20
-117.9934379999999976
11
134.5325709999999901
21
-117.9458190000000002
0
LINE
8
BLACK
6
CONTINUOUS
10
150.9389060000000029
20
-121.8130689999999987
11
150.9389060000000029
21
-122.5273539999999883
0
LINE
8
BLACK
6
CONTINUOUS
10
150.9389060000000029
20
-122.5273539999999883
11
150.8912870000000055
21
-122.6702109999999948
0
LINE
8
BLACK
6
CONTINUOUS
10
150.8912870000000055
20
-122.6702109999999948
11
150.7960489999999822
21
-122.7654500000000013
0
LINE
8
BLACK
6
CONTINUOUS
10
150.7960489999999822
20
-122.7654500000000013
11
150.65319199999999
21
-122.8130689999999987
0
LINE
8
BLACK
6
CONTINUOUS
10
150.65319199999999
20
-122.8130689999999987
11
150.5579539999999952
21
-122.8130689999999987
0
LINE
8
BLACK
6
CONTINUOUS
10
151.8912870000000055
20
-121.8130689999999987
11
151.4150970000000029
21
-121.8130689999999987
0
LINE
8
BLACK
6
CONTINUOUS
10
151.4150970000000029
20
-121.8130689999999987
11
151.3674780000000055
21
-122.2892590000000013
0
LINE
8
BLACK
6
CONTINUOUS
10
151.3674780000000055
20
-122.2892590000000013
11
151.4150970000000029
21
-122.2416399999999896
0
LINE
8
BLACK
6
CONTINUOUS
10
151.4150970000000029
20
-122.2416399999999896
11
151.5103349999999978
21
-122.1940209999999922
0
LINE
8
BLACK
6
CONTINUOUS
10
151.5103349999999978
20
-122.1940209999999922
11
151.7484299999999848
21
-122.1940209999999922
0
LINE
8
BLACK
6
CONTINUOUS
10
151.7484299999999848
20
-122.1940209999999922
11
151.8436679999999797
21
-122.2416399999999896
0
LINE
8
BLACK
6
CONTINUOUS
10
151.8436679999999797
20
-122.2416399999999896
11
151.8912870000000055
21
-122.2892590000000013
0
LINE
8
BLACK
6
CONTINUOUS
10
151.8912870000000055
20
-122.2892590000000013
11
151.9389060000000029
21
-122.3844969999999961
0
LINE
8
BLACK
6
CONTINUOUS
10
151.9389060000000029
20
-122.3844969999999961
11
151.9389060000000029
21
-122.6225919999999974
0
LINE
8
BLACK
6
CONTINUOUS
10
151.9389060000000029
20
-122.6225919999999974
11
151.8912870000000055
21
-122.7178299999999922
0
LINE
8
BLACK
6
CONTINUOUS
10
151.8912870000000055
20
-122.7178299999999922
11
151.8436679999999797
21
-122.7654500000000013
0
LINE
8
BLACK
6
CONTINUOUS
10
151.8436679999999797
20
-122.7654500000000013
11
151.7484299999999848
21
-122.8130689999999987
0
LINE
8
BLACK
6
CONTINUOUS
10
151.7484299999999848
20
-122.8130689999999987
11
151.5103349999999978
21
-122.8130689999999987
0
LINE
8
BLACK
6
CONTINUOUS
10
151.5103349999999978
20
-122.8130689999999987
11
151.4150970000000029
21
-122.7654500000000013
0
LINE
8
BLACK
6
CONTINUOUS
10
151.4150970000000029
20
-122.7654500000000013
11
151.3674780000000055
21
-122.7178299999999922
0
LINE
8
BLACK
6
CONTINUOUS
10
153.0505259999999907
20
-125.345887999999988
11
153.0505259999999907
21
-123.345887999999988
0
LINE
8
BLACK
6
CONTINUOUS
10
154.0029069999999933
20
-125.345887999999988
11
154.0029069999999933
21
-123.345887999999988
0
LINE
8
BLACK
6
CONTINUOUS
10
154.0029069999999933
20
-123.345887999999988
11
155.1457639999999856
21
-125.345887999999988
0
LINE
8
BLACK
6
CONTINUOUS
10
155.1457639999999856
20
-125.345887999999988
11
155.1457639999999856
21
-123.345887999999988
0
LINE
8
BLACK
6
CONTINUOUS
10
156.0981449999999882
20
-124.5839829999999893
11
157.6219549999999856
21
-124.5839829999999893
0
LINE
8
BLACK
6
CONTINUOUS
10
139.805579999999992
20
-107.0688569999999942
11
139.8531999999999869
21
-107.1164759999999916
0
LINE
8
BLACK
6
CONTINUOUS
10
139.8531999999999869
20
-107.1164759999999916
11
139.9008189999999843
21
-107.259332999999998
0
LINE
8
BLACK
6
CONTINUOUS
10
139.9008189999999843
20
-107.259332999999998
11
139.9008189999999843
21
-107.3545709999999929
0
LINE
8
BLACK
6
CONTINUOUS
10
139.9008189999999843
20
-107.3545709999999929
11
139.8531999999999869
21
-107.4974279999999993
0
LINE
8
BLACK
6
CONTINUOUS
10
139.8531999999999869
20
-107.4974279999999993
11
139.7579609999999946
21
-107.5926659999999941
0
LINE
8
BLACK
6
CONTINUOUS
10
139.7579609999999946
20
-107.5926659999999941
11
139.6627229999999997
21
-107.6402849999999916
0
LINE
8
BLACK
6
CONTINUOUS
10
139.6627229999999997
20
-107.6402849999999916
11
139.4722469999999817
21
-107.687903999999989
0
LINE
8
BLACK
6
CONTINUOUS
10
139.4722469999999817
20
-107.687903999999989
11
139.3293899999999894
21
-107.687903999999989
0
LINE
8
BLACK
6
CONTINUOUS
10
139.3293899999999894
20
-107.687903999999989
11
139.1389139999999998
21
-107.6402849999999916
0
LINE
8
BLACK
6
CONTINUOUS
10
139.1389139999999998
20
-107.6402849999999916
11
139.0436760000000049
21
-107.5926659999999941
0
LINE
8
BLACK
6
CONTINUOUS
10
139.0436760000000049
20
-107.5926659999999941
11
138.9484379999999817
21
-107.4974279999999993
0
LINE
8
BLACK
6
CONTINUOUS
10
138.9484379999999817
20
-107.4974279999999993
11
138.9008189999999843
21
-107.3545709999999929
0
LINE
8
BLACK
6
CONTINUOUS
10
138.9008189999999843
20
-107.3545709999999929
11
138.9008189999999843
21
-107.259332999999998
0
LINE
8
BLACK
6
CONTINUOUS
10
138.9008189999999843
20
-107.259332999999998
11
138.9484379999999817
21
-107.1164759999999916
0
LINE
8
BLACK
6
CONTINUOUS
10
138.9484379999999817
20
-107.1164759999999916
11
138.9960570000000075
21
-107.0688569999999942
0
LINE
8
BLACK
6
CONTINUOUS
10
138.9008189999999843
20
-106.7355230000000006
11
138.9008189999999843
21
-106.1164759999999916
0
LINE
8
BLACK
6
CONTINUOUS
10
138.9008189999999843
20
-106.1164759999999916
11
139.281770999999992
21
-106.4498090000000019
0
LINE
8
BLACK
6
CONTINUOUS
10
139.281770999999992
20
-106.4498090000000019
11
139.281770999999992
21
-106.3069519999999955
0
LINE
8
BLACK
6
CONTINUOUS
10
139.281770999999992
20
-106.3069519999999955
11
139.3293899999999894
21
-106.2117140000000006
0
LINE
8
BLACK
6
CONTINUOUS
10
139.3293899999999894
20
-106.2117140000000006
11
139.3770089999999868
21
-106.164094999999989
0
LINE
8
BLACK
6
CONTINUOUS
10
139.3770089999999868
20
-106.164094999999989
11
139.4722469999999817
21
-106.1164759999999916
0
LINE
8
BLACK
6
CONTINUOUS
10
139.4722469999999817
20
-106.1164759999999916
11
139.7103419999999971
21
-106.1164759999999916
0
LINE
8
BLACK
6
CONTINUOUS
10
139.7103419999999971
20
-106.1164759999999916
11
139.805579999999992
21
-106.164094999999989
0
LINE
8
BLACK
6
CONTINUOUS
10
139.805579999999992
20
-106.164094999999989
11
139.8531999999999869
21
-106.2117140000000006
0
LINE
8
BLACK
6
CONTINUOUS
10
139.8531999999999869
20
-106.2117140000000006
11
139.9008189999999843
21
-106.3069519999999955
0
LINE
8
BLACK
6
CONTINUOUS
10
139.9008189999999843
20
-106.3069519999999955
11
139.9008189999999843
21
-106.5926659999999941
0
LINE
8
BLACK
6
CONTINUOUS
10
139.9008189999999843
20
-106.5926659999999941
11
139.8531999999999869
21
-106.687903999999989
0
LINE
8
BLACK
6
CONTINUOUS
10
139.8531999999999869
20
-106.687903999999989
11
139.805579999999992
21
-106.7355230000000006
0
LINE
8
BLACK
6
CONTINUOUS
10
139.2341519999999946
20
-105.259332999999998
11
139.9008189999999843
21
-105.259332999999998
0
LINE
8
BLACK
6
CONTINUOUS
10
138.8531999999999869
20
-105.4974279999999993
11
139.5674850000000049
21
-105.7355230000000006
0
LINE
8
BLACK
6
CONTINUOUS
10
139.5674850000000049
20
-105.7355230000000006
11
139.5674850000000049
21
-105.1164759999999916
0
LINE
8
BLACK
6
CONTINUOUS
10
164.7928189999999802
20
-50.7126659999999987
11
164.3166279999999801
21
-51.0459989999999948
0
LINE
8
BLACK
6
CONTINUOUS
10
164.7928189999999802
20
-51.2840939999999961
11
163.7928189999999802
21
-51.2840939999999961
0
LINE
8
BLACK
6
CONTINUOUS
10
163.7928189999999802
20
-51.2840939999999961
11
163.7928189999999802
21
-50.9031419999999954
0
LINE
8
BLACK
6
CONTINUOUS
10
163.7928189999999802
20
-50.9031419999999954
11
163.840438000000006
21
-50.8079040000000006
0
LINE
8
BLACK
6
CONTINUOUS
10
163.840438000000006
20
-50.8079040000000006
11
163.8880570000000034
21
-50.7602849999999961
0
LINE
8
BLACK
6
CONTINUOUS
10
163.8880570000000034
20
-50.7602849999999961
11
163.9832949999999983
21
-50.7126659999999987
0
LINE
8
BLACK
6
CONTINUOUS
10
163.9832949999999983
20
-50.7126659999999987
11
164.1261519999999905
21
-50.7126659999999987
0
LINE
8
BLACK
6
CONTINUOUS
10
164.1261519999999905
20
-50.7126659999999987
11
164.2213899999999853
21
-50.7602849999999961
0
LINE
8
BLACK
6
CONTINUOUS
10
164.2213899999999853
20
-50.7602849999999961
11
164.2690089999999827
21
-50.8079040000000006
0
LINE
8
BLACK
6
CONTINUOUS
10
164.2690089999999827
20
-50.8079040000000006
11
164.3166279999999801
21
-50.9031419999999954
0
LINE
8
BLACK
6
CONTINUOUS
10
164.3166279999999801
20
-50.9031419999999954
11
164.3166279999999801
21
-51.2840939999999961
0
LINE
8
BLACK
6
CONTINUOUS
10
164.1261519999999905
20
-49.855522999999998
11
164.7928189999999802
21
-49.855522999999998
0
LINE
8
BLACK
6
CONTINUOUS
10
163.7451999999999828
20
-50.0936179999999993
11
164.4594850000000008
21
-50.3317130000000006
0
LINE
8
BLACK
6
CONTINUOUS
10
164.4594850000000008
20
-50.3317130000000006
11
164.4594850000000008
21
-49.7126659999999987
0
LINE
8
BLACK
6
CONTINUOUS
10
178.0864760000000047
20
-63.5658189999999976
11
178.0864760000000047
21
-64.2801039999999944
0
LINE
8
BLACK
6
CONTINUOUS
10
178.0864760000000047
20
-64.2801039999999944
11
178.0388569999999788
21
-64.4229610000000008
0
LINE
8
BLACK
6
CONTINUOUS
10
178.0388569999999788
20
-64.4229610000000008
11
177.943618999999984
21
-64.5181999999999931
0
LINE
8
BLACK
6
CONTINUOUS
10
177.943618999999984
20
-64.5181999999999931
11
177.8007619999999918
21
-64.5658189999999905
0
LINE
8
BLACK
6
CONTINUOUS
10
177.8007619999999918
20
-64.5658189999999905
11
177.7055239999999969
21
-64.5658189999999905
0
LINE
8
BLACK
6
CONTINUOUS
10
179.0864760000000047
20
-64.5658189999999905
11
178.5150479999999789
21
-64.5658189999999905
0
LINE
8
BLACK
6
CONTINUOUS
10
178.8007619999999918
20
-64.5658189999999905
11
178.8007619999999918
21
-63.5658189999999976
0
LINE
8
BLACK
6
CONTINUOUS
10
178.8007619999999918
20
-63.5658189999999976
11
178.7055239999999969
21
-63.708675999999997
0
LINE
8
BLACK
6
CONTINUOUS
10
178.7055239999999969
20
-63.708675999999997
11
178.6102860000000021
21
-63.8039139999999989
0
LINE
8
BLACK
6
CONTINUOUS
10
178.6102860000000021
20
-63.8039139999999989
11
178.5150479999999789
21
-63.8515329999999963
0
LINE
8
BLACK
6
CONTINUOUS
10
179.419809999999984
20
-63.5658189999999976
11
180.0864760000000047
21
-63.5658189999999976
0
LINE
8
BLACK
6
CONTINUOUS
10
180.0864760000000047
20
-63.5658189999999976
11
179.6579049999999995
21
-64.5658189999999905
0
LINE
8
BLACK
6
CONTINUOUS
10
154.2518189999999834
20
-85.7646659999999912
11
153.7756279999999833
21
-86.0979990000000015
0
LINE
8
BLACK
6
CONTINUOUS
10
154.2518189999999834
20
-86.3360940000000028
11
153.2518189999999834
21
-86.3360940000000028
0
LINE
8
BLACK
6
CONTINUOUS
10
153.2518189999999834
20
-86.3360940000000028
11
153.2518189999999834
21
-85.9551419999999951
0
LINE
8
BLACK
6
CONTINUOUS
10
153.2518189999999834
20
-85.9551419999999951
11
153.2994379999999808
21
-85.8599040000000002
0
LINE
8
BLACK
6
CONTINUOUS
10
153.2994379999999808
20
-85.8599040000000002
11
153.3470570000000066
21
-85.8122850000000028
0
LINE
8
BLACK
6
CONTINUOUS
10
153.3470570000000066
20
-85.8122850000000028
11
153.4422950000000014
21
-85.7646659999999912
0
LINE
8
BLACK
6
CONTINUOUS
10
153.4422950000000014
20
-85.7646659999999912
11
153.5851519999999937
21
-85.7646659999999912
0
LINE
8
BLACK
6
CONTINUOUS
10
153.5851519999999937
20
-85.7646659999999912
11
153.6803899999999885
21
-85.8122850000000028
0
LINE
8
BLACK
6
CONTINUOUS
10
153.6803899999999885
20
-85.8122850000000028
11
153.7280089999999859
21
-85.8599040000000002
0
LINE
8
BLACK
6
CONTINUOUS
10
153.7280089999999859
20
-85.8599040000000002
11
153.7756279999999833
21
-85.9551419999999951
0
LINE
8
BLACK
6
CONTINUOUS
10
153.7756279999999833
20
-85.9551419999999951
11
153.7756279999999833
21
-86.3360940000000028
0
LINE
8
BLACK
6
CONTINUOUS
10
154.2518189999999834
20
-84.8122850000000028
11
154.2518189999999834
21
-85.3837130000000002
0
LINE
8
BLACK
6
CONTINUOUS
10
154.2518189999999834
20
-85.0979990000000015
11
153.2518189999999834
21
-85.0979990000000015
0
LINE
8
BLACK
6
CONTINUOUS
10
153.2518189999999834
20
-85.0979990000000015
11
153.394676000000004
21
-85.1932369999999963
0
LINE
8
BLACK
6
CONTINUOUS
10
153.394676000000004
20
-85.1932369999999963
11
153.4899139999999989
21
-85.2884749999999912
0
LINE
8
BLACK
6
CONTINUOUS
10
153.4899139999999989
20
-85.2884749999999912
11
153.5375329999999963
21
-85.3837130000000002
0
LINE
8
BLACK
6
CONTINUOUS
10
133.8365799999999979
20
-99.9568569999999994
11
133.8841999999999928
21
-100.0044759999999968
0
LINE
8
BLACK
6
CONTINUOUS
10
133.8841999999999928
20
-100.0044759999999968
11
133.9318189999999902
21
-100.1473329999999891
0
LINE
8
BLACK
6
CONTINUOUS
10
133.9318189999999902
20
-100.1473329999999891
11
133.9318189999999902
21
-100.2425709999999981
0
LINE
8
BLACK
6
CONTINUOUS
10
133.9318189999999902
20
-100.2425709999999981
11
133.8841999999999928
21
-100.3854279999999903
0
LINE
8
BLACK
6
CONTINUOUS
10
133.8841999999999928
20
-100.3854279999999903
11
133.7889610000000005
21
-100.4806659999999994
0
LINE
8
BLACK
6
CONTINUOUS
10
133.7889610000000005
20
-100.4806659999999994
11
133.6937230000000056
21
-100.5282849999999968
0
LINE
8
BLACK
6
CONTINUOUS
10
133.6937230000000056
20
-100.5282849999999968
11
133.5032469999999876
21
-100.5759039999999942
0
LINE
8
BLACK
6
CONTINUOUS
10
133.5032469999999876
20
-100.5759039999999942
11
133.3603899999999953
21
-100.5759039999999942
0
LINE
8
BLACK
6
CONTINUOUS
10
133.3603899999999953
20
-100.5759039999999942
11
133.1699140000000057
21
-100.5282849999999968
0
LINE
8
BLACK
6
CONTINUOUS
10
133.1699140000000057
20
-100.5282849999999968
11
133.0746759999999824
21
-100.4806659999999994
0
LINE
8
BLACK
6
CONTINUOUS
10
133.0746759999999824
20
-100.4806659999999994
11
132.9794379999999876
21
-100.3854279999999903
0
LINE
8
BLACK
6
CONTINUOUS
10
132.9794379999999876
20
-100.3854279999999903
11
132.9318189999999902
21
-100.2425709999999981
0
LINE
8
BLACK
6
CONTINUOUS
10
132.9318189999999902
20
-100.2425709999999981
11
132.9318189999999902
21
-100.1473329999999891
0
LINE
8
BLACK
6
CONTINUOUS
10
132.9318189999999902
20
-100.1473329999999891
11
132.9794379999999876
21
-100.0044759999999968
0
LINE
8
BLACK
6
CONTINUOUS
10
132.9794379999999876
20
-100.0044759999999968
11
133.027056999999985
21
-99.9568569999999994
0
LINE
8
BLACK
6
CONTINUOUS
10
133.9318189999999902
20
-99.0044759999999968
11
133.9318189999999902
21
-99.5759039999999942
0
LINE
8
BLACK
6
CONTINUOUS
10
133.9318189999999902
20
-99.2901899999999955
11
132.9318189999999902
21
-99.2901899999999955
0
LINE
8
BLACK
6
CONTINUOUS
10
132.9318189999999902
20
-99.2901899999999955
11
133.0746759999999824
21
-99.3854279999999903
0
LINE
8
BLACK
6
CONTINUOUS
10
133.0746759999999824
20
-99.3854279999999903
11
133.1699140000000057
21
-99.4806659999999994
0
LINE
8
BLACK
6
CONTINUOUS
10
133.1699140000000057
20
-99.4806659999999994
11
133.2175330000000031
21
-99.5759039999999942
0
LINE
8
BLACK
6
CONTINUOUS
10
132.9318189999999902
20
-98.671141999999989
11
132.9318189999999902
21
-98.0520949999999942
0
LINE
8
BLACK
6
CONTINUOUS
10
132.9318189999999902
20
-98.0520949999999942
11
133.3127709999999979
21
-98.3854279999999903
0
LINE
8
BLACK
6
CONTINUOUS
10
133.3127709999999979
20
-98.3854279999999903
11
133.3127709999999979
21
-98.2425709999999981
0
LINE
8
BLACK
6
CONTINUOUS
10
133.3127709999999979
20
-98.2425709999999981
11
133.3603899999999953
21
-98.1473329999999891
0
LINE
8
BLACK
6
CONTINUOUS
10
133.3603899999999953
20
-98.1473329999999891
11
133.4080089999999927
21
-98.0997139999999916
0
LINE
8
BLACK
6
CONTINUOUS
10
133.4080089999999927
20
-98.0997139999999916
11
133.5032469999999876
21
-98.0520949999999942
0
LINE
8
BLACK
6
CONTINUOUS
10
133.5032469999999876
20
-98.0520949999999942
11
133.7413420000000031
21
-98.0520949999999942
0
LINE
8
BLACK
6
CONTINUOUS
10
133.7413420000000031
20
-98.0520949999999942
11
133.8365799999999979
21
-98.0997139999999916
0
LINE
8
BLACK
6
CONTINUOUS
10
133.8365799999999979
20
-98.0997139999999916
11
133.8841999999999928
21
-98.1473329999999891
0
LINE
8
BLACK
6
CONTINUOUS
10
133.8841999999999928
20
-98.1473329999999891
11
133.9318189999999902
21
-98.2425709999999981
0
LINE
8
BLACK
6
CONTINUOUS
10
133.9318189999999902
20
-98.2425709999999981
11
133.9318189999999902
21
-98.5282849999999968
0
LINE
8
BLACK
6
CONTINUOUS
10
133.9318189999999902
20
-98.5282849999999968
11
133.8841999999999928
21
-98.6235229999999916
0
LINE
8
BLACK
6
CONTINUOUS
10
133.8841999999999928
20
-98.6235229999999916
11
133.8365799999999979
21
-98.671141999999989
0
LINE
8
BLACK
6
CONTINUOUS
10
134.9613329999999962
20
-75.8928190000000029
11
134.6279999999999859
21
-75.4166280000000029
0
LINE
8
BLACK
6
CONTINUOUS
10
134.3899049999999988
20
-75.8928190000000029
11
134.3899049999999988
21
-74.8928190000000029
0
LINE
8
BLACK
6
CONTINUOUS
10
134.3899049999999988
20
-74.8928190000000029
11
134.7708570000000066
21
-74.8928190000000029
0
LINE
8
BLACK
6
CONTINUOUS
10
134.7708570000000066
20
-74.8928190000000029
11
134.8660950000000014
21
-74.9404380000000003
0
LINE
8
BLACK
6
CONTINUOUS
10
134.8660950000000014
20
-74.9404380000000003
11
134.9137139999999988
21
-74.9880569999999977
0
LINE
8
BLACK
6
CONTINUOUS
10
134.9137139999999988
20
-74.9880569999999977
11
134.9613329999999962
21
-75.0832949999999926
0
LINE
8
BLACK
6
CONTINUOUS
10
134.9613329999999962
20
-75.0832949999999926
11
134.9613329999999962
21
-75.226151999999999
0
LINE
8
BLACK
6
CONTINUOUS
10
134.9613329999999962
20
-75.226151999999999
11
134.9137139999999988
21
-75.3213899999999938
0
LINE
8
BLACK
6
CONTINUOUS
10
134.9137139999999988
20
-75.3213899999999938
11
134.8660950000000014
21
-75.3690089999999913
0
LINE
8
BLACK
6
CONTINUOUS
10
134.8660950000000014
20
-75.3690089999999913
11
134.7708570000000066
21
-75.4166280000000029
0
LINE
8
BLACK
6
CONTINUOUS
10
134.7708570000000066
20
-75.4166280000000029
11
134.3899049999999988
21
-75.4166280000000029
0
LINE
8
BLACK
6
CONTINUOUS
10
135.5327619999999911
20
-75.3213899999999938
11
135.4375239999999962
21
-75.2737709999999964
0
LINE
8
BLACK
6
CONTINUOUS
10
135.4375239999999962
20
-75.2737709999999964
11
135.3899049999999988
21
-75.226151999999999
0
LINE
8
BLACK
6
CONTINUOUS
10
135.3899049999999988
20
-75.226151999999999
11
135.3422860000000014
21
-75.13091399999999
0
LINE
8
BLACK
6
CONTINUOUS
10
135.3422860000000014
20
-75.13091399999999
11
135.3422860000000014
21
-75.0832949999999926
0
LINE
8
BLACK
6
CONTINUOUS
10
135.3422860000000014
20
-75.0832949999999926
11
135.3899049999999988
21
-74.9880569999999977
0
LINE
8
BLACK
6
CONTINUOUS
10
135.3899049999999988
20
-74.9880569999999977
11
135.4375239999999962
21
-74.9404380000000003
0
LINE
8
BLACK
6
CONTINUOUS
10
135.4375239999999962
20
-74.9404380000000003
11
135.5327619999999911
21
-74.8928190000000029
0
LINE
8
BLACK
6
CONTINUOUS
10
135.5327619999999911
20
-74.8928190000000029
11
135.7232379999999807
21
-74.8928190000000029
0
LINE
8
BLACK
6
CONTINUOUS
10
135.7232379999999807
20
-74.8928190000000029
11
135.818476000000004
21
-74.9404380000000003
0
LINE
8
BLACK
6
CONTINUOUS
10
135.818476000000004
20
-74.9404380000000003
11
135.8660950000000014
21
-74.9880569999999977
0
LINE
8
BLACK
6
CONTINUOUS
10
135.8660950000000014
20
-74.9880569999999977
11
135.9137139999999988
21
-75.0832949999999926
0
LINE
8
BLACK
6
CONTINUOUS
10
135.9137139999999988
20
-75.0832949999999926
11
135.9137139999999988
21
-75.13091399999999
0
LINE
8
BLACK
6
CONTINUOUS
10
135.9137139999999988
20
-75.13091399999999
11
135.8660950000000014
21
-75.226151999999999
0
LINE
8
BLACK
6
CONTINUOUS
10
135.8660950000000014
20
-75.226151999999999
11
135.818476000000004
21
-75.2737709999999964
0
LINE
8
BLACK
6
CONTINUOUS
10
135.818476000000004
20
-75.2737709999999964
11
135.7232379999999807
21
-75.3213899999999938
0
LINE
8
BLACK
6
CONTINUOUS
10
135.7232379999999807
20
-75.3213899999999938
11
135.5327619999999911
21
-75.3213899999999938
0
LINE
8
BLACK
6
CONTINUOUS
10
135.5327619999999911
20
-75.3213899999999938
11
135.4375239999999962
21
-75.3690089999999913
0
LINE
8
BLACK
6
CONTINUOUS
10
135.4375239999999962
20
-75.3690089999999913
11
135.3899049999999988
21
-75.4166280000000029
0
LINE
8
BLACK
6
CONTINUOUS
10
135.3899049999999988
20
-75.4166280000000029
11
135.3422860000000014
21
-75.5118659999999977
0
LINE
8
BLACK
6
CONTINUOUS
10
135.3422860000000014
20
-75.5118659999999977
11
135.3422860000000014
21
-75.7023420000000016
0
LINE
8
BLACK
6
CONTINUOUS
10
135.3422860000000014
20
-75.7023420000000016
11
135.3899049999999988
21
-75.7975799999999964
0
LINE
8
BLACK
6
CONTINUOUS
10
135.3899049999999988
20
-75.7975799999999964
11
135.4375239999999962
21
-75.8451999999999913
0
LINE
8
BLACK
6
CONTINUOUS
10
135.4375239999999962
20
-75.8451999999999913
11
135.5327619999999911
21
-75.8928190000000029
0
LINE
8
BLACK
6
CONTINUOUS
10
135.5327619999999911
20
-75.8928190000000029
11
135.7232379999999807
21
-75.8928190000000029
0
LINE
8
BLACK
6
CONTINUOUS
10
135.7232379999999807
20
-75.8928190000000029
11
135.818476000000004
21
-75.8451999999999913
0
LINE
8
BLACK
6
CONTINUOUS
10
135.818476000000004
20
-75.8451999999999913
11
135.8660950000000014
21
-75.7975799999999964
0
LINE
8
BLACK
6
CONTINUOUS
10
135.8660950000000014
20
-75.7975799999999964
11
135.9137139999999988
21
-75.7023420000000016
0
LINE
8
BLACK
6
CONTINUOUS
10
135.9137139999999988
20
-75.7023420000000016
11
135.9137139999999988
21
-75.5118659999999977
0
LINE
8
BLACK
6
CONTINUOUS
10
135.9137139999999988
20
-75.5118659999999977
11
135.8660950000000014
21
-75.4166280000000029
0
LINE
8
BLACK
6
CONTINUOUS
10
135.8660950000000014
20
-75.4166280000000029
11
135.818476000000004
21
-75.3690089999999913
0
LINE
8
BLACK
6
CONTINUOUS
10
135.818476000000004
20
-75.3690089999999913
11
135.7232379999999807
21
-75.3213899999999938
0
LINE
8
BLACK
6
CONTINUOUS
10
143.1607609999999795
20
-47.7360569999999953
11
143.0655229999999847
21
-47.6884379999999979
0
LINE
8
BLACK
6
CONTINUOUS
10
143.0655229999999847
20
-47.6884379999999979
11
142.9702849999999899
21
-47.593199999999996
0
LINE
8
BLACK
6
CONTINUOUS
10
142.9702849999999899
20
-47.593199999999996
11
142.8274279999999976
21
-47.4503419999999991
0
LINE
8
BLACK
6
CONTINUOUS
10
142.8274279999999976
20
-47.4503419999999991
11
142.7321900000000028
21
-47.4027229999999946
0
LINE
8
BLACK
6
CONTINUOUS
10
142.7321900000000028
20
-47.4027229999999946
11
142.6369519999999795
21
-47.4027229999999946
0
LINE
8
BLACK
6
CONTINUOUS
10
142.6845710000000054
20
-47.6408190000000005
11
142.5893329999999821
21
-47.593199999999996
0
LINE
8
BLACK
6
CONTINUOUS
10
142.5893329999999821
20
-47.593199999999996
11
142.4940949999999873
21
-47.4979609999999965
0
LINE
8
BLACK
6
CONTINUOUS
10
142.4940949999999873
20
-47.4979609999999965
11
142.4464759999999899
21
-47.3074849999999998
0
LINE
8
BLACK
6
CONTINUOUS
10
142.4464759999999899
20
-47.3074849999999998
11
142.4464759999999899
21
-46.9741519999999966
0
LINE
8
BLACK
6
CONTINUOUS
10
142.4464759999999899
20
-46.9741519999999966
11
142.4940949999999873
21
-46.7836759999999998
0
LINE
8
BLACK
6
CONTINUOUS
10
142.4940949999999873
20
-46.7836759999999998
11
142.5893329999999821
21
-46.6884379999999979
0
LINE
8
BLACK
6
CONTINUOUS
10
142.5893329999999821
20
-46.6884379999999979
11
142.6845710000000054
21
-46.6408190000000005
0
LINE
8
BLACK
6
CONTINUOUS
10
142.6845710000000054
20
-46.6408190000000005
11
142.875046999999995
21
-46.6408190000000005
0
LINE
8
BLACK
6
CONTINUOUS
10
142.875046999999995
20
-46.6408190000000005
11
142.9702849999999899
21
-46.6884379999999979
0
LINE
8
BLACK
6
CONTINUOUS
10
142.9702849999999899
20
-46.6884379999999979
11
143.0655229999999847
21
-46.7836759999999998
0
LINE
8
BLACK
6
CONTINUOUS
10
143.0655229999999847
20
-46.7836759999999998
11
143.1131419999999821
21
-46.9741519999999966
0
LINE
8
BLACK
6
CONTINUOUS
10
143.1131419999999821
20
-46.9741519999999966
11
143.1131419999999821
21
-47.3074849999999998
0
LINE
8
BLACK
6
CONTINUOUS
10
143.1131419999999821
20
-47.3074849999999998
11
143.0655229999999847
21
-47.4979609999999965
0
LINE
8
BLACK
6
CONTINUOUS
10
143.0655229999999847
20
-47.4979609999999965
11
142.9702849999999899
21
-47.593199999999996
0
LINE
8
BLACK
6
CONTINUOUS
10
142.9702849999999899
20
-47.593199999999996
11
142.875046999999995
21
-47.6408190000000005
0
LINE
8
BLACK
6
CONTINUOUS
10
142.875046999999995
20
-47.6408190000000005
11
142.6845710000000054
21
-47.6408190000000005
0
LINE
8
BLACK
6
CONTINUOUS
10
144.0179039999999873
20
-46.6408190000000005
11
143.5417139999999847
21
-46.6408190000000005
0
LINE
8
BLACK
6
CONTINUOUS
10
143.5417139999999847
20
-46.6408190000000005
11
143.4940949999999873
21
-47.1170089999999959
0
LINE
8
BLACK
6
CONTINUOUS
10
143.4940949999999873
20
-47.1170089999999959
11
143.5417139999999847
21
-47.0693899999999985
0
LINE
8
BLACK
6
CONTINUOUS
10
143.5417139999999847
20
-47.0693899999999985
11
143.6369519999999795
21
-47.0217710000000011
0
LINE
8
BLACK
6
CONTINUOUS
10
143.6369519999999795
20
-47.0217710000000011
11
143.875046999999995
21
-47.0217710000000011
0
LINE
8
BLACK
6
CONTINUOUS
10
143.875046999999995
20
-47.0217710000000011
11
143.9702849999999899
21
-47.0693899999999985
0
LINE
8
BLACK
6
CONTINUOUS
10
143.9702849999999899
20
-47.0693899999999985
11
144.0179039999999873
21
-47.1170089999999959
0
LINE
8
BLACK
6
CONTINUOUS
10
144.0179039999999873
20
-47.1170089999999959
11
144.0655229999999847
21
-47.2122469999999979
0
LINE
8
BLACK
6
CONTINUOUS
10
144.0655229999999847
20
-47.2122469999999979
11
144.0655229999999847
21
-47.4503419999999991
0
LINE
8
BLACK
6
CONTINUOUS
10
144.0655229999999847
20
-47.4503419999999991
11
144.0179039999999873
21
-47.5455800000000011
0
LINE
8
BLACK
6
CONTINUOUS
10
144.0179039999999873
20
-47.5455800000000011
11
143.9702849999999899
21
-47.593199999999996
0
LINE
8
BLACK
6
CONTINUOUS
10
143.9702849999999899
20
-47.593199999999996
11
143.875046999999995
21
-47.6408190000000005
0
LINE
8
BLACK
6
CONTINUOUS
10
143.875046999999995
20
-47.6408190000000005
11
143.6369519999999795
21
-47.6408190000000005
0
LINE
8
BLACK
6
CONTINUOUS
10
143.6369519999999795
20
-47.6408190000000005
11
143.5417139999999847
21
-47.593199999999996
0
LINE
8
BLACK
6
CONTINUOUS
10
143.5417139999999847
20
-47.593199999999996
11
143.4940949999999873
21
-47.5455800000000011
0
LINE
8
BLACK
6
CONTINUOUS
10
158.2023329999999817
20
-64.3358190000000008
11
157.8689999999999998
21
-63.8596279999999936
0
LINE
8
BLACK
6
CONTINUOUS
10
157.6309049999999843
20
-64.3358190000000008
11
157.6309049999999843
21
-63.3358189999999937
0
LINE
8
BLACK
6
CONTINUOUS
10
157.6309049999999843
20
-63.3358189999999937
11
158.011856999999992
21
-63.3358189999999937
0
LINE
8
BLACK
6
CONTINUOUS
10
158.011856999999992
20
-63.3358189999999937
11
158.1070949999999868
21
-63.3834379999999982
0
LINE
8
BLACK
6
CONTINUOUS
10
158.1070949999999868
20
-63.3834379999999982
11
158.1547139999999843
21
-63.4310569999999956
0
LINE
8
BLACK
6
CONTINUOUS
10
158.1547139999999843
20
-63.4310569999999956
11
158.2023329999999817
21
-63.5262949999999975
0
LINE
8
BLACK
6
CONTINUOUS
10
158.2023329999999817
20
-63.5262949999999975
11
158.2023329999999817
21
-63.6691519999999969
0
LINE
8
BLACK
6
CONTINUOUS
10
158.2023329999999817
20
-63.6691519999999969
11
158.1547139999999843
21
-63.7643899999999988
0
LINE
8
BLACK
6
CONTINUOUS
10
158.1547139999999843
20
-63.7643899999999988
11
158.1070949999999868
21
-63.8120089999999962
0
LINE
8
BLACK
6
CONTINUOUS
10
158.1070949999999868
20
-63.8120089999999962
11
158.011856999999992
21
-63.8596279999999936
0
LINE
8
BLACK
6
CONTINUOUS
10
158.011856999999992
20
-63.8596279999999936
11
157.6309049999999843
21
-63.8596279999999936
0
LINE
8
BLACK
6
CONTINUOUS
10
159.0594759999999894
20
-63.3358189999999937
11
158.8689999999999998
21
-63.3358189999999937
0
LINE
8
BLACK
6
CONTINUOUS
10
158.8689999999999998
20
-63.3358189999999937
11
158.7737620000000049
21
-63.3834379999999982
0
LINE
8
BLACK
6
CONTINUOUS
10
158.7737620000000049
20
-63.3834379999999982
11
158.7261429999999791
21
-63.4310569999999956
0
LINE
8
BLACK
6
CONTINUOUS
10
158.7261429999999791
20
-63.4310569999999956
11
158.6309049999999843
21
-63.5739139999999949
0
LINE
8
BLACK
6
CONTINUOUS
10
158.6309049999999843
20
-63.5739139999999949
11
158.5832859999999869
21
-63.7643899999999988
0
LINE
8
BLACK
6
CONTINUOUS
10
158.5832859999999869
20
-63.7643899999999988
11
158.5832859999999869
21
-64.1453419999999994
0
LINE
8
BLACK
6
CONTINUOUS
10
158.5832859999999869
20
-64.1453419999999994
11
158.6309049999999843
21
-64.2405799999999942
0
LINE
8
BLACK
6
CONTINUOUS
10
158.6309049999999843
20
-64.2405799999999942
11
158.6785239999999817
21
-64.2882000000000033
0
LINE
8
BLACK
6
CONTINUOUS
10
158.6785239999999817
20
-64.2882000000000033
11
158.7737620000000049
21
-64.3358190000000008
0
LINE
8
BLACK
6
CONTINUOUS
10
158.7737620000000049
20
-64.3358190000000008
11
158.9642379999999946
21
-64.3358190000000008
0
LINE
8
BLACK
6
CONTINUOUS
10
158.9642379999999946
20
-64.3358190000000008
11
159.0594759999999894
21
-64.2882000000000033
0
LINE
8
BLACK
6
CONTINUOUS
10
159.0594759999999894
20
-64.2882000000000033
11
159.1070949999999868
21
-64.2405799999999942
0
LINE
8
BLACK
6
CONTINUOUS
10
159.1070949999999868
20
-64.2405799999999942
11
159.1547139999999843
21
-64.1453419999999994
0
LINE
8
BLACK
6
CONTINUOUS
10
159.1547139999999843
20
-64.1453419999999994
11
159.1547139999999843
21
-63.9072469999999981
0
LINE
8
BLACK
6
CONTINUOUS
10
159.1547139999999843
20
-63.9072469999999981
11
159.1070949999999868
21
-63.8120089999999962
0
LINE
8
BLACK
6
CONTINUOUS
10
159.1070949999999868
20
-63.8120089999999962
11
159.0594759999999894
21
-63.7643899999999988
0
LINE
8
BLACK
6
CONTINUOUS
10
159.0594759999999894
20
-63.7643899999999988
11
158.9642379999999946
21
-63.7167709999999943
0
LINE
8
BLACK
6
CONTINUOUS
10
158.9642379999999946
20
-63.7167709999999943
11
158.7737620000000049
21
-63.7167709999999943
0
LINE
8
BLACK
6
CONTINUOUS
10
158.7737620000000049
20
-63.7167709999999943
11
158.6785239999999817
21
-63.7643899999999988
0
LINE
8
BLACK
6
CONTINUOUS
10
158.6785239999999817
20
-63.7643899999999988
11
158.6309049999999843
21
-63.8120089999999962
0
LINE
8
BLACK
6
CONTINUOUS
10
158.6309049999999843
20
-63.8120089999999962
11
158.5832859999999869
21
-63.9072469999999981
0
LINE
8
BLACK
6
CONTINUOUS
10
139.805579999999992
20
-99.9568569999999994
11
139.8531999999999869
21
-100.0044759999999968
0
LINE
8
BLACK
6
CONTINUOUS
10
139.8531999999999869
20
-100.0044759999999968
11
139.9008189999999843
21
-100.1473329999999891
0
LINE
8
BLACK
6
CONTINUOUS
10
139.9008189999999843
20
-100.1473329999999891
11
139.9008189999999843
21
-100.2425709999999981
0
LINE
8
BLACK
6
CONTINUOUS
10
139.9008189999999843
20
-100.2425709999999981
11
139.8531999999999869
21
-100.3854279999999903
0
LINE
8
BLACK
6
CONTINUOUS
10
139.8531999999999869
20
-100.3854279999999903
11
139.7579609999999946
21
-100.4806659999999994
0
LINE
8
BLACK
6
CONTINUOUS
10
139.7579609999999946
20
-100.4806659999999994
11
139.6627229999999997
21
-100.5282849999999968
0
LINE
8
BLACK
6
CONTINUOUS
10
139.6627229999999997
20
-100.5282849999999968
11
139.4722469999999817
21
-100.5759039999999942
0
LINE
8
BLACK
6
CONTINUOUS
10
139.4722469999999817
20
-100.5759039999999942
11
139.3293899999999894
21
-100.5759039999999942
0
LINE
8
BLACK
6
CONTINUOUS
10
139.3293899999999894
20
-100.5759039999999942
11
139.1389139999999998
21
-100.5282849999999968
0
LINE
8
BLACK
6
CONTINUOUS
10
139.1389139999999998
20
-100.5282849999999968
11
139.0436760000000049
21
-100.4806659999999994
0
LINE
8
BLACK
6
CONTINUOUS
10
139.0436760000000049
20
-100.4806659999999994
11
138.9484379999999817
21
-100.3854279999999903
0
LINE
8
BLACK
6
CONTINUOUS
10
138.9484379999999817
20
-100.3854279999999903
11
138.9008189999999843
21
-100.2425709999999981
0
LINE
8
BLACK
6
CONTINUOUS
10
138.9008189999999843
20
-100.2425709999999981
11
138.9008189999999843
21
-100.1473329999999891
0
LINE
8
BLACK
6
CONTINUOUS
10
138.9008189999999843
20
-100.1473329999999891
11
138.9484379999999817
21
-100.0044759999999968
0
LINE
8
BLACK
6
CONTINUOUS
10
138.9484379999999817
20
-100.0044759999999968
11
138.9960570000000075
21
-99.9568569999999994
0
LINE
8
BLACK
6
CONTINUOUS
10
138.9008189999999843
20
-99.6235229999999916
11
138.9008189999999843
21
-99.0044759999999968
0
LINE
8
BLACK
6
CONTINUOUS
10
138.9008189999999843
20
-99.0044759999999968
11
139.281770999999992
21
-99.3378089999999929
0
LINE
8
BLACK
6
CONTINUOUS
10
139.281770999999992
20
-99.3378089999999929
11
139.281770999999992
21
-99.1949520000000007
0
LINE
8
BLACK
6
CONTINUOUS
10
139.281770999999992
20
-99.1949520000000007
11
139.3293899999999894
21
-99.0997139999999916
0
LINE
8
BLACK
6
CONTINUOUS
10
139.3293899999999894
20
-99.0997139999999916
11
139.3770089999999868
21
-99.0520949999999942
0
LINE
8
BLACK
6
CONTINUOUS
10
139.3770089999999868
20
-99.0520949999999942
11
139.4722469999999817
21
-99.0044759999999968
0
LINE
8
BLACK
6
CONTINUOUS
10
139.4722469999999817
20
-99.0044759999999968
11
139.7103419999999971
21
-99.0044759999999968
0
LINE
8
BLACK
6
CONTINUOUS
10
139.7103419999999971
20
-99.0044759999999968
11
139.805579999999992
21
-99.0520949999999942
0
LINE
8
BLACK
6
CONTINUOUS
10
139.805579999999992
20
-99.0520949999999942
11
139.8531999999999869
21
-99.0997139999999916
0
LINE
8
BLACK
6
CONTINUOUS
10
139.8531999999999869
20
-99.0997139999999916
11
139.9008189999999843
21
-99.1949520000000007
0
LINE
8
BLACK
6
CONTINUOUS
10
139.9008189999999843
20
-99.1949520000000007
11
139.9008189999999843
21
-99.4806659999999994
0
LINE
8
BLACK
6
CONTINUOUS
10
139.9008189999999843
20
-99.4806659999999994
11
139.8531999999999869
21
-99.5759039999999942
0
LINE
8
BLACK
6
CONTINUOUS
10
139.8531999999999869
20
-99.5759039999999942
11
139.805579999999992
21
-99.6235229999999916
0
LINE
8
BLACK
6
CONTINUOUS
10
139.3293899999999894
20
-98.433047000000002
11
139.281770999999992
21
-98.5282849999999968
0
LINE
8
BLACK
6
CONTINUOUS
10
139.281770999999992
20
-98.5282849999999968
11
139.2341519999999946
21
-98.5759039999999942
0
LINE
8
BLACK
6
CONTINUOUS
10
139.2341519999999946
20
-98.5759039999999942
11
139.1389139999999998
21
-98.6235229999999916
0
LINE
8
BLACK
6
CONTINUOUS
10
139.1389139999999998
20
-98.6235229999999916
11
139.0912950000000023
21
-98.6235229999999916
0
LINE
8
BLACK
6
CONTINUOUS
10
139.0912950000000023
20
-98.6235229999999916
11
138.9960570000000075
21
-98.5759039999999942
0
LINE
8
BLACK
6
CONTINUOUS
10
138.9960570000000075
20
-98.5759039999999942
11
138.9484379999999817
21
-98.5282849999999968
0
LINE
8
BLACK
6
CONTINUOUS
10
138.9484379999999817
20
-98.5282849999999968
11
138.9008189999999843
21
-98.433047000000002
0
LINE
8
BLACK
6
CONTINUOUS
10
138.9008189999999843
20
-98.433047000000002
11
138.9008189999999843
21
-98.2425709999999981
0
LINE
8
BLACK
6
CONTINUOUS
10
138.9008189999999843
20
-98.2425709999999981
11
138.9484379999999817
21
-98.1473329999999891
0
LINE
8
BLACK
6
CONTINUOUS
10
138.9484379999999817
20
-98.1473329999999891
11
138.9960570000000075
21
-98.0997139999999916
0
LINE
8
BLACK
6
CONTINUOUS
10
138.9960570000000075
20
-98.0997139999999916
11
139.0912950000000023
21
-98.0520949999999942
0
LINE
8
BLACK
6
CONTINUOUS
10
139.0912950000000023
20
-98.0520949999999942
11
139.1389139999999998
21
-98.0520949999999942
0
LINE
8
BLACK
6
CONTINUOUS
10
139.1389139999999998
20
-98.0520949999999942
11
139.2341519999999946
21
-98.0997139999999916
0
LINE
8
BLACK
6
CONTINUOUS
10
139.2341519999999946
20
-98.0997139999999916
11
139.281770999999992
21
-98.1473329999999891
0
LINE
8
BLACK
6
CONTINUOUS
10
139.281770999999992
20
-98.1473329999999891
11
139.3293899999999894
21
-98.2425709999999981
0
LINE
8
BLACK
6
CONTINUOUS
10
139.3293899999999894
20
-98.2425709999999981
11
139.3293899999999894
21
-98.433047000000002
0
LINE
8
BLACK
6
CONTINUOUS
10
139.3293899999999894
20
-98.433047000000002
11
139.3770089999999868
21
-98.5282849999999968
0
LINE
8
BLACK
6
CONTINUOUS
10
139.3770089999999868
20
-98.5282849999999968
11
139.4246279999999842
21
-98.5759039999999942
0
LINE
8
BLACK
6
CONTINUOUS
10
139.4246279999999842
20
-98.5759039999999942
11
139.5198660000000075
21
-98.6235229999999916
0
LINE
8
BLACK
6
CONTINUOUS
10
139.5198660000000075
20
-98.6235229999999916
11
139.7103419999999971
21
-98.6235229999999916
0
LINE
8
BLACK
6
CONTINUOUS
10
139.7103419999999971
20
-98.6235229999999916
11
139.805579999999992
21
-98.5759039999999942
0
LINE
8
BLACK
6
CONTINUOUS
10
139.805579999999992
20
-98.5759039999999942
11
139.8531999999999869
21
-98.5282849999999968
0
LINE
8
BLACK
6
CONTINUOUS
10
139.8531999999999869
20
-98.5282849999999968
11
139.9008189999999843
21
-98.433047000000002
0
LINE
8
BLACK
6
CONTINUOUS
10
139.9008189999999843
20
-98.433047000000002
11
139.9008189999999843
21
-98.2425709999999981
0
LINE
8
BLACK
6
CONTINUOUS
10
139.9008189999999843
20
-98.2425709999999981
11
139.8531999999999869
21
-98.1473329999999891
0
LINE
8
BLACK
6
CONTINUOUS
10
139.8531999999999869
20
-98.1473329999999891
11
139.805579999999992
21
-98.0997139999999916
0
LINE
8
BLACK
6
CONTINUOUS
10
139.805579999999992
20
-98.0997139999999916
11
139.7103419999999971
21
-98.0520949999999942
0
LINE
8
BLACK
6
CONTINUOUS
10
139.7103419999999971
20
-98.0520949999999942
11
139.5198660000000075
21
-98.0520949999999942
0
LINE
8
BLACK
6
CONTINUOUS
10
139.5198660000000075
20
-98.0520949999999942
11
139.4246279999999842
21
-98.0997139999999916
0
LINE
8
BLACK
6
CONTINUOUS
10
139.4246279999999842
20
-98.0997139999999916
11
139.3770089999999868
21
-98.1473329999999891
0
LINE
8
BLACK
6
CONTINUOUS
10
139.3770089999999868
20
-98.1473329999999891
11
139.3293899999999894
21
-98.2425709999999981
0
LINE
8
BLACK
6
CONTINUOUS
10
153.0271419999999978
20
-67.4155799999999914
11
152.9795230000000004
21
-67.4632000000000005
0
LINE
8
BLACK
6
CONTINUOUS
10
152.9795230000000004
20
-67.4632000000000005
11
152.8366659999999797
21
-67.5108189999999979
0
LINE
8
BLACK
6
CONTINUOUS
10
152.8366659999999797
20
-67.5108189999999979
11
152.7414279999999849
21
-67.5108189999999979
0
LINE
8
BLACK
6
CONTINUOUS
10
152.7414279999999849
20
-67.5108189999999979
11
152.5985709999999926
21
-67.4632000000000005
0
LINE
8
BLACK
6
CONTINUOUS
10
152.5985709999999926
20
-67.4632000000000005
11
152.5033329999999978
21
-67.367960999999994
0
LINE
8
BLACK
6
CONTINUOUS
10
152.5033329999999978
20
-67.367960999999994
11
152.4557140000000004
21
-67.2727229999999992
0
LINE
8
BLACK
6
CONTINUOUS
10
152.4557140000000004
20
-67.2727229999999992
11
152.408095000000003
21
-67.0822469999999953
0
LINE
8
BLACK
6
CONTINUOUS
10
152.408095000000003
20
-67.0822469999999953
11
152.408095000000003
21
-66.9393900000000031
0
LINE
8
BLACK
6
CONTINUOUS
10
152.408095000000003
20
-66.9393900000000031
11
152.4557140000000004
21
-66.7489139999999992
0
LINE
8
BLACK
6
CONTINUOUS
10
152.4557140000000004
20
-66.7489139999999992
11
152.5033329999999978
21
-66.6536759999999902
0
LINE
8
BLACK
6
CONTINUOUS
10
152.5033329999999978
20
-66.6536759999999902
11
152.5985709999999926
21
-66.5584379999999953
0
LINE
8
BLACK
6
CONTINUOUS
10
152.5985709999999926
20
-66.5584379999999953
11
152.7414279999999849
21
-66.5108189999999979
0
LINE
8
BLACK
6
CONTINUOUS
10
152.7414279999999849
20
-66.5108189999999979
11
152.8366659999999797
21
-66.5108189999999979
0
LINE
8
BLACK
6
CONTINUOUS
10
152.8366659999999797
20
-66.5108189999999979
11
152.9795230000000004
21
-66.5584379999999953
0
LINE
8
BLACK
6
CONTINUOUS
10
152.9795230000000004
20
-66.5584379999999953
11
153.0271419999999978
21
-66.6060569999999927
0
LINE
8
BLACK
6
CONTINUOUS
10
153.8842850000000055
20
-66.844151999999994
11
153.8842850000000055
21
-67.5108189999999979
0
LINE
8
BLACK
6
CONTINUOUS
10
153.6461899999999901
20
-66.4632000000000005
11
153.408095000000003
21
-67.1774849999999901
0
LINE
8
BLACK
6
CONTINUOUS
10
153.408095000000003
20
-67.1774849999999901
11
154.0271419999999978
21
-67.1774849999999901
0
LINE
8
BLACK
6
CONTINUOUS
10
154.4557140000000004
20
-67.5108189999999979
11
154.6461899999999901
21
-67.5108189999999979
0
LINE
8
BLACK
6
CONTINUOUS
10
154.6461899999999901
20
-67.5108189999999979
11
154.7414279999999849
21
-67.4632000000000005
0
LINE
8
BLACK
6
CONTINUOUS
10
154.7414279999999849
20
-67.4632000000000005
11
154.7890469999999823
21
-67.4155799999999914
0
LINE
8
BLACK
6
CONTINUOUS
10
154.7890469999999823
20
-67.4155799999999914
11
154.8842850000000055
21
-67.2727229999999992
0
LINE
8
BLACK
6
CONTINUOUS
10
154.8842850000000055
20
-67.2727229999999992
11
154.931904000000003
21
-67.0822469999999953
0
LINE
8
BLACK
6
CONTINUOUS
10
154.931904000000003
20
-67.0822469999999953
11
154.931904000000003
21
-66.7012950000000018
0
LINE
8
BLACK
6
CONTINUOUS
10
154.931904000000003
20
-66.7012950000000018
11
154.8842850000000055
21
-66.6060569999999927
0
LINE
8
BLACK
6
CONTINUOUS
10
154.8842850000000055
20
-66.6060569999999927
11
154.8366659999999797
21
-66.5584379999999953
0
LINE
8
BLACK
6
CONTINUOUS
10
154.8366659999999797
20
-66.5584379999999953
11
154.7414279999999849
21
-66.5108189999999979
0
LINE
8
BLACK
6
CONTINUOUS
10
154.7414279999999849
20
-66.5108189999999979
11
154.5509519999999952
21
-66.5108189999999979
0
LINE
8
BLACK
6
CONTINUOUS
10
154.5509519999999952
20
-66.5108189999999979
11
154.4557140000000004
21
-66.5584379999999953
0
LINE
8
BLACK
6
CONTINUOUS
10
154.4557140000000004
20
-66.5584379999999953
11
154.408095000000003
21
-66.6060569999999927
0
LINE
8
BLACK
6
CONTINUOUS
10
154.408095000000003
20
-66.6060569999999927
11
154.3604760000000056
21
-66.7012950000000018
0
LINE
8
BLACK
6
CONTINUOUS
10
154.3604760000000056
20
-66.7012950000000018
11
154.3604760000000056
21
-66.9393900000000031
0
LINE
8
BLACK
6
CONTINUOUS
10
154.3604760000000056
20
-66.9393900000000031
11
154.408095000000003
21
-67.0346279999999979
0
LINE
8
BLACK
6
CONTINUOUS
10
154.408095000000003
20
-67.0346279999999979
11
154.4557140000000004
21
-67.0822469999999953
0
LINE
8
BLACK
6
CONTINUOUS
10
154.4557140000000004
20
-67.0822469999999953
11
154.5509519999999952
21
-67.1298659999999927
0
LINE
8
BLACK
6
CONTINUOUS
10
154.5509519999999952
20
-67.1298659999999927
11
154.7414279999999849
21
-67.1298659999999927
0
LINE
8
BLACK
6
CONTINUOUS
10
154.7414279999999849
20
-67.1298659999999927
11
154.8366659999999797
21
-67.0822469999999953
0
LINE
8
BLACK
6
CONTINUOUS
10
154.8366659999999797
20
-67.0822469999999953
11
154.8842850000000055
21
-67.0346279999999979
0
LINE
8
BLACK
6
CONTINUOUS
10
154.8842850000000055
20
-67.0346279999999979
11
154.931904000000003
21
-66.9393900000000031
0
LINE
8
BLACK
6
CONTINUOUS
10
151.616579999999999
20
-95.924666000000002
11
151.6641999999999939
21
-95.9722849999999994
0
LINE
8
BLACK
6
CONTINUOUS
10
151.6641999999999939
20
-95.9722849999999994
11
151.7118189999999913
21
-96.1151419999999916
0
LINE
8
BLACK
6
CONTINUOUS
10
151.7118189999999913
20
-96.1151419999999916
11
151.7118189999999913
21
-96.2103800000000007
0
LINE
8
BLACK
6
CONTINUOUS
10
151.7118189999999913
20
-96.2103800000000007
11
151.6641999999999939
21
-96.3532369999999929
0
LINE
8
BLACK
6
CONTINUOUS
10
151.6641999999999939
20
-96.3532369999999929
11
151.5689610000000016
21
-96.448475000000002
0
LINE
8
BLACK
6
CONTINUOUS
10
151.5689610000000016
20
-96.448475000000002
11
151.4737230000000068
21
-96.4960939999999994
0
LINE
8
BLACK
6
CONTINUOUS
10
151.4737230000000068
20
-96.4960939999999994
11
151.2832469999999887
21
-96.5437129999999968
0
LINE
8
BLACK
6
CONTINUOUS
10
151.2832469999999887
20
-96.5437129999999968
11
151.1403899999999965
21
-96.5437129999999968
0
LINE
8
BLACK
6
CONTINUOUS
10
151.1403899999999965
20
-96.5437129999999968
11
150.9499140000000068
21
-96.4960939999999994
0
LINE
8
BLACK
6
CONTINUOUS
10
150.9499140000000068
20
-96.4960939999999994
11
150.8546759999999836
21
-96.448475000000002
0
LINE
8
BLACK
6
CONTINUOUS
10
150.8546759999999836
20
-96.448475000000002
11
150.7594379999999887
21
-96.3532369999999929
0
LINE
8
BLACK
6
CONTINUOUS
10
150.7594379999999887
20
-96.3532369999999929
11
150.7118189999999913
21
-96.2103800000000007
0
LINE
8
BLACK
6
CONTINUOUS
10
150.7118189999999913
20
-96.2103800000000007
11
150.7118189999999913
21
-96.1151419999999916
0
LINE
8
BLACK
6
CONTINUOUS
10
150.7118189999999913
20
-96.1151419999999916
11
150.7594379999999887
21
-95.9722849999999994
0
LINE
8
BLACK
6
CONTINUOUS
10
150.7594379999999887
20
-95.9722849999999994
11
150.8070569999999861
21
-95.924666000000002
0
LINE
8
BLACK
6
CONTINUOUS
10
151.1403899999999965
20
-95.3532369999999929
11
151.092770999999999
21
-95.448475000000002
0
LINE
8
BLACK
6
CONTINUOUS
10
151.092770999999999
20
-95.448475000000002
11
151.0451520000000016
21
-95.4960939999999994
0
LINE
8
BLACK
6
CONTINUOUS
10
151.0451520000000016
20
-95.4960939999999994
11
150.9499140000000068
21
-95.5437129999999968
0
LINE
8
BLACK
6
CONTINUOUS
10
150.9499140000000068
20
-95.5437129999999968
11
150.902294999999981
21
-95.5437129999999968
0
LINE
8
BLACK
6
CONTINUOUS
10
150.902294999999981
20
-95.5437129999999968
11
150.8070569999999861
21
-95.4960939999999994
0
LINE
8
BLACK
6
CONTINUOUS
10
150.8070569999999861
20
-95.4960939999999994
11
150.7594379999999887
21
-95.448475000000002
0
LINE
8
BLACK
6
CONTINUOUS
10
150.7594379999999887
20
-95.448475000000002
11
150.7118189999999913
21
-95.3532369999999929
0
LINE
8
BLACK
6
CONTINUOUS
10
150.7118189999999913
20
-95.3532369999999929
11
150.7118189999999913
21
-95.1627609999999891
0
LINE
8
BLACK
6
CONTINUOUS
10
150.7118189999999913
20
-95.1627609999999891
11
150.7594379999999887
21
-95.0675229999999942
0
LINE
8
BLACK
6
CONTINUOUS
10
150.7594379999999887
20
-95.0675229999999942
11
150.8070569999999861
21
-95.0199039999999968
0
LINE
8
BLACK
6
CONTINUOUS
10
150.8070569999999861
20
-95.0199039999999968
11
150.902294999999981
21
-94.9722849999999994
0
LINE
8
BLACK
6
CONTINUOUS
10
150.902294999999981
20
-94.9722849999999994
11
150.9499140000000068
21
-94.9722849999999994
0
LINE
8
BLACK
6
CONTINUOUS
10
150.9499140000000068
20
-94.9722849999999994
11
151.0451520000000016
21
-95.0199039999999968
0
LINE
8
BLACK
6
CONTINUOUS
10
151.0451520000000016
20
-95.0199039999999968
11
151.092770999999999
21
-95.0675229999999942
0
LINE
8
BLACK
6
CONTINUOUS
10
151.092770999999999
20
-95.0675229999999942
11
151.1403899999999965
21
-95.1627609999999891
0
LINE
8
BLACK
6
CONTINUOUS
10
151.1403899999999965
20
-95.1627609999999891
11
151.1403899999999965
21
-95.3532369999999929
0
LINE
8
BLACK
6
CONTINUOUS
10
151.1403899999999965
20
-95.3532369999999929
11
151.1880089999999939
21
-95.448475000000002
0
LINE
8
BLACK
6
CONTINUOUS
10
151.1880089999999939
20
-95.448475000000002
11
151.2356279999999913
21
-95.4960939999999994
0
LINE
8
BLACK
6
CONTINUOUS
10
151.2356279999999913
20
-95.4960939999999994
11
151.3308659999999861
21
-95.5437129999999968
0
LINE
8
BLACK
6
CONTINUOUS
10
151.3308659999999861
20
-95.5437129999999968
11
151.5213420000000042
21
-95.5437129999999968
0
LINE
8
BLACK
6
CONTINUOUS
10
151.5213420000000042
20
-95.5437129999999968
11
151.616579999999999
21
-95.4960939999999994
0
LINE
8
BLACK
6
CONTINUOUS
10
151.616579999999999
20
-95.4960939999999994
11
151.6641999999999939
21
-95.448475000000002
0
LINE
8
BLACK
6
CONTINUOUS
10
151.6641999999999939
20
-95.448475000000002
11
151.7118189999999913
21
-95.3532369999999929
0
LINE
8
BLACK
6
CONTINUOUS
10
151.7118189999999913
20
-95.3532369999999929
11
151.7118189999999913
21
-95.1627609999999891
0
LINE
8
BLACK
6
CONTINUOUS
10
151.7118189999999913
20
-95.1627609999999891
11
151.6641999999999939
21
-95.0675229999999942
0
LINE
8
BLACK
6
CONTINUOUS
10
151.6641999999999939
20
-95.0675229999999942
11
151.616579999999999
21
-95.0199039999999968
0
LINE
8
BLACK
6
CONTINUOUS
10
151.616579999999999
20
-95.0199039999999968
11
151.5213420000000042
21
-94.9722849999999994
0
LINE
8
BLACK
6
CONTINUOUS
10
151.5213420000000042
20
-94.9722849999999994
11
151.3308659999999861
21
-94.9722849999999994
0
LINE
8
BLACK
6
CONTINUOUS
10
151.3308659999999861
20
-94.9722849999999994
11
151.2356279999999913
21
-95.0199039999999968
0
LINE
8
BLACK
6
CONTINUOUS
10
151.2356279999999913
20
-95.0199039999999968
11
151.1880089999999939
21
-95.0675229999999942
0
LINE
8
BLACK
6
CONTINUOUS
10
151.1880089999999939
20
-95.0675229999999942
11
151.1403899999999965
21
-95.1627609999999891
0
LINE
8
BLACK
6
CONTINUOUS
10
174.6670569999999998
20
-69.6912379999999985
11
174.6194380000000024
21
-69.7864759999999933
0
LINE
8
BLACK
6
CONTINUOUS
10
174.6194380000000024
20
-69.7864759999999933
11
174.5241999999999791
21
-69.8817140000000023
0
LINE
8
BLACK
6
CONTINUOUS
10
174.5241999999999791
20
-69.8817140000000023
11
174.3813419999999894
21
-70.0245709999999946
0
LINE
8
BLACK
6
CONTINUOUS
10
174.3813419999999894
20
-70.0245709999999946
11
174.333722999999992
21
-70.1198090000000036
0
LINE
8
BLACK
6
CONTINUOUS
10
174.333722999999992
20
-70.1198090000000036
11
174.333722999999992
21
-70.2150469999999984
0
LINE
8
BLACK
6
CONTINUOUS
10
174.571819000000005
20
-70.167428000000001
11
174.5241999999999791
21
-70.2626659999999958
0
LINE
8
BLACK
6
CONTINUOUS
10
174.5241999999999791
20
-70.2626659999999958
11
174.4289609999999868
21
-70.3579039999999907
0
LINE
8
BLACK
6
CONTINUOUS
10
174.4289609999999868
20
-70.3579039999999907
11
174.2384849999999972
21
-70.4055230000000023
0
LINE
8
BLACK
6
CONTINUOUS
10
174.2384849999999972
20
-70.4055230000000023
11
173.9051519999999869
21
-70.4055230000000023
0
LINE
8
BLACK
6
CONTINUOUS
10
173.9051519999999869
20
-70.4055230000000023
11
173.7146759999999972
21
-70.3579039999999907
0
LINE
8
BLACK
6
CONTINUOUS
10
173.7146759999999972
20
-70.3579039999999907
11
173.6194380000000024
21
-70.2626659999999958
0
LINE
8
BLACK
6
CONTINUOUS
10
173.6194380000000024
20
-70.2626659999999958
11
173.571819000000005
21
-70.167428000000001
0
LINE
8
BLACK
6
CONTINUOUS
10
173.571819000000005
20
-70.167428000000001
11
173.571819000000005
21
-69.9769519999999972
0
LINE
8
BLACK
6
CONTINUOUS
10
173.571819000000005
20
-69.9769519999999972
11
173.6194380000000024
21
-69.8817140000000023
0
LINE
8
BLACK
6
CONTINUOUS
10
173.6194380000000024
20
-69.8817140000000023
11
173.7146759999999972
21
-69.7864759999999933
0
LINE
8
BLACK
6
CONTINUOUS
10
173.7146759999999972
20
-69.7864759999999933
11
173.9051519999999869
21
-69.7388569999999959
0
LINE
8
BLACK
6
CONTINUOUS
10
173.9051519999999869
20
-69.7388569999999959
11
174.2384849999999972
21
-69.7388569999999959
0
LINE
8
BLACK
6
CONTINUOUS
10
174.2384849999999972
20
-69.7388569999999959
11
174.4289609999999868
21
-69.7864759999999933
0
LINE
8
BLACK
6
CONTINUOUS
10
174.4289609999999868
20
-69.7864759999999933
11
174.5241999999999791
21
-69.8817140000000023
0
LINE
8
BLACK
6
CONTINUOUS
10
174.5241999999999791
20
-69.8817140000000023
11
174.571819000000005
21
-69.9769519999999972
0
LINE
8
BLACK
6
CONTINUOUS
10
174.571819000000005
20
-69.9769519999999972
11
174.571819000000005
21
-70.167428000000001
0
LINE
8
BLACK
6
CONTINUOUS
10
173.9051519999999869
20
-68.8817140000000023
11
174.571819000000005
21
-68.8817140000000023
0
LINE
8
BLACK
6
CONTINUOUS
10
173.5241999999999791
20
-69.1198090000000036
11
174.2384849999999972
21
-69.3579039999999907
0
LINE
8
BLACK
6
CONTINUOUS
10
174.2384849999999972
20
-69.3579039999999907
11
174.2384849999999972
21
-68.7388569999999959
0
LINE
8
BLACK
6
CONTINUOUS
10
166.9670590000000061
20
-103.2200939999999889
11
165.9670590000000061
21
-103.2200939999999889
0
LINE
8
BLACK
6
CONTINUOUS
10
165.9670590000000061
20
-103.2200939999999889
11
165.9670590000000061
21
-102.9819990000000018
0
LINE
8
BLACK
6
CONTINUOUS
10
165.9670590000000061
20
-102.9819990000000018
11
166.0146780000000035
21
-102.8391419999999954
0
LINE
8
BLACK
6
CONTINUOUS
10
166.0146780000000035
20
-102.8391419999999954
11
166.1099159999999983
21
-102.7439040000000006
0
LINE
8
BLACK
6
CONTINUOUS
10
166.1099159999999983
20
-102.7439040000000006
11
166.2051539999999932
21
-102.6962849999999889
0
LINE
8
BLACK
6
CONTINUOUS
10
166.2051539999999932
20
-102.6962849999999889
11
166.3956299999999828
21
-102.6486659999999915
0
LINE
8
BLACK
6
CONTINUOUS
10
166.3956299999999828
20
-102.6486659999999915
11
166.5384870000000035
21
-102.6486659999999915
0
LINE
8
BLACK
6
CONTINUOUS
10
166.5384870000000035
20
-102.6486659999999915
11
166.7289629999999931
21
-102.6962849999999889
0
LINE
8
BLACK
6
CONTINUOUS
10
166.7289629999999931
20
-102.6962849999999889
11
166.824200999999988
21
-102.7439040000000006
0
LINE
8
BLACK
6
CONTINUOUS
10
166.824200999999988
20
-102.7439040000000006
11
166.9194399999999803
21
-102.8391419999999954
0
LINE
8
BLACK
6
CONTINUOUS
10
166.9194399999999803
20
-102.8391419999999954
11
166.9670590000000061
21
-102.9819990000000018
0
LINE
8
BLACK
6
CONTINUOUS
10
166.9670590000000061
20
-102.9819990000000018
11
166.9670590000000061
21
-103.2200939999999889
0
LINE
8
BLACK
6
CONTINUOUS
10
166.9670590000000061
20
-101.6962849999999889
11
166.9670590000000061
21
-102.2677130000000005
0
LINE
8
BLACK
6
CONTINUOUS
10
166.9670590000000061
20
-101.9819990000000018
11
165.9670590000000061
21
-101.9819990000000018
0
LINE
8
BLACK
6
CONTINUOUS
10
165.9670590000000061
20
-101.9819990000000018
11
166.1099159999999983
21
-102.0772369999999967
0
LINE
8
BLACK
6
CONTINUOUS
10
166.1099159999999983
20
-102.0772369999999967
11
166.2051539999999932
21
-102.1724749999999915
0
LINE
8
BLACK
6
CONTINUOUS
10
166.2051539999999932
20
-102.1724749999999915
11
166.2527729999999906
21
-102.2677130000000005
0
LINE
8
BLACK
6
CONTINUOUS
10
151.616579999999999
20
-107.0688569999999942
11
151.6641999999999939
21
-107.1164759999999916
0
LINE
8
BLACK
6
CONTINUOUS
10
151.6641999999999939
20
-107.1164759999999916
11
151.7118189999999913
21
-107.259332999999998
0
LINE
8
BLACK
6
CONTINUOUS
10
151.7118189999999913
20
-107.259332999999998
11
151.7118189999999913
21
-107.3545709999999929
0
LINE
8
BLACK
6
CONTINUOUS
10
151.7118189999999913
20
-107.3545709999999929
11
151.6641999999999939
21
-107.4974279999999993
0
LINE
8
BLACK
6
CONTINUOUS
10
151.6641999999999939
20
-107.4974279999999993
11
151.5689610000000016
21
-107.5926659999999941
0
LINE
8
BLACK
6
CONTINUOUS
10
151.5689610000000016
20
-107.5926659999999941
11
151.4737230000000068
21
-107.6402849999999916
0
LINE
8
BLACK
6
CONTINUOUS
10
151.4737230000000068
20
-107.6402849999999916
11
151.2832469999999887
21
-107.687903999999989
0
LINE
8
BLACK
6
CONTINUOUS
10
151.2832469999999887
20
-107.687903999999989
11
151.1403899999999965
21
-107.687903999999989
0
LINE
8
BLACK
6
CONTINUOUS
10
151.1403899999999965
20
-107.687903999999989
11
150.9499140000000068
21
-107.6402849999999916
0
LINE
8
BLACK
6
CONTINUOUS
10
150.9499140000000068
20
-107.6402849999999916
11
150.8546759999999836
21
-107.5926659999999941
0
LINE
8
BLACK
6
CONTINUOUS
10
150.8546759999999836
20
-107.5926659999999941
11
150.7594379999999887
21
-107.4974279999999993
0
LINE
8
BLACK
6
CONTINUOUS
10
150.7594379999999887
20
-107.4974279999999993
11
150.7118189999999913
21
-107.3545709999999929
0
LINE
8
BLACK
6
CONTINUOUS
10
150.7118189999999913
20
-107.3545709999999929
11
150.7118189999999913
21
-107.259332999999998
0
LINE
8
BLACK
6
CONTINUOUS
10
150.7118189999999913
20
-107.259332999999998
11
150.7594379999999887
21
-107.1164759999999916
0
LINE
8
BLACK
6
CONTINUOUS
10
150.7594379999999887
20
-107.1164759999999916
11
150.8070569999999861
21
-107.0688569999999942
0
LINE
8
BLACK
6
CONTINUOUS
10
151.7118189999999913
20
-106.1164759999999916
11
151.7118189999999913
21
-106.687903999999989
0
LINE
8
BLACK
6
CONTINUOUS
10
151.7118189999999913
20
-106.4021899999999903
11
150.7118189999999913
21
-106.4021899999999903
0
LINE
8
BLACK
6
CONTINUOUS
10
150.7118189999999913
20
-106.4021899999999903
11
150.8546759999999836
21
-106.4974279999999993
0
LINE
8
BLACK
6
CONTINUOUS
10
150.8546759999999836
20
-106.4974279999999993
11
150.9499140000000068
21
-106.5926659999999941
0
LINE
8
BLACK
6
CONTINUOUS
10
150.9499140000000068
20
-106.5926659999999941
11
150.9975330000000042
21
-106.687903999999989
0
LINE
8
BLACK
6
CONTINUOUS
10
150.7118189999999913
20
-105.4974279999999993
11
150.7118189999999913
21
-105.4021899999999903
0
LINE
8
BLACK
6
CONTINUOUS
10
150.7118189999999913
20
-105.4021899999999903
11
150.7594379999999887
21
-105.3069519999999955
0
LINE
8
BLACK
6
CONTINUOUS
10
150.7594379999999887
20
-105.3069519999999955
11
150.8070569999999861
21
-105.259332999999998
0
LINE
8
BLACK
6
CONTINUOUS
10
150.8070569999999861
20
-105.259332999999998
11
150.902294999999981
21
-105.2117140000000006
0
LINE
8
BLACK
6
CONTINUOUS
10
150.902294999999981
20
-105.2117140000000006
11
151.092770999999999
21
-105.164094999999989
0
LINE
8
BLACK
6
CONTINUOUS
10
151.092770999999999
20
-105.164094999999989
11
151.3308659999999861
21
-105.164094999999989
0
LINE
8
BLACK
6
CONTINUOUS
10
151.3308659999999861
20
-105.164094999999989
11
151.5213420000000042
21
-105.2117140000000006
0
LINE
8
BLACK
6
CONTINUOUS
10
151.5213420000000042
20
-105.2117140000000006
11
151.616579999999999
21
-105.259332999999998
0
LINE
8
BLACK
6
CONTINUOUS
10
151.616579999999999
20
-105.259332999999998
11
151.6641999999999939
21
-105.3069519999999955
0
LINE
8
BLACK
6
CONTINUOUS
10
151.6641999999999939
20
-105.3069519999999955
11
151.7118189999999913
21
-105.4021899999999903
0
LINE
8
BLACK
6
CONTINUOUS
10
151.7118189999999913
20
-105.4021899999999903
11
151.7118189999999913
21
-105.4974279999999993
0
LINE
8
BLACK
6
CONTINUOUS
10
151.7118189999999913
20
-105.4974279999999993
11
151.6641999999999939
21
-105.5926659999999941
0
LINE
8
BLACK
6
CONTINUOUS
10
151.6641999999999939
20
-105.5926659999999941
11
151.616579999999999
21
-105.6402849999999916
0
LINE
8
BLACK
6
CONTINUOUS
10
151.616579999999999
20
-105.6402849999999916
11
151.5213420000000042
21
-105.687903999999989
0
LINE
8
BLACK
6
CONTINUOUS
10
151.5213420000000042
20
-105.687903999999989
11
151.3308659999999861
21
-105.7355230000000006
0
LINE
8
BLACK
6
CONTINUOUS
10
151.3308659999999861
20
-105.7355230000000006
11
151.092770999999999
21
-105.7355230000000006
0
LINE
8
BLACK
6
CONTINUOUS
10
151.092770999999999
20
-105.7355230000000006
11
150.902294999999981
21
-105.687903999999989
0
LINE
8
BLACK
6
CONTINUOUS
10
150.902294999999981
20
-105.687903999999989
11
150.8070569999999861
21
-105.6402849999999916
0
LINE
8
BLACK
6
CONTINUOUS
10
150.8070569999999861
20
-105.6402849999999916
11
150.7594379999999887
21
-105.5926659999999941
0
LINE
8
BLACK
6
CONTINUOUS
10
150.7594379999999887
20
-105.5926659999999941
11
150.7118189999999913
21
-105.4974279999999993
0
LINE
8
BLACK
6
CONTINUOUS
10
166.3542860000000019
20
-75.4008189999999985
11
166.9257139999999993
21
-75.4008189999999985
0
LINE
8
BLACK
6
CONTINUOUS
10
166.6399999999999864
20
-76.4008189999999985
11
166.6399999999999864
21
-75.4008189999999985
0
LINE
8
BLACK
6
CONTINUOUS
10
167.2590479999999786
20
-76.4008189999999985
11
167.2590479999999786
21
-75.4008189999999985
0
LINE
8
BLACK
6
CONTINUOUS
10
167.2590479999999786
20
-75.877009000000001
11
167.8304760000000044
21
-75.877009000000001
0
LINE
8
BLACK
6
CONTINUOUS
10
167.8304760000000044
20
-76.4008189999999985
11
167.8304760000000044
21
-75.4008189999999985
0
LINE
8
BLACK
6
CONTINUOUS
10
168.2590479999999786
20
-75.4960569999999933
11
168.3066670000000045
21
-75.4484379999999959
0
LINE
8
BLACK
6
CONTINUOUS
10
168.3066670000000045
20
-75.4484379999999959
11
168.4019049999999993
21
-75.4008189999999985
0
LINE
8
BLACK
6
CONTINUOUS
10
168.4019049999999993
20
-75.4008189999999985
11
168.6399999999999864
21
-75.4008189999999985
0
LINE
8
BLACK
6
CONTINUOUS
10
168.6399999999999864
20
-75.4008189999999985
11
168.7352379999999812
21
-75.4484379999999959
0
LINE
8
BLACK
6
CONTINUOUS
10
168.7352379999999812
20
-75.4484379999999959
11
168.7828569999999786
21
-75.4960569999999933
0
LINE
8
BLACK
6
CONTINUOUS
10
168.7828569999999786
20
-75.4960569999999933
11
168.8304760000000044
21
-75.5912950000000023
0
LINE
8
BLACK
6
CONTINUOUS
10
168.8304760000000044
20
-75.5912950000000023
11
168.8304760000000044
21
-75.6865329999999972
0
LINE
8
BLACK
6
CONTINUOUS
10
168.8304760000000044
20
-75.6865329999999972
11
168.7828569999999786
21
-75.8293900000000036
0
LINE
8
BLACK
6
CONTINUOUS
10
168.7828569999999786
20
-75.8293900000000036
11
168.2114289999999812
21
-76.4008189999999985
0
LINE
8
BLACK
6
CONTINUOUS
10
168.2114289999999812
20
-76.4008189999999985
11
168.8304760000000044
21
-76.4008189999999985
0
LINE
8
BLACK
6
CONTINUOUS
10
119.3324759999999998
20
-63.5658189999999976
11
119.3324759999999998
21
-64.2801039999999944
0
LINE
8
BLACK
6
CONTINUOUS
10
119.3324759999999998
20
-64.2801039999999944
11
119.2848569999999881
21
-64.4229610000000008
0
LINE
8
BLACK
6
CONTINUOUS
10
119.2848569999999881
20
-64.4229610000000008
11
119.1896189999999933
21
-64.5181999999999931
0
LINE
8
BLACK
6
CONTINUOUS
10
119.1896189999999933
20
-64.5181999999999931
11
119.0467620000000011
21
-64.5658189999999905
0
LINE
8
BLACK
6
CONTINUOUS
10
119.0467620000000011
20
-64.5658189999999905
11
118.951523999999992
21
-64.5658189999999905
0
LINE
8
BLACK
6
CONTINUOUS
10
120.3324759999999998
20
-64.5658189999999905
11
119.7610479999999882
21
-64.5658189999999905
0
LINE
8
BLACK
6
CONTINUOUS
10
120.0467620000000011
20
-64.5658189999999905
11
120.0467620000000011
21
-63.5658189999999976
0
LINE
8
BLACK
6
CONTINUOUS
10
120.0467620000000011
20
-63.5658189999999976
11
119.951523999999992
21
-63.708675999999997
0
LINE
8
BLACK
6
CONTINUOUS
10
119.951523999999992
20
-63.708675999999997
11
119.8562859999999972
21
-63.8039139999999989
0
LINE
8
BLACK
6
CONTINUOUS
10
119.8562859999999972
20
-63.8039139999999989
11
119.7610479999999882
21
-63.8515329999999963
0
LINE
8
BLACK
6
CONTINUOUS
10
120.9039049999999946
20
-63.9943899999999957
11
120.8086669999999998
21
-63.9467709999999983
0
LINE
8
BLACK
6
CONTINUOUS
10
120.8086669999999998
20
-63.9467709999999983
11
120.7610479999999882
21
-63.8991519999999937
0
LINE
8
BLACK
6
CONTINUOUS
10
120.7610479999999882
20
-63.8991519999999937
11
120.7134289999999908
21
-63.8039139999999989
0
LINE
8
BLACK
6
CONTINUOUS
10
120.7134289999999908
20
-63.8039139999999989
11
120.7134289999999908
21
-63.7562949999999944
0
LINE
8
BLACK
6
CONTINUOUS
10
120.7134289999999908
20
-63.7562949999999944
11
120.7610479999999882
21
-63.6610569999999996
0
LINE
8
BLACK
6
CONTINUOUS
10
120.7610479999999882
20
-63.6610569999999996
11
120.8086669999999998
21
-63.613437999999995
0
LINE
8
BLACK
6
CONTINUOUS
10
120.8086669999999998
20
-63.613437999999995
11
120.9039049999999946
21
-63.5658189999999976
0
LINE
8
BLACK
6
CONTINUOUS
10
120.9039049999999946
20
-63.5658189999999976
11
121.0943809999999985
21
-63.5658189999999976
0
LINE
8
BLACK
6
CONTINUOUS
10
121.0943809999999985
20
-63.5658189999999976
11
121.1896189999999933
21
-63.613437999999995
0
LINE
8
BLACK
6
CONTINUOUS
10
121.1896189999999933
20
-63.613437999999995
11
121.2372379999999907
21
-63.6610569999999996
0
LINE
8
BLACK
6
CONTINUOUS
10
121.2372379999999907
20
-63.6610569999999996
11
121.2848569999999881
21
-63.7562949999999944
0
LINE
8
BLACK
6
CONTINUOUS
10
121.2848569999999881
20
-63.7562949999999944
11
121.2848569999999881
21
-63.8039139999999989
0
LINE
8
BLACK
6
CONTINUOUS
10
121.2848569999999881
20
-63.8039139999999989
11
121.2372379999999907
21
-63.8991519999999937
0
LINE
8
BLACK
6
CONTINUOUS
10
121.2372379999999907
20
-63.8991519999999937
11
121.1896189999999933
21
-63.9467709999999983
0
LINE
8
BLACK
6
CONTINUOUS
10
121.1896189999999933
20
-63.9467709999999983
11
121.0943809999999985
21
-63.9943899999999957
0
LINE
8
BLACK
6
CONTINUOUS
10
121.0943809999999985
20
-63.9943899999999957
11
120.9039049999999946
21
-63.9943899999999957
0
LINE
8
BLACK
6
CONTINUOUS
10
120.9039049999999946
20
-63.9943899999999957
11
120.8086669999999998
21
-64.0420089999999931
0
LINE
8
BLACK
6
CONTINUOUS
10
120.8086669999999998
20
-64.0420089999999931
11
120.7610479999999882
21
-64.0896279999999905
0
LINE
8
BLACK
6
CONTINUOUS
10
120.7610479999999882
20
-64.0896279999999905
11
120.7134289999999908
21
-64.1848659999999995
0
LINE
8
BLACK
6
CONTINUOUS
10
120.7134289999999908
20
-64.1848659999999995
11
120.7134289999999908
21
-64.3753420000000034
0
LINE
8
BLACK
6
CONTINUOUS
10
120.7134289999999908
20
-64.3753420000000034
11
120.7610479999999882
21
-64.4705799999999982
0
LINE
8
BLACK
6
CONTINUOUS
10
120.7610479999999882
20
-64.4705799999999982
11
120.8086669999999998
21
-64.5181999999999931
0
LINE
8
BLACK
6
CONTINUOUS
10
120.8086669999999998
20
-64.5181999999999931
11
120.9039049999999946
21
-64.5658189999999905
0
LINE
8
BLACK
6
CONTINUOUS
10
120.9039049999999946
20
-64.5658189999999905
11
121.0943809999999985
21
-64.5658189999999905
0
LINE
8
BLACK
6
CONTINUOUS
10
121.0943809999999985
20
-64.5658189999999905
11
121.1896189999999933
21
-64.5181999999999931
0
LINE
8
BLACK
6
CONTINUOUS
10
121.1896189999999933
20
-64.5181999999999931
11
121.2372379999999907
21
-64.4705799999999982
0
LINE
8
BLACK
6
CONTINUOUS
10
121.2372379999999907
20
-64.4705799999999982
11
121.2848569999999881
21
-64.3753420000000034
0
LINE
8
BLACK
6
CONTINUOUS
10
121.2848569999999881
20
-64.3753420000000034
11
121.2848569999999881
21
-64.1848659999999995
0
LINE
8
BLACK
6
CONTINUOUS
10
121.2848569999999881
20
-64.1848659999999995
11
121.2372379999999907
21
-64.0896279999999905
0
LINE
8
BLACK
6
CONTINUOUS
10
121.2372379999999907
20
-64.0896279999999905
11
121.1896189999999933
21
-64.0420089999999931
0
LINE
8
BLACK
6
CONTINUOUS
10
121.1896189999999933
20
-64.0420089999999931
11
121.0943809999999985
21
-63.9943899999999957
0
LINE
8
BLACK
6
CONTINUOUS
10
137.4213819999999942
20
-127.2898299999999949
11
137.3737629999999967
21
-127.3374499999999898
0
LINE
8
BLACK
6
CONTINUOUS
10
137.3737629999999967
20
-127.3374499999999898
11
137.2309060000000045
21
-127.3850689999999872
0
LINE
8
BLACK
6
CONTINUOUS
10
137.2309060000000045
20
-127.3850689999999872
11
137.1356679999999812
21
-127.3850689999999872
0
LINE
8
BLACK
6
CONTINUOUS
10
137.1356679999999812
20
-127.3850689999999872
11
136.992810999999989
21
-127.3374499999999898
0
LINE
8
BLACK
6
CONTINUOUS
10
136.992810999999989
20
-127.3374499999999898
11
136.8975729999999942
21
-127.2422109999999975
0
LINE
8
BLACK
6
CONTINUOUS
10
136.8975729999999942
20
-127.2422109999999975
11
136.8499539999999968
21
-127.1469729999999885
0
LINE
8
BLACK
6
CONTINUOUS
10
136.8499539999999968
20
-127.1469729999999885
11
136.8023349999999994
21
-126.9564969999999988
0
LINE
8
BLACK
6
CONTINUOUS
10
136.8023349999999994
20
-126.9564969999999988
11
136.8023349999999994
21
-126.8136399999999924
0
LINE
8
BLACK
6
CONTINUOUS
10
136.8023349999999994
20
-126.8136399999999924
11
136.8499539999999968
21
-126.6231639999999885
0
LINE
8
BLACK
6
CONTINUOUS
10
136.8499539999999968
20
-126.6231639999999885
11
136.8975729999999942
21
-126.5279259999999937
0
LINE
8
BLACK
6
CONTINUOUS
10
136.8975729999999942
20
-126.5279259999999937
11
136.992810999999989
21
-126.4326879999999989
0
LINE
8
BLACK
6
CONTINUOUS
10
136.992810999999989
20
-126.4326879999999989
11
137.1356679999999812
21
-126.3850689999999872
0
LINE
8
BLACK
6
CONTINUOUS
10
137.1356679999999812
20
-126.3850689999999872
11
137.2309060000000045
21
-126.3850689999999872
0
LINE
8
BLACK
6
CONTINUOUS
10
137.2309060000000045
20
-126.3850689999999872
11
137.3737629999999967
21
-126.4326879999999989
0
LINE
8
BLACK
6
CONTINUOUS
10
137.3737629999999967
20
-126.4326879999999989
11
137.4213819999999942
21
-126.4803069999999963
0
LINE
8
BLACK
6
CONTINUOUS
10
138.2785250000000019
20
-126.7184019999999975
11
138.2785250000000019
21
-127.3850689999999872
0
LINE
8
BLACK
6
CONTINUOUS
10
138.0404299999999864
20
-126.3374499999999898
11
137.8023349999999994
21
-127.0517349999999936
0
LINE
8
BLACK
6
CONTINUOUS
10
137.8023349999999994
20
-127.0517349999999936
11
138.4213819999999942
21
-127.0517349999999936
0
LINE
8
BLACK
6
CONTINUOUS
10
139.2785250000000019
20
-126.3850689999999872
11
138.8023349999999994
21
-126.3850689999999872
0
LINE
8
BLACK
6
CONTINUOUS
10
138.8023349999999994
20
-126.3850689999999872
11
138.7547160000000019
21
-126.8612589999999898
0
LINE
8
BLACK
6
CONTINUOUS
10
138.7547160000000019
20
-126.8612589999999898
11
138.8023349999999994
21
-126.8136399999999924
0
LINE
8
BLACK
6
CONTINUOUS
10
138.8023349999999994
20
-126.8136399999999924
11
138.8975729999999942
21
-126.766020999999995
0
LINE
8
BLACK
6
CONTINUOUS
10
138.8975729999999942
20
-126.766020999999995
11
139.1356679999999812
21
-126.766020999999995
0
LINE
8
BLACK
6
CONTINUOUS
10
139.1356679999999812
20
-126.766020999999995
11
139.2309060000000045
21
-126.8136399999999924
0
LINE
8
BLACK
6
CONTINUOUS
10
139.2309060000000045
20
-126.8136399999999924
11
139.2785250000000019
21
-126.8612589999999898
0
LINE
8
BLACK
6
CONTINUOUS
10
139.2785250000000019
20
-126.8612589999999898
11
139.3261439999999993
21
-126.9564969999999988
0
LINE
8
BLACK
6
CONTINUOUS
10
139.3261439999999993
20
-126.9564969999999988
11
139.3261439999999993
21
-127.1945920000000001
0
LINE
8
BLACK
6
CONTINUOUS
10
139.3261439999999993
20
-127.1945920000000001
11
139.2785250000000019
21
-127.2898299999999949
0
LINE
8
BLACK
6
CONTINUOUS
10
139.2785250000000019
20
-127.2898299999999949
11
139.2309060000000045
21
-127.3374499999999898
0
LINE
8
BLACK
6
CONTINUOUS
10
139.2309060000000045
20
-127.3374499999999898
11
139.1356679999999812
21
-127.3850689999999872
0
LINE
8
BLACK
6
CONTINUOUS
10
139.1356679999999812
20
-127.3850689999999872
11
138.8975729999999942
21
-127.3850689999999872
0
LINE
8
BLACK
6
CONTINUOUS
10
138.8975729999999942
20
-127.3850689999999872
11
138.8023349999999994
21
-127.3374499999999898
0
LINE
8
BLACK
6
CONTINUOUS
10
138.8023349999999994
20
-127.3374499999999898
11
138.7547160000000019
21
-127.2898299999999949
0
LINE
8
BLACK
6
CONTINUOUS
10
133.7980799999999988
20
-103.5128569999999968
11
133.8456999999999937
21
-103.5604759999999942
0
LINE
8
BLACK
6
CONTINUOUS
10
133.8456999999999937
20
-103.5604759999999942
11
133.8933189999999911
21
-103.7033330000000007
0
LINE
8
BLACK
6
CONTINUOUS
10
133.8933189999999911
20
-103.7033330000000007
11
133.8933189999999911
21
-103.7985709999999955
0
LINE
8
BLACK
6
CONTINUOUS
10
133.8933189999999911
20
-103.7985709999999955
11
133.8456999999999937
21
-103.9414280000000019
0
LINE
8
BLACK
6
CONTINUOUS
10
133.8456999999999937
20
-103.9414280000000019
11
133.7504610000000014
21
-104.0366659999999968
0
LINE
8
BLACK
6
CONTINUOUS
10
133.7504610000000014
20
-104.0366659999999968
11
133.6552230000000066
21
-104.0842849999999942
0
LINE
8
BLACK
6
CONTINUOUS
10
133.6552230000000066
20
-104.0842849999999942
11
133.4647469999999885
21
-104.1319039999999916
0
LINE
8
BLACK
6
CONTINUOUS
10
133.4647469999999885
20
-104.1319039999999916
11
133.3218899999999962
21
-104.1319039999999916
0
LINE
8
BLACK
6
CONTINUOUS
10
133.3218899999999962
20
-104.1319039999999916
11
133.1314140000000066
21
-104.0842849999999942
0
LINE
8
BLACK
6
CONTINUOUS
10
133.1314140000000066
20
-104.0842849999999942
11
133.0361759999999833
21
-104.0366659999999968
0
LINE
8
BLACK
6
CONTINUOUS
10
133.0361759999999833
20
-104.0366659999999968
11
132.9409379999999885
21
-103.9414280000000019
0
LINE
8
BLACK
6
CONTINUOUS
10
132.9409379999999885
20
-103.9414280000000019
11
132.8933189999999911
21
-103.7985709999999955
0
LINE
8
BLACK
6
CONTINUOUS
10
132.8933189999999911
20
-103.7985709999999955
11
132.8933189999999911
21
-103.7033330000000007
0
LINE
8
BLACK
6
CONTINUOUS
10
132.8933189999999911
20
-103.7033330000000007
11
132.9409379999999885
21
-103.5604759999999942
0
LINE
8
BLACK
6
CONTINUOUS
10
132.9409379999999885
20
-103.5604759999999942
11
132.9885569999999859
21
-103.5128569999999968
0
LINE
8
BLACK
6
CONTINUOUS
10
133.8933189999999911
20
-102.5604759999999942
11
133.8933189999999911
21
-103.1319039999999916
0
LINE
8
BLACK
6
CONTINUOUS
10
133.8933189999999911
20
-102.8461899999999929
11
132.8933189999999911
21
-102.8461899999999929
0
LINE
8
BLACK
6
CONTINUOUS
10
132.8933189999999911
20
-102.8461899999999929
11
133.0361759999999833
21
-102.9414280000000019
0
LINE
8
BLACK
6
CONTINUOUS
10
133.0361759999999833
20
-102.9414280000000019
11
133.1314140000000066
21
-103.0366659999999968
0
LINE
8
BLACK
6
CONTINUOUS
10
133.1314140000000066
20
-103.0366659999999968
11
133.179033000000004
21
-103.1319039999999916
0
LINE
8
BLACK
6
CONTINUOUS
10
132.8933189999999911
20
-102.2271420000000006
11
132.8933189999999911
21
-101.5604759999999942
0
LINE
8
BLACK
6
CONTINUOUS
10
132.8933189999999911
20
-101.5604759999999942
11
133.8933189999999911
21
-101.9890469999999993
0
LINE
8
BLACK
6
CONTINUOUS
10
166.9670590000000061
20
-107.0936659999999989
11
166.4908680000000061
21
-107.426998999999995
0
LINE
8
BLACK
6
CONTINUOUS
10
166.9670590000000061
20
-107.6650939999999963
11
165.9670590000000061
21
-107.6650939999999963
0
LINE
8
BLACK
6
CONTINUOUS
10
165.9670590000000061
20
-107.6650939999999963
11
165.9670590000000061
21
-107.2841419999999886
0
LINE
8
BLACK
6
CONTINUOUS
10
165.9670590000000061
20
-107.2841419999999886
11
166.0146780000000035
21
-107.1889039999999937
0
LINE
8
BLACK
6
CONTINUOUS
10
166.0146780000000035
20
-107.1889039999999937
11
166.0622970000000009
21
-107.1412849999999963
0
LINE
8
BLACK
6
CONTINUOUS
10
166.0622970000000009
20
-107.1412849999999963
11
166.1575349999999958
21
-107.0936659999999989
0
LINE
8
BLACK
6
CONTINUOUS
10
166.1575349999999958
20
-107.0936659999999989
11
166.300391999999988
21
-107.0936659999999989
0
LINE
8
BLACK
6
CONTINUOUS
10
166.300391999999988
20
-107.0936659999999989
11
166.3956299999999828
21
-107.1412849999999963
0
LINE
8
BLACK
6
CONTINUOUS
10
166.3956299999999828
20
-107.1412849999999963
11
166.4432489999999802
21
-107.1889039999999937
0
LINE
8
BLACK
6
CONTINUOUS
10
166.4432489999999802
20
-107.1889039999999937
11
166.4908680000000061
21
-107.2841419999999886
0
LINE
8
BLACK
6
CONTINUOUS
10
166.4908680000000061
20
-107.2841419999999886
11
166.4908680000000061
21
-107.6650939999999963
0
LINE
8
BLACK
6
CONTINUOUS
10
166.0622970000000009
20
-106.7127129999999937
11
166.0146780000000035
21
-106.6650939999999963
0
LINE
8
BLACK
6
CONTINUOUS
10
166.0146780000000035
20
-106.6650939999999963
11
165.9670590000000061
21
-106.5698560000000015
0
LINE
8
BLACK
6
CONTINUOUS
10
165.9670590000000061
20
-106.5698560000000015
11
165.9670590000000061
21
-106.3317610000000002
0
LINE
8
BLACK
6
CONTINUOUS
10
165.9670590000000061
20
-106.3317610000000002
11
166.0146780000000035
21
-106.2365229999999912
0
LINE
8
BLACK
6
CONTINUOUS
10
166.0146780000000035
20
-106.2365229999999912
11
166.0622970000000009
21
-106.1889039999999937
0
LINE
8
BLACK
6
CONTINUOUS
10
166.0622970000000009
20
-106.1889039999999937
11
166.1575349999999958
21
-106.1412849999999963
0
LINE
8
BLACK
6
CONTINUOUS
10
166.1575349999999958
20
-106.1412849999999963
11
166.2527729999999906
21
-106.1412849999999963
0
LINE
8
BLACK
6
CONTINUOUS
10
166.2527729999999906
20
-106.1412849999999963
11
166.3956299999999828
21
-106.1889039999999937
0
LINE
8
BLACK
6
CONTINUOUS
10
166.3956299999999828
20
-106.1889039999999937
11
166.9670590000000061
21
-106.7603319999999911
0
LINE
8
BLACK
6
CONTINUOUS
10
166.9670590000000061
20
-106.7603319999999911
11
166.9670590000000061
21
-106.1412849999999963
0
LINE
8
BLACK
6
CONTINUOUS
10
136.4853329999999971
20
-90.1485799999999955
11
136.4377139999999997
21
-90.1961999999999904
0
LINE
8
BLACK
6
CONTINUOUS
10
136.4377139999999997
20
-90.1961999999999904
11
136.2948570000000075
21
-90.243819000000002
0
LINE
8
BLACK
6
CONTINUOUS
10
136.2948570000000075
20
-90.243819000000002
11
136.1996189999999842
21
-90.243819000000002
0
LINE
8
BLACK
6
CONTINUOUS
10
136.1996189999999842
20
-90.243819000000002
11
136.056761999999992
21
-90.1961999999999904
0
LINE
8
BLACK
6
CONTINUOUS
10
136.056761999999992
20
-90.1961999999999904
11
135.9615239999999972
21
-90.1009609999999981
0
LINE
8
BLACK
6
CONTINUOUS
10
135.9615239999999972
20
-90.1009609999999981
11
135.9139049999999997
21
-90.005722999999989
0
LINE
8
BLACK
6
CONTINUOUS
10
135.9139049999999997
20
-90.005722999999989
11
135.8662860000000023
21
-89.8152469999999994
0
LINE
8
BLACK
6
CONTINUOUS
10
135.8662860000000023
20
-89.8152469999999994
11
135.8662860000000023
21
-89.6723899999999929
0
LINE
8
BLACK
6
CONTINUOUS
10
135.8662860000000023
20
-89.6723899999999929
11
135.9139049999999997
21
-89.4819139999999891
0
LINE
8
BLACK
6
CONTINUOUS
10
135.9139049999999997
20
-89.4819139999999891
11
135.9615239999999972
21
-89.3866759999999942
0
LINE
8
BLACK
6
CONTINUOUS
10
135.9615239999999972
20
-89.3866759999999942
11
136.056761999999992
21
-89.2914379999999994
0
LINE
8
BLACK
6
CONTINUOUS
10
136.056761999999992
20
-89.2914379999999994
11
136.1996189999999842
21
-89.243819000000002
0
LINE
8
BLACK
6
CONTINUOUS
10
136.1996189999999842
20
-89.243819000000002
11
136.2948570000000075
21
-89.243819000000002
0
LINE
8
BLACK
6
CONTINUOUS
10
136.2948570000000075
20
-89.243819000000002
11
136.4377139999999997
21
-89.2914379999999994
0
LINE
8
BLACK
6
CONTINUOUS
10
136.4377139999999997
20
-89.2914379999999994
11
136.4853329999999971
21
-89.3390569999999968
0
LINE
8
BLACK
6
CONTINUOUS
10
137.4377139999999997
20
-90.243819000000002
11
136.8662860000000023
21
-90.243819000000002
0
LINE
8
BLACK
6
CONTINUOUS
10
137.1519999999999868
20
-90.243819000000002
11
137.1519999999999868
21
-89.243819000000002
0
LINE
8
BLACK
6
CONTINUOUS
10
137.1519999999999868
20
-89.243819000000002
11
137.056761999999992
21
-89.3866759999999942
0
LINE
8
BLACK
6
CONTINUOUS
10
137.056761999999992
20
-89.3866759999999942
11
136.9615239999999972
21
-89.4819139999999891
0
LINE
8
BLACK
6
CONTINUOUS
10
136.9615239999999972
20
-89.4819139999999891
11
136.8662860000000023
21
-89.5295330000000007
0
LINE
8
BLACK
6
CONTINUOUS
10
162.9727609999999913
20
-57.4460569999999962
11
162.8775229999999965
21
-57.3984379999999987
0
LINE
8
BLACK
6
CONTINUOUS
10
162.8775229999999965
20
-57.3984379999999987
11
162.7822850000000017
21
-57.3031999999999968
0
LINE
8
BLACK
6
CONTINUOUS
10
162.7822850000000017
20
-57.3031999999999968
11
162.639427999999981
21
-57.160342
0
LINE
8
BLACK
6
CONTINUOUS
10
162.639427999999981
20
-57.160342
11
162.5441899999999862
21
-57.1127229999999955
0
LINE
8
BLACK
6
CONTINUOUS
10
162.5441899999999862
20
-57.1127229999999955
11
162.4489519999999914
21
-57.1127229999999955
0
LINE
8
BLACK
6
CONTINUOUS
10
162.4965709999999888
20
-57.3508189999999942
11
162.4013329999999939
21
-57.3031999999999968
0
LINE
8
BLACK
6
CONTINUOUS
10
162.4013329999999939
20
-57.3031999999999968
11
162.3060949999999991
21
-57.2079609999999974
0
LINE
8
BLACK
6
CONTINUOUS
10
162.3060949999999991
20
-57.2079609999999974
11
162.2584760000000017
21
-57.0174850000000006
0
LINE
8
BLACK
6
CONTINUOUS
10
162.2584760000000017
20
-57.0174850000000006
11
162.2584760000000017
21
-56.6841519999999974
0
LINE
8
BLACK
6
CONTINUOUS
10
162.2584760000000017
20
-56.6841519999999974
11
162.3060949999999991
21
-56.4936760000000007
0
LINE
8
BLACK
6
CONTINUOUS
10
162.3060949999999991
20
-56.4936760000000007
11
162.4013329999999939
21
-56.3984379999999987
0
LINE
8
BLACK
6
CONTINUOUS
10
162.4013329999999939
20
-56.3984379999999987
11
162.4965709999999888
21
-56.3508189999999942
0
LINE
8
BLACK
6
CONTINUOUS
10
162.4965709999999888
20
-56.3508189999999942
11
162.6870470000000068
21
-56.3508189999999942
0
LINE
8
BLACK
6
CONTINUOUS
10
162.6870470000000068
20
-56.3508189999999942
11
162.7822850000000017
21
-56.3984379999999987
0
LINE
8
BLACK
6
CONTINUOUS
10
162.7822850000000017
20
-56.3984379999999987
11
162.8775229999999965
21
-56.4936760000000007
0
LINE
8
BLACK
6
CONTINUOUS
10
162.8775229999999965
20
-56.4936760000000007
11
162.9251419999999939
21
-56.6841519999999974
0
LINE
8
BLACK
6
CONTINUOUS
10
162.9251419999999939
20
-56.6841519999999974
11
162.9251419999999939
21
-57.0174850000000006
0
LINE
8
BLACK
6
CONTINUOUS
10
162.9251419999999939
20
-57.0174850000000006
11
162.8775229999999965
21
-57.2079609999999974
0
LINE
8
BLACK
6
CONTINUOUS
10
162.8775229999999965
20
-57.2079609999999974
11
162.7822850000000017
21
-57.3031999999999968
0
LINE
8
BLACK
6
CONTINUOUS
10
162.7822850000000017
20
-57.3031999999999968
11
162.6870470000000068
21
-57.3508189999999942
0
LINE
8
BLACK
6
CONTINUOUS
10
162.6870470000000068
20
-57.3508189999999942
11
162.4965709999999888
21
-57.3508189999999942
0
LINE
8
BLACK
6
CONTINUOUS
10
163.3060949999999991
20
-56.4460569999999962
11
163.3537139999999965
21
-56.3984379999999987
0
LINE
8
BLACK
6
CONTINUOUS
10
163.3537139999999965
20
-56.3984379999999987
11
163.4489519999999914
21
-56.3508189999999942
0
LINE
8
BLACK
6
CONTINUOUS
10
163.4489519999999914
20
-56.3508189999999942
11
163.6870469999999784
21
-56.3508189999999942
0
LINE
8
BLACK
6
CONTINUOUS
10
163.6870469999999784
20
-56.3508189999999942
11
163.7822850000000017
21
-56.3984379999999987
0
LINE
8
BLACK
6
CONTINUOUS
10
163.7822850000000017
20
-56.3984379999999987
11
163.8299039999999991
21
-56.4460569999999962
0
LINE
8
BLACK
6
CONTINUOUS
10
163.8299039999999991
20
-56.4460569999999962
11
163.8775229999999965
21
-56.5412949999999981
0
LINE
8
BLACK
6
CONTINUOUS
10
163.8775229999999965
20
-56.5412949999999981
11
163.8775229999999965
21
-56.636533
0
LINE
8
BLACK
6
CONTINUOUS
10
163.8775229999999965
20
-56.636533
11
163.8299039999999991
21
-56.7793899999999994
0
LINE
8
BLACK
6
CONTINUOUS
10
163.8299039999999991
20
-56.7793899999999994
11
163.2584760000000017
21
-57.3508189999999942
0
LINE
8
BLACK
6
CONTINUOUS
10
163.2584760000000017
20
-57.3508189999999942
11
163.8775229999999965
21
-57.3508189999999942
0
LINE
8
BLACK
6
CONTINUOUS
10
139.805579999999992
20
-110.6248569999999916
11
139.8531999999999869
21
-110.672475999999989
0
LINE
8
BLACK
6
CONTINUOUS
10
139.8531999999999869
20
-110.672475999999989
11
139.9008189999999843
21
-110.8153329999999954
0
LINE
8
BLACK
6
CONTINUOUS
10
139.9008189999999843
20
-110.8153329999999954
11
139.9008189999999843
21
-110.9105709999999902
0
LINE
8
BLACK
6
CONTINUOUS
10
139.9008189999999843
20
-110.9105709999999902
11
139.8531999999999869
21
-111.0534279999999967
0
LINE
8
BLACK
6
CONTINUOUS
10
139.8531999999999869
20
-111.0534279999999967
11
139.7579609999999946
21
-111.1486659999999915
0
LINE
8
BLACK
6
CONTINUOUS
10
139.7579609999999946
20
-111.1486659999999915
11
139.6627229999999997
21
-111.1962849999999889
0
LINE
8
BLACK
6
CONTINUOUS
10
139.6627229999999997
20
-111.1962849999999889
11
139.4722469999999817
21
-111.2439040000000006
0
LINE
8
BLACK
6
CONTINUOUS
10
139.4722469999999817
20
-111.2439040000000006
11
139.3293899999999894
21
-111.2439040000000006
0
LINE
8
BLACK
6
CONTINUOUS
10
139.3293899999999894
20
-111.2439040000000006
11
139.1389139999999998
21
-111.1962849999999889
0
LINE
8
BLACK
6
CONTINUOUS
10
139.1389139999999998
20
-111.1962849999999889
11
139.0436760000000049
21
-111.1486659999999915
0
LINE
8
BLACK
6
CONTINUOUS
10
139.0436760000000049
20
-111.1486659999999915
11
138.9484379999999817
21
-111.0534279999999967
0
LINE
8
BLACK
6
CONTINUOUS
10
138.9484379999999817
20
-111.0534279999999967
11
138.9008189999999843
21
-110.9105709999999902
0
LINE
8
BLACK
6
CONTINUOUS
10
138.9008189999999843
20
-110.9105709999999902
11
138.9008189999999843
21
-110.8153329999999954
0
LINE
8
BLACK
6
CONTINUOUS
10
138.9008189999999843
20
-110.8153329999999954
11
138.9484379999999817
21
-110.672475999999989
0
LINE
8
BLACK
6
CONTINUOUS
10
138.9484379999999817
20
-110.672475999999989
11
138.9960570000000075
21
-110.6248569999999916
0
LINE
8
BLACK
6
CONTINUOUS
10
138.9008189999999843
20
-110.291522999999998
11
138.9008189999999843
21
-109.672475999999989
0
LINE
8
BLACK
6
CONTINUOUS
10
138.9008189999999843
20
-109.672475999999989
11
139.281770999999992
21
-110.0058089999999993
0
LINE
8
BLACK
6
CONTINUOUS
10
139.281770999999992
20
-110.0058089999999993
11
139.281770999999992
21
-109.8629519999999928
0
LINE
8
BLACK
6
CONTINUOUS
10
139.281770999999992
20
-109.8629519999999928
11
139.3293899999999894
21
-109.767713999999998
0
LINE
8
BLACK
6
CONTINUOUS
10
139.3293899999999894
20
-109.767713999999998
11
139.3770089999999868
21
-109.7200950000000006
0
LINE
8
BLACK
6
CONTINUOUS
10
139.3770089999999868
20
-109.7200950000000006
11
139.4722469999999817
21
-109.672475999999989
0
LINE
8
BLACK
6
CONTINUOUS
10
139.4722469999999817
20
-109.672475999999989
11
139.7103419999999971
21
-109.672475999999989
0
LINE
8
BLACK
6
CONTINUOUS
10
139.7103419999999971
20
-109.672475999999989
11
139.805579999999992
21
-109.7200950000000006
0
LINE
8
BLACK
6
CONTINUOUS
10
139.805579999999992
20
-109.7200950000000006
11
139.8531999999999869
21
-109.767713999999998
0
LINE
8
BLACK
6
CONTINUOUS
10
139.8531999999999869
20
-109.767713999999998
11
139.9008189999999843
21
-109.8629519999999928
0
LINE
8
BLACK
6
CONTINUOUS
10
139.9008189999999843
20
-109.8629519999999928
11
139.9008189999999843
21
-110.1486659999999915
0
LINE
8
BLACK
6
CONTINUOUS
10
139.9008189999999843
20
-110.1486659999999915
11
139.8531999999999869
21
-110.2439040000000006
0
LINE
8
BLACK
6
CONTINUOUS
10
139.8531999999999869
20
-110.2439040000000006
11
139.805579999999992
21
-110.291522999999998
0
LINE
8
BLACK
6
CONTINUOUS
10
138.9008189999999843
20
-108.8153329999999954
11
138.9008189999999843
21
-109.0058089999999993
0
LINE
8
BLACK
6
CONTINUOUS
10
138.9008189999999843
20
-109.0058089999999993
11
138.9484379999999817
21
-109.1010469999999941
0
LINE
8
BLACK
6
CONTINUOUS
10
138.9484379999999817
20
-109.1010469999999941
11
138.9960570000000075
21
-109.1486659999999915
0
LINE
8
BLACK
6
CONTINUOUS
10
138.9960570000000075
20
-109.1486659999999915
11
139.1389139999999998
21
-109.2439040000000006
0
LINE
8
BLACK
6
CONTINUOUS
10
139.1389139999999998
20
-109.2439040000000006
11
139.3293899999999894
21
-109.291522999999998
0
LINE
8
BLACK
6
CONTINUOUS
10
139.3293899999999894
20
-109.291522999999998
11
139.7103419999999971
21
-109.291522999999998
0
LINE
8
BLACK
6
CONTINUOUS
10
139.7103419999999971
20
-109.291522999999998
11
139.805579999999992
21
-109.2439040000000006
0
LINE
8
BLACK
6
CONTINUOUS
10
139.805579999999992
20
-109.2439040000000006
11
139.8531999999999869
21
-109.1962849999999889
0
LINE
8
BLACK
6
CONTINUOUS
10
139.8531999999999869
20
-109.1962849999999889
11
139.9008189999999843
21
-109.1010469999999941
0
LINE
8
BLACK
6
CONTINUOUS
10
139.9008189999999843
20
-109.1010469999999941
11
139.9008189999999843
21
-108.9105709999999902
0
LINE
8
BLACK
6
CONTINUOUS
10
139.9008189999999843
20
-108.9105709999999902
11
139.8531999999999869
21
-108.8153329999999954
0
LINE
8
BLACK
6
CONTINUOUS
10
139.8531999999999869
20
-108.8153329999999954
11
139.805579999999992
21
-108.767713999999998
0
LINE
8
BLACK
6
CONTINUOUS
10
139.805579999999992
20
-108.767713999999998
11
139.7103419999999971
21
-108.7200950000000006
0
LINE
8
BLACK
6
CONTINUOUS
10
139.7103419999999971
20
-108.7200950000000006
11
139.4722469999999817
21
-108.7200950000000006
0
LINE
8
BLACK
6
CONTINUOUS
10
139.4722469999999817
20
-108.7200950000000006
11
139.3770089999999868
21
-108.767713999999998
0
LINE
8
BLACK
6
CONTINUOUS
10
139.3770089999999868
20
-108.767713999999998
11
139.3293899999999894
21
-108.8153329999999954
0
LINE
8
BLACK
6
CONTINUOUS
10
139.3293899999999894
20
-108.8153329999999954
11
139.281770999999992
21
-108.9105709999999902
0
LINE
8
BLACK
6
CONTINUOUS
10
139.281770999999992
20
-108.9105709999999902
11
139.281770999999992
21
-109.1010469999999941
0
LINE
8
BLACK
6
CONTINUOUS
10
139.281770999999992
20
-109.1010469999999941
11
139.3293899999999894
21
-109.1962849999999889
0
LINE
8
BLACK
6
CONTINUOUS
10
139.3293899999999894
20
-109.1962849999999889
11
139.3770089999999868
21
-109.2439040000000006
0
LINE
8
BLACK
6
CONTINUOUS
10
139.3770089999999868
20
-109.2439040000000006
11
139.4722469999999817
21
-109.291522999999998
0
LINE
8
BLACK
6
CONTINUOUS
10
158.6650569999999902
20
-82.1372379999999964
11
158.6174379999999928
21
-82.2324759999999912
0
LINE
8
BLACK
6
CONTINUOUS
10
158.6174379999999928
20
-82.2324759999999912
11
158.522199999999998
21
-82.3277140000000003
0
LINE
8
BLACK
6
CONTINUOUS
10
158.522199999999998
20
-82.3277140000000003
11
158.3793419999999799
21
-82.4705709999999925
0
LINE
8
BLACK
6
CONTINUOUS
10
158.3793419999999799
20
-82.4705709999999925
11
158.3317229999999824
21
-82.5658090000000016
0
LINE
8
BLACK
6
CONTINUOUS
10
158.3317229999999824
20
-82.5658090000000016
11
158.3317229999999824
21
-82.6610469999999964
0
LINE
8
BLACK
6
CONTINUOUS
10
158.5698189999999954
20
-82.613427999999999
11
158.522199999999998
21
-82.7086659999999938
0
LINE
8
BLACK
6
CONTINUOUS
10
158.522199999999998
20
-82.7086659999999938
11
158.4269610000000057
21
-82.8039040000000028
0
LINE
8
BLACK
6
CONTINUOUS
10
158.4269610000000057
20
-82.8039040000000028
11
158.2364849999999876
21
-82.8515230000000003
0
LINE
8
BLACK
6
CONTINUOUS
10
158.2364849999999876
20
-82.8515230000000003
11
157.9031520000000057
21
-82.8515230000000003
0
LINE
8
BLACK
6
CONTINUOUS
10
157.9031520000000057
20
-82.8515230000000003
11
157.7126759999999877
21
-82.8039040000000028
0
LINE
8
BLACK
6
CONTINUOUS
10
157.7126759999999877
20
-82.8039040000000028
11
157.6174379999999928
21
-82.7086659999999938
0
LINE
8
BLACK
6
CONTINUOUS
10
157.6174379999999928
20
-82.7086659999999938
11
157.5698189999999954
21
-82.613427999999999
0
LINE
8
BLACK
6
CONTINUOUS
10
157.5698189999999954
20
-82.613427999999999
11
157.5698189999999954
21
-82.4229519999999951
0
LINE
8
BLACK
6
CONTINUOUS
10
157.5698189999999954
20
-82.4229519999999951
11
157.6174379999999928
21
-82.3277140000000003
0
LINE
8
BLACK
6
CONTINUOUS
10
157.6174379999999928
20
-82.3277140000000003
11
157.7126759999999877
21
-82.2324759999999912
0
LINE
8
BLACK
6
CONTINUOUS
10
157.7126759999999877
20
-82.2324759999999912
11
157.9031520000000057
21
-82.1848569999999938
0
LINE
8
BLACK
6
CONTINUOUS
10
157.9031520000000057
20
-82.1848569999999938
11
158.2364849999999876
21
-82.1848569999999938
0
LINE
8
BLACK
6
CONTINUOUS
10
158.2364849999999876
20
-82.1848569999999938
11
158.4269610000000057
21
-82.2324759999999912
0
LINE
8
BLACK
6
CONTINUOUS
10
158.4269610000000057
20
-82.2324759999999912
11
158.522199999999998
21
-82.3277140000000003
0
LINE
8
BLACK
6
CONTINUOUS
10
158.522199999999998
20
-82.3277140000000003
11
158.5698189999999954
21
-82.4229519999999951
0
LINE
8
BLACK
6
CONTINUOUS
10
158.5698189999999954
20
-82.4229519999999951
11
158.5698189999999954
21
-82.613427999999999
0
LINE
8
BLACK
6
CONTINUOUS
10
158.5698189999999954
20
-81.2324759999999912
11
158.5698189999999954
21
-81.8039040000000028
0
LINE
8
BLACK
6
CONTINUOUS
10
158.5698189999999954
20
-81.5181899999999899
11
157.5698189999999954
21
-81.5181899999999899
0
LINE
8
BLACK
6
CONTINUOUS
10
157.5698189999999954
20
-81.5181899999999899
11
157.7126759999999877
21
-81.613427999999999
0
LINE
8
BLACK
6
CONTINUOUS
10
157.7126759999999877
20
-81.613427999999999
11
157.8079139999999825
21
-81.7086659999999938
0
LINE
8
BLACK
6
CONTINUOUS
10
157.8079139999999825
20
-81.7086659999999938
11
157.8555329999999799
21
-81.8039040000000028
0
LINE
8
BLACK
6
CONTINUOUS
10
155.0455800000000011
20
-72.5248569999999972
11
155.093199999999996
21
-72.5724759999999947
0
LINE
8
BLACK
6
CONTINUOUS
10
155.093199999999996
20
-72.5724759999999947
11
155.1408189999999934
21
-72.7153330000000011
0
LINE
8
BLACK
6
CONTINUOUS
10
155.1408189999999934
20
-72.7153330000000011
11
155.1408189999999934
21
-72.8105709999999959
0
LINE
8
BLACK
6
CONTINUOUS
10
155.1408189999999934
20
-72.8105709999999959
11
155.093199999999996
21
-72.9534280000000024
0
LINE
8
BLACK
6
CONTINUOUS
10
155.093199999999996
20
-72.9534280000000024
11
154.9979610000000037
21
-73.0486659999999972
0
LINE
8
BLACK
6
CONTINUOUS
10
154.9979610000000037
20
-73.0486659999999972
11
154.9027229999999804
21
-73.0962849999999946
0
LINE
8
BLACK
6
CONTINUOUS
10
154.9027229999999804
20
-73.0962849999999946
11
154.7122469999999907
21
-73.143903999999992
0
LINE
8
BLACK
6
CONTINUOUS
10
154.7122469999999907
20
-73.143903999999992
11
154.5693899999999985
21
-73.143903999999992
0
LINE
8
BLACK
6
CONTINUOUS
10
154.5693899999999985
20
-73.143903999999992
11
154.3789139999999804
21
-73.0962849999999946
0
LINE
8
BLACK
6
CONTINUOUS
10
154.3789139999999804
20
-73.0962849999999946
11
154.2836759999999856
21
-73.0486659999999972
0
LINE
8
BLACK
6
CONTINUOUS
10
154.2836759999999856
20
-73.0486659999999972
11
154.1884379999999908
21
-72.9534280000000024
0
LINE
8
BLACK
6
CONTINUOUS
10
154.1884379999999908
20
-72.9534280000000024
11
154.1408189999999934
21
-72.8105709999999959
0
LINE
8
BLACK
6
CONTINUOUS
10
154.1408189999999934
20
-72.8105709999999959
11
154.1408189999999934
21
-72.7153330000000011
0
LINE
8
BLACK
6
CONTINUOUS
10
154.1408189999999934
20
-72.7153330000000011
11
154.1884379999999908
21
-72.5724759999999947
0
LINE
8
BLACK
6
CONTINUOUS
10
154.1884379999999908
20
-72.5724759999999947
11
154.2360569999999882
21
-72.5248569999999972
0
LINE
8
BLACK
6
CONTINUOUS
10
154.4741520000000037
20
-71.6677140000000037
11
155.1408189999999934
21
-71.6677140000000037
0
LINE
8
BLACK
6
CONTINUOUS
10
154.093199999999996
20
-71.9058089999999908
11
154.8074849999999856
21
-72.143903999999992
0
LINE
8
BLACK
6
CONTINUOUS
10
154.8074849999999856
20
-72.143903999999992
11
154.8074849999999856
21
-71.5248569999999972
0
LINE
8
BLACK
6
CONTINUOUS
10
154.5693899999999985
20
-71.0010469999999998
11
154.5217710000000011
21
-71.0962849999999946
0
LINE
8
BLACK
6
CONTINUOUS
10
154.5217710000000011
20
-71.0962849999999946
11
154.4741520000000037
21
-71.143903999999992
0
LINE
8
BLACK
6
CONTINUOUS
10
154.4741520000000037
20
-71.143903999999992
11
154.3789139999999804
21
-71.1915230000000037
0
LINE
8
BLACK
6
CONTINUOUS
10
154.3789139999999804
20
-71.1915230000000037
11
154.331294999999983
21
-71.1915230000000037
0
LINE
8
BLACK
6
CONTINUOUS
10
154.331294999999983
20
-71.1915230000000037
11
154.2360569999999882
21
-71.143903999999992
0
LINE
8
BLACK
6
CONTINUOUS
10
154.2360569999999882
20
-71.143903999999992
11
154.1884379999999908
21
-71.0962849999999946
0
LINE
8
BLACK
6
CONTINUOUS
10
154.1884379999999908
20
-71.0962849999999946
11
154.1408189999999934
21
-71.0010469999999998
0
LINE
8
BLACK
6
CONTINUOUS
10
154.1408189999999934
20
-71.0010469999999998
11
154.1408189999999934
21
-70.8105709999999959
0
LINE
8
BLACK
6
CONTINUOUS
10
154.1408189999999934
20
-70.8105709999999959
11
154.1884379999999908
21
-70.7153330000000011
0
LINE
8
BLACK
6
CONTINUOUS
10
154.1884379999999908
20
-70.7153330000000011
11
154.2360569999999882
21
-70.6677140000000037
0
LINE
8
BLACK
6
CONTINUOUS
10
154.2360569999999882
20
-70.6677140000000037
11
154.331294999999983
21
-70.6200949999999921
0
LINE
8
BLACK
6
CONTINUOUS
10
154.331294999999983
20
-70.6200949999999921
11
154.3789139999999804
21
-70.6200949999999921
0
LINE
8
BLACK
6
CONTINUOUS
10
154.3789139999999804
20
-70.6200949999999921
11
154.4741520000000037
21
-70.6677140000000037
0
LINE
8
BLACK
6
CONTINUOUS
10
154.4741520000000037
20
-70.6677140000000037
11
154.5217710000000011
21
-70.7153330000000011
0
LINE
8
BLACK
6
CONTINUOUS
10
154.5217710000000011
20
-70.7153330000000011
11
154.5693899999999985
21
-70.8105709999999959
0
LINE
8
BLACK
6
CONTINUOUS
10
154.5693899999999985
20
-70.8105709999999959
11
154.5693899999999985
21
-71.0010469999999998
0
LINE
8
BLACK
6
CONTINUOUS
10
154.5693899999999985
20
-71.0010469999999998
11
154.6170089999999959
21
-71.0962849999999946
0
LINE
8
BLACK
6
CONTINUOUS
10
154.6170089999999959
20
-71.0962849999999946
11
154.6646279999999933
21
-71.143903999999992
0
LINE
8
BLACK
6
CONTINUOUS
10
154.6646279999999933
20
-71.143903999999992
11
154.7598659999999882
21
-71.1915230000000037
0
LINE
8
BLACK
6
CONTINUOUS
10
154.7598659999999882
20
-71.1915230000000037
11
154.9503420000000062
21
-71.1915230000000037
0
LINE
8
BLACK
6
CONTINUOUS
10
154.9503420000000062
20
-71.1915230000000037
11
155.0455800000000011
21
-71.143903999999992
0
LINE
8
BLACK
6
CONTINUOUS
10
155.0455800000000011
20
-71.143903999999992
11
155.093199999999996
21
-71.0962849999999946
0
LINE
8
BLACK
6
CONTINUOUS
10
155.093199999999996
20
-71.0962849999999946
11
155.1408189999999934
21
-71.0010469999999998
0
LINE
8
BLACK
6
CONTINUOUS
10
155.1408189999999934
20
-71.0010469999999998
11
155.1408189999999934
21
-70.8105709999999959
0
LINE
8
BLACK
6
CONTINUOUS
10
155.1408189999999934
20
-70.8105709999999959
11
155.093199999999996
21
-70.7153330000000011
0
LINE
8
BLACK
6
CONTINUOUS
10
155.093199999999996
20
-70.7153330000000011
11
155.0455800000000011
21
-70.6677140000000037
0
LINE
8
BLACK
6
CONTINUOUS
10
155.0455800000000011
20
-70.6677140000000037
11
154.9503420000000062
21
-70.6200949999999921
0
LINE
8
BLACK
6
CONTINUOUS
10
154.9503420000000062
20
-70.6200949999999921
11
154.7598659999999882
21
-70.6200949999999921
0
LINE
8
BLACK
6
CONTINUOUS
10
154.7598659999999882
20
-70.6200949999999921
11
154.6646279999999933
21
-70.6677140000000037
0
LINE
8
BLACK
6
CONTINUOUS
10
154.6646279999999933
20
-70.6677140000000037
11
154.6170089999999959
21
-70.7153330000000011
0
LINE
8
BLACK
6
CONTINUOUS
10
154.6170089999999959
20
-70.7153330000000011
11
154.5693899999999985
21
-70.8105709999999959
0
LINE
8
BLACK
6
CONTINUOUS
10
151.616579999999999
20
-103.5128569999999968
11
151.6641999999999939
21
-103.5604759999999942
0
LINE
8
BLACK
6
CONTINUOUS
10
151.6641999999999939
20
-103.5604759999999942
11
151.7118189999999913
21
-103.7033330000000007
0
LINE
8
BLACK
6
CONTINUOUS
10
151.7118189999999913
20
-103.7033330000000007
11
151.7118189999999913
21
-103.7985709999999955
0
LINE
8
BLACK
6
CONTINUOUS
10
151.7118189999999913
20
-103.7985709999999955
11
151.6641999999999939
21
-103.9414280000000019
0
LINE
8
BLACK
6
CONTINUOUS
10
151.6641999999999939
20
-103.9414280000000019
11
151.5689610000000016
21
-104.0366659999999968
0
LINE
8
BLACK
6
CONTINUOUS
10
151.5689610000000016
20
-104.0366659999999968
11
151.4737230000000068
21
-104.0842849999999942
0
LINE
8
BLACK
6
CONTINUOUS
10
151.4737230000000068
20
-104.0842849999999942
11
151.2832469999999887
21
-104.1319039999999916
0
LINE
8
BLACK
6
CONTINUOUS
10
151.2832469999999887
20
-104.1319039999999916
11
151.1403899999999965
21
-104.1319039999999916
0
LINE
8
BLACK
6
CONTINUOUS
10
151.1403899999999965
20
-104.1319039999999916
11
150.9499140000000068
21
-104.0842849999999942
0
LINE
8
BLACK
6
CONTINUOUS
10
150.9499140000000068
20
-104.0842849999999942
11
150.8546759999999836
21
-104.0366659999999968
0
LINE
8
BLACK
6
CONTINUOUS
10
150.8546759999999836
20
-104.0366659999999968
11
150.7594379999999887
21
-103.9414280000000019
0
LINE
8
BLACK
6
CONTINUOUS
10
150.7594379999999887
20
-103.9414280000000019
11
150.7118189999999913
21
-103.7985709999999955
0
LINE
8
BLACK
6
CONTINUOUS
10
150.7118189999999913
20
-103.7985709999999955
11
150.7118189999999913
21
-103.7033330000000007
0
LINE
8
BLACK
6
CONTINUOUS
10
150.7118189999999913
20
-103.7033330000000007
11
150.7594379999999887
21
-103.5604759999999942
0
LINE
8
BLACK
6
CONTINUOUS
10
150.7594379999999887
20
-103.5604759999999942
11
150.8070569999999861
21
-103.5128569999999968
0
LINE
8
BLACK
6
CONTINUOUS
10
150.7118189999999913
20
-103.179522999999989
11
150.7118189999999913
21
-102.5604759999999942
0
LINE
8
BLACK
6
CONTINUOUS
10
150.7118189999999913
20
-102.5604759999999942
11
151.092770999999999
21
-102.8938089999999903
0
LINE
8
BLACK
6
CONTINUOUS
10
151.092770999999999
20
-102.8938089999999903
11
151.092770999999999
21
-102.7509519999999981
0
LINE
8
BLACK
6
CONTINUOUS
10
151.092770999999999
20
-102.7509519999999981
11
151.1403899999999965
21
-102.655713999999989
0
LINE
8
BLACK
6
CONTINUOUS
10
151.1403899999999965
20
-102.655713999999989
11
151.1880089999999939
21
-102.6080949999999916
0
LINE
8
BLACK
6
CONTINUOUS
10
151.1880089999999939
20
-102.6080949999999916
11
151.2832469999999887
21
-102.5604759999999942
0
LINE
8
BLACK
6
CONTINUOUS
10
151.2832469999999887
20
-102.5604759999999942
11
151.5213420000000042
21
-102.5604759999999942
0
LINE
8
BLACK
6
CONTINUOUS
10
151.5213420000000042
20
-102.5604759999999942
11
151.616579999999999
21
-102.6080949999999916
0
LINE
8
BLACK
6
CONTINUOUS
10
151.616579999999999
20
-102.6080949999999916
11
151.6641999999999939
21
-102.655713999999989
0
LINE
8
BLACK
6
CONTINUOUS
10
151.6641999999999939
20
-102.655713999999989
11
151.7118189999999913
21
-102.7509519999999981
0
LINE
8
BLACK
6
CONTINUOUS
10
151.7118189999999913
20
-102.7509519999999981
11
151.7118189999999913
21
-103.0366659999999968
0
LINE
8
BLACK
6
CONTINUOUS
10
151.7118189999999913
20
-103.0366659999999968
11
151.6641999999999939
21
-103.1319039999999916
0
LINE
8
BLACK
6
CONTINUOUS
10
151.6641999999999939
20
-103.1319039999999916
11
151.616579999999999
21
-103.179522999999989
0
LINE
8
BLACK
6
CONTINUOUS
10
150.7118189999999913
20
-101.9414280000000019
11
150.7118189999999913
21
-101.8461899999999929
0
LINE
8
BLACK
6
CONTINUOUS
10
150.7118189999999913
20
-101.8461899999999929
11
150.7594379999999887
21
-101.7509519999999981
0
LINE
8
BLACK
6
CONTINUOUS
10
150.7594379999999887
20
-101.7509519999999981
11
150.8070569999999861
21
-101.7033330000000007
0
LINE
8
BLACK
6
CONTINUOUS
10
150.8070569999999861
20
-101.7033330000000007
11
150.902294999999981
21
-101.655713999999989
0
LINE
8
BLACK
6
CONTINUOUS
10
150.902294999999981
20
-101.655713999999989
11
151.092770999999999
21
-101.6080949999999916
0
LINE
8
BLACK
6
CONTINUOUS
10
151.092770999999999
20
-101.6080949999999916
11
151.3308659999999861
21
-101.6080949999999916
0
LINE
8
BLACK
6
CONTINUOUS
10
151.3308659999999861
20
-101.6080949999999916
11
151.5213420000000042
21
-101.655713999999989
0
LINE
8
BLACK
6
CONTINUOUS
10
151.5213420000000042
20
-101.655713999999989
11
151.616579999999999
21
-101.7033330000000007
0
LINE
8
BLACK
6
CONTINUOUS
10
151.616579999999999
20
-101.7033330000000007
11
151.6641999999999939
21
-101.7509519999999981
0
LINE
8
BLACK
6
CONTINUOUS
10
151.6641999999999939
20
-101.7509519999999981
11
151.7118189999999913
21
-101.8461899999999929
0
LINE
8
BLACK
6
CONTINUOUS
10
151.7118189999999913
20
-101.8461899999999929
11
151.7118189999999913
21
-101.9414280000000019
0
LINE
8
BLACK
6
CONTINUOUS
10
151.7118189999999913
20
-101.9414280000000019
11
151.6641999999999939
21
-102.0366659999999968
0
LINE
8
BLACK
6
CONTINUOUS
10
151.6641999999999939
20
-102.0366659999999968
11
151.616579999999999
21
-102.0842849999999942
0
LINE
8
BLACK
6
CONTINUOUS
10
151.616579999999999
20
-102.0842849999999942
11
151.5213420000000042
21
-102.1319039999999916
0
LINE
8
BLACK
6
CONTINUOUS
10
151.5213420000000042
20
-102.1319039999999916
11
151.3308659999999861
21
-102.179522999999989
0
LINE
8
BLACK
6
CONTINUOUS
10
151.3308659999999861
20
-102.179522999999989
11
151.092770999999999
21
-102.179522999999989
0
LINE
8
BLACK
6
CONTINUOUS
10
151.092770999999999
20
-102.179522999999989
11
150.902294999999981
21
-102.1319039999999916
0
LINE
8
BLACK
6
CONTINUOUS
10
150.902294999999981
20
-102.1319039999999916
11
150.8070569999999861
21
-102.0842849999999942
0
LINE
8
BLACK
6
CONTINUOUS
10
150.8070569999999861
20
-102.0842849999999942
11
150.7594379999999887
21
-102.0366659999999968
0
LINE
8
BLACK
6
CONTINUOUS
10
150.7594379999999887
20
-102.0366659999999968
11
150.7118189999999913
21
-101.9414280000000019
0
LINE
8
BLACK
6
CONTINUOUS
10
133.6710799999999892
20
-107.0688569999999942
11
133.7186999999999841
21
-107.1164759999999916
0
LINE
8
BLACK
6
CONTINUOUS
10
133.7186999999999841
20
-107.1164759999999916
11
133.7663189999999815
21
-107.259332999999998
0
LINE
8
BLACK
6
CONTINUOUS
10
133.7663189999999815
20
-107.259332999999998
11
133.7663189999999815
21
-107.3545709999999929
0
LINE
8
BLACK
6
CONTINUOUS
10
133.7663189999999815
20
-107.3545709999999929
11
133.7186999999999841
21
-107.4974279999999993
0
LINE
8
BLACK
6
CONTINUOUS
10
133.7186999999999841
20
-107.4974279999999993
11
133.6234609999999918
21
-107.5926659999999941
0
LINE
8
BLACK
6
CONTINUOUS
10
133.6234609999999918
20
-107.5926659999999941
11
133.528222999999997
21
-107.6402849999999916
0
LINE
8
BLACK
6
CONTINUOUS
10
133.528222999999997
20
-107.6402849999999916
11
133.3377470000000073
21
-107.687903999999989
0
LINE
8
BLACK
6
CONTINUOUS
10
133.3377470000000073
20
-107.687903999999989
11
133.1948899999999867
21
-107.687903999999989
0
LINE
8
BLACK
6
CONTINUOUS
10
133.1948899999999867
20
-107.687903999999989
11
133.004413999999997
21
-107.6402849999999916
0
LINE
8
BLACK
6
CONTINUOUS
10
133.004413999999997
20
-107.6402849999999916
11
132.9091760000000022
21
-107.5926659999999941
0
LINE
8
BLACK
6
CONTINUOUS
10
132.9091760000000022
20
-107.5926659999999941
11
132.8139380000000074
21
-107.4974279999999993
0
LINE
8
BLACK
6
CONTINUOUS
10
132.8139380000000074
20
-107.4974279999999993
11
132.7663189999999815
21
-107.3545709999999929
0
LINE
8
BLACK
6
CONTINUOUS
10
132.7663189999999815
20
-107.3545709999999929
11
132.7663189999999815
21
-107.259332999999998
0
LINE
8
BLACK
6
CONTINUOUS
10
132.7663189999999815
20
-107.259332999999998
11
132.8139380000000074
21
-107.1164759999999916
0
LINE
8
BLACK
6
CONTINUOUS
10
132.8139380000000074
20
-107.1164759999999916
11
132.8615570000000048
21
-107.0688569999999942
0
LINE
8
BLACK
6
CONTINUOUS
10
133.7663189999999815
20
-106.1164759999999916
11
133.7663189999999815
21
-106.687903999999989
0
LINE
8
BLACK
6
CONTINUOUS
10
133.7663189999999815
20
-106.4021899999999903
11
132.7663189999999815
21
-106.4021899999999903
0
LINE
8
BLACK
6
CONTINUOUS
10
132.7663189999999815
20
-106.4021899999999903
11
132.9091760000000022
21
-106.4974279999999993
0
LINE
8
BLACK
6
CONTINUOUS
10
132.9091760000000022
20
-106.4974279999999993
11
133.004413999999997
21
-106.5926659999999941
0
LINE
8
BLACK
6
CONTINUOUS
10
133.004413999999997
20
-106.5926659999999941
11
133.0520329999999944
21
-106.687903999999989
0
LINE
8
BLACK
6
CONTINUOUS
10
133.7663189999999815
20
-105.164094999999989
11
133.7663189999999815
21
-105.7355230000000006
0
LINE
8
BLACK
6
CONTINUOUS
10
133.7663189999999815
20
-105.4498090000000019
11
132.7663189999999815
21
-105.4498090000000019
0
LINE
8
BLACK
6
CONTINUOUS
10
132.7663189999999815
20
-105.4498090000000019
11
132.9091760000000022
21
-105.5450469999999967
0
LINE
8
BLACK
6
CONTINUOUS
10
132.9091760000000022
20
-105.5450469999999967
11
133.004413999999997
21
-105.6402849999999916
0
LINE
8
BLACK
6
CONTINUOUS
10
133.004413999999997
20
-105.6402849999999916
11
133.0520329999999944
21
-105.7355230000000006
0
LINE
8
BLACK
6
CONTINUOUS
10
135.940747999999985
20
-108.6219999999999999
11
137.3632519999999886
21
-108.6219999999999999
0
LINE
8
BLACK
6
CONTINUOUS
10
135.940747999999985
20
-111.3419999999999987
11
137.3632519999999886
21
-111.3419999999999987
0
LINE
8
BLACK
6
CONTINUOUS
10
124.477499999999992
20
-78.4952759999999898
11
124.477499999999992
21
-79.004723999999996
0
LINE
8
BLACK
6
CONTINUOUS
10
125.5224999999999937
20
-78.4952759999999898
11
125.5224999999999937
21
-79.004723999999996
0
LINE
8
BLACK
6
CONTINUOUS
10
141.5287480000000073
20
-90.8419999999999987
11
142.9512519999999824
21
-90.8419999999999987
0
LINE
8
BLACK
6
CONTINUOUS
10
141.5287480000000073
20
-93.5619999999999976
11
142.9512519999999824
21
-93.5619999999999976
0
LINE
8
BLACK
6
CONTINUOUS
10
163.8569999999999993
20
-120.8039359999999931
11
163.8569999999999993
21
-121.2580639999999903
0
LINE
8
BLACK
6
CONTINUOUS
10
165.3269999999999982
20
-120.8039359999999931
11
165.3269999999999982
21
-121.2580639999999903
0
LINE
8
BLACK
6
CONTINUOUS
10
136.8774999999999977
20
-60.8547239999999974
11
136.8774999999999977
21
-60.3452759999999984
0
LINE
8
BLACK
6
CONTINUOUS
10
137.9224999999999852
20
-60.8547239999999974
11
137.9224999999999852
21
-60.3452759999999984
0
LINE
8
BLACK
6
CONTINUOUS
10
142.9127519999999834
20
-101.5099999999999909
11
141.4902479999999798
21
-101.5099999999999909
0
LINE
8
BLACK
6
CONTINUOUS
10
142.9127519999999834
20
-104.2299999999999898
11
141.4902479999999798
21
-104.2299999999999898
0
LINE
8
BLACK
6
CONTINUOUS
10
173.9754999999999825
20
-85.8527239999999949
11
173.9754999999999825
21
-85.343276000000003
0
LINE
8
BLACK
6
CONTINUOUS
10
175.0204999999999984
20
-85.8527239999999949
11
175.0204999999999984
21
-85.343276000000003
0
LINE
8
BLACK
6
CONTINUOUS
10
147.3322479999999928
20
-112.1779999999999973
11
148.7547519999999963
21
-112.1779999999999973
0
LINE
8
BLACK
6
CONTINUOUS
10
147.3322479999999928
20
-114.8979999999999961
11
148.7547519999999963
21
-114.8979999999999961
0
LINE
8
BLACK
6
CONTINUOUS
10
148.7932519999999954
20
-90.8419999999999987
11
147.3707479999999919
21
-90.8419999999999987
0
LINE
8
BLACK
6
CONTINUOUS
10
148.7932519999999954
20
-93.5619999999999976
11
147.3707479999999919
21
-93.5619999999999976
0
LINE
8
BLACK
6
CONTINUOUS
10
135.463499999999982
20
-74.5459999999999923
11
136.1384999999999934
21
-74.5459999999999923
0
LINE
8
BLACK
6
CONTINUOUS
10
136.1384999999999934
20
-64.6460000000000008
11
135.463499999999982
21
-64.6460000000000008
0
LINE
8
BLACK
6
CONTINUOUS
10
136.1384999999999934
20
-74.5459999999999923
11
136.1384999999999934
21
-64.6460000000000008
0
LINE
8
BLACK
6
CONTINUOUS
10
140.1634999999999991
20
-73.7959999999999923
11
140.2634999999999934
21
-73.7959999999999923
0
ARC
8
BLACK
10
140.213499999999982
20
-73.7959999999999923
40
0.05
50
0.00000000
51
180.00000000
0
ARC
8
BLACK
10
140.213499999999982
20
-73.7959999999999923
40
0.05
50
-180.00000000
51
-0.00000000
0
LINE
8
BLACK
6
CONTINUOUS
10
143.6159999999999854
20
-76.6572519999999997
11
143.6159999999999854
21
-75.2347479999999962
0
LINE
8
BLACK
6
CONTINUOUS
10
145.436000000000007
20
-76.6572519999999997
11
145.436000000000007
21
-75.2347479999999962
0
LINE
8
BLACK
6
CONTINUOUS
10
147.3322479999999928
20
-108.6219999999999999
11
148.7547519999999963
21
-108.6219999999999999
0
LINE
8
BLACK
6
CONTINUOUS
10
147.3322479999999928
20
-111.3419999999999987
11
148.7547519999999963
21
-111.3419999999999987
0
LINE
8
BLACK
6
CONTINUOUS
10
148.7932519999999954
20
-97.9539999999999935
11
147.3707479999999919
21
-97.9539999999999935
0
LINE
8
BLACK
6
CONTINUOUS
10
148.7932519999999954
20
-100.6739999999999924
11
147.3707479999999919
21
-100.6739999999999924
0
LINE
8
BLACK
6
CONTINUOUS
10
156.3160000000000025
20
-76.6572519999999997
11
156.3160000000000025
21
-75.2347479999999962
0
LINE
8
BLACK
6
CONTINUOUS
10
158.1359999999999957
20
-76.6572519999999997
11
158.1359999999999957
21
-75.2347479999999962
0
LINE
8
BLACK
6
CONTINUOUS
10
127.7612759999999952
20
-75.42349999999999
11
128.2707240000000013
21
-75.42349999999999
0
LINE
8
BLACK
6
CONTINUOUS
10
127.7612759999999952
20
-76.4684999999999917
11
128.2707240000000013
21
-76.4684999999999917
0
LINE
8
BLACK
6
CONTINUOUS
10
152.0372399999999971
20
-104.6859999999999928
11
152.0372399999999971
21
-105.36099999999999
0
LINE
8
BLACK
6
CONTINUOUS
10
161.1872400000000027
20
-100.6610000000000014
11
161.1872400000000027
21
-100.5609999999999928
0
LINE
8
BLACK
6
CONTINUOUS
10
161.9372400000000027
20
-104.6859999999999928
11
152.0372399999999971
21
-104.6859999999999928
0
LINE
8
BLACK
6
CONTINUOUS
10
161.9372400000000027
20
-105.36099999999999
11
161.9372400000000027
21
-104.6859999999999928
0
ARC
8
BLACK
10
161.1872400000000027
20
-100.61099999999999
40
0.05
50
-90.00000000
51
90.00000000
0
ARC
8
BLACK
10
161.1872400000000027
20
-100.61099999999999
40
0.05
50
-270.00000000
51
-90.00000000
0
LINE
8
BLACK
6
CONTINUOUS
10
142.9127519999999834
20
-112.1779999999999973
11
141.4902479999999798
21
-112.1779999999999973
0
LINE
8
BLACK
6
CONTINUOUS
10
142.9127519999999834
20
-114.8979999999999961
11
141.4902479999999798
21
-114.8979999999999961
0
LINE
8
BLACK
6
CONTINUOUS
10
157.4989999999999952
20
-90.2259999999999991
11
157.7839999999999918
21
-90.2259999999999991
0
LINE
8
BLACK
6
CONTINUOUS
10
157.4989999999999952
20
-92.1460000000000008
11
157.4989999999999952
21
-90.2259999999999991
0
LINE
8
BLACK
6
CONTINUOUS
10
157.4989999999999952
20
-92.1460000000000008
11
159.054000000000002
21
-92.1460000000000008
0
LINE
8
BLACK
6
CONTINUOUS
10
157.7839999999999918
20
-90.2259999999999991
11
157.7839999999999918
21
-88.9959999999999951
0
LINE
8
BLACK
6
CONTINUOUS
10
158.9539999999999793
20
-90.2259999999999991
11
160.3239999999999839
21
-90.2259999999999991
0
LINE
8
BLACK
6
CONTINUOUS
10
160.2239999999999895
20
-92.1460000000000008
11
161.5939999999999941
21
-92.1460000000000008
0
LINE
8
BLACK
6
CONTINUOUS
10
161.4939999999999998
20
-90.2259999999999991
11
162.8640000000000043
21
-90.2259999999999991
0
LINE
8
BLACK
6
CONTINUOUS
10
162.7639999999999816
20
-92.1460000000000008
11
164.1339999999999861
21
-92.1460000000000008
0
LINE
8
BLACK
6
CONTINUOUS
10
164.0339999999999918
20
-90.2259999999999991
11
165.4039999999999964
21
-90.2259999999999991
0
LINE
8
BLACK
6
CONTINUOUS
10
165.304000000000002
20
-92.1460000000000008
11
166.6740000000000066
21
-92.1460000000000008
0
LINE
8
BLACK
6
CONTINUOUS
10
166.5739999999999839
20
-90.2259999999999991
11
167.9439999999999884
21
-90.2259999999999991
0
LINE
8
BLACK
6
CONTINUOUS
10
167.8439999999999941
20
-92.1460000000000008
11
169.2139999999999986
21
-92.1460000000000008
0
LINE
8
BLACK
6
CONTINUOUS
10
169.1140000000000043
20
-90.2259999999999991
11
170.6689999999999827
21
-90.2259999999999991
0
LINE
8
BLACK
6
CONTINUOUS
10
170.3839999999999861
20
-92.1460000000000008
11
170.6689999999999827
21
-92.1460000000000008
0
LINE
8
BLACK
6
CONTINUOUS
10
170.6689999999999827
20
-92.1460000000000008
11
170.6689999999999827
21
-90.2259999999999991
0
LINE
8
BLACK
6
CONTINUOUS
10
126.028499999999994
20
-77.8419999999999987
11
125.9284999999999997
21
-77.8419999999999987
0
LINE
8
BLACK
6
CONTINUOUS
10
130.0534999999999854
20
-77.0919999999999987
11
130.0534999999999854
21
-86.9919999999999902
0
LINE
8
BLACK
6
CONTINUOUS
10
130.0534999999999854
20
-86.9919999999999902
11
130.7284999999999968
21
-86.9919999999999902
0
LINE
8
BLACK
6
CONTINUOUS
10
130.7284999999999968
20
-77.0919999999999987
11
130.0534999999999854
21
-77.0919999999999987
0
ARC
8
BLACK
10
125.9784999999999968
20
-77.8419999999999987
40
0.05
50
0.00000000
51
180.00000000
0
ARC
8
BLACK
10
125.9784999999999968
20
-77.8419999999999987
40
0.05
50
-180.00000000
51
-0.00000000
0
LINE
8
BLACK
6
CONTINUOUS
10
141.5287480000000073
20
-94.3979999999999961
11
142.9512519999999824
21
-94.3979999999999961
0
LINE
8
BLACK
6
CONTINUOUS
10
141.5287480000000073
20
-97.117999999999995
11
142.9512519999999824
21
-97.117999999999995
0
LINE
8
BLACK
6
CONTINUOUS
10
141.0759999999999934
20
-76.6572519999999997
11
141.0759999999999934
21
-75.2347479999999962
0
LINE
8
BLACK
6
CONTINUOUS
10
142.8959999999999866
20
-76.6572519999999997
11
142.8959999999999866
21
-75.2347479999999962
0
LINE
8
BLACK
6
CONTINUOUS
10
149.0834999999999866
20
-52.3247239999999962
11
149.0834999999999866
21
-51.8152759999999972
0
LINE
8
BLACK
6
CONTINUOUS
10
150.1285000000000025
20
-52.3247239999999962
11
150.1285000000000025
21
-51.8152759999999972
0
LINE
8
BLACK
6
CONTINUOUS
10
137.3632519999999886
20
-94.3979999999999961
11
135.940747999999985
21
-94.3979999999999961
0
LINE
8
BLACK
6
CONTINUOUS
10
137.3632519999999886
20
-97.117999999999995
11
135.940747999999985
21
-97.117999999999995
0
LINE
8
BLACK
6
CONTINUOUS
10
158.1772399999999834
20
-117.2182499999999976
11
159.5412399999999877
21
-117.2182499999999976
0
LINE
8
BLACK
6
CONTINUOUS
10
158.1772399999999834
20
-124.9582499999999925
11
158.1772399999999834
21
-117.2182499999999976
0
LINE
8
BLACK
6
CONTINUOUS
10
158.1772399999999834
20
-124.9582499999999925
11
159.5412399999999877
21
-124.9582499999999925
0
LINE
8
BLACK
6
CONTINUOUS
10
162.0532399999999882
20
-117.2182499999999976
11
163.4172399999999925
21
-117.2182499999999976
0
LINE
8
BLACK
6
CONTINUOUS
10
162.0532399999999882
20
-124.9582499999999925
11
163.4172399999999925
21
-124.9582499999999925
0
LINE
8
BLACK
6
CONTINUOUS
10
163.4172399999999925
20
-124.9582499999999925
11
163.4172399999999925
21
-117.2182499999999976
0
LINE
8
BLACK
6
CONTINUOUS
10
150.3172519999999963
20
-63.6059999999999945
11
148.8947479999999928
21
-63.6059999999999945
0
LINE
8
BLACK
6
CONTINUOUS
10
150.3172519999999963
20
-65.4260000000000019
11
148.8947479999999928
21
-65.4260000000000019
0
LINE
8
BLACK
6
CONTINUOUS
10
135.902247999999986
20
-112.1779999999999973
11
137.3247519999999895
21
-112.1779999999999973
0
LINE
8
BLACK
6
CONTINUOUS
10
135.902247999999986
20
-114.8979999999999961
11
137.3247519999999895
21
-114.8979999999999961
0
LINE
8
BLACK
6
CONTINUOUS
10
133.3769999999999811
20
-121.2580639999999903
11
133.3769999999999811
21
-120.8039359999999931
0
LINE
8
BLACK
6
CONTINUOUS
10
134.84699999999998
20
-121.2580639999999903
11
134.84699999999998
21
-120.8039359999999931
0
LINE
8
BLACK
6
CONTINUOUS
10
142.9127519999999834
20
-105.0659999999999883
11
141.4902479999999798
21
-105.0659999999999883
0
LINE
8
BLACK
6
CONTINUOUS
10
142.9127519999999834
20
-107.7860000000000014
11
141.4902479999999798
21
-107.7860000000000014
0
LINE
8
BLACK
6
CONTINUOUS
10
162.4184999999999945
20
-50.8007239999999953
11
162.4184999999999945
21
-50.2912759999999963
0
LINE
8
BLACK
6
CONTINUOUS
10
163.463499999999982
20
-50.8007239999999953
11
163.463499999999982
21
-50.2912759999999963
0
LINE
8
BLACK
6
CONTINUOUS
10
177.9359999999999786
20
-65.5510000000000019
11
177.9359999999999786
21
-67.1059999999999945
0
LINE
8
BLACK
6
CONTINUOUS
10
177.9359999999999786
20
-65.5510000000000019
11
179.8559999999999945
21
-65.5510000000000019
0
LINE
8
BLACK
6
CONTINUOUS
10
177.9359999999999786
20
-68.2759999999999962
11
177.9359999999999786
21
-69.6460000000000008
0
LINE
8
BLACK
6
CONTINUOUS
10
177.9359999999999786
20
-70.8160000000000025
11
177.9359999999999786
21
-72.1859999999999928
0
LINE
8
BLACK
6
CONTINUOUS
10
177.9359999999999786
20
-73.3559999999999945
11
177.9359999999999786
21
-74.7259999999999991
0
LINE
8
BLACK
6
CONTINUOUS
10
177.9359999999999786
20
-75.8960000000000008
11
177.9359999999999786
21
-77.2659999999999911
0
LINE
8
BLACK
6
CONTINUOUS
10
177.9359999999999786
20
-78.4359999999999928
11
177.9359999999999786
21
-78.7209999999999894
0
LINE
8
BLACK
6
CONTINUOUS
10
177.9359999999999786
20
-78.7209999999999894
11
179.8559999999999945
21
-78.7209999999999894
0
LINE
8
BLACK
6
CONTINUOUS
10
179.8559999999999945
20
-65.5510000000000019
11
179.8559999999999945
21
-65.8359999999999985
0
LINE
8
BLACK
6
CONTINUOUS
10
179.8559999999999945
20
-65.8359999999999985
11
181.0859999999999843
21
-65.8359999999999985
0
LINE
8
BLACK
6
CONTINUOUS
10
179.8559999999999945
20
-67.0060000000000002
11
179.8559999999999945
21
-68.3759999999999906
0
LINE
8
BLACK
6
CONTINUOUS
10
179.8559999999999945
20
-69.5459999999999923
11
179.8559999999999945
21
-70.9159999999999968
0
LINE
8
BLACK
6
CONTINUOUS
10
179.8559999999999945
20
-72.0859999999999985
11
179.8559999999999945
21
-73.4560000000000031
0
LINE
8
BLACK
6
CONTINUOUS
10
179.8559999999999945
20
-74.6259999999999906
11
179.8559999999999945
21
-75.9959999999999951
0
LINE
8
BLACK
6
CONTINUOUS
10
179.8559999999999945
20
-77.1659999999999968
11
179.8559999999999945
21
-78.7209999999999894
0
LINE
8
BLACK
6
CONTINUOUS
10
146.9209359999999833
20
-83.887999999999991
11
151.2750639999999862
21
-83.887999999999991
0
LINE
8
BLACK
6
CONTINUOUS
10
146.9209359999999833
20
-87.3079999999999927
11
151.2750639999999862
21
-87.3079999999999927
0
LINE
8
BLACK
6
CONTINUOUS
10
137.3117519999999843
20
-97.9154999999999944
11
135.8892479999999807
21
-97.9154999999999944
0
LINE
8
BLACK
6
CONTINUOUS
10
137.3117519999999843
20
-100.6354999999999933
11
135.8892479999999807
21
-100.6354999999999933
0
LINE
8
BLACK
6
CONTINUOUS
10
138.4547239999999988
20
-74.977499999999992
11
137.9452760000000069
21
-74.977499999999992
0
LINE
8
BLACK
6
CONTINUOUS
10
138.4547239999999988
20
-76.0224999999999937
11
137.9452760000000069
21
-76.0224999999999937
0
LINE
8
BLACK
6
CONTINUOUS
10
138.3059999999999832
20
-58.0249999999999986
11
138.3059999999999832
21
-58.6999999999999957
0
LINE
8
BLACK
6
CONTINUOUS
10
138.3059999999999832
20
-58.6999999999999957
11
148.2059999999999889
21
-58.6999999999999957
0
LINE
8
BLACK
6
CONTINUOUS
10
139.0559999999999832
20
-62.7249999999999943
11
139.0559999999999832
21
-62.8249999999999957
0
LINE
8
BLACK
6
CONTINUOUS
10
148.2059999999999889
20
-58.6999999999999957
11
148.2059999999999889
21
-58.0249999999999986
0
ARC
8
BLACK
10
139.0559999999999832
20
-62.7749999999999986
40
0.05
50
-90.00000000
51
90.00000000
0
ARC
8
BLACK
10
139.0559999999999832
20
-62.7749999999999986
40
0.05
50
-270.00000000
51
-90.00000000
0
LINE
8
BLACK
6
CONTINUOUS
10
160.9082760000000007
20
-63.3584999999999994
11
161.4177239999999927
21
-63.3584999999999994
0
LINE
8
BLACK
6
CONTINUOUS
10
160.9082760000000007
20
-64.403499999999994
11
161.4177239999999927
21
-64.403499999999994
0
LINE
8
BLACK
6
CONTINUOUS
10
141.5287480000000073
20
-97.9539999999999935
11
142.9512519999999824
21
-97.9539999999999935
0
LINE
8
BLACK
6
CONTINUOUS
10
141.5287480000000073
20
-100.6739999999999924
11
142.9512519999999824
21
-100.6739999999999924
0
LINE
8
BLACK
6
CONTINUOUS
10
150.3172519999999963
20
-66.1460000000000008
11
148.8947479999999928
21
-66.1460000000000008
0
LINE
8
BLACK
6
CONTINUOUS
10
150.3172519999999963
20
-67.965999999999994
11
148.8947479999999928
21
-67.965999999999994
0
LINE
8
BLACK
6
CONTINUOUS
10
148.7932519999999954
20
-94.3979999999999961
11
147.3707479999999919
21
-94.3979999999999961
0
LINE
8
BLACK
6
CONTINUOUS
10
148.7932519999999954
20
-97.117999999999995
11
147.3707479999999919
21
-97.117999999999995
0
LINE
8
BLACK
6
CONTINUOUS
10
159.0809999999999889
20
-65.4879999999999995
11
158.9809999999999945
21
-65.4879999999999995
0
LINE
8
BLACK
6
CONTINUOUS
10
163.1059999999999945
20
-64.7379999999999995
11
163.1059999999999945
21
-74.637999999999991
0
LINE
8
BLACK
6
CONTINUOUS
10
163.1059999999999945
20
-74.637999999999991
11
163.7810000000000059
21
-74.637999999999991
0
LINE
8
BLACK
6
CONTINUOUS
10
163.7810000000000059
20
-64.7379999999999995
11
163.1059999999999945
21
-64.7379999999999995
0
ARC
8
BLACK
10
159.0310000000000059
20
-65.4879999999999995
40
0.05
50
0.00000000
51
180.00000000
0
ARC
8
BLACK
10
159.0310000000000059
20
-65.4879999999999995
40
0.05
50
-180.00000000
51
-0.00000000
0
LINE
8
BLACK
6
CONTINUOUS
10
163.6072399999999902
20
-104.5869999999999891
11
163.6072399999999902
21
-100.5769999999999982
0
LINE
8
BLACK
6
CONTINUOUS
10
163.6072399999999902
20
-104.5869999999999891
11
165.6072399999999902
21
-104.5869999999999891
0
LINE
8
BLACK
6
CONTINUOUS
10
165.6072399999999902
20
-104.5869999999999891
11
165.6072399999999902
21
-100.5769999999999982
0
LINE
8
BLACK
6
CONTINUOUS
10
147.3322479999999928
20
-105.0659999999999883
11
148.7547519999999963
21
-105.0659999999999883
0
LINE
8
BLACK
6
CONTINUOUS
10
147.3322479999999928
20
-107.7860000000000014
11
148.7547519999999963
21
-107.7860000000000014
0
LINE
8
BLACK
6
CONTINUOUS
10
171.4507239999999797
20
-75.42349999999999
11
170.9412759999999878
21
-75.42349999999999
0
LINE
8
BLACK
6
CONTINUOUS
10
171.4507239999999797
20
-76.4684999999999917
11
170.9412759999999878
21
-76.4684999999999917
0
LINE
8
BLACK
6
CONTINUOUS
10
119.1819999999999879
20
-65.5510000000000019
11
119.1819999999999879
21
-67.1059999999999945
0
LINE
8
BLACK
6
CONTINUOUS
10
119.1819999999999879
20
-65.5510000000000019
11
121.1019999999999897
21
-65.5510000000000019
0
LINE
8
BLACK
6
CONTINUOUS
10
119.1819999999999879
20
-68.2759999999999962
11
119.1819999999999879
21
-69.6460000000000008
0
LINE
8
BLACK
6
CONTINUOUS
10
119.1819999999999879
20
-70.8160000000000025
11
119.1819999999999879
21
-72.1859999999999928
0
LINE
8
BLACK
6
CONTINUOUS
10
119.1819999999999879
20
-73.3559999999999945
11
119.1819999999999879
21
-74.7259999999999991
0
LINE
8
BLACK
6
CONTINUOUS
10
119.1819999999999879
20
-75.8960000000000008
11
119.1819999999999879
21
-77.2659999999999911
0
LINE
8
BLACK
6
CONTINUOUS
10
119.1819999999999879
20
-78.4359999999999928
11
119.1819999999999879
21
-78.7209999999999894
0
LINE
8
BLACK
6
CONTINUOUS
10
119.1819999999999879
20
-78.7209999999999894
11
121.1019999999999897
21
-78.7209999999999894
0
LINE
8
BLACK
6
CONTINUOUS
10
121.1019999999999897
20
-65.5510000000000019
11
121.1019999999999897
21
-65.8359999999999985
0
LINE
8
BLACK
6
CONTINUOUS
10
121.1019999999999897
20
-65.8359999999999985
11
122.3319999999999936
21
-65.8359999999999985
0
LINE
8
BLACK
6
CONTINUOUS
10
121.1019999999999897
20
-67.0060000000000002
11
121.1019999999999897
21
-68.3759999999999906
0
LINE
8
BLACK
6
CONTINUOUS
10
121.1019999999999897
20
-69.5459999999999923
11
121.1019999999999897
21
-70.9159999999999968
0
LINE
8
BLACK
6
CONTINUOUS
10
121.1019999999999897
20
-72.0859999999999985
11
121.1019999999999897
21
-73.4560000000000031
0
LINE
8
BLACK
6
CONTINUOUS
10
121.1019999999999897
20
-74.6259999999999906
11
121.1019999999999897
21
-75.9959999999999951
0
LINE
8
BLACK
6
CONTINUOUS
10
121.1019999999999897
20
-77.1659999999999968
11
121.1019999999999897
21
-78.7209999999999894
0
LINE
8
BLACK
6
CONTINUOUS
10
135.3172399999999982
20
-117.2182499999999976
11
135.3172399999999982
21
-124.9582499999999925
0
LINE
8
BLACK
6
CONTINUOUS
10
136.6812400000000025
20
-117.2182499999999976
11
135.3172399999999982
21
-117.2182499999999976
0
LINE
8
BLACK
6
CONTINUOUS
10
136.6812400000000025
20
-124.9582499999999925
11
135.3172399999999982
21
-124.9582499999999925
0
LINE
8
BLACK
6
CONTINUOUS
10
140.5572400000000073
20
-117.2182499999999976
11
139.193240000000003
21
-117.2182499999999976
0
LINE
8
BLACK
6
CONTINUOUS
10
140.5572400000000073
20
-117.2182499999999976
11
140.5572400000000073
21
-124.9582499999999925
0
LINE
8
BLACK
6
CONTINUOUS
10
140.5572400000000073
20
-124.9582499999999925
11
139.193240000000003
21
-124.9582499999999925
0
LINE
8
BLACK
6
CONTINUOUS
10
135.940747999999985
20
-101.5099999999999909
11
137.3632519999999886
21
-101.5099999999999909
0
LINE
8
BLACK
6
CONTINUOUS
10
135.940747999999985
20
-104.2299999999999898
11
137.3632519999999886
21
-104.2299999999999898
0
LINE
8
BLACK
6
CONTINUOUS
10
163.872240000000005
20
-106.6999359999999939
11
163.872240000000005
21
-107.1540639999999911
0
LINE
8
BLACK
6
CONTINUOUS
10
165.3422400000000039
20
-106.6999359999999939
11
165.3422400000000039
21
-107.1540639999999911
0
LINE
8
BLACK
6
CONTINUOUS
10
137.3632519999999886
20
-90.8419999999999987
11
135.940747999999985
21
-90.8419999999999987
0
LINE
8
BLACK
6
CONTINUOUS
10
137.3632519999999886
20
-93.5619999999999976
11
135.940747999999985
21
-93.5619999999999976
0
LINE
8
BLACK
6
CONTINUOUS
10
151.0060000000000002
20
-52.5835000000000008
11
151.0060000000000002
21
-53.258499999999998
0
LINE
8
BLACK
6
CONTINUOUS
10
160.1560000000000059
20
-48.5584999999999951
11
160.1560000000000059
21
-48.4585000000000008
0
LINE
8
BLACK
6
CONTINUOUS
10
160.9060000000000059
20
-52.5835000000000008
11
151.0060000000000002
21
-52.5835000000000008
0
LINE
8
BLACK
6
CONTINUOUS
10
160.9060000000000059
20
-53.258499999999998
11
160.9060000000000059
21
-52.5835000000000008
0
ARC
8
BLACK
10
160.1560000000000059
20
-48.508499999999998
40
0.05
50
-90.00000000
51
90.00000000
0
ARC
8
BLACK
10
160.1560000000000059
20
-48.508499999999998
40
0.05
50
-270.00000000
51
-90.00000000
0
LINE
8
BLACK
6
CONTINUOUS
10
142.9127519999999834
20
-108.6219999999999999
11
141.4902479999999798
21
-108.6219999999999999
0
LINE
8
BLACK
6
CONTINUOUS
10
142.9127519999999834
20
-111.3419999999999987
11
141.4902479999999798
21
-111.3419999999999987
0
LINE
8
BLACK
6
CONTINUOUS
10
168.445999999999998
20
-86.9919999999999902
11
169.1209999999999809
21
-86.9919999999999902
0
LINE
8
BLACK
6
CONTINUOUS
10
169.1209999999999809
20
-77.0919999999999987
11
168.445999999999998
21
-77.0919999999999987
0
LINE
8
BLACK
6
CONTINUOUS
10
169.1209999999999809
20
-86.9919999999999902
11
169.1209999999999809
21
-77.0919999999999987
0
LINE
8
BLACK
6
CONTINUOUS
10
173.1459999999999866
20
-86.2419999999999902
11
173.2459999999999809
21
-86.2419999999999902
0
ARC
8
BLACK
10
173.195999999999998
20
-86.2419999999999902
40
0.05
50
0.00000000
51
180.00000000
0
ARC
8
BLACK
10
173.195999999999998
20
-86.2419999999999902
40
0.05
50
-180.00000000
51
-0.00000000
0
LINE
8
BLACK
6
CONTINUOUS
10
153.775999999999982
20
-76.6572519999999997
11
153.775999999999982
21
-75.2347479999999962
0
LINE
8
BLACK
6
CONTINUOUS
10
155.5960000000000036
20
-76.6572519999999997
11
155.5960000000000036
21
-75.2347479999999962
0
LINE
8
BLACK
6
CONTINUOUS
10
147.3322479999999928
20
-101.5099999999999909
11
148.7547519999999963
21
-101.5099999999999909
0
LINE
8
BLACK
6
CONTINUOUS
10
147.3322479999999928
20
-104.2299999999999898
11
148.7547519999999963
21
-104.2299999999999898
0
LINE
8
BLACK
6
CONTINUOUS
10
135.940747999999985
20
-105.0659999999999883
11
137.3632519999999886
21
-105.0659999999999883
0
LINE
8
BLACK
6
CONTINUOUS
10
135.940747999999985
20
-107.7860000000000014
11
137.3632519999999886
21
-107.7860000000000014
0
LINE
8
BLACK
6
CONTINUOUS
10
130.4277569999999855
20
-128.0266239999999982
11
144.9787049999999908
21
-128.0236050000000034
0
ARC
8
BLACK
10
149.4505000000000052
20
-128.526600000000002
40
4.4999949435582698
50
6.40235640
51
173.58224999
0
ARC
8
BLACK
10
170.3171600000000012
20
-114.8904099999999886
40
4.5159206772543072
50
-265.04763905
51
-94.95235110
0
ARC
8
BLACK
10
168.4277999999999906
20
-126.5267999999999944
40
1.4999570007363543
50
-90.00164253
51
0.00179532
0
LINE
8
BLACK
6
CONTINUOUS
10
169.9273129999999981
20
-119.3894719999999978
11
169.9277569999999855
21
-126.5267529999999994
0
ARC
8
BLACK
10
149.4505000000000052
20
-71.0742999999999938
40
33.5000020000002365
50
-49.60704630
51
0.00000684
0
ARC
8
BLACK
10
125.5849999999999937
20
-99.3549999999999898
40
3.5048711172739289
50
-0.02610700
51
49.79220904
0
LINE
8
BLACK
6
CONTINUOUS
10
128.9277569999999855
20
-126.5266239999999982
11
128.9277569999999855
21
-119.3739649999999983
0
ARC
8
BLACK
10
128.5432199999999909
20
-114.866579999999999
40
4.5237586549705542
50
-85.12375200
51
83.05956922
0
ARC
8
BLACK
10
130.4276999999999873
20
-126.5265999999999877
40
1.5000240010829826
50
-179.99908323
51
-89.99782280
0
ARC
8
BLACK
10
173.4277999999999906
20
-99.2544999999999931
40
3.5004870000022854
50
-229.60648353
51
-179.99993453
0
LINE
8
BLACK
6
CONTINUOUS
10
169.9273129999999981
20
-99.2545039999999972
11
169.9273129999999981
21
-110.3913569999999993
0
LINE
8
BLACK
6
CONTINUOUS
10
129.0898589999999899
20
-99.3565969999999936
11
129.0898589999999899
21
-110.3759699999999953
0
ARC
8
BLACK
10
149.4505000000000052
20
-71.0742999999999938
40
33.4999958740311001
50
-180.00000684
51
-130.15536454
0
ARC
8
BLACK
10
149.4505020000000002
20
-71.0742959999999897
40
33.5
50
0.00000000
51
180.00000000
0
LINE
8
BLACK
6
CONTINUOUS
10
153.9224339999999813
20
-128.0248059999999839
11
168.4277569999999855
21
-128.0267529999999851
  0
ENDSEC
  0
EOF
