  0
SECTION
  2
HEADER
  9
$ANGBASE
  50
0.0
  9
$ANGDIR
  70
1
  9
$MEASUREMENT
  70
1
  0
ENDSEC
  0
SECTION
  2
TABLES
  0
TABLE
  2
LTYPE
  70
4
  0
LTYPE
  5
40F
  2
CONTINUOUS
  70
0
  3
Solid line
  72
65
  73
0
  40
0.0
  0
LTYPE
  5
410
  2
DASHDOT
 70
0
  3
Dash Dot ____ _ ____ _
 72
65
 73
4
 40
2.0
 49
1.25
 49
-0.25
 49
0.25
 49
-0.25
  0
LTYPE
  5
411
  2
DASHED
 70
0
  3
Dashed __ __ __ __ __
 72
65
 73
2
 40
0.75
 49
0.5
 49
-0.25
  0
LTYPE
  5
43B
  2
DOTTED
 70
0
  3
Dotted .  .  .  .
 72
65
 73
2
 40
0.2
 49
0.0
 49
-0.2
  0
ENDTAB
  0
TABLE
  2
STYLE
  70
4
  0
STYLE
  2
KICAD
  70
0
  40
0
  41
1
  42
1
  50
0
  71
0
  3
isocp.shx
  0
STYLE
  2
KICADB
  70
0
  40
0
  41
1
  42
1
  50
0
  71
0
  3
isocp.shx
  0
STYLE
  2
KICADI
  70
0
  40
0
  41
1
  42
1
  50
15
  71
0
  3
isocp.shx
  0
STYLE
  2
KICADBI
  70
0
  40
0
  41
1
  42
1
  50
15
  71
0
  3
isocp.shx
  0
ENDTAB
  0
TABLE
  2
LAYER
  70
1
  0
LAYER
  2
BLACK
  70
0
  62
7
  6
CONTINUOUS
  0
ENDTAB
  0
ENDSEC
  0
SECTION
  2
ENTITIES
0
LINE
8
BLACK
6
CONTINUOUS
10
138.7692789999999832
20
-122.3779349999999937
11
138.8150339999999971
21
-122.4307389999999884
0
LINE
8
BLACK
6
CONTINUOUS
10
138.8150339999999971
20
-122.4307389999999884
11
138.8262399999999843
21
-122.4822499999999934
0
LINE
8
BLACK
6
CONTINUOUS
10
138.8262399999999843
20
-122.4822499999999934
11
138.8262399999999843
21
-124.390310999999997
0
LINE
8
BLACK
6
CONTINUOUS
10
138.8262399999999843
20
-124.390310999999997
11
138.8611199999999997
21
-124.4555669999999878
0
LINE
8
BLACK
6
CONTINUOUS
10
138.8611199999999997
20
-124.4555669999999878
11
138.9180250000000001
21
-124.6431599999999946
0
LINE
8
BLACK
6
CONTINUOUS
10
138.9180250000000001
20
-124.6431599999999946
11
138.9372400000000027
21
-124.8382499999999879
0
LINE
8
BLACK
6
CONTINUOUS
10
138.9372400000000027
20
-124.8382499999999879
11
138.9180250000000001
21
-125.0333399999999955
0
LINE
8
BLACK
6
CONTINUOUS
10
138.9180250000000001
20
-125.0333399999999955
11
138.8611199999999997
21
-125.2209329999999881
0
LINE
8
BLACK
6
CONTINUOUS
10
138.8611199999999997
20
-125.2209329999999881
11
138.8262399999999843
21
-125.2861879999999957
0
LINE
8
BLACK
6
CONTINUOUS
10
138.8262399999999843
20
-125.2861879999999957
11
138.8262399999999843
21
-126.9004059999999896
0
LINE
8
BLACK
6
CONTINUOUS
10
138.8262399999999843
20
-126.9004059999999896
11
138.806555000000003
21
-126.9674449999999979
0
LINE
8
BLACK
6
CONTINUOUS
10
138.806555000000003
20
-126.9674449999999979
11
138.7537509999999941
21
-127.0131999999999977
0
LINE
8
BLACK
6
CONTINUOUS
10
138.7537509999999941
20
-127.0131999999999977
11
138.7022659999999803
21
-127.024405999999999
0
LINE
8
BLACK
6
CONTINUOUS
10
138.7022659999999803
20
-127.024405999999999
11
133.531959999999998
21
-127.0254779999999926
0
LINE
8
BLACK
6
CONTINUOUS
10
133.531959999999998
20
-127.0254779999999926
11
133.2866879999999981
21
-127.1603179999999895
0
LINE
8
BLACK
6
CONTINUOUS
10
133.2866879999999981
20
-127.1603179999999895
11
132.9947819999999865
21
-127.2758909999999872
0
LINE
8
BLACK
6
CONTINUOUS
10
132.9947819999999865
20
-127.2758909999999872
11
132.6906929999999818
21
-127.3539679999999947
0
LINE
8
BLACK
6
CONTINUOUS
10
132.6906929999999818
20
-127.3539679999999947
11
132.3792159999999853
21
-127.3933169999999961
0
LINE
8
BLACK
6
CONTINUOUS
10
132.3792159999999853
20
-127.3933169999999961
11
132.0652639999999849
21
-127.3933169999999961
0
LINE
8
BLACK
6
CONTINUOUS
10
132.0652639999999849
20
-127.3933169999999961
11
131.7537869999999884
21
-127.3539679999999947
0
LINE
8
BLACK
6
CONTINUOUS
10
131.7537869999999884
20
-127.3539679999999947
11
131.4496979999999837
21
-127.2758909999999872
0
LINE
8
BLACK
6
CONTINUOUS
10
131.4496979999999837
20
-127.2758909999999872
11
131.1577920000000006
21
-127.1603179999999895
0
LINE
8
BLACK
6
CONTINUOUS
10
131.1577920000000006
20
-127.1603179999999895
11
130.9135069999999814
21
-127.0260210000000001
0
LINE
8
BLACK
6
CONTINUOUS
10
130.9135069999999814
20
-127.0260210000000001
11
130.4346879999999942
21
-127.0261209999999892
0
LINE
8
BLACK
6
CONTINUOUS
10
130.4346879999999942
20
-127.0261209999999892
11
130.4207839999999976
21
-127.0253419999999949
0
LINE
8
BLACK
6
CONTINUOUS
10
130.4207839999999976
20
-127.0253419999999949
11
130.3304489999999873
21
-127.0151679999999885
0
LINE
8
BLACK
6
CONTINUOUS
10
130.3304489999999873
20
-127.0151679999999885
11
130.3033749999999884
21
-127.0089889999999997
0
LINE
8
BLACK
6
CONTINUOUS
10
130.3033749999999884
20
-127.0089889999999997
11
130.2241649999999993
21
-126.9812739999999991
0
LINE
8
BLACK
6
CONTINUOUS
10
130.2241649999999993
20
-126.9812739999999991
11
130.1991490000000056
21
-126.9692280000000011
0
LINE
8
BLACK
6
CONTINUOUS
10
130.1991490000000056
20
-126.9692280000000011
11
130.1280909999999835
21
-126.9245829999999984
0
LINE
8
BLACK
6
CONTINUOUS
10
130.1280909999999835
20
-126.9245829999999984
11
130.1063809999999989
21
-126.9072709999999944
0
LINE
8
BLACK
6
CONTINUOUS
10
130.1063809999999989
20
-126.9072709999999944
11
130.0995159999999942
21
-126.9004059999999896
0
LINE
8
BLACK
6
CONTINUOUS
10
130.0995159999999942
20
-126.9004059999999896
11
130.0470399999999813
21
-126.8479329999999976
0
LINE
8
BLACK
6
CONTINUOUS
10
130.0470399999999813
20
-126.8479329999999976
11
130.0297329999999931
21
-126.8262319999999903
0
LINE
8
BLACK
6
CONTINUOUS
10
130.0297329999999931
20
-126.8262319999999903
11
129.9850820000000056
21
-126.7551739999999967
0
LINE
8
BLACK
6
CONTINUOUS
10
129.9850820000000056
20
-126.7551739999999967
11
129.9730349999999817
21
-126.7301599999999979
0
LINE
8
BLACK
6
CONTINUOUS
10
129.9730349999999817
20
-126.7301599999999979
11
129.9453159999999912
21
-126.6509489999999971
0
LINE
8
BLACK
6
CONTINUOUS
10
129.9453159999999912
20
-126.6509489999999971
11
129.9391369999999881
21
-126.6238769999999931
0
LINE
8
BLACK
6
CONTINUOUS
10
129.9391369999999881
20
-126.6238769999999931
11
129.9290369999999939
21
-126.5342469999999935
0
LINE
8
BLACK
6
CONTINUOUS
10
129.9290369999999939
20
-126.5342469999999935
11
129.9282570000000021
21
-126.5203619999999916
0
LINE
8
BLACK
6
CONTINUOUS
10
129.9282570000000021
20
-126.5203619999999916
11
129.9282570000000021
21
-125.8832869999999957
0
LINE
8
BLACK
6
CONTINUOUS
10
129.9282570000000021
20
-125.8832869999999957
11
129.897798999999992
21
-125.8185609999999883
0
LINE
8
BLACK
6
CONTINUOUS
10
129.897798999999992
20
-125.8185609999999883
11
129.8007819999999981
21
-125.5199749999999881
0
LINE
8
BLACK
6
CONTINUOUS
10
129.8007819999999981
20
-125.5199749999999881
11
129.7419529999999952
21
-125.2115829999999903
0
LINE
8
BLACK
6
CONTINUOUS
10
129.7419529999999952
20
-125.2115829999999903
11
129.7222399999999993
21
-124.8982499999999902
0
LINE
8
BLACK
6
CONTINUOUS
10
129.7222399999999993
20
-124.8982499999999902
11
129.7419529999999952
21
-124.5849169999999901
0
LINE
8
BLACK
6
CONTINUOUS
10
129.7419529999999952
20
-124.5849169999999901
11
129.8007819999999981
21
-124.2765249999999924
0
LINE
8
BLACK
6
CONTINUOUS
10
129.8007819999999981
20
-124.2765249999999924
11
129.897798999999992
21
-123.9779389999999921
0
LINE
8
BLACK
6
CONTINUOUS
10
129.897798999999992
20
-123.9779389999999921
11
129.9282570000000021
21
-123.9132120000000015
0
LINE
8
BLACK
6
CONTINUOUS
10
129.9282570000000021
20
-123.9132120000000015
11
129.9282570000000021
21
-122.4822499999999934
0
LINE
8
BLACK
6
CONTINUOUS
10
129.9282570000000021
20
-122.4822499999999934
11
129.9479419999999834
21
-122.4152109999999993
0
LINE
8
BLACK
6
CONTINUOUS
10
129.9479419999999834
20
-122.4152109999999993
11
130.0007459999999924
21
-122.3694559999999996
0
LINE
8
BLACK
6
CONTINUOUS
10
130.0007459999999924
20
-122.3694559999999996
11
130.0522569999999973
21
-122.3582499999999982
0
LINE
8
BLACK
6
CONTINUOUS
10
130.0522569999999973
20
-122.3582499999999982
11
138.7022399999999891
21
-122.3582499999999982
0
LINE
8
BLACK
6
CONTINUOUS
10
138.7022399999999891
20
-122.3582499999999982
11
138.7692789999999832
21
-122.3779349999999937
0
LINE
8
BLACK
6
CONTINUOUS
10
168.8700450000000046
20
-122.3779349999999937
11
168.9157999999999902
21
-122.4307389999999884
0
LINE
8
BLACK
6
CONTINUOUS
10
168.9157999999999902
20
-122.4307389999999884
11
168.9270049999999799
21
-122.4822379999999953
0
LINE
8
BLACK
6
CONTINUOUS
10
168.9270049999999799
20
-122.4822379999999953
11
168.92704599999999
21
-123.1468629999999962
0
LINE
8
BLACK
6
CONTINUOUS
10
168.92704599999999
20
-123.1468629999999962
11
168.9696619999999996
21
-123.1868819999999971
0
LINE
8
BLACK
6
CONTINUOUS
10
168.9696619999999996
20
-123.1868819999999971
11
169.1697819999999979
21
-123.4287869999999998
0
LINE
8
BLACK
6
CONTINUOUS
10
169.1697819999999979
20
-123.4287869999999998
11
169.3380070000000046
21
-123.6938659999999999
0
LINE
8
BLACK
6
CONTINUOUS
10
169.3380070000000046
20
-123.6938659999999999
11
169.4716809999999896
21
-123.9779389999999921
0
LINE
8
BLACK
6
CONTINUOUS
10
169.4716809999999896
20
-123.9779389999999921
11
169.5686979999999835
21
-124.2765249999999924
0
LINE
8
BLACK
6
CONTINUOUS
10
169.5686979999999835
20
-124.2765249999999924
11
169.6275269999999864
21
-124.5849169999999901
0
LINE
8
BLACK
6
CONTINUOUS
10
169.6275269999999864
20
-124.5849169999999901
11
169.6472399999999823
21
-124.8982499999999902
0
LINE
8
BLACK
6
CONTINUOUS
10
169.6472399999999823
20
-124.8982499999999902
11
169.6275269999999864
21
-125.2115829999999903
0
LINE
8
BLACK
6
CONTINUOUS
10
169.6275269999999864
20
-125.2115829999999903
11
169.5686979999999835
21
-125.5199749999999881
0
LINE
8
BLACK
6
CONTINUOUS
10
169.5686979999999835
20
-125.5199749999999881
11
169.4716809999999896
21
-125.8185609999999883
0
LINE
8
BLACK
6
CONTINUOUS
10
169.4716809999999896
20
-125.8185609999999883
11
169.3380070000000046
21
-126.1026339999999948
0
LINE
8
BLACK
6
CONTINUOUS
10
169.3380070000000046
20
-126.1026339999999948
11
169.1697819999999979
21
-126.3677129999999948
0
LINE
8
BLACK
6
CONTINUOUS
10
169.1697819999999979
20
-126.3677129999999948
11
168.9696619999999996
21
-126.6096179999999976
0
LINE
8
BLACK
6
CONTINUOUS
10
168.9696619999999996
20
-126.6096179999999976
11
168.902610999999979
21
-126.6725819999999914
0
LINE
8
BLACK
6
CONTINUOUS
10
168.902610999999979
20
-126.6725819999999914
11
168.8824139999999829
21
-126.7303079999999937
0
LINE
8
BLACK
6
CONTINUOUS
10
168.8824139999999829
20
-126.7303079999999937
11
168.8703649999999925
21
-126.755328999999989
0
LINE
8
BLACK
6
CONTINUOUS
10
168.8703649999999925
20
-126.755328999999989
11
168.8257229999999822
21
-126.8263769999999937
0
LINE
8
BLACK
6
CONTINUOUS
10
168.8257229999999822
20
-126.8263769999999937
11
168.8084099999999808
21
-126.848085999999995
0
LINE
8
BLACK
6
CONTINUOUS
10
168.8084099999999808
20
-126.848085999999995
11
168.7490860000000055
21
-126.9074099999999987
0
LINE
8
BLACK
6
CONTINUOUS
10
168.7490860000000055
20
-126.9074099999999987
11
168.7273759999999925
21
-126.9247230000000002
0
LINE
8
BLACK
6
CONTINUOUS
10
168.7273759999999925
20
-126.9247230000000002
11
168.6563289999999995
21
-126.9693639999999988
0
LINE
8
BLACK
6
CONTINUOUS
10
168.6563289999999995
20
-126.9693639999999988
11
168.6313109999999824
21
-126.9814119999999917
0
LINE
8
BLACK
6
CONTINUOUS
10
168.6313109999999824
20
-126.9814119999999917
11
168.5521190000000047
21
-127.0091209999999933
0
LINE
8
BLACK
6
CONTINUOUS
10
168.5521190000000047
20
-127.0091209999999933
11
168.5250470000000007
21
-127.0152999999999963
0
LINE
8
BLACK
6
CONTINUOUS
10
168.5250470000000007
20
-127.0152999999999963
11
168.4626999999999839
21
-127.0223219999999884
0
LINE
8
BLACK
6
CONTINUOUS
10
168.4626999999999839
20
-127.0223219999999884
11
168.211687999999981
21
-127.1603179999999895
0
LINE
8
BLACK
6
CONTINUOUS
10
168.211687999999981
20
-127.1603179999999895
11
167.9197819999999979
21
-127.2758909999999872
0
LINE
8
BLACK
6
CONTINUOUS
10
167.9197819999999979
20
-127.2758909999999872
11
167.6156929999999932
21
-127.3539679999999947
0
LINE
8
BLACK
6
CONTINUOUS
10
167.6156929999999932
20
-127.3539679999999947
11
167.3042159999999967
21
-127.3933169999999961
0
LINE
8
BLACK
6
CONTINUOUS
10
167.3042159999999967
20
-127.3933169999999961
11
166.9902639999999963
21
-127.3933169999999961
0
LINE
8
BLACK
6
CONTINUOUS
10
166.9902639999999963
20
-127.3933169999999961
11
166.6787869999999998
21
-127.3539679999999947
0
LINE
8
BLACK
6
CONTINUOUS
10
166.6787869999999998
20
-127.3539679999999947
11
166.3746979999999951
21
-127.2758909999999872
0
LINE
8
BLACK
6
CONTINUOUS
10
166.3746979999999951
20
-127.2758909999999872
11
166.0827919999999835
21
-127.1603179999999895
0
LINE
8
BLACK
6
CONTINUOUS
10
166.0827919999999835
20
-127.1603179999999895
11
165.8382939999999905
21
-127.025903999999997
0
LINE
8
BLACK
6
CONTINUOUS
10
165.8382939999999905
20
-127.025903999999997
11
160.0322229999999877
21
-127.0251249999999885
0
LINE
8
BLACK
6
CONTINUOUS
10
160.0322229999999877
20
-127.0251249999999885
11
159.965186999999986
21
-127.0054309999999873
0
LINE
8
BLACK
6
CONTINUOUS
10
159.965186999999986
20
-127.0054309999999873
11
159.9194389999999828
21
-126.9526209999999935
0
LINE
8
BLACK
6
CONTINUOUS
10
159.9194389999999828
20
-126.9526209999999935
11
159.9082400000000064
21
-126.9011249999999933
0
LINE
8
BLACK
6
CONTINUOUS
10
159.9082400000000064
20
-126.9011249999999933
11
159.9082400000000064
21
-125.2861879999999957
0
LINE
8
BLACK
6
CONTINUOUS
10
159.9082400000000064
20
-125.2861879999999957
11
159.873359999999991
21
-125.2209329999999881
0
LINE
8
BLACK
6
CONTINUOUS
10
159.873359999999991
20
-125.2209329999999881
11
159.8164549999999906
21
-125.0333399999999955
0
LINE
8
BLACK
6
CONTINUOUS
10
159.8164549999999906
20
-125.0333399999999955
11
159.797239999999988
21
-124.8382499999999879
0
LINE
8
BLACK
6
CONTINUOUS
10
159.797239999999988
20
-124.8382499999999879
11
159.8164549999999906
21
-124.6431599999999946
0
LINE
8
BLACK
6
CONTINUOUS
10
159.8164549999999906
20
-124.6431599999999946
11
159.873359999999991
21
-124.4555669999999878
0
LINE
8
BLACK
6
CONTINUOUS
10
159.873359999999991
20
-124.4555669999999878
11
159.9082400000000064
21
-124.390310999999997
0
LINE
8
BLACK
6
CONTINUOUS
10
159.9082400000000064
20
-124.390310999999997
11
159.9082400000000064
21
-122.4822499999999934
0
LINE
8
BLACK
6
CONTINUOUS
10
159.9082400000000064
20
-122.4822499999999934
11
159.9279249999999877
21
-122.4152109999999993
0
LINE
8
BLACK
6
CONTINUOUS
10
159.9279249999999877
20
-122.4152109999999993
11
159.9807289999999966
21
-122.3694559999999996
0
LINE
8
BLACK
6
CONTINUOUS
10
159.9807289999999966
20
-122.3694559999999996
11
160.0322400000000016
21
-122.3582499999999982
0
LINE
8
BLACK
6
CONTINUOUS
10
160.0322400000000016
20
-122.3582499999999982
11
168.8030059999999821
21
-122.3582499999999982
0
LINE
8
BLACK
6
CONTINUOUS
10
168.8030059999999821
20
-122.3582499999999982
11
168.8700450000000046
21
-122.3779349999999937
0
LINE
8
BLACK
6
CONTINUOUS
10
139.4836509999999805
20
-90.7919629999999955
11
139.5002629999999897
21
-90.7937089999999927
0
LINE
8
BLACK
6
CONTINUOUS
10
139.5002629999999897
20
-90.7937089999999927
11
139.5166169999999966
21
-90.7971840000000014
0
LINE
8
BLACK
6
CONTINUOUS
10
139.5166169999999966
20
-90.7971840000000014
11
139.5696069999999906
21
-90.8055769999999995
0
LINE
8
BLACK
6
CONTINUOUS
10
139.5696069999999906
20
-90.8055769999999995
11
139.6174049999999909
21
-90.829931000000002
0
LINE
8
BLACK
6
CONTINUOUS
10
139.6174049999999909
20
-90.829931000000002
11
139.6890349999999899
21
-90.8618239999999986
0
LINE
8
BLACK
6
CONTINUOUS
10
139.6890349999999899
20
-90.8618239999999986
11
139.6890379999999823
21
-90.8618249999999961
0
LINE
8
BLACK
6
CONTINUOUS
10
139.6890379999999823
20
-90.8618249999999961
11
139.7284070000000042
21
-90.87741299999999
0
LINE
8
BLACK
6
CONTINUOUS
10
139.7284070000000042
20
-90.87741299999999
11
139.7363579999999956
21
-90.8801809999999932
0
LINE
8
BLACK
6
CONTINUOUS
10
139.7363579999999956
20
-90.8801809999999932
11
139.7480170000000044
21
-90.8842410000000029
0
LINE
8
BLACK
6
CONTINUOUS
10
139.7480170000000044
20
-90.8842410000000029
11
139.7885959999999841
21
-90.89649
0
LINE
8
BLACK
6
CONTINUOUS
10
139.7885959999999841
20
-90.89649
11
139.9316309999999817
21
-90.9120580000000018
0
LINE
8
BLACK
6
CONTINUOUS
10
139.9316309999999817
20
-90.9120580000000018
11
140.0014589999999828
21
-90.9096559999999982
0
LINE
8
BLACK
6
CONTINUOUS
10
140.0014589999999828
20
-90.9096559999999982
11
140.1430839999999876
21
-90.8842969999999895
0
LINE
8
BLACK
6
CONTINUOUS
10
140.1430839999999876
20
-90.8842969999999895
11
140.1557599999999866
21
-90.8800959999999947
0
LINE
8
BLACK
6
CONTINUOUS
10
140.1557599999999866
20
-90.8800959999999947
11
140.1693290000000047
21
-90.8710299999999904
0
LINE
8
BLACK
6
CONTINUOUS
10
140.1693290000000047
20
-90.8710299999999904
11
140.2038210000000049
21
-90.8641689999999898
0
LINE
8
BLACK
6
CONTINUOUS
10
140.2038210000000049
20
-90.8641689999999898
11
140.2057590000000005
21
-90.8635269999999906
0
LINE
8
BLACK
6
CONTINUOUS
10
140.2057590000000005
20
-90.8635269999999906
11
140.2321900000000028
21
-90.8578729999999979
0
LINE
8
BLACK
6
CONTINUOUS
10
140.2321900000000028
20
-90.8578729999999979
11
140.2344989999999996
21
-90.8576369999999969
0
LINE
8
BLACK
6
CONTINUOUS
10
140.2344989999999996
20
-90.8576369999999969
11
140.2374010000000055
21
-90.8574890000000011
0
LINE
8
BLACK
6
CONTINUOUS
10
140.2374010000000055
20
-90.8574890000000011
11
140.2649999999999864
21
-90.8519999999999897
0
LINE
8
BLACK
6
CONTINUOUS
10
140.2649999999999864
20
-90.8519999999999897
11
141.0900000000000034
21
-90.8519999999999897
0
LINE
8
BLACK
6
CONTINUOUS
10
141.0900000000000034
20
-90.8519999999999897
11
141.185670999999985
21
-90.8710299999999904
0
LINE
8
BLACK
6
CONTINUOUS
10
141.185670999999985
20
-90.8710299999999904
11
141.2667769999999905
21
-90.9252230000000026
0
LINE
8
BLACK
6
CONTINUOUS
10
141.2667769999999905
20
-90.9252230000000026
11
141.3209699999999884
21
-91.0063289999999938
0
LINE
8
BLACK
6
CONTINUOUS
10
141.3209699999999884
20
-91.0063289999999938
11
141.3400000000000034
21
-91.1019999999999897
0
LINE
8
BLACK
6
CONTINUOUS
10
141.3400000000000034
20
-91.1019999999999897
11
141.3400000000000034
21
-93.3019999999999925
0
LINE
8
BLACK
6
CONTINUOUS
10
141.3400000000000034
20
-93.3019999999999925
11
141.3209699999999884
21
-93.3976710000000026
0
LINE
8
BLACK
6
CONTINUOUS
10
141.3209699999999884
20
-93.3976710000000026
11
141.2667769999999905
21
-93.4787769999999938
0
LINE
8
BLACK
6
CONTINUOUS
10
141.2667769999999905
20
-93.4787769999999938
11
141.2088269999999852
21
-93.5174969999999917
0
LINE
8
BLACK
6
CONTINUOUS
10
141.2088269999999852
20
-93.5174969999999917
11
141.2043149999999798
21
-93.532865000000001
0
LINE
8
BLACK
6
CONTINUOUS
10
141.2043149999999798
20
-93.532865000000001
11
141.196550000000002
21
-93.5436339999999973
0
LINE
8
BLACK
6
CONTINUOUS
10
141.196550000000002
20
-93.5436339999999973
11
141.135799999999989
21
-93.619016000000002
0
LINE
8
BLACK
6
CONTINUOUS
10
141.135799999999989
20
-93.619016000000002
11
141.107293999999996
21
-93.6633709999999979
0
LINE
8
BLACK
6
CONTINUOUS
10
141.107293999999996
20
-93.6633709999999979
11
141.0589200000000005
21
-93.760011999999989
0
LINE
8
BLACK
6
CONTINUOUS
10
141.0589200000000005
20
-93.760011999999989
11
141.0589159999999822
21
-93.7600229999999897
0
LINE
8
BLACK
6
CONTINUOUS
10
141.0589159999999822
20
-93.7600229999999897
11
141.0283369999999934
21
-93.9005949999999956
0
LINE
8
BLACK
6
CONTINUOUS
10
141.0283369999999934
20
-93.9005949999999956
11
141.0283359999999959
21
-93.9006069999999937
0
LINE
8
BLACK
6
CONTINUOUS
10
141.0283359999999959
20
-93.9006069999999937
11
141.0233519999999885
21
-93.9702970000000022
0
LINE
8
BLACK
6
CONTINUOUS
10
141.0233519999999885
20
-93.9702970000000022
11
141.0233519999999885
21
-93.9702999999999946
0
LINE
8
BLACK
6
CONTINUOUS
10
141.0233519999999885
20
-93.9702999999999946
11
141.02473999999998
21
-93.9897009999999966
0
LINE
8
BLACK
6
CONTINUOUS
10
141.02473999999998
20
-93.9897009999999966
11
141.033615999999995
21
-94.1138100000000009
0
LINE
8
BLACK
6
CONTINUOUS
10
141.033615999999995
20
-94.1138100000000009
11
141.0838980000000049
21
-94.2486189999999908
0
LINE
8
BLACK
6
CONTINUOUS
10
141.0838980000000049
20
-94.2486189999999908
11
141.1062849999999855
21
-94.2896179999999902
0
LINE
8
BLACK
6
CONTINUOUS
10
141.1062849999999855
20
-94.2896179999999902
11
141.1173809999999946
21
-94.309939
0
LINE
8
BLACK
6
CONTINUOUS
10
141.1173809999999946
20
-94.309939
11
141.1992669999999919
21
-94.4193250000000006
0
LINE
8
BLACK
6
CONTINUOUS
10
141.1992669999999919
20
-94.4193250000000006
11
141.2076069999999959
21
-94.4416870000000017
0
LINE
8
BLACK
6
CONTINUOUS
10
141.2076069999999959
20
-94.4416870000000017
11
141.2667769999999905
21
-94.481223
0
LINE
8
BLACK
6
CONTINUOUS
10
141.2667769999999905
20
-94.481223
11
141.3209699999999884
21
-94.5623289999999912
0
LINE
8
BLACK
6
CONTINUOUS
10
141.3209699999999884
20
-94.5623289999999912
11
141.3400000000000034
21
-94.6580000000000013
0
LINE
8
BLACK
6
CONTINUOUS
10
141.3400000000000034
20
-94.6580000000000013
11
141.3400000000000034
21
-96.8579999999999899
0
LINE
8
BLACK
6
CONTINUOUS
10
141.3400000000000034
20
-96.8579999999999899
11
141.3209699999999884
21
-96.9536709999999999
0
LINE
8
BLACK
6
CONTINUOUS
10
141.3209699999999884
20
-96.9536709999999999
11
141.2667769999999905
21
-97.0347769999999912
0
LINE
8
BLACK
6
CONTINUOUS
10
141.2667769999999905
20
-97.0347769999999912
11
141.2088269999999852
21
-97.073496999999989
0
LINE
8
BLACK
6
CONTINUOUS
10
141.2088269999999852
20
-97.073496999999989
11
141.2043149999999798
21
-97.0888649999999984
0
LINE
8
BLACK
6
CONTINUOUS
10
141.2043149999999798
20
-97.0888649999999984
11
141.196550000000002
21
-97.0996339999999947
0
LINE
8
BLACK
6
CONTINUOUS
10
141.196550000000002
20
-97.0996339999999947
11
141.135799999999989
21
-97.1750159999999994
0
LINE
8
BLACK
6
CONTINUOUS
10
141.135799999999989
20
-97.1750159999999994
11
141.107293999999996
21
-97.2193709999999953
0
LINE
8
BLACK
6
CONTINUOUS
10
141.107293999999996
20
-97.2193709999999953
11
141.0589200000000005
21
-97.3160120000000006
0
LINE
8
BLACK
6
CONTINUOUS
10
141.0589200000000005
20
-97.3160120000000006
11
141.0589159999999822
21
-97.3160230000000013
0
LINE
8
BLACK
6
CONTINUOUS
10
141.0589159999999822
20
-97.3160230000000013
11
141.0283369999999934
21
-97.456594999999993
0
LINE
8
BLACK
6
CONTINUOUS
10
141.0283369999999934
20
-97.456594999999993
11
141.0283359999999959
21
-97.4566069999999911
0
LINE
8
BLACK
6
CONTINUOUS
10
141.0283359999999959
20
-97.4566069999999911
11
141.0233519999999885
21
-97.5262969999999996
0
LINE
8
BLACK
6
CONTINUOUS
10
141.0233519999999885
20
-97.5262969999999996
11
141.0233519999999885
21
-97.526299999999992
0
LINE
8
BLACK
6
CONTINUOUS
10
141.0233519999999885
20
-97.526299999999992
11
141.02473999999998
21
-97.545700999999994
0
LINE
8
BLACK
6
CONTINUOUS
10
141.02473999999998
20
-97.545700999999994
11
141.033615999999995
21
-97.6698099999999982
0
LINE
8
BLACK
6
CONTINUOUS
10
141.033615999999995
20
-97.6698099999999982
11
141.0838980000000049
21
-97.8046190000000024
0
LINE
8
BLACK
6
CONTINUOUS
10
141.0838980000000049
20
-97.8046190000000024
11
141.0976589999999931
21
-97.829819999999998
0
LINE
8
BLACK
6
CONTINUOUS
10
141.0976589999999931
20
-97.829819999999998
11
141.1173809999999946
21
-97.8659389999999973
0
LINE
8
BLACK
6
CONTINUOUS
10
141.1173809999999946
20
-97.8659389999999973
11
141.1992669999999919
21
-97.975324999999998
0
LINE
8
BLACK
6
CONTINUOUS
10
141.1992669999999919
20
-97.975324999999998
11
141.2076069999999959
21
-97.9976869999999991
0
LINE
8
BLACK
6
CONTINUOUS
10
141.2076069999999959
20
-97.9976869999999991
11
141.2667769999999905
21
-98.0372229999999973
0
LINE
8
BLACK
6
CONTINUOUS
10
141.2667769999999905
20
-98.0372229999999973
11
141.3209699999999884
21
-98.1183289999999886
0
LINE
8
BLACK
6
CONTINUOUS
10
141.3209699999999884
20
-98.1183289999999886
11
141.3400000000000034
21
-98.2139999999999986
0
LINE
8
BLACK
6
CONTINUOUS
10
141.3400000000000034
20
-98.2139999999999986
11
141.3400000000000034
21
-100.4140000000000015
0
LINE
8
BLACK
6
CONTINUOUS
10
141.3400000000000034
20
-100.4140000000000015
11
141.3209699999999884
21
-100.5096709999999973
0
LINE
8
BLACK
6
CONTINUOUS
10
141.3209699999999884
20
-100.5096709999999973
11
141.2667769999999905
21
-100.5907769999999886
0
LINE
8
BLACK
6
CONTINUOUS
10
141.2667769999999905
20
-100.5907769999999886
11
141.2088269999999852
21
-100.6294970000000006
0
LINE
8
BLACK
6
CONTINUOUS
10
141.2088269999999852
20
-100.6294970000000006
11
141.2043149999999798
21
-100.6448649999999958
0
LINE
8
BLACK
6
CONTINUOUS
10
141.2043149999999798
20
-100.6448649999999958
11
141.196550000000002
21
-100.6556339999999921
0
LINE
8
BLACK
6
CONTINUOUS
10
141.196550000000002
20
-100.6556339999999921
11
141.135799999999989
21
-100.7310159999999968
0
LINE
8
BLACK
6
CONTINUOUS
10
141.135799999999989
20
-100.7310159999999968
11
141.107293999999996
21
-100.7753709999999927
0
LINE
8
BLACK
6
CONTINUOUS
10
141.107293999999996
20
-100.7753709999999927
11
141.0589200000000005
21
-100.872011999999998
0
LINE
8
BLACK
6
CONTINUOUS
10
141.0589200000000005
20
-100.872011999999998
11
141.0589159999999822
21
-100.8720229999999987
0
LINE
8
BLACK
6
CONTINUOUS
10
141.0589159999999822
20
-100.8720229999999987
11
141.0283369999999934
21
-101.0125949999999904
0
LINE
8
BLACK
6
CONTINUOUS
10
141.0283369999999934
20
-101.0125949999999904
11
141.0283359999999959
21
-101.0126069999999885
0
LINE
8
BLACK
6
CONTINUOUS
10
141.0283359999999959
20
-101.0126069999999885
11
141.0233519999999885
21
-101.082296999999997
0
LINE
8
BLACK
6
CONTINUOUS
10
141.0233519999999885
20
-101.082296999999997
11
141.0233519999999885
21
-101.0822999999999894
0
LINE
8
BLACK
6
CONTINUOUS
10
141.0233519999999885
20
-101.0822999999999894
11
141.02473999999998
21
-101.1017009999999914
0
LINE
8
BLACK
6
CONTINUOUS
10
141.02473999999998
20
-101.1017009999999914
11
141.033615999999995
21
-101.2258099999999956
0
LINE
8
BLACK
6
CONTINUOUS
10
141.033615999999995
20
-101.2258099999999956
11
141.0838980000000049
21
-101.3606189999999998
0
LINE
8
BLACK
6
CONTINUOUS
10
141.0838980000000049
20
-101.3606189999999998
11
141.1062849999999855
21
-101.4016179999999991
0
LINE
8
BLACK
6
CONTINUOUS
10
141.1062849999999855
20
-101.4016179999999991
11
141.1173809999999946
21
-101.4219389999999947
0
LINE
8
BLACK
6
CONTINUOUS
10
141.1173809999999946
20
-101.4219389999999947
11
141.1992669999999919
21
-101.5313249999999954
0
LINE
8
BLACK
6
CONTINUOUS
10
141.1992669999999919
20
-101.5313249999999954
11
141.2076069999999959
21
-101.5536869999999965
0
LINE
8
BLACK
6
CONTINUOUS
10
141.2076069999999959
20
-101.5536869999999965
11
141.2667769999999905
21
-101.5932229999999947
0
LINE
8
BLACK
6
CONTINUOUS
10
141.2667769999999905
20
-101.5932229999999947
11
141.3209699999999884
21
-101.6743290000000002
0
LINE
8
BLACK
6
CONTINUOUS
10
141.3209699999999884
20
-101.6743290000000002
11
141.3400000000000034
21
-101.769999999999996
0
LINE
8
BLACK
6
CONTINUOUS
10
141.3400000000000034
20
-101.769999999999996
11
141.3400000000000034
21
-103.9699999999999989
0
LINE
8
BLACK
6
CONTINUOUS
10
141.3400000000000034
20
-103.9699999999999989
11
141.3209699999999884
21
-104.0656709999999947
0
LINE
8
BLACK
6
CONTINUOUS
10
141.3209699999999884
20
-104.0656709999999947
11
141.2667769999999905
21
-104.1467770000000002
0
LINE
8
BLACK
6
CONTINUOUS
10
141.2667769999999905
20
-104.1467770000000002
11
141.208753999999999
21
-104.1855460000000022
0
LINE
8
BLACK
6
CONTINUOUS
10
141.208753999999999
20
-104.1855460000000022
11
141.2043149999999798
21
-104.2006639999999891
0
LINE
8
BLACK
6
CONTINUOUS
10
141.2043149999999798
20
-104.2006639999999891
11
141.1934100000000001
21
-104.2151759999999996
0
LINE
8
BLACK
6
CONTINUOUS
10
141.1934100000000001
20
-104.2151759999999996
11
141.1830339999999921
21
-104.2270599999999945
0
LINE
8
BLACK
6
CONTINUOUS
10
141.1830339999999921
20
-104.2270599999999945
11
141.1075249999999812
21
-104.349536999999998
0
LINE
8
BLACK
6
CONTINUOUS
10
141.1075249999999812
20
-104.349536999999998
11
141.0796929999999918
21
-104.4136290000000002
0
LINE
8
BLACK
6
CONTINUOUS
10
141.0796929999999918
20
-104.4136290000000002
11
141.0796289999999829
21
-104.4138169999999946
0
LINE
8
BLACK
6
CONTINUOUS
10
141.0796289999999829
20
-104.4138169999999946
11
141.079338000000007
21
-104.4149319999999932
0
LINE
8
BLACK
6
CONTINUOUS
10
141.079338000000007
20
-104.4149319999999932
11
141.0417520000000025
21
-104.5524149999999963
0
LINE
8
BLACK
6
CONTINUOUS
10
141.0417520000000025
20
-104.5524149999999963
11
141.0417520000000025
21
-104.5524169999999913
0
LINE
8
BLACK
6
CONTINUOUS
10
141.0417520000000025
20
-104.5524169999999913
11
141.0444459999999935
21
-104.6962690000000009
0
LINE
8
BLACK
6
CONTINUOUS
10
141.0444459999999935
20
-104.6962690000000009
11
141.0444459999999935
21
-104.6962709999999959
0
LINE
8
BLACK
6
CONTINUOUS
10
141.0444459999999935
20
-104.6962709999999959
11
141.0556809999999928
21
-104.7652250000000009
0
LINE
8
BLACK
6
CONTINUOUS
10
141.0556809999999928
20
-104.7652250000000009
11
141.0556829999999877
21
-104.7652329999999949
0
LINE
8
BLACK
6
CONTINUOUS
10
141.0556829999999877
20
-104.7652329999999949
11
141.0987939999999981
21
-104.9024929999999927
0
LINE
8
BLACK
6
CONTINUOUS
10
141.0987939999999981
20
-104.9024929999999927
11
141.0987949999999955
21
-104.9024950000000018
0
LINE
8
BLACK
6
CONTINUOUS
10
141.0987949999999955
20
-104.9024950000000018
11
141.1788379999999847
21
-105.0220609999999937
0
LINE
8
BLACK
6
CONTINUOUS
10
141.1788379999999847
20
-105.0220609999999937
11
141.1788410000000056
21
-105.0220649999999978
0
LINE
8
BLACK
6
CONTINUOUS
10
141.1788410000000056
20
-105.0220649999999978
11
141.1921739999999943
21
-105.0368809999999939
0
LINE
8
BLACK
6
CONTINUOUS
10
141.1921739999999943
20
-105.0368809999999939
11
141.2196250000000077
21
-105.0941249999999911
0
LINE
8
BLACK
6
CONTINUOUS
10
141.2196250000000077
20
-105.0941249999999911
11
141.2241709999999841
21
-105.0950299999999942
0
LINE
8
BLACK
6
CONTINUOUS
10
141.2241709999999841
20
-105.0950299999999942
11
141.3052769999999896
21
-105.1492229999999921
0
LINE
8
BLACK
6
CONTINUOUS
10
141.3052769999999896
20
-105.1492229999999921
11
141.3594699999999875
21
-105.2303289999999976
0
LINE
8
BLACK
6
CONTINUOUS
10
141.3594699999999875
20
-105.2303289999999976
11
141.3785000000000025
21
-105.3259999999999934
0
LINE
8
BLACK
6
CONTINUOUS
10
141.3785000000000025
20
-105.3259999999999934
11
141.3785000000000025
21
-107.5259999999999962
0
LINE
8
BLACK
6
CONTINUOUS
10
141.3785000000000025
20
-107.5259999999999962
11
141.3594699999999875
21
-107.6216709999999921
0
LINE
8
BLACK
6
CONTINUOUS
10
141.3594699999999875
20
-107.6216709999999921
11
141.3052769999999896
21
-107.7027769999999975
0
LINE
8
BLACK
6
CONTINUOUS
10
141.3052769999999896
20
-107.7027769999999975
11
141.2241709999999841
21
-107.7569699999999955
0
LINE
8
BLACK
6
CONTINUOUS
10
141.2241709999999841
20
-107.7569699999999955
11
141.2179480000000069
21
-107.7582069999999987
0
LINE
8
BLACK
6
CONTINUOUS
10
141.2179480000000069
20
-107.7582069999999987
11
141.2043149999999798
21
-107.8046389999999946
0
LINE
8
BLACK
6
CONTINUOUS
10
141.2043149999999798
20
-107.8046389999999946
11
141.196551999999997
21
-107.8154059999999959
0
LINE
8
BLACK
6
CONTINUOUS
10
141.196551999999997
20
-107.8154059999999959
11
141.1742969999999957
21
-107.8430209999999931
0
LINE
8
BLACK
6
CONTINUOUS
10
141.1742969999999957
20
-107.8430209999999931
11
141.1742950000000008
21
-107.8430249999999972
0
LINE
8
BLACK
6
CONTINUOUS
10
141.1742950000000008
20
-107.8430249999999972
11
141.1457939999999951
21
-107.8873710000000017
0
LINE
8
BLACK
6
CONTINUOUS
10
141.1457939999999951
20
-107.8873710000000017
11
141.0974199999999996
21
-107.9840119999999928
0
LINE
8
BLACK
6
CONTINUOUS
10
141.0974199999999996
20
-107.9840119999999928
11
141.0974159999999813
21
-107.9840229999999934
0
LINE
8
BLACK
6
CONTINUOUS
10
141.0974159999999813
20
-107.9840229999999934
11
141.0668369999999925
21
-108.1245949999999993
0
LINE
8
BLACK
6
CONTINUOUS
10
141.0668369999999925
20
-108.1245949999999993
11
141.066835999999995
21
-108.1246069999999975
0
LINE
8
BLACK
6
CONTINUOUS
10
141.066835999999995
20
-108.1246069999999975
11
141.0618519999999876
21
-108.1942969999999917
0
LINE
8
BLACK
6
CONTINUOUS
10
141.0618519999999876
20
-108.1942969999999917
11
141.0618519999999876
21
-108.1942999999999984
0
LINE
8
BLACK
6
CONTINUOUS
10
141.0618519999999876
20
-108.1942999999999984
11
141.0632400000000075
21
-108.2137010000000004
0
LINE
8
BLACK
6
CONTINUOUS
10
141.0632400000000075
20
-108.2137010000000004
11
141.0721159999999941
21
-108.3378099999999904
0
LINE
8
BLACK
6
CONTINUOUS
10
141.0721159999999941
20
-108.3378099999999904
11
141.122398000000004
21
-108.4726189999999946
0
LINE
8
BLACK
6
CONTINUOUS
10
141.122398000000004
20
-108.4726189999999946
11
141.1558829999999887
21
-108.5339419999999961
0
LINE
8
BLACK
6
CONTINUOUS
10
141.1558829999999887
20
-108.5339419999999961
11
141.1992669999999919
21
-108.5918959999999913
0
LINE
8
BLACK
6
CONTINUOUS
10
141.1992669999999919
20
-108.5918959999999913
11
141.2210949999999912
21
-108.6504180000000019
0
LINE
8
BLACK
6
CONTINUOUS
10
141.2210949999999912
20
-108.6504180000000019
11
141.2241709999999841
21
-108.6510299999999916
0
LINE
8
BLACK
6
CONTINUOUS
10
141.2241709999999841
20
-108.6510299999999916
11
141.3052769999999896
21
-108.7052229999999895
0
LINE
8
BLACK
6
CONTINUOUS
10
141.3052769999999896
20
-108.7052229999999895
11
141.3594699999999875
21
-108.7863289999999949
0
LINE
8
BLACK
6
CONTINUOUS
10
141.3594699999999875
20
-108.7863289999999949
11
141.3785000000000025
21
-108.8819999999999908
0
LINE
8
BLACK
6
CONTINUOUS
10
141.3785000000000025
20
-108.8819999999999908
11
141.3785000000000025
21
-111.0819999999999936
0
LINE
8
BLACK
6
CONTINUOUS
10
141.3785000000000025
20
-111.0819999999999936
11
141.3594699999999875
21
-111.1776709999999895
0
LINE
8
BLACK
6
CONTINUOUS
10
141.3594699999999875
20
-111.1776709999999895
11
141.3052769999999896
21
-111.2587769999999949
0
LINE
8
BLACK
6
CONTINUOUS
10
141.3052769999999896
20
-111.2587769999999949
11
141.2241709999999841
21
-111.3129699999999929
0
LINE
8
BLACK
6
CONTINUOUS
10
141.2241709999999841
20
-111.3129699999999929
11
141.2153769999999895
21
-111.3147189999999966
0
LINE
8
BLACK
6
CONTINUOUS
10
141.2153769999999895
20
-111.3147189999999966
11
141.2043149999999798
21
-111.3523950000000013
0
LINE
8
BLACK
6
CONTINUOUS
10
141.2043149999999798
20
-111.3523950000000013
11
141.1992649999999969
21
-111.3596689999999967
0
LINE
8
BLACK
6
CONTINUOUS
10
141.1992649999999969
20
-111.3596689999999967
11
141.1870189999999923
21
-111.3760269999999934
0
LINE
8
BLACK
6
CONTINUOUS
10
141.1870189999999923
20
-111.3760269999999934
11
141.1869879999999853
21
-111.3760679999999894
0
LINE
8
BLACK
6
CONTINUOUS
10
141.1869879999999853
20
-111.3760679999999894
11
141.1563879999999926
21
-111.4169059999999973
0
LINE
8
BLACK
6
CONTINUOUS
10
141.1563879999999926
20
-111.4169059999999973
11
141.1562700000000063
21
-111.4171019999999999
0
LINE
8
BLACK
6
CONTINUOUS
10
141.1562700000000063
20
-111.4171019999999999
11
141.1467480000000023
21
-111.4298220000000015
0
LINE
8
BLACK
6
CONTINUOUS
10
141.1467480000000023
20
-111.4298220000000015
11
141.1458039999999983
21
-111.4310419999999908
0
LINE
8
BLACK
6
CONTINUOUS
10
141.1458039999999983
20
-111.4310419999999908
11
141.1455579999999941
21
-111.4314109999999971
0
LINE
8
BLACK
6
CONTINUOUS
10
141.1455579999999941
20
-111.4314109999999971
11
141.0766009999999824
21
-111.557698000000002
0
LINE
8
BLACK
6
CONTINUOUS
10
141.0766009999999824
20
-111.557698000000002
11
141.0460199999999986
21
-111.6982819999999919
0
LINE
8
BLACK
6
CONTINUOUS
10
141.0460199999999986
20
-111.6982819999999919
11
141.0460190000000011
21
-111.6982900000000001
0
LINE
8
BLACK
6
CONTINUOUS
10
141.0460190000000011
20
-111.6982900000000001
11
141.0410349999999937
21
-111.7679819999999893
0
LINE
8
BLACK
6
CONTINUOUS
10
141.0410349999999937
20
-111.7679819999999893
11
141.0512990000000002
21
-111.911492999999993
0
LINE
8
BLACK
6
CONTINUOUS
10
141.0512990000000002
20
-111.911492999999993
11
141.1015809999999817
21
-112.0463019999999972
0
LINE
8
BLACK
6
CONTINUOUS
10
141.1015809999999817
20
-112.0463019999999972
11
141.1350659999999948
21
-112.1076249999999987
0
LINE
8
BLACK
6
CONTINUOUS
10
141.1350659999999948
20
-112.1076249999999987
11
141.1992669999999919
21
-112.1933870000000013
0
LINE
8
BLACK
6
CONTINUOUS
10
141.1992669999999919
20
-112.1933870000000013
11
141.2105579999999918
21
-112.2236580000000004
0
LINE
8
BLACK
6
CONTINUOUS
10
141.2105579999999918
20
-112.2236580000000004
11
141.2667769999999905
21
-112.2612230000000011
0
LINE
8
BLACK
6
CONTINUOUS
10
141.2667769999999905
20
-112.2612230000000011
11
141.3209699999999884
21
-112.3423289999999923
0
LINE
8
BLACK
6
CONTINUOUS
10
141.3209699999999884
20
-112.3423289999999923
11
141.3400000000000034
21
-112.4379999999999882
0
LINE
8
BLACK
6
CONTINUOUS
10
141.3400000000000034
20
-112.4379999999999882
11
141.3400000000000034
21
-114.637999999999991
0
LINE
8
BLACK
6
CONTINUOUS
10
141.3400000000000034
20
-114.637999999999991
11
141.3209699999999884
21
-114.7336710000000011
0
LINE
8
BLACK
6
CONTINUOUS
10
141.3209699999999884
20
-114.7336710000000011
11
141.2667769999999905
21
-114.8147769999999923
0
LINE
8
BLACK
6
CONTINUOUS
10
141.2667769999999905
20
-114.8147769999999923
11
141.185670999999985
21
-114.8689699999999903
0
LINE
8
BLACK
6
CONTINUOUS
10
141.185670999999985
20
-114.8689699999999903
11
141.0900000000000034
21
-114.887999999999991
0
LINE
8
BLACK
6
CONTINUOUS
10
141.0900000000000034
20
-114.887999999999991
11
140.2649999999999864
21
-114.887999999999991
0
LINE
8
BLACK
6
CONTINUOUS
10
140.2649999999999864
20
-114.887999999999991
11
140.1693290000000047
21
-114.8689699999999903
0
LINE
8
BLACK
6
CONTINUOUS
10
140.1693290000000047
20
-114.8689699999999903
11
140.0882229999999993
21
-114.8147769999999923
0
LINE
8
BLACK
6
CONTINUOUS
10
140.0882229999999993
20
-114.8147769999999923
11
140.0836950000000058
21
-114.8079999999999927
0
LINE
8
BLACK
6
CONTINUOUS
10
140.0836950000000058
20
-114.8079999999999927
11
139.7507209999999986
21
-114.8079999999999927
0
LINE
8
BLACK
6
CONTINUOUS
10
139.7507209999999986
20
-114.8079999999999927
11
139.6811139999999796
21
-114.8776069999999976
0
LINE
8
BLACK
6
CONTINUOUS
10
139.6811139999999796
20
-114.8776069999999976
11
139.5696069999999906
21
-114.9344229999999953
0
LINE
8
BLACK
6
CONTINUOUS
10
139.5696069999999906
20
-114.9344229999999953
11
139.445999999999998
21
-114.9539999999999935
0
LINE
8
BLACK
6
CONTINUOUS
10
139.445999999999998
20
-114.9539999999999935
11
139.3223930000000053
21
-114.9344229999999953
0
LINE
8
BLACK
6
CONTINUOUS
10
139.3223930000000053
20
-114.9344229999999953
11
139.2108859999999879
21
-114.8776069999999976
0
LINE
8
BLACK
6
CONTINUOUS
10
139.2108859999999879
20
-114.8776069999999976
11
139.1412789999999973
21
-114.8079999999999927
0
LINE
8
BLACK
6
CONTINUOUS
10
139.1412789999999973
20
-114.8079999999999927
11
138.8083049999999901
21
-114.8079999999999927
0
LINE
8
BLACK
6
CONTINUOUS
10
138.8083049999999901
20
-114.8079999999999927
11
138.8037769999999966
21
-114.8147769999999923
0
LINE
8
BLACK
6
CONTINUOUS
10
138.8037769999999966
20
-114.8147769999999923
11
138.7226709999999912
21
-114.8689699999999903
0
LINE
8
BLACK
6
CONTINUOUS
10
138.7226709999999912
20
-114.8689699999999903
11
138.6269999999999811
21
-114.887999999999991
0
LINE
8
BLACK
6
CONTINUOUS
10
138.6269999999999811
20
-114.887999999999991
11
137.8019999999999925
21
-114.887999999999991
0
LINE
8
BLACK
6
CONTINUOUS
10
137.8019999999999925
20
-114.887999999999991
11
137.7063289999999824
21
-114.8689699999999903
0
LINE
8
BLACK
6
CONTINUOUS
10
137.7063289999999824
20
-114.8689699999999903
11
137.6252230000000054
21
-114.8147769999999923
0
LINE
8
BLACK
6
CONTINUOUS
10
137.6252230000000054
20
-114.8147769999999923
11
137.5710300000000075
21
-114.7336710000000011
0
LINE
8
BLACK
6
CONTINUOUS
10
137.5710300000000075
20
-114.7336710000000011
11
137.5519999999999925
21
-114.637999999999991
0
LINE
8
BLACK
6
CONTINUOUS
10
137.5519999999999925
20
-114.637999999999991
11
137.5519999999999925
21
-112.4379999999999882
0
LINE
8
BLACK
6
CONTINUOUS
10
137.5519999999999925
20
-112.4379999999999882
11
137.5710300000000075
21
-112.3423289999999923
0
LINE
8
BLACK
6
CONTINUOUS
10
137.5710300000000075
20
-112.3423289999999923
11
137.6252230000000054
21
-112.2612230000000011
0
LINE
8
BLACK
6
CONTINUOUS
10
137.6252230000000054
20
-112.2612230000000011
11
137.6831719999999848
21
-112.2225019999999915
0
LINE
8
BLACK
6
CONTINUOUS
10
137.6831719999999848
20
-112.2225019999999915
11
137.6876849999999877
21
-112.2071349999999939
0
LINE
8
BLACK
6
CONTINUOUS
10
137.6876849999999877
20
-112.2071349999999939
11
137.6954439999999806
21
-112.1963729999999941
0
LINE
8
BLACK
6
CONTINUOUS
10
137.6954439999999806
20
-112.1963729999999941
11
137.7562010000000043
21
-112.1209810000000004
0
LINE
8
BLACK
6
CONTINUOUS
10
137.7562010000000043
20
-112.1209810000000004
11
137.7847019999999816
21
-112.0766339999999985
0
LINE
8
BLACK
6
CONTINUOUS
10
137.7847019999999816
20
-112.0766339999999985
11
137.8330809999999929
21
-111.9799849999999992
0
LINE
8
BLACK
6
CONTINUOUS
10
137.8330809999999929
20
-111.9799849999999992
11
137.863664
21
-111.8393930000000012
0
LINE
8
BLACK
6
CONTINUOUS
10
137.863664
20
-111.8393930000000012
11
137.8686480000000074
21
-111.7697009999999977
0
LINE
8
BLACK
6
CONTINUOUS
10
137.8686480000000074
20
-111.7697009999999977
11
137.8583840000000009
21
-111.626189999999994
0
LINE
8
BLACK
6
CONTINUOUS
10
137.8583840000000009
20
-111.626189999999994
11
137.808101999999991
21
-111.4913809999999899
0
LINE
8
BLACK
6
CONTINUOUS
10
137.808101999999991
20
-111.4913809999999899
11
137.7746170000000063
21
-111.4300579999999883
0
LINE
8
BLACK
6
CONTINUOUS
10
137.7746170000000063
20
-111.4300579999999883
11
137.774614999999983
21
-111.4300549999999959
0
LINE
8
BLACK
6
CONTINUOUS
10
137.774614999999983
20
-111.4300549999999959
11
137.692733000000004
21
-111.3206729999999993
0
LINE
8
BLACK
6
CONTINUOUS
10
137.692733000000004
20
-111.3206729999999993
11
137.684393
21
-111.2983119999999957
0
LINE
8
BLACK
6
CONTINUOUS
10
137.684393
20
-111.2983119999999957
11
137.6252230000000054
21
-111.2587769999999949
0
LINE
8
BLACK
6
CONTINUOUS
10
137.6252230000000054
20
-111.2587769999999949
11
137.5710300000000075
21
-111.1776709999999895
0
LINE
8
BLACK
6
CONTINUOUS
10
137.5710300000000075
20
-111.1776709999999895
11
137.5519999999999925
21
-111.0819999999999936
0
LINE
8
BLACK
6
CONTINUOUS
10
137.5519999999999925
20
-111.0819999999999936
11
137.5519999999999925
21
-108.8819999999999908
0
LINE
8
BLACK
6
CONTINUOUS
10
137.5519999999999925
20
-108.8819999999999908
11
137.5710300000000075
21
-108.7863289999999949
0
LINE
8
BLACK
6
CONTINUOUS
10
137.5710300000000075
20
-108.7863289999999949
11
137.6252230000000054
21
-108.7052229999999895
0
LINE
8
BLACK
6
CONTINUOUS
10
137.6252230000000054
20
-108.7052229999999895
11
137.6831719999999848
21
-108.6665019999999942
0
LINE
8
BLACK
6
CONTINUOUS
10
137.6831719999999848
20
-108.6665019999999942
11
137.6876849999999877
21
-108.6511349999999965
0
LINE
8
BLACK
6
CONTINUOUS
10
137.6876849999999877
20
-108.6511349999999965
11
137.6954439999999806
21
-108.6403729999999968
0
LINE
8
BLACK
6
CONTINUOUS
10
137.6954439999999806
20
-108.6403729999999968
11
137.7562010000000043
21
-108.5649809999999889
0
LINE
8
BLACK
6
CONTINUOUS
10
137.7562010000000043
20
-108.5649809999999889
11
137.7847019999999816
21
-108.5206340000000012
0
LINE
8
BLACK
6
CONTINUOUS
10
137.7847019999999816
20
-108.5206340000000012
11
137.8330809999999929
21
-108.4239850000000018
0
LINE
8
BLACK
6
CONTINUOUS
10
137.8330809999999929
20
-108.4239850000000018
11
137.863664
21
-108.2833929999999896
0
LINE
8
BLACK
6
CONTINUOUS
10
137.863664
20
-108.2833929999999896
11
137.8686480000000074
21
-108.2137010000000004
0
LINE
8
BLACK
6
CONTINUOUS
10
137.8686480000000074
20
-108.2137010000000004
11
137.8583840000000009
21
-108.0701899999999966
0
LINE
8
BLACK
6
CONTINUOUS
10
137.8583840000000009
20
-108.0701899999999966
11
137.808101999999991
21
-107.9353809999999925
0
LINE
8
BLACK
6
CONTINUOUS
10
137.808101999999991
20
-107.9353809999999925
11
137.7746170000000063
21
-107.8740579999999909
0
LINE
8
BLACK
6
CONTINUOUS
10
137.7746170000000063
20
-107.8740579999999909
11
137.7513830000000041
21
-107.8430209999999931
0
LINE
8
BLACK
6
CONTINUOUS
10
137.7513830000000041
20
-107.8430209999999931
11
137.692733000000004
21
-107.7646730000000019
0
LINE
8
BLACK
6
CONTINUOUS
10
137.692733000000004
20
-107.7646730000000019
11
137.684393
21
-107.7423119999999983
0
LINE
8
BLACK
6
CONTINUOUS
10
137.684393
20
-107.7423119999999983
11
137.6252230000000054
21
-107.7027769999999975
0
LINE
8
BLACK
6
CONTINUOUS
10
137.6252230000000054
20
-107.7027769999999975
11
137.5710300000000075
21
-107.6216709999999921
0
LINE
8
BLACK
6
CONTINUOUS
10
137.5710300000000075
20
-107.6216709999999921
11
137.5519999999999925
21
-107.5259999999999962
0
LINE
8
BLACK
6
CONTINUOUS
10
137.5519999999999925
20
-107.5259999999999962
11
137.5519999999999925
21
-105.3259999999999934
0
LINE
8
BLACK
6
CONTINUOUS
10
137.5519999999999925
20
-105.3259999999999934
11
137.5710300000000075
21
-105.2303289999999976
0
LINE
8
BLACK
6
CONTINUOUS
10
137.5710300000000075
20
-105.2303289999999976
11
137.6252230000000054
21
-105.1492229999999921
0
LINE
8
BLACK
6
CONTINUOUS
10
137.6252230000000054
20
-105.1492229999999921
11
137.6831719999999848
21
-105.1105019999999968
0
LINE
8
BLACK
6
CONTINUOUS
10
137.6831719999999848
20
-105.1105019999999968
11
137.6876849999999877
21
-105.0951349999999991
0
LINE
8
BLACK
6
CONTINUOUS
10
137.6876849999999877
20
-105.0951349999999991
11
137.6954439999999806
21
-105.0843729999999994
0
LINE
8
BLACK
6
CONTINUOUS
10
137.6954439999999806
20
-105.0843729999999994
11
137.7562010000000043
21
-105.0089809999999915
0
LINE
8
BLACK
6
CONTINUOUS
10
137.7562010000000043
20
-105.0089809999999915
11
137.7847019999999816
21
-104.9646339999999896
0
LINE
8
BLACK
6
CONTINUOUS
10
137.7847019999999816
20
-104.9646339999999896
11
137.8330809999999929
21
-104.8679849999999902
0
LINE
8
BLACK
6
CONTINUOUS
10
137.8330809999999929
20
-104.8679849999999902
11
137.855433000000005
21
-104.7652329999999949
0
LINE
8
BLACK
6
CONTINUOUS
10
137.855433000000005
20
-104.7652329999999949
11
137.863662000000005
21
-104.7274039999999928
0
LINE
8
BLACK
6
CONTINUOUS
10
137.863662000000005
20
-104.7274039999999928
11
137.863662000000005
21
-104.7274010000000004
0
LINE
8
BLACK
6
CONTINUOUS
10
137.863662000000005
20
-104.7274010000000004
11
137.863664
21
-104.7273929999999922
0
LINE
8
BLACK
6
CONTINUOUS
10
137.863664
20
-104.7273929999999922
11
137.8686480000000074
21
-104.6577009999999888
0
LINE
8
BLACK
6
CONTINUOUS
10
137.8686480000000074
20
-104.6577009999999888
11
137.8583840000000009
21
-104.5141899999999993
0
LINE
8
BLACK
6
CONTINUOUS
10
137.8583840000000009
20
-104.5141899999999993
11
137.808101999999991
21
-104.3793809999999951
0
LINE
8
BLACK
6
CONTINUOUS
10
137.808101999999991
20
-104.3793809999999951
11
137.7746170000000063
21
-104.3180579999999935
0
LINE
8
BLACK
6
CONTINUOUS
10
137.7746170000000063
20
-104.3180579999999935
11
137.774614999999983
21
-104.3180550000000011
0
LINE
8
BLACK
6
CONTINUOUS
10
137.774614999999983
20
-104.3180550000000011
11
137.692733000000004
21
-104.2086729999999903
0
LINE
8
BLACK
6
CONTINUOUS
10
137.692733000000004
20
-104.2086729999999903
11
137.684393
21
-104.1863120000000009
0
LINE
8
BLACK
6
CONTINUOUS
10
137.684393
20
-104.1863120000000009
11
137.6252230000000054
21
-104.1467770000000002
0
LINE
8
BLACK
6
CONTINUOUS
10
137.6252230000000054
20
-104.1467770000000002
11
137.5710300000000075
21
-104.0656709999999947
0
LINE
8
BLACK
6
CONTINUOUS
10
137.5710300000000075
20
-104.0656709999999947
11
137.5519999999999925
21
-103.9699999999999989
0
LINE
8
BLACK
6
CONTINUOUS
10
137.5519999999999925
20
-103.9699999999999989
11
137.5519999999999925
21
-101.769999999999996
0
LINE
8
BLACK
6
CONTINUOUS
10
137.5519999999999925
20
-101.769999999999996
11
137.5710300000000075
21
-101.6743290000000002
0
LINE
8
BLACK
6
CONTINUOUS
10
137.5710300000000075
20
-101.6743290000000002
11
137.6252230000000054
21
-101.5932229999999947
0
LINE
8
BLACK
6
CONTINUOUS
10
137.6252230000000054
20
-101.5932229999999947
11
137.6831719999999848
21
-101.5545019999999994
0
LINE
8
BLACK
6
CONTINUOUS
10
137.6831719999999848
20
-101.5545019999999994
11
137.6876849999999877
21
-101.5391350000000017
0
LINE
8
BLACK
6
CONTINUOUS
10
137.6876849999999877
20
-101.5391350000000017
11
137.6954439999999806
21
-101.528373000000002
0
LINE
8
BLACK
6
CONTINUOUS
10
137.6954439999999806
20
-101.528373000000002
11
137.7562010000000043
21
-101.4529809999999941
0
LINE
8
BLACK
6
CONTINUOUS
10
137.7562010000000043
20
-101.4529809999999941
11
137.7847019999999816
21
-101.4086339999999922
0
LINE
8
BLACK
6
CONTINUOUS
10
137.7847019999999816
20
-101.4086339999999922
11
137.8330809999999929
21
-101.3119849999999929
0
LINE
8
BLACK
6
CONTINUOUS
10
137.8330809999999929
20
-101.3119849999999929
11
137.863664
21
-101.1713929999999948
0
LINE
8
BLACK
6
CONTINUOUS
10
137.863664
20
-101.1713929999999948
11
137.8686480000000074
21
-101.1017009999999914
0
LINE
8
BLACK
6
CONTINUOUS
10
137.8686480000000074
20
-101.1017009999999914
11
137.8583840000000009
21
-100.9581900000000019
0
LINE
8
BLACK
6
CONTINUOUS
10
137.8583840000000009
20
-100.9581900000000019
11
137.808101999999991
21
-100.8233809999999977
0
LINE
8
BLACK
6
CONTINUOUS
10
137.808101999999991
20
-100.8233809999999977
11
137.7746170000000063
21
-100.7620579999999961
0
LINE
8
BLACK
6
CONTINUOUS
10
137.7746170000000063
20
-100.7620579999999961
11
137.774614999999983
21
-100.7620549999999895
0
LINE
8
BLACK
6
CONTINUOUS
10
137.774614999999983
20
-100.7620549999999895
11
137.692733000000004
21
-100.652672999999993
0
LINE
8
BLACK
6
CONTINUOUS
10
137.692733000000004
20
-100.652672999999993
11
137.684393
21
-100.6303119999999893
0
LINE
8
BLACK
6
CONTINUOUS
10
137.684393
20
-100.6303119999999893
11
137.6252230000000054
21
-100.5907769999999886
0
LINE
8
BLACK
6
CONTINUOUS
10
137.6252230000000054
20
-100.5907769999999886
11
137.5710300000000075
21
-100.5096709999999973
0
LINE
8
BLACK
6
CONTINUOUS
10
137.5710300000000075
20
-100.5096709999999973
11
137.5519999999999925
21
-100.4140000000000015
0
LINE
8
BLACK
6
CONTINUOUS
10
137.5519999999999925
20
-100.4140000000000015
11
137.5519999999999925
21
-98.2139999999999986
0
LINE
8
BLACK
6
CONTINUOUS
10
137.5519999999999925
20
-98.2139999999999986
11
137.5710300000000075
21
-98.1183289999999886
0
LINE
8
BLACK
6
CONTINUOUS
10
137.5710300000000075
20
-98.1183289999999886
11
137.6252230000000054
21
-98.0372229999999973
0
LINE
8
BLACK
6
CONTINUOUS
10
137.6252230000000054
20
-98.0372229999999973
11
137.6831719999999848
21
-97.998502000000002
0
LINE
8
BLACK
6
CONTINUOUS
10
137.6831719999999848
20
-97.998502000000002
11
137.6876849999999877
21
-97.9831349999999901
0
LINE
8
BLACK
6
CONTINUOUS
10
137.6876849999999877
20
-97.9831349999999901
11
137.6954439999999806
21
-97.9723729999999904
0
LINE
8
BLACK
6
CONTINUOUS
10
137.6954439999999806
20
-97.9723729999999904
11
137.7562010000000043
21
-97.8969809999999967
0
LINE
8
BLACK
6
CONTINUOUS
10
137.7562010000000043
20
-97.8969809999999967
11
137.7847019999999816
21
-97.8526339999999948
0
LINE
8
BLACK
6
CONTINUOUS
10
137.7847019999999816
20
-97.8526339999999948
11
137.8330809999999929
21
-97.7559849999999955
0
LINE
8
BLACK
6
CONTINUOUS
10
137.8330809999999929
20
-97.7559849999999955
11
137.863664
21
-97.6153929999999974
0
LINE
8
BLACK
6
CONTINUOUS
10
137.863664
20
-97.6153929999999974
11
137.8686480000000074
21
-97.545700999999994
0
LINE
8
BLACK
6
CONTINUOUS
10
137.8686480000000074
20
-97.545700999999994
11
137.8583840000000009
21
-97.4021899999999903
0
LINE
8
BLACK
6
CONTINUOUS
10
137.8583840000000009
20
-97.4021899999999903
11
137.808101999999991
21
-97.2673810000000003
0
LINE
8
BLACK
6
CONTINUOUS
10
137.808101999999991
20
-97.2673810000000003
11
137.7746170000000063
21
-97.2060579999999987
0
LINE
8
BLACK
6
CONTINUOUS
10
137.7746170000000063
20
-97.2060579999999987
11
137.774614999999983
21
-97.2060549999999921
0
LINE
8
BLACK
6
CONTINUOUS
10
137.774614999999983
20
-97.2060549999999921
11
137.692733000000004
21
-97.0966729999999956
0
LINE
8
BLACK
6
CONTINUOUS
10
137.692733000000004
20
-97.0966729999999956
11
137.684393
21
-97.0743119999999919
0
LINE
8
BLACK
6
CONTINUOUS
10
137.684393
20
-97.0743119999999919
11
137.6252230000000054
21
-97.0347769999999912
0
LINE
8
BLACK
6
CONTINUOUS
10
137.6252230000000054
20
-97.0347769999999912
11
137.5710300000000075
21
-96.9536709999999999
0
LINE
8
BLACK
6
CONTINUOUS
10
137.5710300000000075
20
-96.9536709999999999
11
137.5519999999999925
21
-96.8579999999999899
0
LINE
8
BLACK
6
CONTINUOUS
10
137.5519999999999925
20
-96.8579999999999899
11
137.5519999999999925
21
-94.6580000000000013
0
LINE
8
BLACK
6
CONTINUOUS
10
137.5519999999999925
20
-94.6580000000000013
11
137.5710300000000075
21
-94.5623289999999912
0
LINE
8
BLACK
6
CONTINUOUS
10
137.5710300000000075
20
-94.5623289999999912
11
137.6252230000000054
21
-94.481223
0
LINE
8
BLACK
6
CONTINUOUS
10
137.6252230000000054
20
-94.481223
11
137.6831719999999848
21
-94.4425019999999904
0
LINE
8
BLACK
6
CONTINUOUS
10
137.6831719999999848
20
-94.4425019999999904
11
137.6876849999999877
21
-94.4271349999999927
0
LINE
8
BLACK
6
CONTINUOUS
10
137.6876849999999877
20
-94.4271349999999927
11
137.6954439999999806
21
-94.416372999999993
0
LINE
8
BLACK
6
CONTINUOUS
10
137.6954439999999806
20
-94.416372999999993
11
137.7562010000000043
21
-94.3409809999999993
0
LINE
8
BLACK
6
CONTINUOUS
10
137.7562010000000043
20
-94.3409809999999993
11
137.7847019999999816
21
-94.2966339999999974
0
LINE
8
BLACK
6
CONTINUOUS
10
137.7847019999999816
20
-94.2966339999999974
11
137.8330809999999929
21
-94.1999849999999981
0
LINE
8
BLACK
6
CONTINUOUS
10
137.8330809999999929
20
-94.1999849999999981
11
137.863664
21
-94.059393
0
LINE
8
BLACK
6
CONTINUOUS
10
137.863664
20
-94.059393
11
137.8686480000000074
21
-93.9897009999999966
0
LINE
8
BLACK
6
CONTINUOUS
10
137.8686480000000074
20
-93.9897009999999966
11
137.8583840000000009
21
-93.8461899999999929
0
LINE
8
BLACK
6
CONTINUOUS
10
137.8583840000000009
20
-93.8461899999999929
11
137.808101999999991
21
-93.7113809999999887
0
LINE
8
BLACK
6
CONTINUOUS
10
137.808101999999991
20
-93.7113809999999887
11
137.7746170000000063
21
-93.6500580000000014
0
LINE
8
BLACK
6
CONTINUOUS
10
137.7746170000000063
20
-93.6500580000000014
11
137.774614999999983
21
-93.6500549999999947
0
LINE
8
BLACK
6
CONTINUOUS
10
137.774614999999983
20
-93.6500549999999947
11
137.692733000000004
21
-93.5406729999999982
0
LINE
8
BLACK
6
CONTINUOUS
10
137.692733000000004
20
-93.5406729999999982
11
137.684393
21
-93.5183119999999946
0
LINE
8
BLACK
6
CONTINUOUS
10
137.684393
20
-93.5183119999999946
11
137.6252230000000054
21
-93.4787769999999938
0
LINE
8
BLACK
6
CONTINUOUS
10
137.6252230000000054
20
-93.4787769999999938
11
137.5710300000000075
21
-93.3976710000000026
0
LINE
8
BLACK
6
CONTINUOUS
10
137.5710300000000075
20
-93.3976710000000026
11
137.5519999999999925
21
-93.3019999999999925
0
LINE
8
BLACK
6
CONTINUOUS
10
137.5519999999999925
20
-93.3019999999999925
11
137.5519999999999925
21
-91.1019999999999897
0
LINE
8
BLACK
6
CONTINUOUS
10
137.5519999999999925
20
-91.1019999999999897
11
137.5710300000000075
21
-91.0063289999999938
0
LINE
8
BLACK
6
CONTINUOUS
10
137.5710300000000075
20
-91.0063289999999938
11
137.6252230000000054
21
-90.9252230000000026
0
LINE
8
BLACK
6
CONTINUOUS
10
137.6252230000000054
20
-90.9252230000000026
11
137.7063289999999824
21
-90.8710299999999904
0
LINE
8
BLACK
6
CONTINUOUS
10
137.7063289999999824
20
-90.8710299999999904
11
137.8019999999999925
21
-90.8519999999999897
0
LINE
8
BLACK
6
CONTINUOUS
10
137.8019999999999925
20
-90.8519999999999897
11
138.6269999999999811
21
-90.8519999999999897
0
LINE
8
BLACK
6
CONTINUOUS
10
138.6269999999999811
20
-90.8519999999999897
11
138.6545979999999929
21
-90.8574890000000011
0
LINE
8
BLACK
6
CONTINUOUS
10
138.6545979999999929
20
-90.8574890000000011
11
138.6574849999999799
21
-90.8576359999999994
0
LINE
8
BLACK
6
CONTINUOUS
10
138.6574849999999799
20
-90.8576359999999994
11
138.6598050000000057
21
-90.8578729999999979
0
LINE
8
BLACK
6
CONTINUOUS
10
138.6598050000000057
20
-90.8578729999999979
11
138.6862359999999796
21
-90.8635269999999906
0
LINE
8
BLACK
6
CONTINUOUS
10
138.6862359999999796
20
-90.8635269999999906
11
138.6881659999999954
21
-90.8641659999999973
0
LINE
8
BLACK
6
CONTINUOUS
10
138.6881659999999954
20
-90.8641659999999973
11
138.7226709999999912
21
-90.8710299999999904
0
LINE
8
BLACK
6
CONTINUOUS
10
138.7226709999999912
20
-90.8710299999999904
11
138.7362410000000068
21
-90.8800969999999921
0
LINE
8
BLACK
6
CONTINUOUS
10
138.7362410000000068
20
-90.8800969999999921
11
138.7489039999999818
21
-90.884293999999997
0
LINE
8
BLACK
6
CONTINUOUS
10
138.7489039999999818
20
-90.884293999999997
11
138.7489170000000058
21
-90.8842969999999895
0
LINE
8
BLACK
6
CONTINUOUS
10
138.7489170000000058
20
-90.8842969999999895
11
138.7489180000000033
21
-90.8842980000000011
0
LINE
8
BLACK
6
CONTINUOUS
10
138.7489180000000033
20
-90.8842980000000011
11
138.7896580000000029
21
-90.8959270000000004
0
LINE
8
BLACK
6
CONTINUOUS
10
138.7896580000000029
20
-90.8959270000000004
11
138.8098469999999907
21
-90.9007849999999991
0
LINE
8
BLACK
6
CONTINUOUS
10
138.8098469999999907
20
-90.9007849999999991
11
138.8514099999999871
21
-90.9089609999999908
0
LINE
8
BLACK
6
CONTINUOUS
10
138.8514099999999871
20
-90.9089609999999908
11
138.9569170000000042
21
-90.9099640000000022
0
LINE
8
BLACK
6
CONTINUOUS
10
138.9569170000000042
20
-90.9099640000000022
11
138.9952799999999797
21
-90.9103300000000019
0
LINE
8
BLACK
6
CONTINUOUS
10
138.9952799999999797
20
-90.9103300000000019
11
138.9952799999999797
21
-90.9103289999999902
0
LINE
8
BLACK
6
CONTINUOUS
10
138.9952799999999797
20
-90.9103289999999902
11
138.9952839999999981
21
-90.9103300000000019
0
LINE
8
BLACK
6
CONTINUOUS
10
138.9952839999999981
20
-90.9103300000000019
11
139.0563300000000027
21
-90.9021439999999927
0
LINE
8
BLACK
6
CONTINUOUS
10
139.0563300000000027
20
-90.9021439999999927
11
139.0568779999999833
21
-90.9021079999999984
0
LINE
8
BLACK
6
CONTINUOUS
10
139.0568779999999833
20
-90.9021079999999984
11
139.0644130000000018
21
-90.9010609999999986
0
LINE
8
BLACK
6
CONTINUOUS
10
139.0644130000000018
20
-90.9010609999999986
11
139.0645339999999806
21
-90.9010449999999963
0
LINE
8
BLACK
6
CONTINUOUS
10
139.0645339999999806
20
-90.9010449999999963
11
139.0645350000000064
21
-90.9010449999999963
0
LINE
8
BLACK
6
CONTINUOUS
10
139.0645350000000064
20
-90.9010449999999963
11
139.2029660000000035
21
-90.8618239999999986
0
LINE
8
BLACK
6
CONTINUOUS
10
139.2029660000000035
20
-90.8618239999999986
11
139.2745999999999924
21
-90.8299279999999953
0
LINE
8
BLACK
6
CONTINUOUS
10
139.2745999999999924
20
-90.8299279999999953
11
139.3223930000000053
21
-90.8055769999999995
0
LINE
8
BLACK
6
CONTINUOUS
10
139.3223930000000053
20
-90.8055769999999995
11
139.3753749999999911
21
-90.7971849999999989
0
LINE
8
BLACK
6
CONTINUOUS
10
139.3753749999999911
20
-90.7971849999999989
11
139.3917359999999803
21
-90.7937089999999927
0
LINE
8
BLACK
6
CONTINUOUS
10
139.3917359999999803
20
-90.7937089999999927
11
139.4083499999999844
21
-90.7919629999999955
0
LINE
8
BLACK
6
CONTINUOUS
10
139.4083499999999844
20
-90.7919629999999955
11
139.445999999999998
21
-90.7860000000000014
0
LINE
8
BLACK
6
CONTINUOUS
10
139.445999999999998
20
-90.7860000000000014
11
139.4836509999999805
21
-90.7919629999999955
0
LINE
8
BLACK
6
CONTINUOUS
10
145.919606999999985
20
-87.7575769999999977
11
146.0311140000000023
21
-87.8143929999999955
0
LINE
8
BLACK
6
CONTINUOUS
10
146.0311140000000023
20
-87.8143929999999955
11
146.119607000000002
21
-87.9028859999999952
0
LINE
8
BLACK
6
CONTINUOUS
10
146.119607000000002
20
-87.9028859999999952
11
146.1764229999999998
21
-88.0143929999999983
0
LINE
8
BLACK
6
CONTINUOUS
10
146.1764229999999998
20
-88.0143929999999983
11
146.195999999999998
21
-88.137999999999991
0
LINE
8
BLACK
6
CONTINUOUS
10
146.195999999999998
20
-88.137999999999991
11
146.5679069999999911
21
-88.137999999999991
0
LINE
8
BLACK
6
CONTINUOUS
10
146.5679069999999911
20
-88.137999999999991
11
146.5800610000000006
21
-88.1385969999999901
0
LINE
8
BLACK
6
CONTINUOUS
10
146.5800610000000006
20
-88.1385969999999901
11
146.7569409999999834
21
-88.1560180000000031
0
LINE
8
BLACK
6
CONTINUOUS
10
146.7569409999999834
20
-88.1560180000000031
11
146.7807689999999923
21
-88.1607569999999896
0
LINE
8
BLACK
6
CONTINUOUS
10
146.7807689999999923
20
-88.1607569999999896
11
146.9084100000000035
21
-88.19947599999999
0
LINE
8
BLACK
6
CONTINUOUS
10
146.9084100000000035
20
-88.19947599999999
11
146.927108000000004
21
-88.1841319999999911
0
LINE
8
BLACK
6
CONTINUOUS
10
146.927108000000004
20
-88.1841319999999911
11
147.0172279999999887
21
-88.1468029999999914
0
LINE
8
BLACK
6
CONTINUOUS
10
147.0172279999999887
20
-88.1468029999999914
11
147.0172369999999944
21
-88.1468029999999914
0
LINE
8
BLACK
6
CONTINUOUS
10
147.0172369999999944
20
-88.1468029999999914
11
147.0660000000000025
21
-88.1419999999999959
0
LINE
8
BLACK
6
CONTINUOUS
10
147.0660000000000025
20
-88.1419999999999959
11
158.4959999999999809
21
-88.1419999999999959
0
LINE
8
BLACK
6
CONTINUOUS
10
158.4959999999999809
20
-88.1419999999999959
11
158.5447729999999922
21
-88.146804000000003
0
LINE
8
BLACK
6
CONTINUOUS
10
158.5447729999999922
20
-88.146804000000003
11
158.6348930000000053
21
-88.1841330000000028
0
LINE
8
BLACK
6
CONTINUOUS
10
158.6348930000000053
20
-88.1841330000000028
11
158.6348969999999952
21
-88.1841369999999927
0
LINE
8
BLACK
6
CONTINUOUS
10
158.6348969999999952
20
-88.1841369999999927
11
158.6727769999999964
21
-88.2152229999999946
0
LINE
8
BLACK
6
CONTINUOUS
10
158.6727769999999964
20
-88.2152229999999946
11
160.9959029999999984
21
-90.5383499999999941
0
LINE
8
BLACK
6
CONTINUOUS
10
160.9959029999999984
20
-90.5383499999999941
11
161.0360000000000014
21
-90.5319999999999965
0
LINE
8
BLACK
6
CONTINUOUS
10
161.0360000000000014
20
-90.5319999999999965
11
161.1596069999999941
21
-90.5515769999999947
0
LINE
8
BLACK
6
CONTINUOUS
10
161.1596069999999941
20
-90.5515769999999947
11
161.271113999999983
21
-90.6083929999999924
0
LINE
8
BLACK
6
CONTINUOUS
10
161.271113999999983
20
-90.6083929999999924
11
161.3596069999999827
21
-90.6968859999999921
0
LINE
8
BLACK
6
CONTINUOUS
10
161.3596069999999827
20
-90.6968859999999921
11
161.4164229999999804
21
-90.8083929999999953
0
LINE
8
BLACK
6
CONTINUOUS
10
161.4164229999999804
20
-90.8083929999999953
11
161.4359999999999786
21
-90.9320000000000022
0
LINE
8
BLACK
6
CONTINUOUS
10
161.4359999999999786
20
-90.9320000000000022
11
161.4164229999999804
21
-91.0556069999999949
0
LINE
8
BLACK
6
CONTINUOUS
10
161.4164229999999804
20
-91.0556069999999949
11
161.3596069999999827
21
-91.167113999999998
0
LINE
8
BLACK
6
CONTINUOUS
10
161.3596069999999827
20
-91.167113999999998
11
161.271113999999983
21
-91.2556069999999977
0
LINE
8
BLACK
6
CONTINUOUS
10
161.271113999999983
20
-91.2556069999999977
11
161.1596069999999941
21
-91.3124229999999955
0
LINE
8
BLACK
6
CONTINUOUS
10
161.1596069999999941
20
-91.3124229999999955
11
161.0360000000000014
21
-91.3319999999999936
0
LINE
8
BLACK
6
CONTINUOUS
10
161.0360000000000014
20
-91.3319999999999936
11
160.9123929999999802
21
-91.3124229999999955
0
LINE
8
BLACK
6
CONTINUOUS
10
160.9123929999999802
20
-91.3124229999999955
11
160.8008859999999913
21
-91.2556069999999977
0
LINE
8
BLACK
6
CONTINUOUS
10
160.8008859999999913
20
-91.2556069999999977
11
160.7123929999999916
21
-91.167113999999998
0
LINE
8
BLACK
6
CONTINUOUS
10
160.7123929999999916
20
-91.167113999999998
11
160.6555769999999939
21
-91.0556069999999949
0
LINE
8
BLACK
6
CONTINUOUS
10
160.6555769999999939
20
-91.0556069999999949
11
160.6359999999999957
21
-90.9320000000000022
0
LINE
8
BLACK
6
CONTINUOUS
10
160.6359999999999957
20
-90.9320000000000022
11
160.6423499999999933
21
-90.8919029999999992
0
LINE
8
BLACK
6
CONTINUOUS
10
160.6423499999999933
20
-90.8919029999999992
11
158.3924460000000067
21
-88.6419999999999959
0
LINE
8
BLACK
6
CONTINUOUS
10
158.3924460000000067
20
-88.6419999999999959
11
147.437310999999994
21
-88.6419999999999959
0
LINE
8
BLACK
6
CONTINUOUS
10
147.437310999999994
20
-88.6419999999999959
11
147.4921209999999974
21
-88.7445429999999931
0
LINE
8
BLACK
6
CONTINUOUS
10
147.4921209999999974
20
-88.7445429999999931
11
147.5014239999999859
21
-88.7670009999999934
0
LINE
8
BLACK
6
CONTINUOUS
10
147.5014239999999859
20
-88.7670009999999934
11
147.5512400000000071
21
-88.9312240000000003
0
LINE
8
BLACK
6
CONTINUOUS
10
147.5512400000000071
20
-88.9312240000000003
11
147.5559820000000002
21
-88.9550649999999905
0
LINE
8
BLACK
6
CONTINUOUS
10
147.5559820000000002
20
-88.9550649999999905
11
147.5734029999999848
21
-89.131937999999991
0
LINE
8
BLACK
6
CONTINUOUS
10
147.5734029999999848
20
-89.131937999999991
11
147.5739999999999839
21
-89.1440920000000006
0
LINE
8
BLACK
6
CONTINUOUS
10
147.5739999999999839
20
-89.1440920000000006
11
147.5739999999999839
21
-118.6279069999999933
0
LINE
8
BLACK
6
CONTINUOUS
10
147.5739999999999839
20
-118.6279069999999933
11
147.5734029999999848
21
-118.6400609999999887
0
LINE
8
BLACK
6
CONTINUOUS
10
147.5734029999999848
20
-118.6400609999999887
11
147.5559820000000002
21
-118.8169339999999892
0
LINE
8
BLACK
6
CONTINUOUS
10
147.5559820000000002
20
-118.8169339999999892
11
147.5512400000000071
21
-118.8407749999999936
0
LINE
8
BLACK
6
CONTINUOUS
10
147.5512400000000071
20
-118.8407749999999936
11
147.5014239999999859
21
-119.0049980000000005
0
LINE
8
BLACK
6
CONTINUOUS
10
147.5014239999999859
20
-119.0049980000000005
11
147.4921209999999974
21
-119.0274560000000008
0
LINE
8
BLACK
6
CONTINUOUS
10
147.4921209999999974
20
-119.0274560000000008
11
147.4112269999999967
21
-119.1787980000000005
0
LINE
8
BLACK
6
CONTINUOUS
10
147.4112269999999967
20
-119.1787980000000005
11
147.3977219999999875
21
-119.1990100000000012
0
LINE
8
BLACK
6
CONTINUOUS
10
147.3977219999999875
20
-119.1990100000000012
11
147.2888539999999864
21
-119.3316659999999985
0
LINE
8
BLACK
6
CONTINUOUS
10
147.2888539999999864
20
-119.3316659999999985
11
147.2789850000000058
21
-119.3415339999999958
0
LINE
8
BLACK
6
CONTINUOUS
10
147.2789850000000058
20
-119.3415339999999958
11
147.2872399999999971
21
-119.4832499999999982
0
LINE
8
BLACK
6
CONTINUOUS
10
147.2872399999999971
20
-119.4832499999999982
11
147.2669549999999958
21
-119.8315289999999891
0
LINE
8
BLACK
6
CONTINUOUS
10
147.2669549999999958
20
-119.8315289999999891
11
147.20637499999998
21
-120.1750979999999913
0
LINE
8
BLACK
6
CONTINUOUS
10
147.20637499999998
20
-120.1750979999999913
11
147.1063179999999875
21
-120.5093099999999993
0
LINE
8
BLACK
6
CONTINUOUS
10
147.1063179999999875
20
-120.5093099999999993
11
146.968137999999982
21
-120.8296479999999917
0
LINE
8
BLACK
6
CONTINUOUS
10
146.968137999999982
20
-120.8296479999999917
11
146.7937029999999936
21
-121.1317769999999996
0
LINE
8
BLACK
6
CONTINUOUS
10
146.7937029999999936
20
-121.1317769999999996
11
146.5853730000000041
21
-121.4116129999999885
0
LINE
8
BLACK
6
CONTINUOUS
10
146.5853730000000041
20
-121.4116129999999885
11
146.3459650000000067
21
-121.6653709999999933
0
LINE
8
BLACK
6
CONTINUOUS
10
146.3459650000000067
20
-121.6653709999999933
11
146.0787159999999858
21
-121.8896199999999936
0
LINE
8
BLACK
6
CONTINUOUS
10
146.0787159999999858
20
-121.8896199999999936
11
145.7872399999999971
21
-122.08132599999999
0
LINE
8
BLACK
6
CONTINUOUS
10
145.7872399999999971
20
-122.08132599999999
11
145.4754790000000071
21
-122.2378980000000013
0
LINE
8
BLACK
6
CONTINUOUS
10
145.4754790000000071
20
-122.2378980000000013
11
145.1476499999999987
21
-122.3572190000000006
0
LINE
8
BLACK
6
CONTINUOUS
10
145.1476499999999987
20
-122.3572190000000006
11
144.8081849999999804
21
-122.4376729999999895
0
LINE
8
BLACK
6
CONTINUOUS
10
144.8081849999999804
20
-122.4376729999999895
11
144.4616739999999879
21
-122.4781739999999957
0
LINE
8
BLACK
6
CONTINUOUS
10
144.4616739999999879
20
-122.4781739999999957
11
144.1128060000000062
21
-122.4781739999999957
0
LINE
8
BLACK
6
CONTINUOUS
10
144.1128060000000062
20
-122.4781739999999957
11
143.7662949999999853
21
-122.4376729999999895
0
LINE
8
BLACK
6
CONTINUOUS
10
143.7662949999999853
20
-122.4376729999999895
11
143.4268299999999954
21
-122.3572190000000006
0
LINE
8
BLACK
6
CONTINUOUS
10
143.4268299999999954
20
-122.3572190000000006
11
143.099000999999987
21
-122.2378980000000013
0
LINE
8
BLACK
6
CONTINUOUS
10
143.099000999999987
20
-122.2378980000000013
11
142.7872399999999971
21
-122.08132599999999
0
LINE
8
BLACK
6
CONTINUOUS
10
142.7872399999999971
20
-122.08132599999999
11
142.4957639999999799
21
-121.8896199999999936
0
LINE
8
BLACK
6
CONTINUOUS
10
142.4957639999999799
20
-121.8896199999999936
11
142.2285149999999874
21
-121.6653709999999933
0
LINE
8
BLACK
6
CONTINUOUS
10
142.2285149999999874
20
-121.6653709999999933
11
141.98910699999999
21
-121.4116129999999885
0
LINE
8
BLACK
6
CONTINUOUS
10
141.98910699999999
20
-121.4116129999999885
11
141.7807770000000005
21
-121.1317769999999996
0
LINE
8
BLACK
6
CONTINUOUS
10
141.7807770000000005
20
-121.1317769999999996
11
141.6063419999999837
21
-120.8296479999999917
0
LINE
8
BLACK
6
CONTINUOUS
10
141.6063419999999837
20
-120.8296479999999917
11
141.4681620000000066
21
-120.5093099999999993
0
LINE
8
BLACK
6
CONTINUOUS
10
141.4681620000000066
20
-120.5093099999999993
11
141.3681049999999857
21
-120.1750979999999913
0
LINE
8
BLACK
6
CONTINUOUS
10
141.3681049999999857
20
-120.1750979999999913
11
141.3075249999999983
21
-119.8315289999999891
0
LINE
8
BLACK
6
CONTINUOUS
10
141.3075249999999983
20
-119.8315289999999891
11
141.2960199999999986
21
-119.6340000000000003
0
LINE
8
BLACK
6
CONTINUOUS
10
141.2960199999999986
20
-119.6340000000000003
11
131.7605580000000032
21
-119.6340000000000003
0
LINE
8
BLACK
6
CONTINUOUS
10
131.7605580000000032
20
-119.6340000000000003
11
131.6935189999999807
21
-119.6143149999999906
0
LINE
8
BLACK
6
CONTINUOUS
10
131.6935189999999807
20
-119.6143149999999906
11
131.6477639999999951
21
-119.5615109999999959
0
LINE
8
BLACK
6
CONTINUOUS
10
131.6477639999999951
20
-119.5615109999999959
11
131.6378200000000049
21
-119.4923529999999943
0
LINE
8
BLACK
6
CONTINUOUS
10
131.6378200000000049
20
-119.4923529999999943
11
131.666844999999995
21
-119.4287969999999888
0
LINE
8
BLACK
6
CONTINUOUS
10
131.666844999999995
20
-119.4287969999999888
11
131.6917430000000024
21
-119.4068469999999991
0
LINE
8
BLACK
6
CONTINUOUS
10
131.6917430000000024
20
-119.4068469999999991
11
131.7786739999999952
21
-119.3488539999999887
0
LINE
8
BLACK
6
CONTINUOUS
10
131.7786739999999952
20
-119.3488539999999887
11
131.8017529999999908
21
-119.3334579999999931
0
LINE
8
BLACK
6
CONTINUOUS
10
131.8017529999999908
20
-119.3334579999999931
11
132.1644849999999849
21
-119.044793999999996
0
LINE
8
BLACK
6
CONTINUOUS
10
132.1644849999999849
20
-119.044793999999996
11
132.5017619999999852
21
-118.7267590000000013
0
LINE
8
BLACK
6
CONTINUOUS
10
132.5017619999999852
20
-118.7267590000000013
11
132.8112119999999834
21
-118.3815879999999936
0
LINE
8
BLACK
6
CONTINUOUS
10
132.8112119999999834
20
-118.3815879999999936
11
133.0906589999999881
21
-118.0117089999999962
0
LINE
8
BLACK
6
CONTINUOUS
10
133.0906589999999881
20
-118.0117089999999962
11
133.3111710000000016
21
-117.6624369999999971
0
LINE
8
BLACK
6
CONTINUOUS
10
133.3111710000000016
20
-117.6624369999999971
11
133.3381359999999916
21
-117.6197269999999975
0
LINE
8
BLACK
6
CONTINUOUS
10
133.3381359999999916
20
-117.6197269999999975
11
133.338136999999989
21
-117.6197249999999883
0
LINE
8
BLACK
6
CONTINUOUS
10
133.338136999999989
20
-117.6197249999999883
11
133.3595929999999896
21
-117.578440999999998
0
LINE
8
BLACK
6
CONTINUOUS
10
133.3595929999999896
20
-117.578440999999998
11
133.5519139999999823
21
-117.2083779999999962
0
LINE
8
BLACK
6
CONTINUOUS
10
133.5519139999999823
20
-117.2083779999999962
11
133.73048
21
-116.7805740000000014
0
LINE
8
BLACK
6
CONTINUOUS
10
133.73048
20
-116.7805740000000014
11
133.8725809999999967
21
-116.3393159999999966
0
LINE
8
BLACK
6
CONTINUOUS
10
133.8725809999999967
20
-116.3393159999999966
11
133.977218999999991
21
-115.8877039999999994
0
LINE
8
BLACK
6
CONTINUOUS
10
133.977218999999991
20
-115.8877039999999994
11
134.0436579999999935
21
-115.4289149999999893
0
LINE
8
BLACK
6
CONTINUOUS
10
134.0436579999999935
20
-115.4289149999999893
11
134.0714309999999898
21
-114.9661729999999977
0
LINE
8
BLACK
6
CONTINUOUS
10
134.0714309999999898
20
-114.9661729999999977
11
134.0603429999999889
21
-114.5027299999999997
0
LINE
8
BLACK
6
CONTINUOUS
10
134.0603429999999889
20
-114.5027299999999997
11
134.060340999999994
21
-114.5027099999999933
0
LINE
8
BLACK
6
CONTINUOUS
10
134.060340999999994
20
-114.5027099999999933
11
134.0104749999999854
21
-114.0418659999999988
0
LINE
8
BLACK
6
CONTINUOUS
10
134.0104749999999854
20
-114.0418659999999988
11
134.0104719999999929
21
-114.0418480000000017
0
LINE
8
BLACK
6
CONTINUOUS
10
134.0104719999999929
20
-114.0418480000000017
11
134.0104719999999929
21
-114.041844999999995
0
LINE
8
BLACK
6
CONTINUOUS
10
134.0104719999999929
20
-114.041844999999995
11
133.9221689999999967
21
-113.586757999999989
0
LINE
8
BLACK
6
CONTINUOUS
10
133.9221689999999967
20
-113.586757999999989
11
133.796053999999998
21
-113.1406679999999909
0
LINE
8
BLACK
6
CONTINUOUS
10
133.796053999999998
20
-113.1406679999999909
11
133.6330130000000054
21
-112.7067100000000011
0
LINE
8
BLACK
6
CONTINUOUS
10
133.6330130000000054
20
-112.7067100000000011
11
133.4341939999999909
21
-112.2879349999999903
0
LINE
8
BLACK
6
CONTINUOUS
10
133.4341939999999909
20
-112.2879349999999903
11
133.2009929999999827
21
-111.8872859999999889
0
LINE
8
BLACK
6
CONTINUOUS
10
133.2009929999999827
20
-111.8872859999999889
11
133.1628159999999923
21
-111.8327789999999879
0
LINE
8
BLACK
6
CONTINUOUS
10
133.1628159999999923
20
-111.8327789999999879
11
133.1070699999999931
21
-111.7531859999999995
0
LINE
8
BLACK
6
CONTINUOUS
10
133.1070699999999931
20
-111.7531859999999995
11
132.9350489999999922
21
-111.5075810000000018
0
LINE
8
BLACK
6
CONTINUOUS
10
132.9350489999999922
20
-111.5075810000000018
11
132.9077249999999992
21
-111.4748000000000019
0
LINE
8
BLACK
6
CONTINUOUS
10
132.9077249999999992
20
-111.4748000000000019
11
132.6382399999999961
21
-111.1514959999999945
0
LINE
8
BLACK
6
CONTINUOUS
10
132.6382399999999961
20
-111.1514959999999945
11
132.6382240000000081
21
-111.1514789999999948
0
LINE
8
BLACK
6
CONTINUOUS
10
132.6382240000000081
20
-111.1514789999999948
11
132.3126309999999819
21
-110.821511000000001
0
LINE
8
BLACK
6
CONTINUOUS
10
132.3126309999999819
20
-110.821511000000001
11
132.0809099999999887
21
-110.6230639999999994
0
LINE
8
BLACK
6
CONTINUOUS
10
132.0809099999999887
20
-110.6230639999999994
11
131.9605310000000031
21
-110.5199700000000007
0
LINE
8
BLACK
6
CONTINUOUS
10
131.9605310000000031
20
-110.5199700000000007
11
131.9605239999999924
21
-110.5199640000000016
0
LINE
8
BLACK
6
CONTINUOUS
10
131.9605239999999924
20
-110.5199640000000016
11
131.9605080000000044
21
-110.5199519999999893
0
LINE
8
BLACK
6
CONTINUOUS
10
131.9605080000000044
20
-110.5199519999999893
11
131.5844299999999976
21
-110.2489959999999911
0
LINE
8
BLACK
6
CONTINUOUS
10
131.5844299999999976
20
-110.2489959999999911
11
131.5844189999999969
21
-110.2489899999999921
0
LINE
8
BLACK
6
CONTINUOUS
10
131.5844189999999969
20
-110.2489899999999921
11
131.584417000000002
21
-110.2489879999999971
0
LINE
8
BLACK
6
CONTINUOUS
10
131.584417000000002
20
-110.2489879999999971
11
131.5844089999999937
21
-110.2489829999999955
0
LINE
8
BLACK
6
CONTINUOUS
10
131.5844089999999937
20
-110.2489829999999955
11
131.3635989999999936
21
-110.1164819999999906
0
LINE
8
BLACK
6
CONTINUOUS
10
131.3635989999999936
20
-110.1164819999999906
11
131.1869109999999807
21
-110.0104559999999907
0
LINE
8
BLACK
6
CONTINUOUS
10
131.1869109999999807
20
-110.0104559999999907
11
130.7708179999999913
21
-109.8060619999999972
0
LINE
8
BLACK
6
CONTINUOUS
10
130.7708179999999913
20
-109.8060619999999972
11
130.5678539999999828
21
-109.7267009999999914
0
LINE
8
BLACK
6
CONTINUOUS
10
130.5678539999999828
20
-109.7267009999999914
11
130.3390799999999956
21
-109.6372470000000021
0
LINE
8
BLACK
6
CONTINUOUS
10
130.3390799999999956
20
-109.6372470000000021
11
130.3390719999999874
21
-109.6372439999999955
0
LINE
8
BLACK
6
CONTINUOUS
10
130.3390719999999874
20
-109.6372439999999955
11
130.3390599999999893
21
-109.6372399999999914
0
LINE
8
BLACK
6
CONTINUOUS
10
130.3390599999999893
20
-109.6372399999999914
11
130.1790349999999989
21
-109.5896839999999912
0
LINE
8
BLACK
6
CONTINUOUS
10
130.1790349999999989
20
-109.5896839999999912
11
130.1203809999999805
21
-109.5517179999999939
0
LINE
8
BLACK
6
CONTINUOUS
10
130.1203809999999805
20
-109.5517179999999939
11
130.0915640000000053
21
-109.4880679999999984
0
LINE
8
BLACK
6
CONTINUOUS
10
130.0915640000000053
20
-109.4880679999999984
11
130.0903590000000065
21
-109.4708219999999983
0
LINE
8
BLACK
6
CONTINUOUS
10
130.0903590000000065
20
-109.4708219999999983
11
130.0903590000000065
21
-99.3773419999999987
0
LINE
8
BLACK
6
CONTINUOUS
10
130.0903590000000065
20
-99.3773419999999987
11
130.0904909999999859
21
-99.1610689999999977
0
LINE
8
BLACK
6
CONTINUOUS
10
130.0904909999999859
20
-99.1610689999999977
11
130.0904899999999884
21
-99.1610399999999998
0
LINE
8
BLACK
6
CONTINUOUS
10
130.0904899999999884
20
-99.1610399999999998
11
130.0566289999999867
21
-98.7705469999999934
0
LINE
8
BLACK
6
CONTINUOUS
10
130.0566289999999867
20
-98.7705469999999934
11
130.0566279999999892
21
-98.7705349999999953
0
LINE
8
BLACK
6
CONTINUOUS
10
130.0566279999999892
20
-98.7705349999999953
11
129.9889809999999954
21
-98.3844270000000023
0
LINE
8
BLACK
6
CONTINUOUS
10
129.9889809999999954
20
-98.3844270000000023
11
129.8880599999999959
21
-98.0056529999999952
0
LINE
8
BLACK
6
CONTINUOUS
10
129.8880599999999959
20
-98.0056529999999952
11
129.7546269999999993
21
-97.6370730000000009
0
LINE
8
BLACK
6
CONTINUOUS
10
129.7546269999999993
20
-97.6370730000000009
11
129.6955209999999852
21
-97.5096419999999995
0
LINE
8
BLACK
6
CONTINUOUS
10
129.6955209999999852
20
-97.5096419999999995
11
129.5896979999999985
21
-97.2814869999999985
0
LINE
8
BLACK
6
CONTINUOUS
10
129.5896979999999985
20
-97.2814869999999985
11
129.5896919999999852
21
-97.2814759999999978
0
LINE
8
BLACK
6
CONTINUOUS
10
129.5896919999999852
20
-97.2814759999999978
11
129.5896909999999878
21
-97.2814729999999912
0
LINE
8
BLACK
6
CONTINUOUS
10
129.5896909999999878
20
-97.2814729999999912
11
129.476602999999983
21
-97.0845289999999892
0
LINE
8
BLACK
6
CONTINUOUS
10
129.476602999999983
20
-97.0845289999999892
11
129.3945009999999911
21
-96.9415460000000024
0
LINE
8
BLACK
6
CONTINUOUS
10
129.3945009999999911
20
-96.9415460000000024
11
129.3944979999999987
21
-96.9415419999999983
0
LINE
8
BLACK
6
CONTINUOUS
10
129.3944979999999987
20
-96.9415419999999983
11
129.3711559999999849
21
-96.9080159999999893
0
LINE
8
BLACK
6
CONTINUOUS
10
129.3711559999999849
20
-96.9080159999999893
11
129.1705220000000054
21
-96.6198409999999939
0
LINE
8
BLACK
6
CONTINUOUS
10
129.1705220000000054
20
-96.6198409999999939
11
129.1705210000000079
21
-96.6198399999999964
0
LINE
8
BLACK
6
CONTINUOUS
10
129.1705210000000079
20
-96.6198399999999964
11
129.1705169999999896
21
-96.6198339999999973
0
LINE
8
BLACK
6
CONTINUOUS
10
129.1705169999999896
20
-96.6198339999999973
11
128.9194589999999891
21
-96.3188119999999941
0
LINE
8
BLACK
6
CONTINUOUS
10
128.9194589999999891
20
-96.3188119999999941
11
128.9194499999999834
21
-96.3188009999999935
0
LINE
8
BLACK
6
CONTINUOUS
10
128.9194499999999834
20
-96.3188009999999935
11
128.6432089999999846
21
-96.0407249999999948
0
LINE
8
BLACK
6
CONTINUOUS
10
128.6432089999999846
20
-96.0407249999999948
11
128.643195999999989
21
-96.0407129999999967
0
LINE
8
BLACK
6
CONTINUOUS
10
128.643195999999989
20
-96.0407129999999967
11
128.5685369999999921
21
-95.9776229999999941
0
LINE
8
BLACK
6
CONTINUOUS
10
128.5685369999999921
20
-95.9776229999999941
11
128.5673749999999984
21
-95.976545999999999
0
LINE
8
BLACK
6
CONTINUOUS
10
128.5673749999999984
20
-95.976545999999999
11
128.493583000000001
21
-95.914283999999995
0
LINE
8
BLACK
6
CONTINUOUS
10
128.493583000000001
20
-95.914283999999995
11
128.4920099999999934
21
-95.9129339999999928
0
LINE
8
BLACK
6
CONTINUOUS
10
128.4920099999999934
20
-95.9129339999999928
11
127.6751319999999907
21
-95.1999759999999924
0
LINE
8
BLACK
6
CONTINUOUS
10
127.6751319999999907
20
-95.1999759999999924
11
127.6720519999999937
21
-95.197195999999991
0
LINE
8
BLACK
6
CONTINUOUS
10
127.6720519999999937
20
-95.197195999999991
11
127.0408819999999963
21
-94.6079809999999952
0
LINE
8
BLACK
6
CONTINUOUS
10
127.0408819999999963
20
-94.6079809999999952
11
126.8802249999999958
21
-94.4580029999999908
0
LINE
8
BLACK
6
CONTINUOUS
10
126.8802249999999958
20
-94.4580029999999908
11
126.8772499999999894
21
-94.4551319999999919
0
LINE
8
BLACK
6
CONTINUOUS
10
126.8772499999999894
20
-94.4551319999999919
11
126.1105909999999994
21
-93.6898609999999934
0
LINE
8
BLACK
6
CONTINUOUS
10
126.1105909999999994
20
-93.6898609999999934
11
126.1077039999999982
21
-93.6868809999999996
0
LINE
8
BLACK
6
CONTINUOUS
10
126.1077039999999982
20
-93.6868809999999996
11
125.776613999999995
21
-93.3335000000000008
0
LINE
8
BLACK
6
CONTINUOUS
10
125.776613999999995
20
-93.3335000000000008
11
125.3670609999999925
21
-92.896372999999997
0
LINE
8
BLACK
6
CONTINUOUS
10
125.3670609999999925
20
-92.896372999999997
11
125.3642889999999994
21
-92.893312999999992
0
LINE
8
BLACK
6
CONTINUOUS
10
125.3642889999999994
20
-92.893312999999992
11
124.6505219999999952
21
-92.0784900000000022
0
LINE
8
BLACK
6
CONTINUOUS
10
124.6505219999999952
20
-92.0784900000000022
11
124.647878999999989
21
-92.0753699999999924
0
LINE
8
BLACK
6
CONTINUOUS
10
124.647878999999989
20
-92.0753699999999924
11
124.0212009999999907
21
-91.3097360000000009
0
LINE
8
BLACK
6
CONTINUOUS
10
124.0212009999999907
20
-91.3097360000000009
11
123.9617629999999906
21
-91.2371179999999953
0
LINE
8
BLACK
6
CONTINUOUS
10
123.9617629999999906
20
-91.2371179999999953
11
123.959188999999995
21
-91.233863999999997
0
LINE
8
BLACK
6
CONTINUOUS
10
123.959188999999995
20
-91.233863999999997
11
123.8202139999999929
21
-91.0519829999999928
0
LINE
8
BLACK
6
CONTINUOUS
10
123.8202139999999929
20
-91.0519829999999928
11
123.8202119999999979
21
-91.0519809999999978
0
LINE
8
BLACK
6
CONTINUOUS
10
123.8202119999999979
20
-91.0519809999999978
11
123.3014999999999901
21
-90.3731279999999941
0
LINE
8
BLACK
6
CONTINUOUS
10
123.3014999999999901
20
-90.3731279999999941
11
123.2990759999999995
21
-90.3698440000000005
0
LINE
8
BLACK
6
CONTINUOUS
10
123.2990759999999995
20
-90.3698440000000005
11
122.6705199999999962
21
-89.4875459999999947
0
LINE
8
BLACK
6
CONTINUOUS
10
122.6705199999999962
20
-89.4875459999999947
11
122.6681739999999934
21
-89.4841329999999999
0
LINE
8
BLACK
6
CONTINUOUS
10
122.6681739999999934
20
-89.4841329999999999
11
122.4294170000000008
21
-89.1240839999999963
0
LINE
8
BLACK
6
CONTINUOUS
10
122.4294170000000008
20
-89.1240839999999963
11
122.0695369999999969
21
-88.5813789999999983
0
LINE
8
BLACK
6
CONTINUOUS
10
122.0695369999999969
20
-88.5813789999999983
11
122.0673069999999996
21
-88.5778899999999965
0
LINE
8
BLACK
6
CONTINUOUS
10
122.0673069999999996
20
-88.5778899999999965
11
121.9127849999999995
21
-88.3270330000000001
0
LINE
8
BLACK
6
CONTINUOUS
10
121.9127849999999995
20
-88.3270330000000001
11
121.8943859999999972
21
-88.2596300000000014
0
LINE
8
BLACK
6
CONTINUOUS
10
121.8943859999999972
20
-88.2596300000000014
11
121.9153479999999945
21
-88.192978999999994
0
LINE
8
BLACK
6
CONTINUOUS
10
121.9153479999999945
20
-88.192978999999994
11
121.9690169999999938
21
-88.1482419999999962
0
LINE
8
BLACK
6
CONTINUOUS
10
121.9690169999999938
20
-88.1482419999999962
11
122.0183629999999937
21
-88.137999999999991
0
LINE
8
BLACK
6
CONTINUOUS
10
122.0183629999999937
20
-88.137999999999991
11
141.3319999999999936
21
-88.137999999999991
0
LINE
8
BLACK
6
CONTINUOUS
10
141.3319999999999936
20
-88.137999999999991
11
141.3515769999999918
21
-88.0143929999999983
0
LINE
8
BLACK
6
CONTINUOUS
10
141.3515769999999918
20
-88.0143929999999983
11
141.4083929999999896
21
-87.9028859999999952
0
LINE
8
BLACK
6
CONTINUOUS
10
141.4083929999999896
20
-87.9028859999999952
11
141.4968859999999893
21
-87.8143929999999955
0
LINE
8
BLACK
6
CONTINUOUS
10
141.4968859999999893
20
-87.8143929999999955
11
141.6083930000000066
21
-87.7575769999999977
0
LINE
8
BLACK
6
CONTINUOUS
10
141.6083930000000066
20
-87.7575769999999977
11
141.7319999999999993
21
-87.7379999999999995
0
LINE
8
BLACK
6
CONTINUOUS
10
141.7319999999999993
20
-87.7379999999999995
11
141.855606999999992
21
-87.7575769999999977
0
LINE
8
BLACK
6
CONTINUOUS
10
141.855606999999992
20
-87.7575769999999977
11
141.9671139999999809
21
-87.8143929999999955
0
LINE
8
BLACK
6
CONTINUOUS
10
141.9671139999999809
20
-87.8143929999999955
11
142.0556069999999806
21
-87.9028859999999952
0
LINE
8
BLACK
6
CONTINUOUS
10
142.0556069999999806
20
-87.9028859999999952
11
142.1124230000000068
21
-88.0143929999999983
0
LINE
8
BLACK
6
CONTINUOUS
10
142.1124230000000068
20
-88.0143929999999983
11
142.132000000000005
21
-88.137999999999991
0
LINE
8
BLACK
6
CONTINUOUS
10
142.132000000000005
20
-88.137999999999991
11
142.3479999999999848
21
-88.137999999999991
0
LINE
8
BLACK
6
CONTINUOUS
10
142.3479999999999848
20
-88.137999999999991
11
142.3675769999999829
21
-88.0143929999999983
0
LINE
8
BLACK
6
CONTINUOUS
10
142.3675769999999829
20
-88.0143929999999983
11
142.4243929999999807
21
-87.9028859999999952
0
LINE
8
BLACK
6
CONTINUOUS
10
142.4243929999999807
20
-87.9028859999999952
11
142.5128859999999804
21
-87.8143929999999955
0
LINE
8
BLACK
6
CONTINUOUS
10
142.5128859999999804
20
-87.8143929999999955
11
142.6243929999999978
21
-87.7575769999999977
0
LINE
8
BLACK
6
CONTINUOUS
10
142.6243929999999978
20
-87.7575769999999977
11
142.7479999999999905
21
-87.7379999999999995
0
LINE
8
BLACK
6
CONTINUOUS
10
142.7479999999999905
20
-87.7379999999999995
11
142.8716069999999831
21
-87.7575769999999977
0
LINE
8
BLACK
6
CONTINUOUS
10
142.8716069999999831
20
-87.7575769999999977
11
142.9831140000000005
21
-87.8143929999999955
0
LINE
8
BLACK
6
CONTINUOUS
10
142.9831140000000005
20
-87.8143929999999955
11
143.0716070000000002
21
-87.9028859999999952
0
LINE
8
BLACK
6
CONTINUOUS
10
143.0716070000000002
20
-87.9028859999999952
11
143.128422999999998
21
-88.0143929999999983
0
LINE
8
BLACK
6
CONTINUOUS
10
143.128422999999998
20
-88.0143929999999983
11
143.1479999999999961
21
-88.137999999999991
0
LINE
8
BLACK
6
CONTINUOUS
10
143.1479999999999961
20
-88.137999999999991
11
143.3640000000000043
21
-88.137999999999991
0
LINE
8
BLACK
6
CONTINUOUS
10
143.3640000000000043
20
-88.137999999999991
11
143.3835770000000025
21
-88.0143929999999983
0
LINE
8
BLACK
6
CONTINUOUS
10
143.3835770000000025
20
-88.0143929999999983
11
143.4403930000000003
21
-87.9028859999999952
0
LINE
8
BLACK
6
CONTINUOUS
10
143.4403930000000003
20
-87.9028859999999952
11
143.528886
21
-87.8143929999999955
0
LINE
8
BLACK
6
CONTINUOUS
10
143.528886
20
-87.8143929999999955
11
143.6403929999999889
21
-87.7575769999999977
0
LINE
8
BLACK
6
CONTINUOUS
10
143.6403929999999889
20
-87.7575769999999977
11
143.7639999999999816
21
-87.7379999999999995
0
LINE
8
BLACK
6
CONTINUOUS
10
143.7639999999999816
20
-87.7379999999999995
11
143.8876070000000027
21
-87.7575769999999977
0
LINE
8
BLACK
6
CONTINUOUS
10
143.8876070000000027
20
-87.7575769999999977
11
143.9991139999999916
21
-87.8143929999999955
0
LINE
8
BLACK
6
CONTINUOUS
10
143.9991139999999916
20
-87.8143929999999955
11
144.0876069999999913
21
-87.9028859999999952
0
LINE
8
BLACK
6
CONTINUOUS
10
144.0876069999999913
20
-87.9028859999999952
11
144.1444229999999891
21
-88.0143929999999983
0
LINE
8
BLACK
6
CONTINUOUS
10
144.1444229999999891
20
-88.0143929999999983
11
144.1639999999999873
21
-88.137999999999991
0
LINE
8
BLACK
6
CONTINUOUS
10
144.1639999999999873
20
-88.137999999999991
11
144.3799999999999955
21
-88.137999999999991
0
LINE
8
BLACK
6
CONTINUOUS
10
144.3799999999999955
20
-88.137999999999991
11
144.3995769999999936
21
-88.0143929999999983
0
LINE
8
BLACK
6
CONTINUOUS
10
144.3995769999999936
20
-88.0143929999999983
11
144.4563929999999914
21
-87.9028859999999952
0
LINE
8
BLACK
6
CONTINUOUS
10
144.4563929999999914
20
-87.9028859999999952
11
144.5448859999999911
21
-87.8143929999999955
0
LINE
8
BLACK
6
CONTINUOUS
10
144.5448859999999911
20
-87.8143929999999955
11
144.65639299999998
21
-87.7575769999999977
0
LINE
8
BLACK
6
CONTINUOUS
10
144.65639299999998
20
-87.7575769999999977
11
144.7800000000000011
21
-87.7379999999999995
0
LINE
8
BLACK
6
CONTINUOUS
10
144.7800000000000011
20
-87.7379999999999995
11
144.9036069999999938
21
-87.7575769999999977
0
LINE
8
BLACK
6
CONTINUOUS
10
144.9036069999999938
20
-87.7575769999999977
11
145.0151139999999828
21
-87.8143929999999955
0
LINE
8
BLACK
6
CONTINUOUS
10
145.0151139999999828
20
-87.8143929999999955
11
145.1036069999999825
21
-87.9028859999999952
0
LINE
8
BLACK
6
CONTINUOUS
10
145.1036069999999825
20
-87.9028859999999952
11
145.1604229999999802
21
-88.0143929999999983
0
LINE
8
BLACK
6
CONTINUOUS
10
145.1604229999999802
20
-88.0143929999999983
11
145.1800000000000068
21
-88.137999999999991
0
LINE
8
BLACK
6
CONTINUOUS
10
145.1800000000000068
20
-88.137999999999991
11
145.3959999999999866
21
-88.137999999999991
0
LINE
8
BLACK
6
CONTINUOUS
10
145.3959999999999866
20
-88.137999999999991
11
145.4155769999999848
21
-88.0143929999999983
0
LINE
8
BLACK
6
CONTINUOUS
10
145.4155769999999848
20
-88.0143929999999983
11
145.4723929999999825
21
-87.9028859999999952
0
LINE
8
BLACK
6
CONTINUOUS
10
145.4723929999999825
20
-87.9028859999999952
11
145.5608859999999822
21
-87.8143929999999955
0
LINE
8
BLACK
6
CONTINUOUS
10
145.5608859999999822
20
-87.8143929999999955
11
145.6723929999999996
21
-87.7575769999999977
0
LINE
8
BLACK
6
CONTINUOUS
10
145.6723929999999996
20
-87.7575769999999977
11
145.7959999999999923
21
-87.7379999999999995
0
LINE
8
BLACK
6
CONTINUOUS
10
145.7959999999999923
20
-87.7379999999999995
11
145.919606999999985
21
-87.7575769999999977
0
LINE
8
BLACK
6
CONTINUOUS
10
139.3188969999999927
20
-90.2923979999999915
11
139.1661969999999826
21
-90.3248549999999994
0
LINE
8
BLACK
6
CONTINUOUS
10
139.1661969999999826
20
-90.3248549999999994
11
139.1661919999999952
21
-90.3248569999999944
0
LINE
8
BLACK
6
CONTINUOUS
10
139.1661919999999952
20
-90.3248569999999944
11
138.9973579999999913
21
-90.4000279999999918
0
LINE
8
BLACK
6
CONTINUOUS
10
138.9973579999999913
20
-90.4000279999999918
11
138.9281079999999804
21
-90.4093129999999974
0
LINE
8
BLACK
6
CONTINUOUS
10
138.9281079999999804
20
-90.4093129999999974
11
138.9079189999999926
21
-90.4044549999999987
0
LINE
8
BLACK
6
CONTINUOUS
10
138.9079189999999926
20
-90.4044549999999987
11
138.779798999999997
21
-90.3620009999999922
0
LINE
8
BLACK
6
CONTINUOUS
10
138.779798999999997
20
-90.3620009999999922
11
138.7797950000000071
21
-90.3619999999999948
0
LINE
8
BLACK
6
CONTINUOUS
10
138.7797950000000071
20
-90.3619999999999948
11
138.6770099999999957
21
-90.3515000000000015
0
LINE
8
BLACK
6
CONTINUOUS
10
138.6770099999999957
20
-90.3515000000000015
11
137.7519979999999862
21
-90.3515000000000015
0
LINE
8
BLACK
6
CONTINUOUS
10
137.7519979999999862
20
-90.3515000000000015
11
137.7519800000000032
21
-90.351500999999999
0
LINE
8
BLACK
6
CONTINUOUS
10
137.7519800000000032
20
-90.351500999999999
11
137.649203
21
-90.3619999999999948
0
LINE
8
BLACK
6
CONTINUOUS
10
137.649203
20
-90.3619999999999948
11
137.6492000000000075
21
-90.3620009999999922
0
LINE
8
BLACK
6
CONTINUOUS
10
137.6492000000000075
20
-90.3620009999999922
11
137.4826679999999897
21
-90.4171849999999893
0
LINE
8
BLACK
6
CONTINUOUS
10
137.4826679999999897
20
-90.4171849999999893
11
137.4826630000000023
21
-90.4171869999999984
0
LINE
8
BLACK
6
CONTINUOUS
10
137.4826630000000023
20
-90.4171869999999984
11
137.3333419999999876
21
-90.5092889999999954
0
LINE
8
BLACK
6
CONTINUOUS
10
137.3333419999999876
20
-90.5092889999999954
11
137.2092889999999841
21
-90.633341999999999
0
LINE
8
BLACK
6
CONTINUOUS
10
137.2092889999999841
20
-90.633341999999999
11
137.1171870000000013
21
-90.7826629999999994
0
LINE
8
BLACK
6
CONTINUOUS
10
137.1171870000000013
20
-90.7826629999999994
11
137.1171860000000038
21
-90.7826659999999919
0
LINE
8
BLACK
6
CONTINUOUS
10
137.1171860000000038
20
-90.7826659999999919
11
137.0620009999999809
21
-90.9492029999999971
0
LINE
8
BLACK
6
CONTINUOUS
10
137.0620009999999809
20
-90.9492029999999971
11
137.0620009999999809
21
-90.9492039999999946
0
LINE
8
BLACK
6
CONTINUOUS
10
137.0620009999999809
20
-90.9492039999999946
11
137.0619999999999834
21
-90.9492039999999946
0
LINE
8
BLACK
6
CONTINUOUS
10
137.0619999999999834
20
-90.9492039999999946
11
137.0515000000000043
21
-91.0519829999999928
0
LINE
8
BLACK
6
CONTINUOUS
10
137.0515000000000043
20
-91.0519829999999928
11
137.0515000000000043
21
-93.3520010000000013
0
LINE
8
BLACK
6
CONTINUOUS
10
137.0515000000000043
20
-93.3520010000000013
11
137.0515010000000018
21
-93.3520180000000011
0
LINE
8
BLACK
6
CONTINUOUS
10
137.0515010000000018
20
-93.3520180000000011
11
137.0619999999999834
21
-93.4547960000000018
0
LINE
8
BLACK
6
CONTINUOUS
10
137.0619999999999834
20
-93.4547960000000018
11
137.0620009999999809
21
-93.4547989999999942
0
LINE
8
BLACK
6
CONTINUOUS
10
137.0620009999999809
20
-93.4547989999999942
11
137.1171850000000063
21
-93.6213309999999979
0
LINE
8
BLACK
6
CONTINUOUS
10
137.1171850000000063
20
-93.6213309999999979
11
137.1171860000000038
21
-93.6213339999999903
0
LINE
8
BLACK
6
CONTINUOUS
10
137.1171860000000038
20
-93.6213339999999903
11
137.1576149999999927
21
-93.6868809999999996
0
LINE
8
BLACK
6
CONTINUOUS
10
137.1576149999999927
20
-93.6868809999999996
11
137.2092889999999841
21
-93.7706569999999999
0
LINE
8
BLACK
6
CONTINUOUS
10
137.2092889999999841
20
-93.7706569999999999
11
137.3309509999999989
21
-93.8923190000000005
0
LINE
8
BLACK
6
CONTINUOUS
10
137.3309509999999989
20
-93.8923190000000005
11
137.3644359999999836
21
-93.9536420000000021
0
LINE
8
BLACK
6
CONTINUOUS
10
137.3644359999999836
20
-93.9536420000000021
11
137.3594520000000045
21
-94.0233339999999913
0
LINE
8
BLACK
6
CONTINUOUS
10
137.3594520000000045
20
-94.0233339999999913
11
137.3309509999999989
21
-94.0676809999999932
0
LINE
8
BLACK
6
CONTINUOUS
10
137.3309509999999989
20
-94.0676809999999932
11
137.2092889999999841
21
-94.1893419999999963
0
LINE
8
BLACK
6
CONTINUOUS
10
137.2092889999999841
20
-94.1893419999999963
11
137.1171870000000013
21
-94.3386629999999968
0
LINE
8
BLACK
6
CONTINUOUS
10
137.1171870000000013
20
-94.3386629999999968
11
137.1171860000000038
21
-94.3386659999999893
0
LINE
8
BLACK
6
CONTINUOUS
10
137.1171860000000038
20
-94.3386659999999893
11
137.0620009999999809
21
-94.5052029999999945
0
LINE
8
BLACK
6
CONTINUOUS
10
137.0620009999999809
20
-94.5052029999999945
11
137.0620009999999809
21
-94.505203999999992
0
LINE
8
BLACK
6
CONTINUOUS
10
137.0620009999999809
20
-94.505203999999992
11
137.0619999999999834
21
-94.505203999999992
0
LINE
8
BLACK
6
CONTINUOUS
10
137.0619999999999834
20
-94.505203999999992
11
137.0515000000000043
21
-94.6079829999999902
0
LINE
8
BLACK
6
CONTINUOUS
10
137.0515000000000043
20
-94.6079829999999902
11
137.0515000000000043
21
-96.9080009999999987
0
LINE
8
BLACK
6
CONTINUOUS
10
137.0515000000000043
20
-96.9080009999999987
11
137.0515010000000018
21
-96.9080179999999984
0
LINE
8
BLACK
6
CONTINUOUS
10
137.0515010000000018
20
-96.9080179999999984
11
137.0619999999999834
21
-97.0107959999999991
0
LINE
8
BLACK
6
CONTINUOUS
10
137.0619999999999834
20
-97.0107959999999991
11
137.0620009999999809
21
-97.0107989999999916
0
LINE
8
BLACK
6
CONTINUOUS
10
137.0620009999999809
20
-97.0107989999999916
11
137.1171850000000063
21
-97.1773309999999952
0
LINE
8
BLACK
6
CONTINUOUS
10
137.1171850000000063
20
-97.1773309999999952
11
137.1171870000000013
21
-97.1773359999999968
0
LINE
8
BLACK
6
CONTINUOUS
10
137.1171870000000013
20
-97.1773359999999968
11
137.2092889999999841
21
-97.3266569999999973
0
LINE
8
BLACK
6
CONTINUOUS
10
137.2092889999999841
20
-97.3266569999999973
11
137.3309509999999989
21
-97.4483189999999979
0
LINE
8
BLACK
6
CONTINUOUS
10
137.3309509999999989
20
-97.4483189999999979
11
137.3644359999999836
21
-97.5096419999999995
0
LINE
8
BLACK
6
CONTINUOUS
10
137.3644359999999836
20
-97.5096419999999995
11
137.3594520000000045
21
-97.5793339999999887
0
LINE
8
BLACK
6
CONTINUOUS
10
137.3594520000000045
20
-97.5793339999999887
11
137.3309509999999989
21
-97.6236809999999906
0
LINE
8
BLACK
6
CONTINUOUS
10
137.3309509999999989
20
-97.6236809999999906
11
137.2092889999999841
21
-97.7453419999999937
0
LINE
8
BLACK
6
CONTINUOUS
10
137.2092889999999841
20
-97.7453419999999937
11
137.1171870000000013
21
-97.8946629999999942
0
LINE
8
BLACK
6
CONTINUOUS
10
137.1171870000000013
20
-97.8946629999999942
11
137.1171860000000038
21
-97.8946660000000008
0
LINE
8
BLACK
6
CONTINUOUS
10
137.1171860000000038
20
-97.8946660000000008
11
137.0620009999999809
21
-98.0612029999999919
0
LINE
8
BLACK
6
CONTINUOUS
10
137.0620009999999809
20
-98.0612029999999919
11
137.0620009999999809
21
-98.0612039999999894
0
LINE
8
BLACK
6
CONTINUOUS
10
137.0620009999999809
20
-98.0612039999999894
11
137.0619999999999834
21
-98.0612039999999894
0
LINE
8
BLACK
6
CONTINUOUS
10
137.0619999999999834
20
-98.0612039999999894
11
137.0515000000000043
21
-98.1639830000000018
0
LINE
8
BLACK
6
CONTINUOUS
10
137.0515000000000043
20
-98.1639830000000018
11
137.0515000000000043
21
-100.4640009999999961
0
LINE
8
BLACK
6
CONTINUOUS
10
137.0515000000000043
20
-100.4640009999999961
11
137.0515010000000018
21
-100.4640179999999958
0
LINE
8
BLACK
6
CONTINUOUS
10
137.0515010000000018
20
-100.4640179999999958
11
137.0619999999999834
21
-100.5667959999999965
0
LINE
8
BLACK
6
CONTINUOUS
10
137.0619999999999834
20
-100.5667959999999965
11
137.0620009999999809
21
-100.566798999999989
0
LINE
8
BLACK
6
CONTINUOUS
10
137.0620009999999809
20
-100.566798999999989
11
137.1171850000000063
21
-100.7333309999999926
0
LINE
8
BLACK
6
CONTINUOUS
10
137.1171850000000063
20
-100.7333309999999926
11
137.1171870000000013
21
-100.7333359999999942
0
LINE
8
BLACK
6
CONTINUOUS
10
137.1171870000000013
20
-100.7333359999999942
11
137.2092889999999841
21
-100.8826569999999947
0
LINE
8
BLACK
6
CONTINUOUS
10
137.2092889999999841
20
-100.8826569999999947
11
137.3309509999999989
21
-101.0043189999999953
0
LINE
8
BLACK
6
CONTINUOUS
10
137.3309509999999989
20
-101.0043189999999953
11
137.3644359999999836
21
-101.0656419999999969
0
LINE
8
BLACK
6
CONTINUOUS
10
137.3644359999999836
20
-101.0656419999999969
11
137.3594520000000045
21
-101.1353340000000003
0
LINE
8
BLACK
6
CONTINUOUS
10
137.3594520000000045
20
-101.1353340000000003
11
137.3309509999999989
21
-101.1796810000000022
0
LINE
8
BLACK
6
CONTINUOUS
10
137.3309509999999989
20
-101.1796810000000022
11
137.2092889999999841
21
-101.3013419999999911
0
LINE
8
BLACK
6
CONTINUOUS
10
137.2092889999999841
20
-101.3013419999999911
11
137.1171870000000013
21
-101.4506629999999916
0
LINE
8
BLACK
6
CONTINUOUS
10
137.1171870000000013
20
-101.4506629999999916
11
137.1171850000000063
21
-101.4506679999999932
0
LINE
8
BLACK
6
CONTINUOUS
10
137.1171850000000063
20
-101.4506679999999932
11
137.0893489999999986
21
-101.5346699999999913
0
LINE
8
BLACK
6
CONTINUOUS
10
137.0893489999999986
20
-101.5346699999999913
11
137.0620009999999809
21
-101.6172029999999893
0
LINE
8
BLACK
6
CONTINUOUS
10
137.0620009999999809
20
-101.6172029999999893
11
137.0620009999999809
21
-101.617204000000001
0
LINE
8
BLACK
6
CONTINUOUS
10
137.0620009999999809
20
-101.617204000000001
11
137.0619999999999834
21
-101.617204000000001
0
LINE
8
BLACK
6
CONTINUOUS
10
137.0619999999999834
20
-101.617204000000001
11
137.0515000000000043
21
-101.7199829999999992
0
LINE
8
BLACK
6
CONTINUOUS
10
137.0515000000000043
20
-101.7199829999999992
11
137.0515000000000043
21
-104.0200009999999935
0
LINE
8
BLACK
6
CONTINUOUS
10
137.0515000000000043
20
-104.0200009999999935
11
137.0515010000000018
21
-104.0200179999999932
0
LINE
8
BLACK
6
CONTINUOUS
10
137.0515010000000018
20
-104.0200179999999932
11
137.0619999999999834
21
-104.1227959999999939
0
LINE
8
BLACK
6
CONTINUOUS
10
137.0619999999999834
20
-104.1227959999999939
11
137.0620009999999809
21
-104.1227990000000005
0
LINE
8
BLACK
6
CONTINUOUS
10
137.0620009999999809
20
-104.1227990000000005
11
137.1171850000000063
21
-104.28933099999999
0
LINE
8
BLACK
6
CONTINUOUS
10
137.1171850000000063
20
-104.28933099999999
11
137.1171860000000038
21
-104.2893339999999966
0
LINE
8
BLACK
6
CONTINUOUS
10
137.1171860000000038
20
-104.2893339999999966
11
137.2009989999999959
21
-104.425218000000001
0
LINE
8
BLACK
6
CONTINUOUS
10
137.2009989999999959
20
-104.425218000000001
11
137.2092889999999841
21
-104.4386569999999921
0
LINE
8
BLACK
6
CONTINUOUS
10
137.2092889999999841
20
-104.4386569999999921
11
137.3309509999999989
21
-104.5603189999999927
0
LINE
8
BLACK
6
CONTINUOUS
10
137.3309509999999989
20
-104.5603189999999927
11
137.3644359999999836
21
-104.6216419999999943
0
LINE
8
BLACK
6
CONTINUOUS
10
137.3644359999999836
20
-104.6216419999999943
11
137.3594520000000045
21
-104.6913339999999977
0
LINE
8
BLACK
6
CONTINUOUS
10
137.3594520000000045
20
-104.6913339999999977
11
137.3309509999999989
21
-104.7356809999999996
0
LINE
8
BLACK
6
CONTINUOUS
10
137.3309509999999989
20
-104.7356809999999996
11
137.2092889999999841
21
-104.8573419999999885
0
LINE
8
BLACK
6
CONTINUOUS
10
137.2092889999999841
20
-104.8573419999999885
11
137.1171870000000013
21
-105.006662999999989
0
LINE
8
BLACK
6
CONTINUOUS
10
137.1171870000000013
20
-105.006662999999989
11
137.1171860000000038
21
-105.0066659999999956
0
LINE
8
BLACK
6
CONTINUOUS
10
137.1171860000000038
20
-105.0066659999999956
11
137.0620009999999809
21
-105.1732030000000009
0
LINE
8
BLACK
6
CONTINUOUS
10
137.0620009999999809
20
-105.1732030000000009
11
137.0620009999999809
21
-105.1732039999999984
0
LINE
8
BLACK
6
CONTINUOUS
10
137.0620009999999809
20
-105.1732039999999984
11
137.0619999999999834
21
-105.1732039999999984
0
LINE
8
BLACK
6
CONTINUOUS
10
137.0619999999999834
20
-105.1732039999999984
11
137.0515000000000043
21
-105.2759829999999965
0
LINE
8
BLACK
6
CONTINUOUS
10
137.0515000000000043
20
-105.2759829999999965
11
137.0515000000000043
21
-107.5760009999999909
0
LINE
8
BLACK
6
CONTINUOUS
10
137.0515000000000043
20
-107.5760009999999909
11
137.0515010000000018
21
-107.5760179999999906
0
LINE
8
BLACK
6
CONTINUOUS
10
137.0515010000000018
20
-107.5760179999999906
11
137.0619999999999834
21
-107.6787959999999913
0
LINE
8
BLACK
6
CONTINUOUS
10
137.0619999999999834
20
-107.6787959999999913
11
137.0620009999999809
21
-107.6787989999999979
0
LINE
8
BLACK
6
CONTINUOUS
10
137.0620009999999809
20
-107.6787989999999979
11
137.1171850000000063
21
-107.8453310000000016
0
LINE
8
BLACK
6
CONTINUOUS
10
137.1171850000000063
20
-107.8453310000000016
11
137.1171870000000013
21
-107.845335999999989
0
LINE
8
BLACK
6
CONTINUOUS
10
137.1171870000000013
20
-107.845335999999989
11
137.2092889999999841
21
-107.9946569999999895
0
LINE
8
BLACK
6
CONTINUOUS
10
137.2092889999999841
20
-107.9946569999999895
11
137.3309509999999989
21
-108.1163189999999901
0
LINE
8
BLACK
6
CONTINUOUS
10
137.3309509999999989
20
-108.1163189999999901
11
137.3644359999999836
21
-108.1776419999999916
0
LINE
8
BLACK
6
CONTINUOUS
10
137.3644359999999836
20
-108.1776419999999916
11
137.3594520000000045
21
-108.2473339999999951
0
LINE
8
BLACK
6
CONTINUOUS
10
137.3594520000000045
20
-108.2473339999999951
11
137.3309509999999989
21
-108.291680999999997
0
LINE
8
BLACK
6
CONTINUOUS
10
137.3309509999999989
20
-108.291680999999997
11
137.2092889999999841
21
-108.4133420000000001
0
LINE
8
BLACK
6
CONTINUOUS
10
137.2092889999999841
20
-108.4133420000000001
11
137.1171870000000013
21
-108.5626630000000006
0
LINE
8
BLACK
6
CONTINUOUS
10
137.1171870000000013
20
-108.5626630000000006
11
137.1171860000000038
21
-108.562665999999993
0
LINE
8
BLACK
6
CONTINUOUS
10
137.1171860000000038
20
-108.562665999999993
11
137.0620009999999809
21
-108.7292029999999983
0
LINE
8
BLACK
6
CONTINUOUS
10
137.0620009999999809
20
-108.7292029999999983
11
137.0620009999999809
21
-108.7292039999999957
0
LINE
8
BLACK
6
CONTINUOUS
10
137.0620009999999809
20
-108.7292039999999957
11
137.0619999999999834
21
-108.7292039999999957
0
LINE
8
BLACK
6
CONTINUOUS
10
137.0619999999999834
20
-108.7292039999999957
11
137.0515000000000043
21
-108.8319829999999939
0
LINE
8
BLACK
6
CONTINUOUS
10
137.0515000000000043
20
-108.8319829999999939
11
137.0515000000000043
21
-111.1320009999999883
0
LINE
8
BLACK
6
CONTINUOUS
10
137.0515000000000043
20
-111.1320009999999883
11
137.0515010000000018
21
-111.132017999999988
0
LINE
8
BLACK
6
CONTINUOUS
10
137.0515010000000018
20
-111.132017999999988
11
137.0619999999999834
21
-111.2347959999999887
0
LINE
8
BLACK
6
CONTINUOUS
10
137.0619999999999834
20
-111.2347959999999887
11
137.0620009999999809
21
-111.2347989999999953
0
LINE
8
BLACK
6
CONTINUOUS
10
137.0620009999999809
20
-111.2347989999999953
11
137.1171850000000063
21
-111.401330999999999
0
LINE
8
BLACK
6
CONTINUOUS
10
137.1171850000000063
20
-111.401330999999999
11
137.1171870000000013
21
-111.4013360000000006
0
LINE
8
BLACK
6
CONTINUOUS
10
137.1171870000000013
20
-111.4013360000000006
11
137.2092889999999841
21
-111.5506570000000011
0
LINE
8
BLACK
6
CONTINUOUS
10
137.2092889999999841
20
-111.5506570000000011
11
137.3309509999999989
21
-111.6723190000000017
0
LINE
8
BLACK
6
CONTINUOUS
10
137.3309509999999989
20
-111.6723190000000017
11
137.3644359999999836
21
-111.733641999999989
0
LINE
8
BLACK
6
CONTINUOUS
10
137.3644359999999836
20
-111.733641999999989
11
137.3594520000000045
21
-111.8033339999999924
0
LINE
8
BLACK
6
CONTINUOUS
10
137.3594520000000045
20
-111.8033339999999924
11
137.3309509999999989
21
-111.8476809999999944
0
LINE
8
BLACK
6
CONTINUOUS
10
137.3309509999999989
20
-111.8476809999999944
11
137.2092889999999841
21
-111.9693419999999975
0
LINE
8
BLACK
6
CONTINUOUS
10
137.2092889999999841
20
-111.9693419999999975
11
137.1171870000000013
21
-112.118662999999998
0
LINE
8
BLACK
6
CONTINUOUS
10
137.1171870000000013
20
-112.118662999999998
11
137.1171860000000038
21
-112.1186659999999904
0
LINE
8
BLACK
6
CONTINUOUS
10
137.1171860000000038
20
-112.1186659999999904
11
137.0620009999999809
21
-112.2852029999999957
0
LINE
8
BLACK
6
CONTINUOUS
10
137.0620009999999809
20
-112.2852029999999957
11
137.0620009999999809
21
-112.2852039999999931
0
LINE
8
BLACK
6
CONTINUOUS
10
137.0620009999999809
20
-112.2852039999999931
11
137.0619999999999834
21
-112.2852039999999931
0
LINE
8
BLACK
6
CONTINUOUS
10
137.0619999999999834
20
-112.2852039999999931
11
137.0515000000000043
21
-112.3879829999999913
0
LINE
8
BLACK
6
CONTINUOUS
10
137.0515000000000043
20
-112.3879829999999913
11
137.0515000000000043
21
-114.6880009999999999
0
LINE
8
BLACK
6
CONTINUOUS
10
137.0515000000000043
20
-114.6880009999999999
11
137.0515010000000018
21
-114.6880179999999996
0
LINE
8
BLACK
6
CONTINUOUS
10
137.0515010000000018
20
-114.6880179999999996
11
137.0619999999999834
21
-114.7907960000000003
0
LINE
8
BLACK
6
CONTINUOUS
10
137.0619999999999834
20
-114.7907960000000003
11
137.0620009999999809
21
-114.7907989999999927
0
LINE
8
BLACK
6
CONTINUOUS
10
137.0620009999999809
20
-114.7907989999999927
11
137.1171850000000063
21
-114.9573309999999964
0
LINE
8
BLACK
6
CONTINUOUS
10
137.1171850000000063
20
-114.9573309999999964
11
137.1171870000000013
21
-114.957335999999998
0
LINE
8
BLACK
6
CONTINUOUS
10
137.1171870000000013
20
-114.957335999999998
11
137.1226429999999823
21
-114.9661809999999917
0
LINE
8
BLACK
6
CONTINUOUS
10
137.1226429999999823
20
-114.9661809999999917
11
137.2092879999999866
21
-115.106656000000001
0
LINE
8
BLACK
6
CONTINUOUS
10
137.2092879999999866
20
-115.106656000000001
11
137.3333439999999825
21
-115.2307119999999969
0
LINE
8
BLACK
6
CONTINUOUS
10
137.3333439999999825
20
-115.2307119999999969
11
137.4826659999999947
21
-115.3228139999999939
0
LINE
8
BLACK
6
CONTINUOUS
10
137.4826659999999947
20
-115.3228139999999939
11
137.649203
21
-115.3779989999999884
0
LINE
8
BLACK
6
CONTINUOUS
10
137.649203
20
-115.3779989999999884
11
137.7519910000000039
21
-115.3884999999999934
0
LINE
8
BLACK
6
CONTINUOUS
10
137.7519910000000039
20
-115.3884999999999934
11
138.6770080000000007
21
-115.3884989999999959
0
LINE
8
BLACK
6
CONTINUOUS
10
138.6770080000000007
20
-115.3884989999999959
11
138.6770159999999805
21
-115.3884979999999985
0
LINE
8
BLACK
6
CONTINUOUS
10
138.6770159999999805
20
-115.3884979999999985
11
138.6770190000000014
21
-115.3884979999999985
0
LINE
8
BLACK
6
CONTINUOUS
10
138.6770190000000014
20
-115.3884979999999985
11
138.7333019999999806
21
-115.3827479999999923
0
LINE
8
BLACK
6
CONTINUOUS
10
138.7333019999999806
20
-115.3827479999999923
11
138.7797970000000021
21
-115.3779989999999884
0
LINE
8
BLACK
6
CONTINUOUS
10
138.7797970000000021
20
-115.3779989999999884
11
138.9079169999999976
21
-115.3355430000000013
0
LINE
8
BLACK
6
CONTINUOUS
10
138.9079169999999976
20
-115.3355430000000013
11
138.9777449999999988
21
-115.3331419999999952
0
LINE
8
BLACK
6
CONTINUOUS
10
138.9777449999999988
20
-115.3331419999999952
11
138.9973569999999938
21
-115.3399709999999914
0
LINE
8
BLACK
6
CONTINUOUS
10
138.9973569999999938
20
-115.3399709999999914
11
139.1661919999999952
21
-115.4151419999999888
0
LINE
8
BLACK
6
CONTINUOUS
10
139.1661919999999952
20
-115.4151419999999888
11
139.1661969999999826
21
-115.415143999999998
0
LINE
8
BLACK
6
CONTINUOUS
10
139.1661969999999826
20
-115.415143999999998
11
139.3513539999999864
21
-115.4544999999999959
0
LINE
8
BLACK
6
CONTINUOUS
10
139.3513539999999864
20
-115.4544999999999959
11
139.3513549999999839
21
-115.4544999999999959
0
LINE
8
BLACK
6
CONTINUOUS
10
139.3513549999999839
20
-115.4544999999999959
11
139.5406439999999861
21
-115.4544999999999959
0
LINE
8
BLACK
6
CONTINUOUS
10
139.5406439999999861
20
-115.4544999999999959
11
139.5406459999999811
21
-115.4544999999999959
0
LINE
8
BLACK
6
CONTINUOUS
10
139.5406459999999811
20
-115.4544999999999959
11
139.7258029999999849
21
-115.415143999999998
0
LINE
8
BLACK
6
CONTINUOUS
10
139.7258029999999849
20
-115.415143999999998
11
139.894644999999997
21
-115.3399689999999964
0
LINE
8
BLACK
6
CONTINUOUS
10
139.894644999999997
20
-115.3399689999999964
11
139.9638919999999871
21
-115.3306839999999909
0
LINE
8
BLACK
6
CONTINUOUS
10
139.9638919999999871
20
-115.3306839999999909
11
139.9840669999999818
21
-115.3355389999999971
0
LINE
8
BLACK
6
CONTINUOUS
10
139.9840669999999818
20
-115.3355389999999971
11
140.1122029999999938
21
-115.3779989999999884
0
LINE
8
BLACK
6
CONTINUOUS
10
140.1122029999999938
20
-115.3779989999999884
11
140.2149909999999977
21
-115.3884999999999934
0
LINE
8
BLACK
6
CONTINUOUS
10
140.2149909999999977
20
-115.3884999999999934
11
141.1400079999999946
21
-115.3884989999999959
0
LINE
8
BLACK
6
CONTINUOUS
10
141.1400079999999946
20
-115.3884989999999959
11
141.1400160000000028
21
-115.3884979999999985
0
LINE
8
BLACK
6
CONTINUOUS
10
141.1400160000000028
20
-115.3884979999999985
11
141.1400189999999952
21
-115.3884979999999985
0
LINE
8
BLACK
6
CONTINUOUS
10
141.1400189999999952
20
-115.3884979999999985
11
141.1963020000000029
21
-115.3827479999999923
0
LINE
8
BLACK
6
CONTINUOUS
10
141.1963020000000029
20
-115.3827479999999923
11
141.2427969999999959
21
-115.3779989999999884
0
LINE
8
BLACK
6
CONTINUOUS
10
141.2427969999999959
20
-115.3779989999999884
11
141.4093340000000012
21
-115.3228139999999939
0
LINE
8
BLACK
6
CONTINUOUS
10
141.4093340000000012
20
-115.3228139999999939
11
141.5586559999999849
21
-115.2307119999999969
0
LINE
8
BLACK
6
CONTINUOUS
10
141.5586559999999849
20
-115.2307119999999969
11
141.6827119999999809
21
-115.106656000000001
0
LINE
8
BLACK
6
CONTINUOUS
10
141.6827119999999809
20
-115.106656000000001
11
141.7748139999999921
21
-114.9573339999999888
0
LINE
8
BLACK
6
CONTINUOUS
10
141.7748139999999921
20
-114.9573339999999888
11
141.8299989999999866
21
-114.7907969999999978
0
LINE
8
BLACK
6
CONTINUOUS
10
141.8299989999999866
20
-114.7907969999999978
11
141.8404999999999916
21
-114.6880089999999939
0
LINE
8
BLACK
6
CONTINUOUS
10
141.8404999999999916
20
-114.6880089999999939
11
141.8404989999999941
21
-112.387991999999997
0
LINE
8
BLACK
6
CONTINUOUS
10
141.8404989999999941
20
-112.387991999999997
11
141.8299989999999866
21
-112.2852029999999957
0
LINE
8
BLACK
6
CONTINUOUS
10
141.8299989999999866
20
-112.2852029999999957
11
141.7748139999999921
21
-112.1186659999999904
0
LINE
8
BLACK
6
CONTINUOUS
10
141.7748139999999921
20
-112.1186659999999904
11
141.6827119999999809
21
-111.9693439999999924
0
LINE
8
BLACK
6
CONTINUOUS
10
141.6827119999999809
20
-111.9693439999999924
11
141.5787320000000022
21
-111.8653639999999996
0
LINE
8
BLACK
6
CONTINUOUS
10
141.5787320000000022
20
-111.8653639999999996
11
141.5452469999999892
21
-111.804040999999998
0
LINE
8
BLACK
6
CONTINUOUS
10
141.5452469999999892
20
-111.804040999999998
11
141.5502309999999966
21
-111.7343489999999946
0
LINE
8
BLACK
6
CONTINUOUS
10
141.5502309999999966
20
-111.7343489999999946
11
141.5915049999999837
21
-111.6792140000000018
0
LINE
8
BLACK
6
CONTINUOUS
10
141.5915049999999837
20
-111.6792140000000018
11
141.5914889999999957
21
-111.6791929999999979
0
LINE
8
BLACK
6
CONTINUOUS
10
141.5914889999999957
20
-111.6791929999999979
11
141.5915679999999952
21
-111.6791300000000007
0
LINE
8
BLACK
6
CONTINUOUS
10
141.5915679999999952
20
-111.6791300000000007
11
141.5921029999999803
21
-111.6784159999999986
0
LINE
8
BLACK
6
CONTINUOUS
10
141.5921029999999803
20
-111.6784159999999986
11
141.5947419999999966
21
-111.6766199999999998
0
LINE
8
BLACK
6
CONTINUOUS
10
141.5947419999999966
20
-111.6766199999999998
11
141.5971499999999992
21
-111.674714999999992
0
LINE
8
BLACK
6
CONTINUOUS
10
141.5971499999999992
20
-111.674714999999992
11
141.597155999999984
21
-111.6747119999999995
0
LINE
8
BLACK
6
CONTINUOUS
10
141.597155999999984
20
-111.6747119999999995
11
141.72121199999998
21
-111.5506559999999894
0
LINE
8
BLACK
6
CONTINUOUS
10
141.72121199999998
20
-111.5506559999999894
11
141.8133139999999912
21
-111.4013339999999914
0
LINE
8
BLACK
6
CONTINUOUS
10
141.8133139999999912
20
-111.4013339999999914
11
141.8684989999999857
21
-111.2347970000000004
0
LINE
8
BLACK
6
CONTINUOUS
10
141.8684989999999857
20
-111.2347970000000004
11
141.8789999999999907
21
-111.1320089999999965
0
LINE
8
BLACK
6
CONTINUOUS
10
141.8789999999999907
20
-111.1320089999999965
11
141.8789989999999932
21
-108.8319919999999996
0
LINE
8
BLACK
6
CONTINUOUS
10
141.8789989999999932
20
-108.8319919999999996
11
141.8684989999999857
21
-108.7292029999999983
0
LINE
8
BLACK
6
CONTINUOUS
10
141.8684989999999857
20
-108.7292029999999983
11
141.8133139999999912
21
-108.562665999999993
0
LINE
8
BLACK
6
CONTINUOUS
10
141.8133139999999912
20
-108.562665999999993
11
141.72121199999998
21
-108.413343999999995
0
LINE
8
BLACK
6
CONTINUOUS
10
141.72121199999998
20
-108.413343999999995
11
141.5995489999999961
21
-108.291680999999997
0
LINE
8
BLACK
6
CONTINUOUS
10
141.5995489999999961
20
-108.291680999999997
11
141.566063999999983
21
-108.2303579999999954
0
LINE
8
BLACK
6
CONTINUOUS
10
141.566063999999983
20
-108.2303579999999954
11
141.5710479999999905
21
-108.160665999999992
0
LINE
8
BLACK
6
CONTINUOUS
10
141.5710479999999905
20
-108.160665999999992
11
141.5995489999999961
21
-108.1163189999999901
0
LINE
8
BLACK
6
CONTINUOUS
10
141.5995489999999961
20
-108.1163189999999901
11
141.72121199999998
21
-107.994655999999992
0
LINE
8
BLACK
6
CONTINUOUS
10
141.72121199999998
20
-107.994655999999992
11
141.8133139999999912
21
-107.845333999999994
0
LINE
8
BLACK
6
CONTINUOUS
10
141.8133139999999912
20
-107.845333999999994
11
141.8684989999999857
21
-107.6787969999999888
0
LINE
8
BLACK
6
CONTINUOUS
10
141.8684989999999857
20
-107.6787969999999888
11
141.8789999999999907
21
-107.5760089999999991
0
LINE
8
BLACK
6
CONTINUOUS
10
141.8789999999999907
20
-107.5760089999999991
11
141.8789989999999932
21
-105.2759920000000022
0
LINE
8
BLACK
6
CONTINUOUS
10
141.8789989999999932
20
-105.2759920000000022
11
141.8684989999999857
21
-105.1732030000000009
0
LINE
8
BLACK
6
CONTINUOUS
10
141.8684989999999857
20
-105.1732030000000009
11
141.8133139999999912
21
-105.0066659999999956
0
LINE
8
BLACK
6
CONTINUOUS
10
141.8133139999999912
20
-105.0066659999999956
11
141.72121199999998
21
-104.8573439999999977
0
LINE
8
BLACK
6
CONTINUOUS
10
141.72121199999998
20
-104.8573439999999977
11
141.597155999999984
21
-104.7332880000000017
0
LINE
8
BLACK
6
CONTINUOUS
10
141.597155999999984
20
-104.7332880000000017
11
141.5914889999999957
21
-104.7288069999999891
0
LINE
8
BLACK
6
CONTINUOUS
10
141.5914889999999957
20
-104.7288069999999891
11
141.5931229999999914
21
-104.7267389999999949
0
LINE
8
BLACK
6
CONTINUOUS
10
141.5931229999999914
20
-104.7267389999999949
11
141.554602999999986
21
-104.6839310000000012
0
LINE
8
BLACK
6
CONTINUOUS
10
141.554602999999986
20
-104.6839310000000012
11
141.5433659999999918
21
-104.614970999999997
0
LINE
8
BLACK
6
CONTINUOUS
10
141.5433659999999918
20
-104.614970999999997
11
141.5711959999999863
21
-104.5508829999999989
0
LINE
8
BLACK
6
CONTINUOUS
10
141.5711959999999863
20
-104.5508829999999989
11
141.5787100000000009
21
-104.5426569999999913
0
LINE
8
BLACK
6
CONTINUOUS
10
141.5787100000000009
20
-104.5426569999999913
11
141.6827119999999809
21
-104.4386559999999946
0
LINE
8
BLACK
6
CONTINUOUS
10
141.6827119999999809
20
-104.4386559999999946
11
141.7748139999999921
21
-104.2893339999999966
0
LINE
8
BLACK
6
CONTINUOUS
10
141.7748139999999921
20
-104.2893339999999966
11
141.8299989999999866
21
-104.1227969999999914
0
LINE
8
BLACK
6
CONTINUOUS
10
141.8299989999999866
20
-104.1227969999999914
11
141.8404999999999916
21
-104.0200090000000017
0
LINE
8
BLACK
6
CONTINUOUS
10
141.8404999999999916
20
-104.0200090000000017
11
141.8404989999999941
21
-101.7199919999999906
0
LINE
8
BLACK
6
CONTINUOUS
10
141.8404989999999941
20
-101.7199919999999906
11
141.8299989999999866
21
-101.6172029999999893
0
LINE
8
BLACK
6
CONTINUOUS
10
141.8299989999999866
20
-101.6172029999999893
11
141.7748139999999921
21
-101.4506659999999982
0
LINE
8
BLACK
6
CONTINUOUS
10
141.7748139999999921
20
-101.4506659999999982
11
141.6827119999999809
21
-101.3013440000000003
0
LINE
8
BLACK
6
CONTINUOUS
10
141.6827119999999809
20
-101.3013440000000003
11
141.561048999999997
21
-101.1796810000000022
0
LINE
8
BLACK
6
CONTINUOUS
10
141.561048999999997
20
-101.1796810000000022
11
141.5275639999999839
21
-101.1183580000000006
0
LINE
8
BLACK
6
CONTINUOUS
10
141.5275639999999839
20
-101.1183580000000006
11
141.5325479999999914
21
-101.0486659999999972
0
LINE
8
BLACK
6
CONTINUOUS
10
141.5325479999999914
20
-101.0486659999999972
11
141.561048999999997
21
-101.0043189999999953
0
LINE
8
BLACK
6
CONTINUOUS
10
141.561048999999997
20
-101.0043189999999953
11
141.6827119999999809
21
-100.8826559999999972
0
LINE
8
BLACK
6
CONTINUOUS
10
141.6827119999999809
20
-100.8826559999999972
11
141.7748139999999921
21
-100.7333339999999993
0
LINE
8
BLACK
6
CONTINUOUS
10
141.7748139999999921
20
-100.7333339999999993
11
141.8299989999999866
21
-100.566796999999994
0
LINE
8
BLACK
6
CONTINUOUS
10
141.8299989999999866
20
-100.566796999999994
11
141.8404999999999916
21
-100.4640089999999901
0
LINE
8
BLACK
6
CONTINUOUS
10
141.8404999999999916
20
-100.4640089999999901
11
141.8404989999999941
21
-98.1639919999999933
0
LINE
8
BLACK
6
CONTINUOUS
10
141.8404989999999941
20
-98.1639919999999933
11
141.8299989999999866
21
-98.0612029999999919
0
LINE
8
BLACK
6
CONTINUOUS
10
141.8299989999999866
20
-98.0612029999999919
11
141.7748139999999921
21
-97.8946660000000008
0
LINE
8
BLACK
6
CONTINUOUS
10
141.7748139999999921
20
-97.8946660000000008
11
141.6827119999999809
21
-97.7453439999999887
0
LINE
8
BLACK
6
CONTINUOUS
10
141.6827119999999809
20
-97.7453439999999887
11
141.561048999999997
21
-97.6236809999999906
0
LINE
8
BLACK
6
CONTINUOUS
10
141.561048999999997
20
-97.6236809999999906
11
141.5275639999999839
21
-97.562357999999989
0
LINE
8
BLACK
6
CONTINUOUS
10
141.5275639999999839
20
-97.562357999999989
11
141.5325479999999914
21
-97.4926659999999998
0
LINE
8
BLACK
6
CONTINUOUS
10
141.5325479999999914
20
-97.4926659999999998
11
141.561048999999997
21
-97.4483189999999979
0
LINE
8
BLACK
6
CONTINUOUS
10
141.561048999999997
20
-97.4483189999999979
11
141.611867999999987
21
-97.3974999999999937
0
LINE
8
BLACK
6
CONTINUOUS
10
141.611867999999987
20
-97.3974999999999937
11
141.6827119999999809
21
-97.3266559999999998
0
LINE
8
BLACK
6
CONTINUOUS
10
141.6827119999999809
20
-97.3266559999999998
11
141.7748139999999921
21
-97.1773340000000019
0
LINE
8
BLACK
6
CONTINUOUS
10
141.7748139999999921
20
-97.1773340000000019
11
141.8299989999999866
21
-97.0107969999999966
0
LINE
8
BLACK
6
CONTINUOUS
10
141.8299989999999866
20
-97.0107969999999966
11
141.8404999999999916
21
-96.9080089999999927
0
LINE
8
BLACK
6
CONTINUOUS
10
141.8404999999999916
20
-96.9080089999999927
11
141.8404989999999941
21
-94.6079919999999959
0
LINE
8
BLACK
6
CONTINUOUS
10
141.8404989999999941
20
-94.6079919999999959
11
141.8299989999999866
21
-94.5052029999999945
0
LINE
8
BLACK
6
CONTINUOUS
10
141.8299989999999866
20
-94.5052029999999945
11
141.7748139999999921
21
-94.3386659999999893
0
LINE
8
BLACK
6
CONTINUOUS
10
141.7748139999999921
20
-94.3386659999999893
11
141.6827119999999809
21
-94.1893439999999913
0
LINE
8
BLACK
6
CONTINUOUS
10
141.6827119999999809
20
-94.1893439999999913
11
141.561048999999997
21
-94.0676809999999932
0
LINE
8
BLACK
6
CONTINUOUS
10
141.561048999999997
20
-94.0676809999999932
11
141.5275639999999839
21
-94.0063579999999916
0
LINE
8
BLACK
6
CONTINUOUS
10
141.5275639999999839
20
-94.0063579999999916
11
141.5325479999999914
21
-93.9366660000000024
0
LINE
8
BLACK
6
CONTINUOUS
10
141.5325479999999914
20
-93.9366660000000024
11
141.561048999999997
21
-93.8923190000000005
0
LINE
8
BLACK
6
CONTINUOUS
10
141.561048999999997
20
-93.8923190000000005
11
141.6827119999999809
21
-93.7706560000000025
0
LINE
8
BLACK
6
CONTINUOUS
10
141.6827119999999809
20
-93.7706560000000025
11
141.7748139999999921
21
-93.6213339999999903
0
LINE
8
BLACK
6
CONTINUOUS
10
141.7748139999999921
20
-93.6213339999999903
11
141.8299989999999866
21
-93.4547969999999992
0
LINE
8
BLACK
6
CONTINUOUS
10
141.8299989999999866
20
-93.4547969999999992
11
141.8404999999999916
21
-93.3520089999999954
0
LINE
8
BLACK
6
CONTINUOUS
10
141.8404999999999916
20
-93.3520089999999954
11
141.8404989999999941
21
-91.0519919999999985
0
LINE
8
BLACK
6
CONTINUOUS
10
141.8404989999999941
20
-91.0519919999999985
11
141.8299989999999866
21
-90.9492029999999971
0
LINE
8
BLACK
6
CONTINUOUS
10
141.8299989999999866
20
-90.9492029999999971
11
141.7748139999999921
21
-90.7826659999999919
0
LINE
8
BLACK
6
CONTINUOUS
10
141.7748139999999921
20
-90.7826659999999919
11
141.6827119999999809
21
-90.6333439999999939
0
LINE
8
BLACK
6
CONTINUOUS
10
141.6827119999999809
20
-90.6333439999999939
11
141.5586559999999849
21
-90.509287999999998
0
LINE
8
BLACK
6
CONTINUOUS
10
141.5586559999999849
20
-90.509287999999998
11
141.4551689999999837
21
-90.4454569999999904
0
LINE
8
BLACK
6
CONTINUOUS
10
141.4551689999999837
20
-90.4454569999999904
11
141.4093359999999961
21
-90.4171869999999984
0
LINE
8
BLACK
6
CONTINUOUS
10
141.4093359999999961
20
-90.4171869999999984
11
141.4093309999999803
21
-90.4171849999999893
0
LINE
8
BLACK
6
CONTINUOUS
10
141.4093309999999803
20
-90.4171849999999893
11
141.363049999999987
21
-90.4018489999999986
0
LINE
8
BLACK
6
CONTINUOUS
10
141.363049999999987
20
-90.4018489999999986
11
141.2427969999999959
21
-90.3620009999999922
0
LINE
8
BLACK
6
CONTINUOUS
10
141.2427969999999959
20
-90.3620009999999922
11
141.242795000000001
21
-90.3619999999999948
0
LINE
8
BLACK
6
CONTINUOUS
10
141.242795000000001
20
-90.3619999999999948
11
141.1400099999999895
21
-90.3515000000000015
0
LINE
8
BLACK
6
CONTINUOUS
10
141.1400099999999895
20
-90.3515000000000015
11
140.21499799999998
21
-90.3515000000000015
0
LINE
8
BLACK
6
CONTINUOUS
10
140.21499799999998
20
-90.3515000000000015
11
140.2149799999999971
21
-90.351500999999999
0
LINE
8
BLACK
6
CONTINUOUS
10
140.2149799999999971
20
-90.351500999999999
11
140.1122029999999938
21
-90.3619999999999948
0
LINE
8
BLACK
6
CONTINUOUS
10
140.1122029999999938
20
-90.3619999999999948
11
140.1121959999999831
21
-90.3620019999999897
0
LINE
8
BLACK
6
CONTINUOUS
10
140.1121959999999831
20
-90.3620019999999897
11
139.9840810000000033
21
-90.4044549999999987
0
LINE
8
BLACK
6
CONTINUOUS
10
139.9840810000000033
20
-90.4044549999999987
11
139.9142530000000022
21
-90.4068570000000022
0
LINE
8
BLACK
6
CONTINUOUS
10
139.9142530000000022
20
-90.4068570000000022
11
139.8946420000000046
21
-90.4000279999999918
0
LINE
8
BLACK
6
CONTINUOUS
10
139.8946420000000046
20
-90.4000279999999918
11
139.7258070000000032
21
-90.3248569999999944
0
LINE
8
BLACK
6
CONTINUOUS
10
139.7258070000000032
20
-90.3248569999999944
11
139.7258019999999874
21
-90.3248549999999994
0
LINE
8
BLACK
6
CONTINUOUS
10
139.7258019999999874
20
-90.3248549999999994
11
139.5800009999999816
21
-90.2938649999999967
0
LINE
8
BLACK
6
CONTINUOUS
10
139.5800009999999816
20
-90.2938649999999967
11
139.5406459999999811
21
-90.285499999999999
0
LINE
8
BLACK
6
CONTINUOUS
10
139.5406459999999811
20
-90.285499999999999
11
139.3513539999999864
21
-90.285499999999999
0
LINE
8
BLACK
6
CONTINUOUS
10
139.3513539999999864
20
-90.285499999999999
11
139.3188969999999927
21
-90.2923979999999915
0
LINE
8
BLACK
6
CONTINUOUS
10
154.9681850000000054
20
-116.5288269999999926
11
155.3076499999999953
21
-116.6092809999999957
0
LINE
8
BLACK
6
CONTINUOUS
10
155.3076499999999953
20
-116.6092809999999957
11
155.6354790000000037
21
-116.7286019999999951
0
LINE
8
BLACK
6
CONTINUOUS
10
155.6354790000000037
20
-116.7286019999999951
11
155.9472399999999936
21
-116.8851739999999921
0
LINE
8
BLACK
6
CONTINUOUS
10
155.9472399999999936
20
-116.8851739999999921
11
156.2387159999999824
21
-117.0768799999999885
0
LINE
8
BLACK
6
CONTINUOUS
10
156.2387159999999824
20
-117.0768799999999885
11
156.5059650000000033
21
-117.3011289999999889
0
LINE
8
BLACK
6
CONTINUOUS
10
156.5059650000000033
20
-117.3011289999999889
11
156.7453730000000007
21
-117.5548869999999937
0
LINE
8
BLACK
6
CONTINUOUS
10
156.7453730000000007
20
-117.5548869999999937
11
156.9537029999999902
21
-117.8347229999999968
0
LINE
8
BLACK
6
CONTINUOUS
10
156.9537029999999902
20
-117.8347229999999968
11
157.128138000000007
21
-118.1368519999999904
0
LINE
8
BLACK
6
CONTINUOUS
10
157.128138000000007
20
-118.1368519999999904
11
157.2663179999999841
21
-118.4571899999999971
0
LINE
8
BLACK
6
CONTINUOUS
10
157.2663179999999841
20
-118.4571899999999971
11
157.366375000000005
21
-118.7914019999999908
0
LINE
8
BLACK
6
CONTINUOUS
10
157.366375000000005
20
-118.7914019999999908
11
157.4269549999999924
21
-119.1349709999999931
0
LINE
8
BLACK
6
CONTINUOUS
10
157.4269549999999924
20
-119.1349709999999931
11
157.4472399999999936
21
-119.4832499999999982
0
LINE
8
BLACK
6
CONTINUOUS
10
157.4472399999999936
20
-119.4832499999999982
11
157.4269549999999924
21
-119.8315289999999891
0
LINE
8
BLACK
6
CONTINUOUS
10
157.4269549999999924
20
-119.8315289999999891
11
157.366375000000005
21
-120.1750979999999913
0
LINE
8
BLACK
6
CONTINUOUS
10
157.366375000000005
20
-120.1750979999999913
11
157.2663179999999841
21
-120.5093099999999993
0
LINE
8
BLACK
6
CONTINUOUS
10
157.2663179999999841
20
-120.5093099999999993
11
157.128138000000007
21
-120.8296479999999917
0
LINE
8
BLACK
6
CONTINUOUS
10
157.128138000000007
20
-120.8296479999999917
11
156.9537029999999902
21
-121.1317769999999996
0
LINE
8
BLACK
6
CONTINUOUS
10
156.9537029999999902
20
-121.1317769999999996
11
156.7453730000000007
21
-121.4116129999999885
0
LINE
8
BLACK
6
CONTINUOUS
10
156.7453730000000007
20
-121.4116129999999885
11
156.5059650000000033
21
-121.6653709999999933
0
LINE
8
BLACK
6
CONTINUOUS
10
156.5059650000000033
20
-121.6653709999999933
11
156.2387159999999824
21
-121.8896199999999936
0
LINE
8
BLACK
6
CONTINUOUS
10
156.2387159999999824
20
-121.8896199999999936
11
155.9472399999999936
21
-122.08132599999999
0
LINE
8
BLACK
6
CONTINUOUS
10
155.9472399999999936
20
-122.08132599999999
11
155.6354790000000037
21
-122.2378980000000013
0
LINE
8
BLACK
6
CONTINUOUS
10
155.6354790000000037
20
-122.2378980000000013
11
155.3076499999999953
21
-122.3572190000000006
0
LINE
8
BLACK
6
CONTINUOUS
10
155.3076499999999953
20
-122.3572190000000006
11
154.9681850000000054
21
-122.4376729999999895
0
LINE
8
BLACK
6
CONTINUOUS
10
154.9681850000000054
20
-122.4376729999999895
11
154.6216739999999845
21
-122.4781739999999957
0
LINE
8
BLACK
6
CONTINUOUS
10
154.6216739999999845
20
-122.4781739999999957
11
154.2728060000000028
21
-122.4781739999999957
0
LINE
8
BLACK
6
CONTINUOUS
10
154.2728060000000028
20
-122.4781739999999957
11
153.9262949999999819
21
-122.4376729999999895
0
LINE
8
BLACK
6
CONTINUOUS
10
153.9262949999999819
20
-122.4376729999999895
11
153.586829999999992
21
-122.3572190000000006
0
LINE
8
BLACK
6
CONTINUOUS
10
153.586829999999992
20
-122.3572190000000006
11
153.2590009999999836
21
-122.2378980000000013
0
LINE
8
BLACK
6
CONTINUOUS
10
153.2590009999999836
20
-122.2378980000000013
11
152.9472399999999936
21
-122.08132599999999
0
LINE
8
BLACK
6
CONTINUOUS
10
152.9472399999999936
20
-122.08132599999999
11
152.6557640000000049
21
-121.8896199999999936
0
LINE
8
BLACK
6
CONTINUOUS
10
152.6557640000000049
20
-121.8896199999999936
11
152.388514999999984
21
-121.6653709999999933
0
LINE
8
BLACK
6
CONTINUOUS
10
152.388514999999984
20
-121.6653709999999933
11
152.1491069999999866
21
-121.4116129999999885
0
LINE
8
BLACK
6
CONTINUOUS
10
152.1491069999999866
20
-121.4116129999999885
11
151.9407769999999971
21
-121.1317769999999996
0
LINE
8
BLACK
6
CONTINUOUS
10
151.9407769999999971
20
-121.1317769999999996
11
151.7663419999999803
21
-120.8296479999999917
0
LINE
8
BLACK
6
CONTINUOUS
10
151.7663419999999803
20
-120.8296479999999917
11
151.6281620000000032
21
-120.5093099999999993
0
LINE
8
BLACK
6
CONTINUOUS
10
151.6281620000000032
20
-120.5093099999999993
11
151.5281049999999823
21
-120.1750979999999913
0
LINE
8
BLACK
6
CONTINUOUS
10
151.5281049999999823
20
-120.1750979999999913
11
151.4675249999999949
21
-119.8315289999999891
0
LINE
8
BLACK
6
CONTINUOUS
10
151.4675249999999949
20
-119.8315289999999891
11
151.4472399999999936
21
-119.4832499999999982
0
LINE
8
BLACK
6
CONTINUOUS
10
151.4472399999999936
20
-119.4832499999999982
11
151.4675249999999949
21
-119.1349709999999931
0
LINE
8
BLACK
6
CONTINUOUS
10
151.4675249999999949
20
-119.1349709999999931
11
151.5281049999999823
21
-118.7914019999999908
0
LINE
8
BLACK
6
CONTINUOUS
10
151.5281049999999823
20
-118.7914019999999908
11
151.6281620000000032
21
-118.4571899999999971
0
LINE
8
BLACK
6
CONTINUOUS
10
151.6281620000000032
20
-118.4571899999999971
11
151.7663419999999803
21
-118.1368519999999904
0
LINE
8
BLACK
6
CONTINUOUS
10
151.7663419999999803
20
-118.1368519999999904
11
151.9407769999999971
21
-117.8347229999999968
0
LINE
8
BLACK
6
CONTINUOUS
10
151.9407769999999971
20
-117.8347229999999968
11
152.1491069999999866
21
-117.5548869999999937
0
LINE
8
BLACK
6
CONTINUOUS
10
152.1491069999999866
20
-117.5548869999999937
11
152.388514999999984
21
-117.3011289999999889
0
LINE
8
BLACK
6
CONTINUOUS
10
152.388514999999984
20
-117.3011289999999889
11
152.6557640000000049
21
-117.0768799999999885
0
LINE
8
BLACK
6
CONTINUOUS
10
152.6557640000000049
20
-117.0768799999999885
11
152.9472399999999936
21
-116.8851739999999921
0
LINE
8
BLACK
6
CONTINUOUS
10
152.9472399999999936
20
-116.8851739999999921
11
153.2590009999999836
21
-116.7286019999999951
0
LINE
8
BLACK
6
CONTINUOUS
10
153.2590009999999836
20
-116.7286019999999951
11
153.586829999999992
21
-116.6092809999999957
0
LINE
8
BLACK
6
CONTINUOUS
10
153.586829999999992
20
-116.6092809999999957
11
153.9262949999999819
21
-116.5288269999999926
0
LINE
8
BLACK
6
CONTINUOUS
10
153.9262949999999819
20
-116.5288269999999926
11
154.2728060000000028
21
-116.4883260000000007
0
LINE
8
BLACK
6
CONTINUOUS
10
154.2728060000000028
20
-116.4883260000000007
11
154.6216739999999845
21
-116.4883260000000007
0
LINE
8
BLACK
6
CONTINUOUS
10
154.6216739999999845
20
-116.4883260000000007
11
154.9681850000000054
21
-116.5288269999999926
0
LINE
8
BLACK
6
CONTINUOUS
10
160.9923299999999813
20
-116.3574649999999906
11
161.1799230000000023
21
-116.414369999999991
0
LINE
8
BLACK
6
CONTINUOUS
10
161.1799230000000023
20
-116.414369999999991
11
161.3528100000000052
21
-116.506779999999992
0
LINE
8
BLACK
6
CONTINUOUS
10
161.3528100000000052
20
-116.506779999999992
11
161.5043469999999957
21
-116.6311429999999945
0
LINE
8
BLACK
6
CONTINUOUS
10
161.5043469999999957
20
-116.6311429999999945
11
161.6287099999999839
21
-116.7826799999999992
0
LINE
8
BLACK
6
CONTINUOUS
10
161.6287099999999839
20
-116.7826799999999992
11
161.7211199999999849
21
-116.9555669999999878
0
LINE
8
BLACK
6
CONTINUOUS
10
161.7211199999999849
20
-116.9555669999999878
11
161.7780249999999853
21
-117.1431599999999946
0
LINE
8
BLACK
6
CONTINUOUS
10
161.7780249999999853
20
-117.1431599999999946
11
161.797239999999988
21
-117.3382499999999879
0
LINE
8
BLACK
6
CONTINUOUS
10
161.797239999999988
20
-117.3382499999999879
11
161.7780249999999853
21
-117.5333399999999955
0
LINE
8
BLACK
6
CONTINUOUS
10
161.7780249999999853
20
-117.5333399999999955
11
161.7211199999999849
21
-117.7209329999999881
0
LINE
8
BLACK
6
CONTINUOUS
10
161.7211199999999849
20
-117.7209329999999881
11
161.6287099999999839
21
-117.893819999999991
0
LINE
8
BLACK
6
CONTINUOUS
10
161.6287099999999839
20
-117.893819999999991
11
161.5043469999999957
21
-118.0453569999999957
0
LINE
8
BLACK
6
CONTINUOUS
10
161.5043469999999957
20
-118.0453569999999957
11
161.3528100000000052
21
-118.1697199999999981
0
LINE
8
BLACK
6
CONTINUOUS
10
161.3528100000000052
20
-118.1697199999999981
11
161.1799230000000023
21
-118.2621299999999991
0
LINE
8
BLACK
6
CONTINUOUS
10
161.1799230000000023
20
-118.2621299999999991
11
160.9923299999999813
21
-118.3190349999999995
0
LINE
8
BLACK
6
CONTINUOUS
10
160.9923299999999813
20
-118.3190349999999995
11
160.797239999999988
21
-118.3382499999999879
0
LINE
8
BLACK
6
CONTINUOUS
10
160.797239999999988
20
-118.3382499999999879
11
160.6021499999999946
21
-118.3190349999999995
0
LINE
8
BLACK
6
CONTINUOUS
10
160.6021499999999946
20
-118.3190349999999995
11
160.4145570000000021
21
-118.2621299999999991
0
LINE
8
BLACK
6
CONTINUOUS
10
160.4145570000000021
20
-118.2621299999999991
11
160.2416699999999992
21
-118.1697199999999981
0
LINE
8
BLACK
6
CONTINUOUS
10
160.2416699999999992
20
-118.1697199999999981
11
160.0901329999999803
21
-118.0453569999999957
0
LINE
8
BLACK
6
CONTINUOUS
10
160.0901329999999803
20
-118.0453569999999957
11
159.965769999999992
21
-117.893819999999991
0
LINE
8
BLACK
6
CONTINUOUS
10
159.965769999999992
20
-117.893819999999991
11
159.873359999999991
21
-117.7209329999999881
0
LINE
8
BLACK
6
CONTINUOUS
10
159.873359999999991
20
-117.7209329999999881
11
159.8164549999999906
21
-117.5333399999999955
0
LINE
8
BLACK
6
CONTINUOUS
10
159.8164549999999906
20
-117.5333399999999955
11
159.797239999999988
21
-117.3382499999999879
0
LINE
8
BLACK
6
CONTINUOUS
10
159.797239999999988
20
-117.3382499999999879
11
159.8164549999999906
21
-117.1431599999999946
0
LINE
8
BLACK
6
CONTINUOUS
10
159.8164549999999906
20
-117.1431599999999946
11
159.873359999999991
21
-116.9555669999999878
0
LINE
8
BLACK
6
CONTINUOUS
10
159.873359999999991
20
-116.9555669999999878
11
159.965769999999992
21
-116.7826799999999992
0
LINE
8
BLACK
6
CONTINUOUS
10
159.965769999999992
20
-116.7826799999999992
11
160.0901329999999803
21
-116.6311429999999945
0
LINE
8
BLACK
6
CONTINUOUS
10
160.0901329999999803
20
-116.6311429999999945
11
160.2416699999999992
21
-116.506779999999992
0
LINE
8
BLACK
6
CONTINUOUS
10
160.2416699999999992
20
-116.506779999999992
11
160.4145570000000021
21
-116.414369999999991
0
LINE
8
BLACK
6
CONTINUOUS
10
160.4145570000000021
20
-116.414369999999991
11
160.6021499999999946
21
-116.3574649999999906
0
LINE
8
BLACK
6
CONTINUOUS
10
160.6021499999999946
20
-116.3574649999999906
11
160.797239999999988
21
-116.3382499999999879
0
LINE
8
BLACK
6
CONTINUOUS
10
160.797239999999988
20
-116.3382499999999879
11
160.9923299999999813
21
-116.3574649999999906
0
LINE
8
BLACK
6
CONTINUOUS
10
164.7156070000000057
20
-108.5855770000000007
11
164.8271139999999946
21
-108.6423929999999984
0
LINE
8
BLACK
6
CONTINUOUS
10
164.8271139999999946
20
-108.6423929999999984
11
164.9156069999999943
21
-108.7308859999999981
0
LINE
8
BLACK
6
CONTINUOUS
10
164.9156069999999943
20
-108.7308859999999981
11
164.972422999999992
21
-108.8423930000000013
0
LINE
8
BLACK
6
CONTINUOUS
10
164.972422999999992
20
-108.8423930000000013
11
164.9919999999999902
21
-108.965999999999994
0
LINE
8
BLACK
6
CONTINUOUS
10
164.9919999999999902
20
-108.965999999999994
11
164.972422999999992
21
-109.0896070000000009
0
LINE
8
BLACK
6
CONTINUOUS
10
164.972422999999992
20
-109.0896070000000009
11
164.9156069999999943
21
-109.2011139999999898
0
LINE
8
BLACK
6
CONTINUOUS
10
164.9156069999999943
20
-109.2011139999999898
11
164.8271139999999946
21
-109.2896069999999895
0
LINE
8
BLACK
6
CONTINUOUS
10
164.8271139999999946
20
-109.2896069999999895
11
164.7156070000000057
21
-109.3464230000000015
0
LINE
8
BLACK
6
CONTINUOUS
10
164.7156070000000057
20
-109.3464230000000015
11
164.5919999999999845
21
-109.3659999999999997
0
LINE
8
BLACK
6
CONTINUOUS
10
164.5919999999999845
20
-109.3659999999999997
11
164.4683929999999918
21
-109.3464230000000015
0
LINE
8
BLACK
6
CONTINUOUS
10
164.4683929999999918
20
-109.3464230000000015
11
164.3568860000000029
21
-109.2896069999999895
0
LINE
8
BLACK
6
CONTINUOUS
10
164.3568860000000029
20
-109.2896069999999895
11
164.2683930000000032
21
-109.2011139999999898
0
LINE
8
BLACK
6
CONTINUOUS
10
164.2683930000000032
20
-109.2011139999999898
11
164.2115770000000055
21
-109.0896070000000009
0
LINE
8
BLACK
6
CONTINUOUS
10
164.2115770000000055
20
-109.0896070000000009
11
164.1919999999999789
21
-108.965999999999994
0
LINE
8
BLACK
6
CONTINUOUS
10
164.1919999999999789
20
-108.965999999999994
11
164.2115770000000055
21
-108.8423930000000013
0
LINE
8
BLACK
6
CONTINUOUS
10
164.2115770000000055
20
-108.8423930000000013
11
164.2683930000000032
21
-108.7308859999999981
0
LINE
8
BLACK
6
CONTINUOUS
10
164.2683930000000032
20
-108.7308859999999981
11
164.3568860000000029
21
-108.6423929999999984
0
LINE
8
BLACK
6
CONTINUOUS
10
164.3568860000000029
20
-108.6423929999999984
11
164.4683929999999918
21
-108.5855770000000007
0
LINE
8
BLACK
6
CONTINUOUS
10
164.4683929999999918
20
-108.5855770000000007
11
164.5919999999999845
21
-108.5659999999999883
0
LINE
8
BLACK
6
CONTINUOUS
10
164.5919999999999845
20
-108.5659999999999883
11
164.7156070000000057
21
-108.5855770000000007
0
LINE
8
BLACK
6
CONTINUOUS
10
176.9506299999999896
20
-88.1576850000000007
11
176.9963850000000036
21
-88.2104889999999955
0
LINE
8
BLACK
6
CONTINUOUS
10
176.9963850000000036
20
-88.2104889999999955
11
177.0063289999999938
21
-88.2796469999999971
0
LINE
8
BLACK
6
CONTINUOUS
10
177.0063289999999938
20
-88.2796469999999971
11
176.9893390000000011
21
-88.3267559999999889
0
LINE
8
BLACK
6
CONTINUOUS
10
176.9893390000000011
20
-88.3267559999999889
11
176.8810679999999991
21
-88.5035669999999897
0
LINE
8
BLACK
6
CONTINUOUS
10
176.8810679999999991
20
-88.5035669999999897
11
176.8788539999999898
21
-88.5070509999999899
0
LINE
8
BLACK
6
CONTINUOUS
10
176.8788539999999898
20
-88.5070509999999899
11
176.2855579999999804
21
-89.4071950000000015
0
LINE
8
BLACK
6
CONTINUOUS
10
176.2855579999999804
20
-89.4071950000000015
11
176.2832279999999798
21
-89.4106049999999897
0
LINE
8
BLACK
6
CONTINUOUS
10
176.2832279999999798
20
-89.4106049999999897
11
175.6603049999999939
21
-90.2904779999999931
0
LINE
8
BLACK
6
CONTINUOUS
10
175.6603049999999939
20
-90.2904779999999931
11
175.6578639999999893
21
-90.293807000000001
0
LINE
8
BLACK
6
CONTINUOUS
10
175.6578639999999893
20
-90.293807000000001
11
175.005993999999987
21
-91.1524489999999901
0
LINE
8
BLACK
6
CONTINUOUS
10
175.005993999999987
20
-91.1524489999999901
11
175.0034430000000043
21
-91.1556959999999918
0
LINE
8
BLACK
6
CONTINUOUS
10
175.0034430000000043
20
-91.1556959999999918
11
174.3233339999999885
21
-91.9921739999999915
0
LINE
8
BLACK
6
CONTINUOUS
10
174.3233339999999885
20
-91.9921739999999915
11
174.3206759999999917
21
-91.9953339999999997
0
LINE
8
BLACK
6
CONTINUOUS
10
174.3206759999999917
20
-91.9953339999999997
11
173.6131019999999978
21
-92.8086959999999976
0
LINE
8
BLACK
6
CONTINUOUS
10
173.6131019999999978
20
-92.8086959999999976
11
173.6103399999999795
21
-92.8117659999999915
0
LINE
8
BLACK
6
CONTINUOUS
10
173.6103399999999795
20
-92.8117659999999915
11
172.8760839999999916
21
-93.6011139999999955
0
LINE
8
BLACK
6
CONTINUOUS
10
172.8760839999999916
20
-93.6011139999999955
11
172.8732219999999984
21
-93.6040899999999993
0
LINE
8
BLACK
6
CONTINUOUS
10
172.8732219999999984
20
-93.6040899999999993
11
172.1130799999999965
21
-94.3685669999999988
0
LINE
8
BLACK
6
CONTINUOUS
10
172.1130799999999965
20
-94.3685669999999988
11
172.1101199999999949
21
-94.3714459999999917
0
LINE
8
BLACK
6
CONTINUOUS
10
172.1101199999999949
20
-94.3714459999999917
11
171.3249589999999785
21
-95.1101769999999931
0
LINE
8
BLACK
6
CONTINUOUS
10
171.3249589999999785
20
-95.1101769999999931
11
171.3219049999999868
21
-95.1129559999999969
0
LINE
8
BLACK
6
CONTINUOUS
10
171.3219049999999868
20
-95.1129559999999969
11
170.512707000000006
21
-95.825027999999989
0
LINE
8
BLACK
6
CONTINUOUS
10
170.512707000000006
20
-95.825027999999989
11
170.5111709999999903
21
-95.826357999999999
0
LINE
8
BLACK
6
CONTINUOUS
10
170.5111709999999903
20
-95.826357999999999
11
170.505486999999988
21
-95.8311959999999914
0
LINE
8
BLACK
6
CONTINUOUS
10
170.505486999999988
20
-95.8311959999999914
11
170.4599469999999997
21
-95.869963999999996
0
LINE
8
BLACK
6
CONTINUOUS
10
170.4599469999999997
20
-95.869963999999996
11
170.4599439999999788
21
-95.8699670000000026
0
LINE
8
BLACK
6
CONTINUOUS
10
170.4599439999999788
20
-95.8699670000000026
11
170.4367979999999818
21
-95.8896620000000013
0
LINE
8
BLACK
6
CONTINUOUS
10
170.4367979999999818
20
-95.8896620000000013
11
170.4366739999999822
21
-95.8897759999999977
0
LINE
8
BLACK
6
CONTINUOUS
10
170.4366739999999822
20
-95.8897759999999977
11
170.3625559999999837
21
-95.9528749999999917
0
LINE
8
BLACK
6
CONTINUOUS
10
170.3625559999999837
20
-95.9528749999999917
11
170.3625549999999862
21
-95.9528759999999892
0
LINE
8
BLACK
6
CONTINUOUS
10
170.3625549999999862
20
-95.9528759999999892
11
170.0885370000000023
21
-96.2303029999999922
0
LINE
8
BLACK
6
CONTINUOUS
10
170.0885370000000023
20
-96.2303029999999922
11
169.8395309999999938
21
-96.5303880000000021
0
LINE
8
BLACK
6
CONTINUOUS
10
169.8395309999999938
20
-96.5303880000000021
11
169.6174220000000048
21
-96.8508629999999897
0
LINE
8
BLACK
6
CONTINUOUS
10
169.6174220000000048
20
-96.8508629999999897
11
169.4238440000000026
21
-97.1893630000000002
0
LINE
8
BLACK
6
CONTINUOUS
10
169.4238440000000026
20
-97.1893630000000002
11
169.2602729999999838
21
-97.5433099999999911
0
LINE
8
BLACK
6
CONTINUOUS
10
169.2602729999999838
20
-97.5433099999999911
11
169.260265000000004
21
-97.543329
0
LINE
8
BLACK
6
CONTINUOUS
10
169.260265000000004
20
-97.543329
11
169.1279129999999782
21
-97.9100969999999933
0
LINE
8
BLACK
6
CONTINUOUS
10
169.1279129999999782
20
-97.9100969999999933
11
169.1279069999999933
21
-97.9101129999999955
0
LINE
8
BLACK
6
CONTINUOUS
10
169.1279069999999933
20
-97.9101129999999955
11
169.0277639999999906
21
-98.2869599999999934
0
LINE
8
BLACK
6
CONTINUOUS
10
169.0277639999999906
20
-98.2869599999999934
11
168.9980209999999943
21
-98.4570069999999902
0
LINE
8
BLACK
6
CONTINUOUS
10
168.9980209999999943
20
-98.4570069999999902
11
168.9605799999999931
21
-98.6710649999999987
0
LINE
8
BLACK
6
CONTINUOUS
10
168.9605799999999931
20
-98.6710649999999987
11
168.9333780000000047
21
-98.9844700000000017
0
LINE
8
BLACK
6
CONTINUOUS
10
168.9333780000000047
20
-98.9844700000000017
11
168.9268619999999999
21
-99.0595399999999984
0
LINE
8
BLACK
6
CONTINUOUS
10
168.9268619999999999
20
-99.0595399999999984
11
168.9268380000000036
21
-99.1498419999999925
0
LINE
8
BLACK
6
CONTINUOUS
10
168.9268380000000036
20
-99.1498419999999925
11
168.9268129999999815
21
-99.1503790000000009
0
LINE
8
BLACK
6
CONTINUOUS
10
168.9268129999999815
20
-99.1503790000000009
11
168.9268129999999815
21
-109.4558359999999908
0
LINE
8
BLACK
6
CONTINUOUS
10
168.9268129999999815
20
-109.4558359999999908
11
168.9071280000000002
21
-109.5228749999999991
0
LINE
8
BLACK
6
CONTINUOUS
10
168.9071280000000002
20
-109.5228749999999991
11
168.8543239999999912
21
-109.5686299999999989
0
LINE
8
BLACK
6
CONTINUOUS
10
168.8543239999999912
20
-109.5686299999999989
11
168.8336559999999906
21
-109.5759389999999911
0
LINE
8
BLACK
6
CONTINUOUS
10
168.8336559999999906
20
-109.5759389999999911
11
168.7778160000000014
21
-109.5902779999999979
0
LINE
8
BLACK
6
CONTINUOUS
10
168.7778160000000014
20
-109.5902779999999979
11
168.724648000000002
21
-109.6039320000000004
0
LINE
8
BLACK
6
CONTINUOUS
10
168.724648000000002
20
-109.6039320000000004
11
168.6238549999999918
21
-109.6388879999999943
0
LINE
8
BLACK
6
CONTINUOUS
10
168.6238549999999918
20
-109.6388879999999943
11
168.2946019999999976
21
-109.7530749999999955
0
LINE
8
BLACK
6
CONTINUOUS
10
168.2946019999999976
20
-109.7530749999999955
11
167.8783179999999788
21
-109.9371280000000013
0
LINE
8
BLACK
6
CONTINUOUS
10
167.8783179999999788
20
-109.9371280000000013
11
167.8783049999999832
21
-109.9371349999999978
0
LINE
8
BLACK
6
CONTINUOUS
10
167.8783049999999832
20
-109.9371349999999978
11
167.4785969999999793
21
-110.1548509999999936
0
LINE
8
BLACK
6
CONTINUOUS
10
167.4785969999999793
20
-110.1548509999999936
11
167.4785909999999944
21
-110.1548549999999977
0
LINE
8
BLACK
6
CONTINUOUS
10
167.4785909999999944
20
-110.1548549999999977
11
167.0981720000000053
21
-110.404759999999996
0
LINE
8
BLACK
6
CONTINUOUS
10
167.0981720000000053
20
-110.404759999999996
11
167.0981589999999812
21
-110.4047699999999992
0
LINE
8
BLACK
6
CONTINUOUS
10
167.0981589999999812
20
-110.4047699999999992
11
166.7396209999999996
21
-110.6851549999999946
0
LINE
8
BLACK
6
CONTINUOUS
10
166.7396209999999996
20
-110.6851549999999946
11
166.7396019999999908
21
-110.6851719999999943
0
LINE
8
BLACK
6
CONTINUOUS
10
166.7396019999999908
20
-110.6851719999999943
11
166.4053909999999803
21
-110.9941269999999918
0
LINE
8
BLACK
6
CONTINUOUS
10
166.4053909999999803
20
-110.9941269999999918
11
166.4053799999999796
21
-110.9941389999999899
0
LINE
8
BLACK
6
CONTINUOUS
10
166.4053799999999796
20
-110.9941389999999899
11
166.0977499999999907
21
-111.3295759999999888
0
LINE
8
BLACK
6
CONTINUOUS
10
166.0977499999999907
20
-111.3295759999999888
11
166.09773899999999
21
-111.3295899999999961
0
LINE
8
BLACK
6
CONTINUOUS
10
166.09773899999999
20
-111.3295899999999961
11
165.947749999999985
21
-111.5229629999999901
0
LINE
8
BLACK
6
CONTINUOUS
10
165.947749999999985
20
-111.5229629999999901
11
165.8187680000000057
21
-111.6892519999999962
0
LINE
8
BLACK
6
CONTINUOUS
10
165.8187680000000057
20
-111.6892519999999962
11
165.5703719999999919
21
-112.0706679999999977
0
LINE
8
BLACK
6
CONTINUOUS
10
165.5703719999999919
20
-112.0706679999999977
11
165.5703689999999995
21
-112.0706729999999993
0
LINE
8
BLACK
6
CONTINUOUS
10
165.5703689999999995
20
-112.0706729999999993
11
165.3542410000000018
21
-112.4712399999999946
0
LINE
8
BLACK
6
CONTINUOUS
10
165.3542410000000018
20
-112.4712399999999946
11
165.3542389999999784
21
-112.4712449999999961
0
LINE
8
BLACK
6
CONTINUOUS
10
165.3542389999999784
20
-112.4712449999999961
11
165.1718329999999924
21
-112.8882709999999889
0
LINE
8
BLACK
6
CONTINUOUS
10
165.1718329999999924
20
-112.8882709999999889
11
165.0243999999999858
21
-113.3189039999999892
0
LINE
8
BLACK
6
CONTINUOUS
10
165.0243999999999858
20
-113.3189039999999892
11
164.9129379999999969
21
-113.7602169999999973
0
LINE
8
BLACK
6
CONTINUOUS
10
164.9129379999999969
20
-113.7602169999999973
11
164.912936000000002
21
-113.7602259999999887
0
LINE
8
BLACK
6
CONTINUOUS
10
164.912936000000002
20
-113.7602259999999887
11
164.8382110000000011
21
-114.2091849999999909
0
LINE
8
BLACK
6
CONTINUOUS
10
164.8382110000000011
20
-114.2091849999999909
11
164.8382090000000062
21
-114.2091999999999956
0
LINE
8
BLACK
6
CONTINUOUS
10
164.8382090000000062
20
-114.2091999999999956
11
164.8382090000000062
21
-114.2092039999999997
0
LINE
8
BLACK
6
CONTINUOUS
10
164.8382090000000062
20
-114.2092039999999997
11
164.8007169999999917
21
-114.6628259999999955
0
LINE
8
BLACK
6
CONTINUOUS
10
164.8007169999999917
20
-114.6628259999999955
11
164.8007169999999917
21
-115.1179949999999934
0
LINE
8
BLACK
6
CONTINUOUS
10
164.8007169999999917
20
-115.1179949999999934
11
164.8382090000000062
21
-115.5716129999999993
0
LINE
8
BLACK
6
CONTINUOUS
10
164.8382090000000062
20
-115.5716129999999993
11
164.8382110000000011
21
-115.5716350000000006
0
LINE
8
BLACK
6
CONTINUOUS
10
164.8382110000000011
20
-115.5716350000000006
11
164.912936000000002
21
-116.0205939999999885
0
LINE
8
BLACK
6
CONTINUOUS
10
164.912936000000002
20
-116.0205939999999885
11
164.9129379999999969
21
-116.0206029999999942
0
LINE
8
BLACK
6
CONTINUOUS
10
164.9129379999999969
20
-116.0206029999999942
11
165.0243999999999858
21
-116.461915999999988
0
LINE
8
BLACK
6
CONTINUOUS
10
165.0243999999999858
20
-116.461915999999988
11
165.1669550000000015
21
-116.8783009999999933
0
LINE
8
BLACK
6
CONTINUOUS
10
165.1669550000000015
20
-116.8783009999999933
11
165.1718339999999898
21
-116.89255
0
LINE
8
BLACK
6
CONTINUOUS
10
165.1718339999999898
20
-116.89255
11
165.354237999999981
21
-117.3095719999999886
0
LINE
8
BLACK
6
CONTINUOUS
10
165.354237999999981
20
-117.3095719999999886
11
165.3542400000000043
21
-117.3095749999999953
0
LINE
8
BLACK
6
CONTINUOUS
10
165.3542400000000043
20
-117.3095749999999953
11
165.3542419999999993
21
-117.3095799999999969
0
LINE
8
BLACK
6
CONTINUOUS
10
165.3542419999999993
20
-117.3095799999999969
11
165.3697080000000028
21
-117.3382439999999889
0
LINE
8
BLACK
6
CONTINUOUS
10
165.3697080000000028
20
-117.3382439999999889
11
165.5703719999999919
21
-117.7101519999999937
0
LINE
8
BLACK
6
CONTINUOUS
10
165.5703719999999919
20
-117.7101519999999937
11
165.8187680000000057
21
-118.0915679999999952
0
LINE
8
BLACK
6
CONTINUOUS
10
165.8187680000000057
20
-118.0915679999999952
11
166.0970879999999852
21
-118.4503890000000013
0
LINE
8
BLACK
6
CONTINUOUS
10
166.0970879999999852
20
-118.4503890000000013
11
166.0977399999999875
21
-118.4512289999999979
0
LINE
8
BLACK
6
CONTINUOUS
10
166.0977399999999875
20
-118.4512289999999979
11
166.0977509999999882
21
-118.451242999999991
0
LINE
8
BLACK
6
CONTINUOUS
10
166.0977509999999882
20
-118.451242999999991
11
166.2735219999999856
21
-118.6429019999999923
0
LINE
8
BLACK
6
CONTINUOUS
10
166.2735219999999856
20
-118.6429019999999923
11
166.4053849999999954
21
-118.7866849999999914
0
LINE
8
BLACK
6
CONTINUOUS
10
166.4053849999999954
20
-118.7866849999999914
11
166.4053879999999879
21
-118.7866879999999981
0
LINE
8
BLACK
6
CONTINUOUS
10
166.4053879999999879
20
-118.7866879999999981
11
166.4053920000000062
21
-118.786691999999988
0
LINE
8
BLACK
6
CONTINUOUS
10
166.4053920000000062
20
-118.786691999999988
11
166.7396039999999857
21
-119.0956489999999945
0
LINE
8
BLACK
6
CONTINUOUS
10
166.7396039999999857
20
-119.0956489999999945
11
166.7396139999999889
21
-119.0956569999999886
0
LINE
8
BLACK
6
CONTINUOUS
10
166.7396139999999889
20
-119.0956569999999886
11
166.7396190000000047
21
-119.0956619999999901
0
LINE
8
BLACK
6
CONTINUOUS
10
166.7396190000000047
20
-119.0956619999999901
11
166.7563409999999919
21
-119.1087389999999999
0
LINE
8
BLACK
6
CONTINUOUS
10
166.7563409999999919
20
-119.1087389999999999
11
167.0981629999999996
21
-119.3760539999999963
0
LINE
8
BLACK
6
CONTINUOUS
10
167.0981629999999996
20
-119.3760539999999963
11
167.0981730000000027
21
-119.3760609999999929
0
LINE
8
BLACK
6
CONTINUOUS
10
167.0981730000000027
20
-119.3760609999999929
11
167.1442989999999895
21
-119.4063620000000014
0
LINE
8
BLACK
6
CONTINUOUS
10
167.1442989999999895
20
-119.4063620000000014
11
167.1895219999999824
21
-119.459621999999996
0
LINE
8
BLACK
6
CONTINUOUS
10
167.1895219999999824
20
-119.459621999999996
11
167.1987719999999911
21
-119.5288759999999968
0
LINE
8
BLACK
6
CONTINUOUS
10
167.1987719999999911
20
-119.5288759999999968
11
167.1691109999999867
21
-119.5921379999999914
0
LINE
8
BLACK
6
CONTINUOUS
10
167.1691109999999867
20
-119.5921379999999914
11
167.109958000000006
21
-119.6293209999999902
0
LINE
8
BLACK
6
CONTINUOUS
10
167.109958000000006
20
-119.6293209999999902
11
167.0762169999999855
21
-119.6340000000000003
0
LINE
8
BLACK
6
CONTINUOUS
10
167.0762169999999855
20
-119.6340000000000003
11
158.5754000000000019
21
-119.6340000000000003
0
LINE
8
BLACK
6
CONTINUOUS
10
158.5754000000000019
20
-119.6340000000000003
11
158.5083609999999794
21
-119.6143149999999906
0
LINE
8
BLACK
6
CONTINUOUS
10
158.5083609999999794
20
-119.6143149999999906
11
158.4626059999999939
21
-119.5615109999999959
0
LINE
8
BLACK
6
CONTINUOUS
10
158.4626059999999939
20
-119.5615109999999959
11
158.451549
21
-119.5039170000000013
0
LINE
8
BLACK
6
CONTINUOUS
10
158.451549
20
-119.5039170000000013
11
158.4525649999999928
21
-119.4832499999999982
0
LINE
8
BLACK
6
CONTINUOUS
10
158.4525649999999928
20
-119.4832499999999982
11
158.4332780000000014
21
-119.0906589999999881
0
LINE
8
BLACK
6
CONTINUOUS
10
158.4332780000000014
20
-119.0906589999999881
11
158.3756039999999814
21
-118.7018499999999932
0
LINE
8
BLACK
6
CONTINUOUS
10
158.3756039999999814
20
-118.7018499999999932
11
158.2800969999999836
21
-118.3205659999999995
0
LINE
8
BLACK
6
CONTINUOUS
10
158.2800969999999836
20
-118.3205659999999995
11
158.1476779999999849
21
-117.9504779999999897
0
LINE
8
BLACK
6
CONTINUOUS
10
158.1476779999999849
20
-117.9504779999999897
11
157.9796209999999803
21
-117.5951529999999963
0
LINE
8
BLACK
6
CONTINUOUS
10
157.9796209999999803
20
-117.5951529999999963
11
157.9741789999999924
21
-117.5860739999999964
0
LINE
8
BLACK
6
CONTINUOUS
10
157.9741789999999924
20
-117.5860739999999964
11
157.8256360000000029
21
-117.3382439999999889
0
LINE
8
BLACK
6
CONTINUOUS
10
157.8256360000000029
20
-117.3382439999999889
11
157.7775469999999984
21
-117.2580129999999912
0
LINE
8
BLACK
6
CONTINUOUS
10
157.7775469999999984
20
-117.2580129999999912
11
157.777546000000001
21
-117.2580109999999962
0
LINE
8
BLACK
6
CONTINUOUS
10
157.777546000000001
20
-117.2580109999999962
11
157.5433979999999963
21
-116.9422989999999913
0
LINE
8
BLACK
6
CONTINUOUS
10
157.5433979999999963
20
-116.9422989999999913
11
157.5433929999999805
21
-116.9422929999999923
0
LINE
8
BLACK
6
CONTINUOUS
10
157.5433929999999805
20
-116.9422929999999923
11
157.2794319999999857
21
-116.6510569999999944
0
LINE
8
BLACK
6
CONTINUOUS
10
157.2794319999999857
20
-116.6510569999999944
11
156.9881959999999879
21
-116.3870959999999997
0
LINE
8
BLACK
6
CONTINUOUS
10
156.9881959999999879
20
-116.3870959999999997
11
156.8451349999999991
21
-116.2809949999999901
0
LINE
8
BLACK
6
CONTINUOUS
10
156.8451349999999991
20
-116.2809949999999901
11
156.6724789999999814
21
-116.1529439999999909
0
LINE
8
BLACK
6
CONTINUOUS
10
156.6724789999999814
20
-116.1529439999999909
11
156.672475999999989
21
-116.1529419999999959
0
LINE
8
BLACK
6
CONTINUOUS
10
156.672475999999989
20
-116.1529419999999959
11
156.3353400000000022
21
-115.9508699999999948
0
LINE
8
BLACK
6
CONTINUOUS
10
156.3353400000000022
20
-115.9508699999999948
11
155.9800119999999879
21
-115.7828119999999927
0
LINE
8
BLACK
6
CONTINUOUS
10
155.9800119999999879
20
-115.7828119999999927
11
155.9800099999999929
21
-115.7828109999999953
0
LINE
8
BLACK
6
CONTINUOUS
10
155.9800099999999929
20
-115.7828109999999953
11
155.6099240000000066
21
-115.650392999999994
0
LINE
8
BLACK
6
CONTINUOUS
10
155.6099240000000066
20
-115.650392999999994
11
155.2286459999999977
21
-115.5548869999999937
0
LINE
8
BLACK
6
CONTINUOUS
10
155.2286459999999977
20
-115.5548869999999937
11
155.2286409999999819
21
-115.5548859999999962
0
LINE
8
BLACK
6
CONTINUOUS
10
155.2286409999999819
20
-115.5548859999999962
11
155.2286399999999844
21
-115.5548859999999962
0
LINE
8
BLACK
6
CONTINUOUS
10
155.2286399999999844
20
-115.5548859999999962
11
155.0844960000000015
21
-115.5335039999999935
0
LINE
8
BLACK
6
CONTINUOUS
10
155.0844960000000015
20
-115.5335039999999935
11
154.8398389999999836
21
-115.4972129999999879
0
LINE
8
BLACK
6
CONTINUOUS
10
154.8398389999999836
20
-115.4972129999999879
11
154.8398369999999886
21
-115.4972119999999904
0
LINE
8
BLACK
6
CONTINUOUS
10
154.8398369999999886
20
-115.4972119999999904
11
154.8398310000000038
21
-115.4972119999999904
0
LINE
8
BLACK
6
CONTINUOUS
10
154.8398310000000038
20
-115.4972119999999904
11
154.4472399999999936
21
-115.477924999999999
0
LINE
8
BLACK
6
CONTINUOUS
10
154.4472399999999936
20
-115.477924999999999
11
154.0546489999999835
21
-115.4972119999999904
0
LINE
8
BLACK
6
CONTINUOUS
10
154.0546489999999835
20
-115.4972119999999904
11
154.0546429999999987
21
-115.4972119999999904
0
LINE
8
BLACK
6
CONTINUOUS
10
154.0546429999999987
20
-115.4972119999999904
11
154.0546400000000062
21
-115.4972129999999879
0
LINE
8
BLACK
6
CONTINUOUS
10
154.0546400000000062
20
-115.4972129999999879
11
153.6658329999999921
21
-115.5548869999999937
0
LINE
8
BLACK
6
CONTINUOUS
10
153.6658329999999921
20
-115.5548869999999937
11
153.2845549999999832
21
-115.650392999999994
0
LINE
8
BLACK
6
CONTINUOUS
10
153.2845549999999832
20
-115.650392999999994
11
152.9144689999999969
21
-115.7828109999999953
0
LINE
8
BLACK
6
CONTINUOUS
10
152.9144689999999969
20
-115.7828109999999953
11
152.9144670000000019
21
-115.7828119999999927
0
LINE
8
BLACK
6
CONTINUOUS
10
152.9144670000000019
20
-115.7828119999999927
11
152.5591389999999876
21
-115.9508699999999948
0
LINE
8
BLACK
6
CONTINUOUS
10
152.5591389999999876
20
-115.9508699999999948
11
152.2220030000000008
21
-116.1529419999999959
0
LINE
8
BLACK
6
CONTINUOUS
10
152.2220030000000008
20
-116.1529419999999959
11
151.9062830000000019
21
-116.3870959999999997
0
LINE
8
BLACK
6
CONTINUOUS
10
151.9062830000000019
20
-116.3870959999999997
11
151.6150470000000041
21
-116.6510569999999944
0
LINE
8
BLACK
6
CONTINUOUS
10
151.6150470000000041
20
-116.6510569999999944
11
151.3510859999999809
21
-116.9422929999999923
0
LINE
8
BLACK
6
CONTINUOUS
10
151.3510859999999809
20
-116.9422929999999923
11
151.1169319999999914
21
-117.2580129999999912
0
LINE
8
BLACK
6
CONTINUOUS
10
151.1169319999999914
20
-117.2580129999999912
11
150.9148600000000044
21
-117.5951489999999922
0
LINE
8
BLACK
6
CONTINUOUS
10
150.9148600000000044
20
-117.5951489999999922
11
150.7468020000000024
21
-117.9504769999999922
0
LINE
8
BLACK
6
CONTINUOUS
10
150.7468020000000024
20
-117.9504769999999922
11
150.7468010000000049
21
-117.9504790000000014
0
LINE
8
BLACK
6
CONTINUOUS
10
150.7468010000000049
20
-117.9504790000000014
11
150.6143830000000037
21
-118.3205649999999878
0
LINE
8
BLACK
6
CONTINUOUS
10
150.6143830000000037
20
-118.3205649999999878
11
150.5188770000000034
21
-118.7018429999999967
0
LINE
8
BLACK
6
CONTINUOUS
10
150.5188770000000034
20
-118.7018429999999967
11
150.4705779999999891
21
-119.0274529999999942
0
LINE
8
BLACK
6
CONTINUOUS
10
150.4705779999999891
20
-119.0274529999999942
11
150.4612019999999859
21
-119.0906589999999881
0
LINE
8
BLACK
6
CONTINUOUS
10
150.4612019999999859
20
-119.0906589999999881
11
150.4419149999999945
21
-119.4832499999999982
0
LINE
8
BLACK
6
CONTINUOUS
10
150.4419149999999945
20
-119.4832499999999982
11
150.4429299999999898
21
-119.5039159999999896
0
LINE
8
BLACK
6
CONTINUOUS
10
150.4429299999999898
20
-119.5039159999999896
11
150.4265599999999949
21
-119.5718379999999996
0
LINE
8
BLACK
6
CONTINUOUS
10
150.4265599999999949
20
-119.5718379999999996
11
150.3760659999999802
21
-119.620129999999989
0
LINE
8
BLACK
6
CONTINUOUS
10
150.3760659999999802
20
-119.620129999999989
11
150.3190799999999854
21
-119.6340000000000003
0
LINE
8
BLACK
6
CONTINUOUS
10
150.3190799999999854
20
-119.6340000000000003
11
150.104093000000006
21
-119.6340000000000003
0
LINE
8
BLACK
6
CONTINUOUS
10
150.104093000000006
20
-119.6340000000000003
11
150.0919389999999964
21
-119.6334030000000013
0
LINE
8
BLACK
6
CONTINUOUS
10
150.0919389999999964
20
-119.6334030000000013
11
149.9150649999999985
21
-119.6159819999999883
0
LINE
8
BLACK
6
CONTINUOUS
10
149.9150649999999985
20
-119.6159819999999883
11
149.891223999999994
21
-119.6112399999999951
0
LINE
8
BLACK
6
CONTINUOUS
10
149.891223999999994
20
-119.6112399999999951
11
149.7270010000000013
21
-119.5614239999999882
0
LINE
8
BLACK
6
CONTINUOUS
10
149.7270010000000013
20
-119.5614239999999882
11
149.704543000000001
21
-119.5521209999999996
0
LINE
8
BLACK
6
CONTINUOUS
10
149.704543000000001
20
-119.5521209999999996
11
149.5532010000000014
21
-119.471226999999999
0
LINE
8
BLACK
6
CONTINUOUS
10
149.5532010000000014
20
-119.471226999999999
11
149.5329889999999864
21
-119.4577219999999897
0
LINE
8
BLACK
6
CONTINUOUS
10
149.5329889999999864
20
-119.4577219999999897
11
149.4003329999999892
21
-119.3488539999999887
0
LINE
8
BLACK
6
CONTINUOUS
10
149.4003329999999892
20
-119.3488539999999887
11
149.3831449999999847
21
-119.3316659999999985
0
LINE
8
BLACK
6
CONTINUOUS
10
149.3831449999999847
20
-119.3316659999999985
11
149.2742769999999837
21
-119.1990100000000012
0
LINE
8
BLACK
6
CONTINUOUS
10
149.2742769999999837
20
-119.1990100000000012
11
149.2607720000000029
21
-119.1787980000000005
0
LINE
8
BLACK
6
CONTINUOUS
10
149.2607720000000029
20
-119.1787980000000005
11
149.2534979999999791
21
-119.165188999999998
0
LINE
8
BLACK
6
CONTINUOUS
10
149.2534979999999791
20
-119.165188999999998
11
149.1798770000000047
21
-119.0274529999999942
0
LINE
8
BLACK
6
CONTINUOUS
10
149.1798770000000047
20
-119.0274529999999942
11
149.1705749999999853
21
-119.0049980000000005
0
LINE
8
BLACK
6
CONTINUOUS
10
149.1705749999999853
20
-119.0049980000000005
11
149.1289199999999937
21
-118.8676770000000005
0
LINE
8
BLACK
6
CONTINUOUS
10
149.1289199999999937
20
-118.8676770000000005
11
149.1207569999999976
21
-118.8407689999999945
0
LINE
8
BLACK
6
CONTINUOUS
10
149.1207569999999976
20
-118.8407689999999945
11
149.1160179999999968
21
-118.8169409999999999
0
LINE
8
BLACK
6
CONTINUOUS
10
149.1160179999999968
20
-118.8169409999999999
11
149.0985969999999838
21
-118.6400609999999887
0
LINE
8
BLACK
6
CONTINUOUS
10
149.0985969999999838
20
-118.6400609999999887
11
149.0979999999999848
21
-118.6279069999999933
0
LINE
8
BLACK
6
CONTINUOUS
10
149.0979999999999848
20
-118.6279069999999933
11
149.0979999999999848
21
-114.8433589999999924
0
LINE
8
BLACK
6
CONTINUOUS
10
149.0979999999999848
20
-114.8433589999999924
11
149.0552229999999838
21
-114.8147769999999923
0
LINE
8
BLACK
6
CONTINUOUS
10
149.0552229999999838
20
-114.8147769999999923
11
149.0010299999999859
21
-114.7336710000000011
0
LINE
8
BLACK
6
CONTINUOUS
10
149.0010299999999859
20
-114.7336710000000011
11
148.9819999999999993
21
-114.637999999999991
0
LINE
8
BLACK
6
CONTINUOUS
10
148.9819999999999993
20
-114.637999999999991
11
148.9819999999999993
21
-112.4379999999999882
0
LINE
8
BLACK
6
CONTINUOUS
10
148.9819999999999993
20
-112.4379999999999882
11
149.0010299999999859
21
-112.3423289999999923
0
LINE
8
BLACK
6
CONTINUOUS
10
149.0010299999999859
20
-112.3423289999999923
11
149.0552229999999838
21
-112.2612230000000011
0
LINE
8
BLACK
6
CONTINUOUS
10
149.0552229999999838
20
-112.2612230000000011
11
149.0979999999999848
21
-112.2326399999999893
0
LINE
8
BLACK
6
CONTINUOUS
10
149.0979999999999848
20
-112.2326399999999893
11
149.0979999999999848
21
-111.287358999999995
0
LINE
8
BLACK
6
CONTINUOUS
10
149.0979999999999848
20
-111.287358999999995
11
149.0552229999999838
21
-111.2587769999999949
0
LINE
8
BLACK
6
CONTINUOUS
10
149.0552229999999838
20
-111.2587769999999949
11
149.0010299999999859
21
-111.1776709999999895
0
LINE
8
BLACK
6
CONTINUOUS
10
149.0010299999999859
20
-111.1776709999999895
11
148.9819999999999993
21
-111.0819999999999936
0
LINE
8
BLACK
6
CONTINUOUS
10
148.9819999999999993
20
-111.0819999999999936
11
148.9819999999999993
21
-108.8819999999999908
0
LINE
8
BLACK
6
CONTINUOUS
10
148.9819999999999993
20
-108.8819999999999908
11
149.0010299999999859
21
-108.7863289999999949
0
LINE
8
BLACK
6
CONTINUOUS
10
149.0010299999999859
20
-108.7863289999999949
11
149.0552229999999838
21
-108.7052229999999895
0
LINE
8
BLACK
6
CONTINUOUS
10
149.0552229999999838
20
-108.7052229999999895
11
149.0979999999999848
21
-108.6766399999999919
0
LINE
8
BLACK
6
CONTINUOUS
10
149.0979999999999848
20
-108.6766399999999919
11
149.0979999999999848
21
-107.7313589999999976
0
LINE
8
BLACK
6
CONTINUOUS
10
149.0979999999999848
20
-107.7313589999999976
11
149.0552229999999838
21
-107.7027769999999975
0
LINE
8
BLACK
6
CONTINUOUS
10
149.0552229999999838
20
-107.7027769999999975
11
149.0010299999999859
21
-107.6216709999999921
0
LINE
8
BLACK
6
CONTINUOUS
10
149.0010299999999859
20
-107.6216709999999921
11
148.9819999999999993
21
-107.5259999999999962
0
LINE
8
BLACK
6
CONTINUOUS
10
148.9819999999999993
20
-107.5259999999999962
11
148.9819999999999993
21
-105.3259999999999934
0
LINE
8
BLACK
6
CONTINUOUS
10
148.9819999999999993
20
-105.3259999999999934
11
149.0010299999999859
21
-105.2303289999999976
0
LINE
8
BLACK
6
CONTINUOUS
10
149.0010299999999859
20
-105.2303289999999976
11
149.0552229999999838
21
-105.1492229999999921
0
LINE
8
BLACK
6
CONTINUOUS
10
149.0552229999999838
20
-105.1492229999999921
11
149.0979999999999848
21
-105.1206399999999945
0
LINE
8
BLACK
6
CONTINUOUS
10
149.0979999999999848
20
-105.1206399999999945
11
149.0979999999999848
21
-104.2010039999999975
0
LINE
8
BLACK
6
CONTINUOUS
10
149.0979999999999848
20
-104.2010039999999975
11
149.0978289999999902
21
-104.2009699999999981
0
LINE
8
BLACK
6
CONTINUOUS
10
149.0978289999999902
20
-104.2009699999999981
11
149.0167229999999847
21
-104.1467770000000002
0
LINE
8
BLACK
6
CONTINUOUS
10
149.0167229999999847
20
-104.1467770000000002
11
148.9625299999999868
21
-104.0656709999999947
0
LINE
8
BLACK
6
CONTINUOUS
10
148.9625299999999868
20
-104.0656709999999947
11
148.9435000000000002
21
-103.9699999999999989
0
LINE
8
BLACK
6
CONTINUOUS
10
148.9435000000000002
20
-103.9699999999999989
11
148.9435000000000002
21
-101.769999999999996
0
LINE
8
BLACK
6
CONTINUOUS
10
148.9435000000000002
20
-101.769999999999996
11
148.9625299999999868
21
-101.6743290000000002
0
LINE
8
BLACK
6
CONTINUOUS
10
148.9625299999999868
20
-101.6743290000000002
11
149.0167229999999847
21
-101.5932229999999947
0
LINE
8
BLACK
6
CONTINUOUS
10
149.0167229999999847
20
-101.5932229999999947
11
149.0978289999999902
21
-101.5390299999999968
0
LINE
8
BLACK
6
CONTINUOUS
10
149.0978289999999902
20
-101.5390299999999968
11
149.0979999999999848
21
-101.5389949999999999
0
LINE
8
BLACK
6
CONTINUOUS
10
149.0979999999999848
20
-101.5389949999999999
11
149.0979999999999848
21
-100.6193589999999887
0
LINE
8
BLACK
6
CONTINUOUS
10
149.0979999999999848
20
-100.6193589999999887
11
149.0552229999999838
21
-100.5907769999999886
0
LINE
8
BLACK
6
CONTINUOUS
10
149.0552229999999838
20
-100.5907769999999886
11
149.0010299999999859
21
-100.5096709999999973
0
LINE
8
BLACK
6
CONTINUOUS
10
149.0010299999999859
20
-100.5096709999999973
11
148.9819999999999993
21
-100.4140000000000015
0
LINE
8
BLACK
6
CONTINUOUS
10
148.9819999999999993
20
-100.4140000000000015
11
148.9819999999999993
21
-98.2139999999999986
0
LINE
8
BLACK
6
CONTINUOUS
10
148.9819999999999993
20
-98.2139999999999986
11
149.0010299999999859
21
-98.1183289999999886
0
LINE
8
BLACK
6
CONTINUOUS
10
149.0010299999999859
20
-98.1183289999999886
11
149.0552229999999838
21
-98.0372229999999973
0
LINE
8
BLACK
6
CONTINUOUS
10
149.0552229999999838
20
-98.0372229999999973
11
149.0979999999999848
21
-98.0086399999999998
0
LINE
8
BLACK
6
CONTINUOUS
10
149.0979999999999848
20
-98.0086399999999998
11
149.0979999999999848
21
-97.0633589999999913
0
LINE
8
BLACK
6
CONTINUOUS
10
149.0979999999999848
20
-97.0633589999999913
11
149.0552229999999838
21
-97.0347769999999912
0
LINE
8
BLACK
6
CONTINUOUS
10
149.0552229999999838
20
-97.0347769999999912
11
149.0010299999999859
21
-96.9536709999999999
0
LINE
8
BLACK
6
CONTINUOUS
10
149.0010299999999859
20
-96.9536709999999999
11
148.9819999999999993
21
-96.8579999999999899
0
LINE
8
BLACK
6
CONTINUOUS
10
148.9819999999999993
20
-96.8579999999999899
11
148.9819999999999993
21
-94.6580000000000013
0
LINE
8
BLACK
6
CONTINUOUS
10
148.9819999999999993
20
-94.6580000000000013
11
149.0010299999999859
21
-94.5623289999999912
0
LINE
8
BLACK
6
CONTINUOUS
10
149.0010299999999859
20
-94.5623289999999912
11
149.0552229999999838
21
-94.481223
0
LINE
8
BLACK
6
CONTINUOUS
10
149.0552229999999838
20
-94.481223
11
149.0979999999999848
21
-94.4526400000000024
0
LINE
8
BLACK
6
CONTINUOUS
10
149.0979999999999848
20
-94.4526400000000024
11
149.0979999999999848
21
-93.5073589999999939
0
LINE
8
BLACK
6
CONTINUOUS
10
149.0979999999999848
20
-93.5073589999999939
11
149.0552229999999838
21
-93.4787769999999938
0
LINE
8
BLACK
6
CONTINUOUS
10
149.0552229999999838
20
-93.4787769999999938
11
149.0010299999999859
21
-93.3976710000000026
0
LINE
8
BLACK
6
CONTINUOUS
10
149.0010299999999859
20
-93.3976710000000026
11
148.9819999999999993
21
-93.3019999999999925
0
LINE
8
BLACK
6
CONTINUOUS
10
148.9819999999999993
20
-93.3019999999999925
11
148.9819999999999993
21
-91.1019999999999897
0
LINE
8
BLACK
6
CONTINUOUS
10
148.9819999999999993
20
-91.1019999999999897
11
149.0010299999999859
21
-91.0063289999999938
0
LINE
8
BLACK
6
CONTINUOUS
10
149.0010299999999859
20
-91.0063289999999938
11
149.0552229999999838
21
-90.9252230000000026
0
LINE
8
BLACK
6
CONTINUOUS
10
149.0552229999999838
20
-90.9252230000000026
11
149.0979999999999848
21
-90.8966399999999908
0
LINE
8
BLACK
6
CONTINUOUS
10
149.0979999999999848
20
-90.8966399999999908
11
149.0979999999999848
21
-89.2664999999999935
0
LINE
8
BLACK
6
CONTINUOUS
10
149.0979999999999848
20
-89.2664999999999935
11
149.1176849999999945
21
-89.1994609999999994
0
LINE
8
BLACK
6
CONTINUOUS
10
149.1176849999999945
20
-89.1994609999999994
11
149.1704890000000034
21
-89.1537059999999997
0
LINE
8
BLACK
6
CONTINUOUS
10
149.1704890000000034
20
-89.1537059999999997
11
149.22199999999998
21
-89.1424999999999983
0
LINE
8
BLACK
6
CONTINUOUS
10
149.22199999999998
20
-89.1424999999999983
11
158.1337699999999984
21
-89.1424999999999983
0
LINE
8
BLACK
6
CONTINUOUS
10
158.1337699999999984
20
-89.1424999999999983
11
158.2008089999999925
21
-89.1621849999999938
0
LINE
8
BLACK
6
CONTINUOUS
10
158.2008089999999925
20
-89.1621849999999938
11
158.2214510000000018
21
-89.1788189999999901
0
LINE
8
BLACK
6
CONTINUOUS
10
158.2214510000000018
20
-89.1788189999999901
11
160.1232279999999832
21
-91.0805950000000024
0
LINE
8
BLACK
6
CONTINUOUS
10
160.1232279999999832
20
-91.0805950000000024
11
160.1534780000000069
21
-91.129958000000002
0
LINE
8
BLACK
6
CONTINUOUS
10
160.1534780000000069
20
-91.129958000000002
11
160.2088179999999795
21
-91.3002769999999941
0
LINE
8
BLACK
6
CONTINUOUS
10
160.2088179999999795
20
-91.3002769999999941
11
160.2088210000000004
21
-91.3002839999999907
0
LINE
8
BLACK
6
CONTINUOUS
10
160.2088210000000004
20
-91.3002839999999907
11
160.3034669999999835
21
-91.4642159999999933
0
LINE
8
BLACK
6
CONTINUOUS
10
160.3034669999999835
20
-91.4642159999999933
11
160.4301289999999938
21
-91.6048880000000025
0
LINE
8
BLACK
6
CONTINUOUS
10
160.4301289999999938
20
-91.6048880000000025
11
160.583264999999983
21
-91.7161479999999898
0
LINE
8
BLACK
6
CONTINUOUS
10
160.583264999999983
20
-91.7161479999999898
11
160.5832699999999988
21
-91.7161509999999964
0
LINE
8
BLACK
6
CONTINUOUS
10
160.5832699999999988
20
-91.7161509999999964
11
160.7561919999999986
21
-91.7931419999999889
0
LINE
8
BLACK
6
CONTINUOUS
10
160.7561919999999986
20
-91.7931419999999889
11
160.756196999999986
21
-91.7931439999999981
0
LINE
8
BLACK
6
CONTINUOUS
10
160.756196999999986
20
-91.7931439999999981
11
160.9413539999999898
21
-91.832499999999996
0
LINE
8
BLACK
6
CONTINUOUS
10
160.9413539999999898
20
-91.832499999999996
11
160.9413549999999873
21
-91.832499999999996
0
LINE
8
BLACK
6
CONTINUOUS
10
160.9413549999999873
20
-91.832499999999996
11
161.1306439999999895
21
-91.832499999999996
0
LINE
8
BLACK
6
CONTINUOUS
10
161.1306439999999895
20
-91.832499999999996
11
161.1306459999999845
21
-91.832499999999996
0
LINE
8
BLACK
6
CONTINUOUS
10
161.1306459999999845
20
-91.832499999999996
11
161.3158029999999883
21
-91.7931439999999981
0
LINE
8
BLACK
6
CONTINUOUS
10
161.3158029999999883
20
-91.7931439999999981
11
161.4887300000000039
21
-91.7161509999999964
0
LINE
8
BLACK
6
CONTINUOUS
10
161.4887300000000039
20
-91.7161509999999964
11
161.6418709999999805
21
-91.6048880000000025
0
LINE
8
BLACK
6
CONTINUOUS
10
161.6418709999999805
20
-91.6048880000000025
11
161.7685329999999908
21
-91.4642159999999933
0
LINE
8
BLACK
6
CONTINUOUS
10
161.7685329999999908
20
-91.4642159999999933
11
161.8631790000000024
21
-91.3002839999999907
0
LINE
8
BLACK
6
CONTINUOUS
10
161.8631790000000024
20
-91.3002839999999907
11
161.9216739999999959
21
-91.1202559999999977
0
LINE
8
BLACK
6
CONTINUOUS
10
161.9216739999999959
20
-91.1202559999999977
11
161.9414600000000064
21
-90.9320000000000022
0
LINE
8
BLACK
6
CONTINUOUS
10
161.9414600000000064
20
-90.9320000000000022
11
161.9216739999999959
21
-90.7437439999999924
0
LINE
8
BLACK
6
CONTINUOUS
10
161.9216739999999959
20
-90.7437439999999924
11
161.8631790000000024
21
-90.5637159999999994
0
LINE
8
BLACK
6
CONTINUOUS
10
161.8631790000000024
20
-90.5637159999999994
11
161.7685329999999908
21
-90.3997839999999968
0
LINE
8
BLACK
6
CONTINUOUS
10
161.7685329999999908
20
-90.3997839999999968
11
161.6418709999999805
21
-90.2591120000000018
0
LINE
8
BLACK
6
CONTINUOUS
10
161.6418709999999805
20
-90.2591120000000018
11
161.6418699999999831
21
-90.2591109999999901
0
LINE
8
BLACK
6
CONTINUOUS
10
161.6418699999999831
20
-90.2591109999999901
11
161.4887339999999938
21
-90.1478510000000028
0
LINE
8
BLACK
6
CONTINUOUS
10
161.4887339999999938
20
-90.1478510000000028
11
161.4887290000000064
21
-90.1478479999999962
0
LINE
8
BLACK
6
CONTINUOUS
10
161.4887290000000064
20
-90.1478479999999962
11
161.3158070000000066
21
-90.0708569999999895
0
LINE
8
BLACK
6
CONTINUOUS
10
161.3158070000000066
20
-90.0708569999999895
11
161.3158019999999908
21
-90.0708549999999946
0
LINE
8
BLACK
6
CONTINUOUS
10
161.3158019999999908
20
-90.0708549999999946
11
161.2506689999999878
21
-90.0570110000000028
0
LINE
8
BLACK
6
CONTINUOUS
10
161.2506689999999878
20
-90.0570110000000028
11
161.189187000000004
21
-90.0238179999999915
0
LINE
8
BLACK
6
CONTINUOUS
10
161.189187000000004
20
-90.0238179999999915
11
161.1887689999999793
21
-90.0234019999999902
0
LINE
8
BLACK
6
CONTINUOUS
10
161.1887689999999793
20
-90.0234019999999902
11
159.5150490000000048
21
-88.3496809999999897
0
LINE
8
BLACK
6
CONTINUOUS
10
159.5150490000000048
20
-88.3496809999999897
11
159.4815639999999917
21
-88.2883580000000023
0
LINE
8
BLACK
6
CONTINUOUS
10
159.4815639999999917
20
-88.2883580000000023
11
159.4865479999999991
21
-88.2186659999999989
0
LINE
8
BLACK
6
CONTINUOUS
10
159.4865479999999991
20
-88.2186659999999989
11
159.5284199999999828
21
-88.1627330000000029
0
LINE
8
BLACK
6
CONTINUOUS
10
159.5284199999999828
20
-88.1627330000000029
11
159.5938840000000027
21
-88.138315999999989
0
LINE
8
BLACK
6
CONTINUOUS
10
159.5938840000000027
20
-88.138315999999989
11
159.6027299999999798
21
-88.137999999999991
0
LINE
8
BLACK
6
CONTINUOUS
10
159.6027299999999798
20
-88.137999999999991
11
176.8835909999999956
21
-88.137999999999991
0
LINE
8
BLACK
6
CONTINUOUS
10
176.8835909999999956
20
-88.137999999999991
11
176.9506299999999896
21
-88.1576850000000007
0
LINE
8
BLACK
6
CONTINUOUS
10
159.2915969999999959
20
-117.3382549999999895
11
159.3121299999999962
21
-117.5860619999999983
0
LINE
8
BLACK
6
CONTINUOUS
10
159.3121299999999962
20
-117.5860619999999983
11
159.3121319999999912
21
-117.5860739999999964
0
LINE
8
BLACK
6
CONTINUOUS
10
159.3121319999999912
20
-117.5860739999999964
11
159.3731760000000008
21
-117.8271309999999943
0
LINE
8
BLACK
6
CONTINUOUS
10
159.3731760000000008
20
-117.8271309999999943
11
159.4730659999999887
21
-118.0548560000000009
0
LINE
8
BLACK
6
CONTINUOUS
10
159.4730659999999887
20
-118.0548560000000009
11
159.6090729999999951
21
-118.2630319999999955
0
LINE
8
BLACK
6
CONTINUOUS
10
159.6090729999999951
20
-118.2630319999999955
11
159.6090759999999875
21
-118.2630349999999879
0
LINE
8
BLACK
6
CONTINUOUS
10
159.6090759999999875
20
-118.2630349999999879
11
159.7774959999999851
21
-118.4459879999999998
0
LINE
8
BLACK
6
CONTINUOUS
10
159.7774959999999851
20
-118.4459879999999998
11
159.9737309999999866
21
-118.59872399999999
0
LINE
8
BLACK
6
CONTINUOUS
10
159.9737309999999866
20
-118.59872399999999
11
160.1924300000000017
21
-118.7170780000000008
0
LINE
8
BLACK
6
CONTINUOUS
10
160.1924300000000017
20
-118.7170780000000008
11
160.4276260000000036
21
-118.797820999999999
0
LINE
8
BLACK
6
CONTINUOUS
10
160.4276260000000036
20
-118.797820999999999
11
160.6729049999999859
21
-118.8387499999999903
0
LINE
8
BLACK
6
CONTINUOUS
10
160.6729049999999859
20
-118.8387499999999903
11
160.92157499999999
21
-118.8387499999999903
0
LINE
8
BLACK
6
CONTINUOUS
10
160.92157499999999
20
-118.8387499999999903
11
161.1668540000000007
21
-118.797820999999999
0
LINE
8
BLACK
6
CONTINUOUS
10
161.1668540000000007
20
-118.797820999999999
11
161.4020500000000027
21
-118.7170780000000008
0
LINE
8
BLACK
6
CONTINUOUS
10
161.4020500000000027
20
-118.7170780000000008
11
161.6207489999999893
21
-118.59872399999999
0
LINE
8
BLACK
6
CONTINUOUS
10
161.6207489999999893
20
-118.59872399999999
11
161.8169839999999908
21
-118.4459879999999998
0
LINE
8
BLACK
6
CONTINUOUS
10
161.8169839999999908
20
-118.4459879999999998
11
161.9854039999999884
21
-118.2630349999999879
0
LINE
8
BLACK
6
CONTINUOUS
10
161.9854039999999884
20
-118.2630349999999879
11
162.1214129999999898
21
-118.0548569999999984
0
LINE
8
BLACK
6
CONTINUOUS
10
162.1214129999999898
20
-118.0548569999999984
11
162.221303000000006
21
-117.8271309999999943
0
LINE
8
BLACK
6
CONTINUOUS
10
162.221303000000006
20
-117.8271309999999943
11
162.2823479999999847
21
-117.5860709999999898
0
LINE
8
BLACK
6
CONTINUOUS
10
162.2823479999999847
20
-117.5860709999999898
11
162.30288299999998
21
-117.3382499999999879
0
LINE
8
BLACK
6
CONTINUOUS
10
162.30288299999998
20
-117.3382499999999879
11
162.302363999999983
21
-117.3319919999999996
0
LINE
8
BLACK
6
CONTINUOUS
10
162.302363999999983
20
-117.3319919999999996
11
162.2823489999999822
21
-117.0904369999999943
0
LINE
8
BLACK
6
CONTINUOUS
10
162.2823489999999822
20
-117.0904369999999943
11
162.2823469999999872
21
-117.0904249999999962
0
LINE
8
BLACK
6
CONTINUOUS
10
162.2823469999999872
20
-117.0904249999999962
11
162.221303000000006
21
-116.8493679999999983
0
LINE
8
BLACK
6
CONTINUOUS
10
162.221303000000006
20
-116.8493679999999983
11
162.1214129999999898
21
-116.6216429999999917
0
LINE
8
BLACK
6
CONTINUOUS
10
162.1214129999999898
20
-116.6216429999999917
11
161.9854059999999834
21
-116.4134669999999971
0
LINE
8
BLACK
6
CONTINUOUS
10
161.9854059999999834
20
-116.4134669999999971
11
161.9611259999999788
21
-116.3870919999999956
0
LINE
8
BLACK
6
CONTINUOUS
10
161.9611259999999788
20
-116.3870919999999956
11
161.8169839999999908
21
-116.2305119999999903
0
LINE
8
BLACK
6
CONTINUOUS
10
161.8169839999999908
20
-116.2305119999999903
11
161.6207489999999893
21
-116.0777760000000001
0
LINE
8
BLACK
6
CONTINUOUS
10
161.6207489999999893
20
-116.0777760000000001
11
161.6207469999999944
21
-116.0777749999999884
0
LINE
8
BLACK
6
CONTINUOUS
10
161.6207469999999944
20
-116.0777749999999884
11
161.6207459999999969
21
-116.0777739999999909
0
LINE
8
BLACK
6
CONTINUOUS
10
161.6207459999999969
20
-116.0777739999999909
11
161.4020510000000002
21
-115.9594219999999893
0
LINE
8
BLACK
6
CONTINUOUS
10
161.4020510000000002
20
-115.9594219999999893
11
161.4020419999999945
21
-115.9594189999999969
0
LINE
8
BLACK
6
CONTINUOUS
10
161.4020419999999945
20
-115.9594189999999969
11
161.1668559999999957
21
-115.8786789999999911
0
LINE
8
BLACK
6
CONTINUOUS
10
161.1668559999999957
20
-115.8786789999999911
11
160.92157499999999
21
-115.8377499999999998
0
LINE
8
BLACK
6
CONTINUOUS
10
160.92157499999999
20
-115.8377499999999998
11
160.6729049999999859
21
-115.8377499999999998
0
LINE
8
BLACK
6
CONTINUOUS
10
160.6729049999999859
20
-115.8377499999999998
11
160.4276229999999828
21
-115.8786789999999911
0
LINE
8
BLACK
6
CONTINUOUS
10
160.4276229999999828
20
-115.8786789999999911
11
160.192436999999984
21
-115.9594189999999969
0
LINE
8
BLACK
6
CONTINUOUS
10
160.192436999999984
20
-115.9594189999999969
11
160.1924280000000067
21
-115.9594219999999893
0
LINE
8
BLACK
6
CONTINUOUS
10
160.1924280000000067
20
-115.9594219999999893
11
159.9737329999999815
21
-116.0777739999999909
0
LINE
8
BLACK
6
CONTINUOUS
10
159.9737329999999815
20
-116.0777739999999909
11
159.7774969999999826
21
-116.2305109999999928
0
LINE
8
BLACK
6
CONTINUOUS
10
159.7774969999999826
20
-116.2305109999999928
11
159.6090729999999951
21
-116.4134669999999971
0
LINE
8
BLACK
6
CONTINUOUS
10
159.6090729999999951
20
-116.4134669999999971
11
159.4730659999999887
21
-116.6216429999999917
0
LINE
8
BLACK
6
CONTINUOUS
10
159.4730659999999887
20
-116.6216429999999917
11
159.3731760000000008
21
-116.8493679999999983
0
LINE
8
BLACK
6
CONTINUOUS
10
159.3731760000000008
20
-116.8493679999999983
11
159.3121319999999912
21
-117.0904249999999962
0
LINE
8
BLACK
6
CONTINUOUS
10
159.3121319999999912
20
-117.0904249999999962
11
159.3121299999999962
21
-117.0904369999999943
0
LINE
8
BLACK
6
CONTINUOUS
10
159.3121299999999962
20
-117.0904369999999943
11
159.2915969999999959
21
-117.3382439999999889
0
LINE
8
BLACK
6
CONTINUOUS
10
159.2915969999999959
20
-117.3382439999999889
11
159.2915969999999959
21
-117.3382549999999895
0
LINE
8
BLACK
6
CONTINUOUS
10
164.4648969999999792
20
-108.0723979999999926
11
164.3121969999999976
21
-108.1048550000000006
0
LINE
8
BLACK
6
CONTINUOUS
10
164.3121969999999976
20
-108.1048550000000006
11
164.3121919999999818
21
-108.1048569999999955
0
LINE
8
BLACK
6
CONTINUOUS
10
164.3121919999999818
20
-108.1048569999999955
11
164.139269999999982
21
-108.181847999999988
0
LINE
8
BLACK
6
CONTINUOUS
10
164.139269999999982
20
-108.181847999999988
11
164.1392649999999946
21
-108.1818509999999947
0
LINE
8
BLACK
6
CONTINUOUS
10
164.1392649999999946
20
-108.1818509999999947
11
163.9861290000000054
21
-108.2931109999999961
0
LINE
8
BLACK
6
CONTINUOUS
10
163.9861290000000054
20
-108.2931109999999961
11
163.8594659999999976
21
-108.4337850000000003
0
LINE
8
BLACK
6
CONTINUOUS
10
163.8594659999999976
20
-108.4337850000000003
11
163.7648209999999835
21
-108.5977149999999938
0
LINE
8
BLACK
6
CONTINUOUS
10
163.7648209999999835
20
-108.5977149999999938
11
163.7648179999999911
21
-108.5977219999999903
0
LINE
8
BLACK
6
CONTINUOUS
10
163.7648179999999911
20
-108.5977219999999903
11
163.7220979999999884
21
-108.7292029999999983
0
LINE
8
BLACK
6
CONTINUOUS
10
163.7220979999999884
20
-108.7292029999999983
11
163.70632599999999
21
-108.7777439999999984
0
LINE
8
BLACK
6
CONTINUOUS
10
163.70632599999999
20
-108.7777439999999984
11
163.6865399999999795
21
-108.965999999999994
0
LINE
8
BLACK
6
CONTINUOUS
10
163.6865399999999795
20
-108.965999999999994
11
163.70632599999999
21
-109.1542559999999895
0
LINE
8
BLACK
6
CONTINUOUS
10
163.70632599999999
20
-109.1542559999999895
11
163.7063269999999875
21
-109.1542589999999961
0
LINE
8
BLACK
6
CONTINUOUS
10
163.7063269999999875
20
-109.1542589999999961
11
163.7648179999999911
21
-109.3342770000000002
0
LINE
8
BLACK
6
CONTINUOUS
10
163.7648179999999911
20
-109.3342770000000002
11
163.7648209999999835
21
-109.3342839999999967
0
LINE
8
BLACK
6
CONTINUOUS
10
163.7648209999999835
20
-109.3342839999999967
11
163.8594669999999951
21
-109.4982159999999993
0
LINE
8
BLACK
6
CONTINUOUS
10
163.8594669999999951
20
-109.4982159999999993
11
163.9861290000000054
21
-109.6388879999999943
0
LINE
8
BLACK
6
CONTINUOUS
10
163.9861290000000054
20
-109.6388879999999943
11
164.1392649999999946
21
-109.7501479999999958
0
LINE
8
BLACK
6
CONTINUOUS
10
164.1392649999999946
20
-109.7501479999999958
11
164.139269999999982
21
-109.7501509999999882
0
LINE
8
BLACK
6
CONTINUOUS
10
164.139269999999982
20
-109.7501509999999882
11
164.3121919999999818
21
-109.8271419999999949
0
LINE
8
BLACK
6
CONTINUOUS
10
164.3121919999999818
20
-109.8271419999999949
11
164.3121969999999976
21
-109.8271439999999899
0
LINE
8
BLACK
6
CONTINUOUS
10
164.3121969999999976
20
-109.8271439999999899
11
164.4973540000000014
21
-109.866500000000002
0
LINE
8
BLACK
6
CONTINUOUS
10
164.4973540000000014
20
-109.866500000000002
11
164.4973549999999989
21
-109.866500000000002
0
LINE
8
BLACK
6
CONTINUOUS
10
164.4973549999999989
20
-109.866500000000002
11
164.6866440000000011
21
-109.866500000000002
0
LINE
8
BLACK
6
CONTINUOUS
10
164.6866440000000011
20
-109.866500000000002
11
164.6866459999999961
21
-109.866500000000002
0
LINE
8
BLACK
6
CONTINUOUS
10
164.6866459999999961
20
-109.866500000000002
11
164.8718029999999999
21
-109.8271439999999899
0
LINE
8
BLACK
6
CONTINUOUS
10
164.8718029999999999
20
-109.8271439999999899
11
165.0447299999999871
21
-109.7501509999999882
0
LINE
8
BLACK
6
CONTINUOUS
10
165.0447299999999871
20
-109.7501509999999882
11
165.1978709999999921
21
-109.6388879999999943
0
LINE
8
BLACK
6
CONTINUOUS
10
165.1978709999999921
20
-109.6388879999999943
11
165.3245330000000024
21
-109.4982159999999993
0
LINE
8
BLACK
6
CONTINUOUS
10
165.3245330000000024
20
-109.4982159999999993
11
165.4191789999999855
21
-109.3342839999999967
0
LINE
8
BLACK
6
CONTINUOUS
10
165.4191789999999855
20
-109.3342839999999967
11
165.4776739999999791
21
-109.1542559999999895
0
LINE
8
BLACK
6
CONTINUOUS
10
165.4776739999999791
20
-109.1542559999999895
11
165.4974599999999896
21
-108.965999999999994
0
LINE
8
BLACK
6
CONTINUOUS
10
165.4974599999999896
20
-108.965999999999994
11
165.4776739999999791
21
-108.7777439999999984
0
LINE
8
BLACK
6
CONTINUOUS
10
165.4776739999999791
20
-108.7777439999999984
11
165.4191789999999855
21
-108.5977159999999913
0
LINE
8
BLACK
6
CONTINUOUS
10
165.4191789999999855
20
-108.5977159999999913
11
165.3245330000000024
21
-108.4337839999999886
0
LINE
8
BLACK
6
CONTINUOUS
10
165.3245330000000024
20
-108.4337839999999886
11
165.1978709999999921
21
-108.2931119999999936
0
LINE
8
BLACK
6
CONTINUOUS
10
165.1978709999999921
20
-108.2931119999999936
11
165.1926079999999786
21
-108.2892879999999991
0
LINE
8
BLACK
6
CONTINUOUS
10
165.1926079999999786
20
-108.2892879999999991
11
165.0447340000000054
21
-108.1818509999999947
0
LINE
8
BLACK
6
CONTINUOUS
10
165.0447340000000054
20
-108.1818509999999947
11
165.0447289999999896
21
-108.181847999999988
0
LINE
8
BLACK
6
CONTINUOUS
10
165.0447289999999896
20
-108.181847999999988
11
164.8718069999999898
21
-108.1048569999999955
0
LINE
8
BLACK
6
CONTINUOUS
10
164.8718069999999898
20
-108.1048569999999955
11
164.8718020000000024
21
-108.1048550000000006
0
LINE
8
BLACK
6
CONTINUOUS
10
164.8718020000000024
20
-108.1048550000000006
11
164.7260009999999966
21
-108.0738649999999978
0
LINE
8
BLACK
6
CONTINUOUS
10
164.7260009999999966
20
-108.0738649999999978
11
164.6866459999999961
21
-108.0655000000000001
0
LINE
8
BLACK
6
CONTINUOUS
10
164.6866459999999961
20
-108.0655000000000001
11
164.4973540000000014
21
-108.0655000000000001
0
LINE
8
BLACK
6
CONTINUOUS
10
164.4973540000000014
20
-108.0655000000000001
11
164.4648969999999792
21
-108.0723979999999926
0
LINE
8
BLACK
6
CONTINUOUS
10
160.4230609999999899
20
-53.9755970000000005
11
160.5999410000000012
21
-53.9930179999999993
0
LINE
8
BLACK
6
CONTINUOUS
10
160.5999410000000012
20
-53.9930179999999993
11
160.6237689999999816
21
-53.997757
0
LINE
8
BLACK
6
CONTINUOUS
10
160.6237689999999816
20
-53.997757
11
160.78800099999998
21
-54.0475759999999994
0
LINE
8
BLACK
6
CONTINUOUS
10
160.78800099999998
20
-54.0475759999999994
11
160.8104529999999954
21
-54.0568770000000001
0
LINE
8
BLACK
6
CONTINUOUS
10
160.8104529999999954
20
-54.0568770000000001
11
160.9617979999999875
21
-54.1377719999999982
0
LINE
8
BLACK
6
CONTINUOUS
10
160.9617979999999875
20
-54.1377719999999982
11
160.9820100000000025
21
-54.1512770000000003
0
LINE
8
BLACK
6
CONTINUOUS
10
160.9820100000000025
20
-54.1512770000000003
11
161.1146659999999997
21
-54.2601449999999943
0
LINE
8
BLACK
6
CONTINUOUS
10
161.1146659999999997
20
-54.2601449999999943
11
161.1318540000000041
21
-54.2773329999999987
0
LINE
8
BLACK
6
CONTINUOUS
10
161.1318540000000041
20
-54.2773329999999987
11
161.2407220000000052
21
-54.4099889999999959
0
LINE
8
BLACK
6
CONTINUOUS
10
161.2407220000000052
20
-54.4099889999999959
11
161.254226999999986
21
-54.4302009999999967
0
LINE
8
BLACK
6
CONTINUOUS
10
161.254226999999986
20
-54.4302009999999967
11
161.3351209999999867
21
-54.5815429999999964
0
LINE
8
BLACK
6
CONTINUOUS
10
161.3351209999999867
20
-54.5815429999999964
11
161.3444240000000036
21
-54.6040009999999967
0
LINE
8
BLACK
6
CONTINUOUS
10
161.3444240000000036
20
-54.6040009999999967
11
161.3942399999999964
21
-54.7682239999999965
0
LINE
8
BLACK
6
CONTINUOUS
10
161.3942399999999964
20
-54.7682239999999965
11
161.3989819999999895
21
-54.7920650000000009
0
LINE
8
BLACK
6
CONTINUOUS
10
161.3989819999999895
20
-54.7920650000000009
11
161.4164030000000025
21
-54.9689379999999943
0
LINE
8
BLACK
6
CONTINUOUS
10
161.4164030000000025
20
-54.9689379999999943
11
161.4170000000000016
21
-54.9810919999999967
0
LINE
8
BLACK
6
CONTINUOUS
10
161.4170000000000016
20
-54.9810919999999967
11
161.4170000000000016
21
-61.4779069999999948
0
LINE
8
BLACK
6
CONTINUOUS
10
161.4170000000000016
20
-61.4779069999999948
11
161.4164030000000025
21
-61.4900609999999972
0
LINE
8
BLACK
6
CONTINUOUS
10
161.4164030000000025
20
-61.4900609999999972
11
161.3989819999999895
21
-61.6669339999999977
0
LINE
8
BLACK
6
CONTINUOUS
10
161.3989819999999895
20
-61.6669339999999977
11
161.3942399999999964
21
-61.690774999999995
0
LINE
8
BLACK
6
CONTINUOUS
10
161.3942399999999964
20
-61.690774999999995
11
161.3444240000000036
21
-61.8549979999999948
0
LINE
8
BLACK
6
CONTINUOUS
10
161.3444240000000036
20
-61.8549979999999948
11
161.3351209999999867
21
-61.8774559999999951
0
LINE
8
BLACK
6
CONTINUOUS
10
161.3351209999999867
20
-61.8774559999999951
11
161.254226999999986
21
-62.0287979999999948
0
LINE
8
BLACK
6
CONTINUOUS
10
161.254226999999986
20
-62.0287979999999948
11
161.2407220000000052
21
-62.0490099999999956
0
LINE
8
BLACK
6
CONTINUOUS
10
161.2407220000000052
20
-62.0490099999999956
11
161.1318540000000041
21
-62.1816659999999999
0
LINE
8
BLACK
6
CONTINUOUS
10
161.1318540000000041
20
-62.1816659999999999
11
161.1146659999999997
21
-62.1988539999999972
0
LINE
8
BLACK
6
CONTINUOUS
10
161.1146659999999997
20
-62.1988539999999972
11
160.9820100000000025
21
-62.3077219999999983
0
LINE
8
BLACK
6
CONTINUOUS
10
160.9820100000000025
20
-62.3077219999999983
11
160.9617979999999875
21
-62.3212270000000004
0
LINE
8
BLACK
6
CONTINUOUS
10
160.9617979999999875
20
-62.3212270000000004
11
160.8104559999999879
21
-62.402120999999994
0
LINE
8
BLACK
6
CONTINUOUS
10
160.8104559999999879
20
-62.402120999999994
11
160.7879979999999875
21
-62.4114239999999967
0
LINE
8
BLACK
6
CONTINUOUS
10
160.7879979999999875
20
-62.4114239999999967
11
160.6237749999999949
21
-62.4612399999999965
0
LINE
8
BLACK
6
CONTINUOUS
10
160.6237749999999949
20
-62.4612399999999965
11
160.5999339999999904
21
-62.4659819999999968
0
LINE
8
BLACK
6
CONTINUOUS
10
160.5999339999999904
20
-62.4659819999999968
11
160.4230609999999899
21
-62.4834029999999956
0
LINE
8
BLACK
6
CONTINUOUS
10
160.4230609999999899
20
-62.4834029999999956
11
160.4109069999999804
21
-62.4839999999999947
0
LINE
8
BLACK
6
CONTINUOUS
10
160.4109069999999804
20
-62.4839999999999947
11
152.907999999999987
21
-62.4839999999999947
0
LINE
8
BLACK
6
CONTINUOUS
10
152.907999999999987
20
-62.4839999999999947
11
152.907999999999987
21
-76.7079999999999984
0
LINE
8
BLACK
6
CONTINUOUS
10
152.907999999999987
20
-76.7079999999999984
11
166.7609070000000031
21
-76.7079999999999984
0
LINE
8
BLACK
6
CONTINUOUS
10
166.7609070000000031
20
-76.7079999999999984
11
166.7730609999999842
21
-76.7085969999999975
0
LINE
8
BLACK
6
CONTINUOUS
10
166.7730609999999842
20
-76.7085969999999975
11
166.9499409999999955
21
-76.7260179999999963
0
LINE
8
BLACK
6
CONTINUOUS
10
166.9499409999999955
20
-76.7260179999999963
11
166.9737690000000043
21
-76.730756999999997
0
LINE
8
BLACK
6
CONTINUOUS
10
166.9737690000000043
20
-76.730756999999997
11
167.1380010000000027
21
-76.7805759999999964
0
LINE
8
BLACK
6
CONTINUOUS
10
167.1380010000000027
20
-76.7805759999999964
11
167.1604529999999897
21
-76.7898769999999899
0
LINE
8
BLACK
6
CONTINUOUS
10
167.1604529999999897
20
-76.7898769999999899
11
167.2808220000000006
21
-76.8542149999999964
0
LINE
8
BLACK
6
CONTINUOUS
10
167.2808220000000006
20
-76.8542149999999964
11
167.3117979999999818
21
-76.8707720000000023
0
LINE
8
BLACK
6
CONTINUOUS
10
167.3117979999999818
20
-76.8707720000000023
11
167.3320099999999968
21
-76.8842769999999973
0
LINE
8
BLACK
6
CONTINUOUS
10
167.3320099999999968
20
-76.8842769999999973
11
167.464665999999994
21
-76.9931449999999984
0
LINE
8
BLACK
6
CONTINUOUS
10
167.464665999999994
20
-76.9931449999999984
11
167.4818539999999985
21
-77.0103330000000028
0
LINE
8
BLACK
6
CONTINUOUS
10
167.4818539999999985
20
-77.0103330000000028
11
167.5907219999999995
21
-77.142989
0
LINE
8
BLACK
6
CONTINUOUS
10
167.5907219999999995
20
-77.142989
11
167.6042269999999803
21
-77.1632010000000008
0
LINE
8
BLACK
6
CONTINUOUS
10
167.6042269999999803
20
-77.1632010000000008
11
167.685120999999981
21
-77.3145430000000005
0
LINE
8
BLACK
6
CONTINUOUS
10
167.685120999999981
20
-77.3145430000000005
11
167.6944239999999979
21
-77.3370010000000008
0
LINE
8
BLACK
6
CONTINUOUS
10
167.6944239999999979
20
-77.3370010000000008
11
167.7442399999999907
21
-77.5012239999999935
0
LINE
8
BLACK
6
CONTINUOUS
10
167.7442399999999907
20
-77.5012239999999935
11
167.7489819999999838
21
-77.5250649999999979
0
LINE
8
BLACK
6
CONTINUOUS
10
167.7489819999999838
20
-77.5250649999999979
11
167.7664029999999968
21
-77.7019379999999984
0
LINE
8
BLACK
6
CONTINUOUS
10
167.7664029999999968
20
-77.7019379999999984
11
167.7669999999999959
21
-77.7140919999999937
0
LINE
8
BLACK
6
CONTINUOUS
10
167.7669999999999959
20
-77.7140919999999937
11
167.7669999999999959
21
-86.2429070000000024
0
LINE
8
BLACK
6
CONTINUOUS
10
167.7669999999999959
20
-86.2429070000000024
11
167.7664029999999968
21
-86.2550609999999978
0
LINE
8
BLACK
6
CONTINUOUS
10
167.7664029999999968
20
-86.2550609999999978
11
167.7489819999999838
21
-86.4319339999999983
0
LINE
8
BLACK
6
CONTINUOUS
10
167.7489819999999838
20
-86.4319339999999983
11
167.7442399999999907
21
-86.4557750000000027
0
LINE
8
BLACK
6
CONTINUOUS
10
167.7442399999999907
20
-86.4557750000000027
11
167.6944239999999979
21
-86.6199979999999954
0
LINE
8
BLACK
6
CONTINUOUS
10
167.6944239999999979
20
-86.6199979999999954
11
167.685120999999981
21
-86.6424559999999957
0
LINE
8
BLACK
6
CONTINUOUS
10
167.685120999999981
20
-86.6424559999999957
11
167.6042269999999803
21
-86.7937979999999953
0
LINE
8
BLACK
6
CONTINUOUS
10
167.6042269999999803
20
-86.7937979999999953
11
167.5907219999999995
21
-86.8140099999999961
0
LINE
8
BLACK
6
CONTINUOUS
10
167.5907219999999995
20
-86.8140099999999961
11
167.4818539999999985
21
-86.9466659999999933
0
LINE
8
BLACK
6
CONTINUOUS
10
167.4818539999999985
20
-86.9466659999999933
11
167.464665999999994
21
-86.9638539999999978
0
LINE
8
BLACK
6
CONTINUOUS
10
167.464665999999994
20
-86.9638539999999978
11
167.3320099999999968
21
-87.0727219999999988
0
LINE
8
BLACK
6
CONTINUOUS
10
167.3320099999999968
20
-87.0727219999999988
11
167.3117979999999818
21
-87.0862269999999938
0
LINE
8
BLACK
6
CONTINUOUS
10
167.3117979999999818
20
-87.0862269999999938
11
167.1604559999999822
21
-87.1671209999999945
0
LINE
8
BLACK
6
CONTINUOUS
10
167.1604559999999822
20
-87.1671209999999945
11
167.1379979999999819
21
-87.1764239999999972
0
LINE
8
BLACK
6
CONTINUOUS
10
167.1379979999999819
20
-87.1764239999999972
11
166.9737749999999892
21
-87.22623999999999
0
LINE
8
BLACK
6
CONTINUOUS
10
166.9737749999999892
20
-87.22623999999999
11
166.9499339999999847
21
-87.2309819999999974
0
LINE
8
BLACK
6
CONTINUOUS
10
166.9499339999999847
20
-87.2309819999999974
11
166.7730609999999842
21
-87.2484029999999962
0
LINE
8
BLACK
6
CONTINUOUS
10
166.7730609999999842
20
-87.2484029999999962
11
166.7609070000000031
21
-87.2489999999999952
0
LINE
8
BLACK
6
CONTINUOUS
10
166.7609070000000031
20
-87.2489999999999952
11
157.2259999999999991
21
-87.2489999999999952
0
LINE
8
BLACK
6
CONTINUOUS
10
157.2259999999999991
20
-87.2489999999999952
11
140.5889999999999986
21
-87.2489999999999952
0
LINE
8
BLACK
6
CONTINUOUS
10
140.5889999999999986
20
-87.2489999999999952
11
132.451092999999986
21
-87.2489999999999952
0
LINE
8
BLACK
6
CONTINUOUS
10
132.451092999999986
20
-87.2489999999999952
11
132.4389390000000049
21
-87.2484029999999962
0
LINE
8
BLACK
6
CONTINUOUS
10
132.4389390000000049
20
-87.2484029999999962
11
132.2620650000000069
21
-87.2309819999999974
0
LINE
8
BLACK
6
CONTINUOUS
10
132.2620650000000069
20
-87.2309819999999974
11
132.2382240000000024
21
-87.22623999999999
0
LINE
8
BLACK
6
CONTINUOUS
10
132.2382240000000024
20
-87.22623999999999
11
132.0740009999999813
21
-87.1764239999999972
0
LINE
8
BLACK
6
CONTINUOUS
10
132.0740009999999813
20
-87.1764239999999972
11
132.051542999999981
21
-87.1671209999999945
0
LINE
8
BLACK
6
CONTINUOUS
10
132.051542999999981
20
-87.1671209999999945
11
131.9002009999999814
21
-87.0862269999999938
0
LINE
8
BLACK
6
CONTINUOUS
10
131.9002009999999814
20
-87.0862269999999938
11
131.8799889999999948
21
-87.0727219999999988
0
LINE
8
BLACK
6
CONTINUOUS
10
131.8799889999999948
20
-87.0727219999999988
11
131.7473329999999976
21
-86.9638539999999978
0
LINE
8
BLACK
6
CONTINUOUS
10
131.7473329999999976
20
-86.9638539999999978
11
131.7301449999999932
21
-86.9466659999999933
0
LINE
8
BLACK
6
CONTINUOUS
10
131.7301449999999932
20
-86.9466659999999933
11
131.6212769999999921
21
-86.8140099999999961
0
LINE
8
BLACK
6
CONTINUOUS
10
131.6212769999999921
20
-86.8140099999999961
11
131.6077719999999829
21
-86.7937979999999953
0
LINE
8
BLACK
6
CONTINUOUS
10
131.6077719999999829
20
-86.7937979999999953
11
131.5268779999999822
21
-86.6424559999999957
0
LINE
8
BLACK
6
CONTINUOUS
10
131.5268779999999822
20
-86.6424559999999957
11
131.5175749999999937
21
-86.6199979999999954
0
LINE
8
BLACK
6
CONTINUOUS
10
131.5175749999999937
20
-86.6199979999999954
11
131.467757000000006
21
-86.4557689999999894
0
LINE
8
BLACK
6
CONTINUOUS
10
131.467757000000006
20
-86.4557689999999894
11
131.4630180000000053
21
-86.4319409999999948
0
LINE
8
BLACK
6
CONTINUOUS
10
131.4630180000000053
20
-86.4319409999999948
11
131.4455969999999922
21
-86.2550609999999978
0
LINE
8
BLACK
6
CONTINUOUS
10
131.4455969999999922
20
-86.2550609999999978
11
131.4449999999999932
21
-86.2429070000000024
0
LINE
8
BLACK
6
CONTINUOUS
10
131.4449999999999932
20
-86.2429070000000024
11
131.4449999999999932
21
-77.8410920000000033
0
LINE
8
BLACK
6
CONTINUOUS
10
131.4449999999999932
20
-77.8410920000000033
11
131.4455969999999922
21
-77.8289379999999937
0
LINE
8
BLACK
6
CONTINUOUS
10
131.4455969999999922
20
-77.8289379999999937
11
131.4630180000000053
21
-77.6520560000000017
0
LINE
8
BLACK
6
CONTINUOUS
10
131.4630180000000053
20
-77.6520560000000017
11
131.467757000000006
21
-77.628231999999997
0
LINE
8
BLACK
6
CONTINUOUS
10
131.467757000000006
20
-77.628231999999997
11
131.5175769999999886
21
-77.4639939999999996
0
LINE
8
BLACK
6
CONTINUOUS
10
131.5175769999999886
20
-77.4639939999999996
11
131.5268749999999898
21
-77.4415489999999949
0
LINE
8
BLACK
6
CONTINUOUS
10
131.5268749999999898
20
-77.4415489999999949
11
131.6077750000000037
21
-77.2901949999999971
0
LINE
8
BLACK
6
CONTINUOUS
10
131.6077750000000037
20
-77.2901949999999971
11
131.6212720000000047
21
-77.2699949999999944
0
LINE
8
BLACK
6
CONTINUOUS
10
131.6212720000000047
20
-77.2699949999999944
11
131.7301489999999831
21
-77.1373279999999966
0
LINE
8
BLACK
6
CONTINUOUS
10
131.7301489999999831
20
-77.1373279999999966
11
131.7473279999999818
21
-77.1201489999999978
0
LINE
8
BLACK
6
CONTINUOUS
10
131.7473279999999818
20
-77.1201489999999978
11
131.8799950000000081
21
-77.0112719999999911
0
LINE
8
BLACK
6
CONTINUOUS
10
131.8799950000000081
20
-77.0112719999999911
11
131.9001949999999965
21
-76.9977749999999901
0
LINE
8
BLACK
6
CONTINUOUS
10
131.9001949999999965
20
-76.9977749999999901
11
132.0515489999999943
21
-76.9168749999999903
0
LINE
8
BLACK
6
CONTINUOUS
10
132.0515489999999943
20
-76.9168749999999903
11
132.073993999999999
21
-76.9075770000000034
0
LINE
8
BLACK
6
CONTINUOUS
10
132.073993999999999
20
-76.9075770000000034
11
132.2382319999999822
21
-76.8577569999999923
0
LINE
8
BLACK
6
CONTINUOUS
10
132.2382319999999822
20
-76.8577569999999923
11
132.2620560000000012
21
-76.8530179999999916
0
LINE
8
BLACK
6
CONTINUOUS
10
132.2620560000000012
20
-76.8530179999999916
11
132.4389390000000049
21
-76.8355969999999928
0
LINE
8
BLACK
6
CONTINUOUS
10
132.4389390000000049
20
-76.8355969999999928
11
132.451092999999986
21
-76.8349999999999937
0
LINE
8
BLACK
6
CONTINUOUS
10
132.451092999999986
20
-76.8349999999999937
11
146.700997000000001
21
-76.8349999999999937
0
LINE
8
BLACK
6
CONTINUOUS
10
146.700997000000001
20
-76.8349999999999937
11
146.7009999999999934
21
-76.8349999999999937
0
LINE
8
BLACK
6
CONTINUOUS
10
146.7009999999999934
20
-76.8349999999999937
11
147.7009999999999934
21
-76.8349999999999937
0
LINE
8
BLACK
6
CONTINUOUS
10
147.7009999999999934
20
-76.8349999999999937
11
147.7009999999999934
21
-70.0940920000000034
0
LINE
8
BLACK
6
CONTINUOUS
10
147.7009999999999934
20
-70.0940920000000034
11
147.7015969999999925
21
-70.0819379999999938
0
LINE
8
BLACK
6
CONTINUOUS
10
147.7015969999999925
20
-70.0819379999999938
11
147.7190180000000055
21
-69.9050560000000019
0
LINE
8
BLACK
6
CONTINUOUS
10
147.7190180000000055
20
-69.9050560000000019
11
147.7237570000000062
21
-69.8812319999999971
0
LINE
8
BLACK
6
CONTINUOUS
10
147.7237570000000062
20
-69.8812319999999971
11
147.7735769999999889
21
-69.7169939999999997
0
LINE
8
BLACK
6
CONTINUOUS
10
147.7735769999999889
20
-69.7169939999999997
11
147.78287499999999
21
-69.694548999999995
0
LINE
8
BLACK
6
CONTINUOUS
10
147.78287499999999
20
-69.694548999999995
11
147.863775000000004
21
-69.5431949999999972
0
LINE
8
BLACK
6
CONTINUOUS
10
147.863775000000004
20
-69.5431949999999972
11
147.8772720000000049
21
-69.5229949999999945
0
LINE
8
BLACK
6
CONTINUOUS
10
147.8772720000000049
20
-69.5229949999999945
11
147.9861489999999833
21
-69.3903279999999967
0
LINE
8
BLACK
6
CONTINUOUS
10
147.9861489999999833
20
-69.3903279999999967
11
148.003327999999982
21
-69.373148999999998
0
LINE
8
BLACK
6
CONTINUOUS
10
148.003327999999982
20
-69.373148999999998
11
148.1359949999999799
21
-69.2642719999999912
0
LINE
8
BLACK
6
CONTINUOUS
10
148.1359949999999799
20
-69.2642719999999912
11
148.1561949999999968
21
-69.2507749999999902
0
LINE
8
BLACK
6
CONTINUOUS
10
148.1561949999999968
20
-69.2507749999999902
11
148.3075489999999945
21
-69.1698749999999905
0
LINE
8
BLACK
6
CONTINUOUS
10
148.3075489999999945
20
-69.1698749999999905
11
148.3299939999999992
21
-69.1605770000000035
0
LINE
8
BLACK
6
CONTINUOUS
10
148.3299939999999992
20
-69.1605770000000035
11
148.4942319999999825
21
-69.1107569999999924
0
LINE
8
BLACK
6
CONTINUOUS
10
148.4942319999999825
20
-69.1107569999999924
11
148.5180560000000014
21
-69.1060179999999917
0
LINE
8
BLACK
6
CONTINUOUS
10
148.5180560000000014
20
-69.1060179999999917
11
148.6949390000000051
21
-69.0885969999999929
0
LINE
8
BLACK
6
CONTINUOUS
10
148.6949390000000051
20
-69.0885969999999929
11
148.7070929999999862
21
-69.0879999999999939
0
LINE
8
BLACK
6
CONTINUOUS
10
148.7070929999999862
20
-69.0879999999999939
11
149.8759969999999839
21
-69.0879999999999939
0
LINE
8
BLACK
6
CONTINUOUS
10
149.8759969999999839
20
-69.0879999999999939
11
149.8760000000000048
21
-69.0879999999999939
0
LINE
8
BLACK
6
CONTINUOUS
10
149.8760000000000048
20
-69.0879999999999939
11
150.8760000000000048
21
-69.0879999999999939
0
LINE
8
BLACK
6
CONTINUOUS
10
150.8760000000000048
20
-69.0879999999999939
11
150.8760000000000048
21
-54.9810919999999967
0
LINE
8
BLACK
6
CONTINUOUS
10
150.8760000000000048
20
-54.9810919999999967
11
150.8765970000000038
21
-54.9689379999999943
0
LINE
8
BLACK
6
CONTINUOUS
10
150.8765970000000038
20
-54.9689379999999943
11
150.8940179999999884
21
-54.7920559999999952
0
LINE
8
BLACK
6
CONTINUOUS
10
150.8940179999999884
20
-54.7920559999999952
11
150.8987569999999891
21
-54.7682319999999976
0
LINE
8
BLACK
6
CONTINUOUS
10
150.8987569999999891
20
-54.7682319999999976
11
150.9485770000000002
21
-54.6039940000000001
0
LINE
8
BLACK
6
CONTINUOUS
10
150.9485770000000002
20
-54.6039940000000001
11
150.9578750000000014
21
-54.5815489999999954
0
LINE
8
BLACK
6
CONTINUOUS
10
150.9578750000000014
20
-54.5815489999999954
11
151.0387749999999869
21
-54.4301949999999977
0
LINE
8
BLACK
6
CONTINUOUS
10
151.0387749999999869
20
-54.4301949999999977
11
151.0522719999999879
21
-54.409994999999995
0
LINE
8
BLACK
6
CONTINUOUS
10
151.0522719999999879
20
-54.409994999999995
11
151.1611489999999947
21
-54.2773279999999971
0
LINE
8
BLACK
6
CONTINUOUS
10
151.1611489999999947
20
-54.2773279999999971
11
151.1783279999999934
21
-54.2601489999999984
0
LINE
8
BLACK
6
CONTINUOUS
10
151.1783279999999934
20
-54.2601489999999984
11
151.3109949999999913
21
-54.1512719999999987
0
LINE
8
BLACK
6
CONTINUOUS
10
151.3109949999999913
20
-54.1512719999999987
11
151.3311949999999797
21
-54.1377749999999978
0
LINE
8
BLACK
6
CONTINUOUS
10
151.3311949999999797
20
-54.1377749999999978
11
151.4825490000000059
21
-54.056874999999998
0
LINE
8
BLACK
6
CONTINUOUS
10
151.4825490000000059
20
-54.056874999999998
11
151.5049939999999822
21
-54.0475769999999969
0
LINE
8
BLACK
6
CONTINUOUS
10
151.5049939999999822
20
-54.0475769999999969
11
151.6692319999999938
21
-53.997757
0
LINE
8
BLACK
6
CONTINUOUS
10
151.6692319999999938
20
-53.997757
11
151.6930559999999844
21
-53.9930179999999993
0
LINE
8
BLACK
6
CONTINUOUS
10
151.6930559999999844
20
-53.9930179999999993
11
151.869938999999988
21
-53.9755970000000005
0
LINE
8
BLACK
6
CONTINUOUS
10
151.869938999999988
20
-53.9755970000000005
11
151.8820929999999976
21
-53.9749999999999943
0
LINE
8
BLACK
6
CONTINUOUS
10
151.8820929999999976
20
-53.9749999999999943
11
160.4109069999999804
21
-53.9749999999999943
0
LINE
8
BLACK
6
CONTINUOUS
10
160.4109069999999804
20
-53.9749999999999943
11
160.4230609999999899
21
-53.9755970000000005
0
LINE
8
BLACK
6
CONTINUOUS
10
126.1076069999999874
20
-77.3435769999999962
11
126.2191139999999905
21
-77.400392999999994
0
LINE
8
BLACK
6
CONTINUOUS
10
126.2191139999999905
20
-77.400392999999994
11
126.3076069999999902
21
-77.4888859999999937
0
LINE
8
BLACK
6
CONTINUOUS
10
126.3076069999999902
20
-77.4888859999999937
11
126.364422999999988
21
-77.6003929999999968
0
LINE
8
BLACK
6
CONTINUOUS
10
126.364422999999988
20
-77.6003929999999968
11
126.3840000000000003
21
-77.7239999999999895
0
LINE
8
BLACK
6
CONTINUOUS
10
126.3840000000000003
20
-77.7239999999999895
11
126.364422999999988
21
-77.8476069999999964
0
LINE
8
BLACK
6
CONTINUOUS
10
126.364422999999988
20
-77.8476069999999964
11
126.3076069999999902
21
-77.9591139999999996
0
LINE
8
BLACK
6
CONTINUOUS
10
126.3076069999999902
20
-77.9591139999999996
11
126.2191139999999905
21
-78.0476069999999993
0
LINE
8
BLACK
6
CONTINUOUS
10
126.2191139999999905
20
-78.0476069999999993
11
126.1076069999999874
21
-78.104422999999997
0
LINE
8
BLACK
6
CONTINUOUS
10
126.1076069999999874
20
-78.104422999999997
11
125.9839999999999947
21
-78.1239999999999952
0
LINE
8
BLACK
6
CONTINUOUS
10
125.9839999999999947
20
-78.1239999999999952
11
125.8603929999999878
21
-78.104422999999997
0
LINE
8
BLACK
6
CONTINUOUS
10
125.8603929999999878
20
-78.104422999999997
11
125.7488859999999988
21
-78.0476069999999993
0
LINE
8
BLACK
6
CONTINUOUS
10
125.7488859999999988
20
-78.0476069999999993
11
125.6603929999999991
21
-77.9591139999999996
0
LINE
8
BLACK
6
CONTINUOUS
10
125.6603929999999991
20
-77.9591139999999996
11
125.6035770000000014
21
-77.8476069999999964
0
LINE
8
BLACK
6
CONTINUOUS
10
125.6035770000000014
20
-77.8476069999999964
11
125.583999999999989
21
-77.7239999999999895
0
LINE
8
BLACK
6
CONTINUOUS
10
125.583999999999989
20
-77.7239999999999895
11
125.6035770000000014
21
-77.6003929999999968
0
LINE
8
BLACK
6
CONTINUOUS
10
125.6035770000000014
20
-77.6003929999999968
11
125.6603929999999991
21
-77.4888859999999937
0
LINE
8
BLACK
6
CONTINUOUS
10
125.6603929999999991
20
-77.4888859999999937
11
125.7488859999999988
21
-77.400392999999994
0
LINE
8
BLACK
6
CONTINUOUS
10
125.7488859999999988
20
-77.400392999999994
11
125.8603929999999878
21
-77.3435769999999962
0
LINE
8
BLACK
6
CONTINUOUS
10
125.8603929999999878
20
-77.3435769999999962
11
125.9839999999999947
21
-77.3239999999999981
0
LINE
8
BLACK
6
CONTINUOUS
10
125.9839999999999947
20
-77.3239999999999981
11
126.1076069999999874
21
-77.3435769999999962
0
LINE
8
BLACK
6
CONTINUOUS
10
120.2656069999999886
20
-76.3275769999999909
11
120.3771139999999917
21
-76.3843930000000029
0
LINE
8
BLACK
6
CONTINUOUS
10
120.3771139999999917
20
-76.3843930000000029
11
120.4656069999999914
21
-76.4728860000000026
0
LINE
8
BLACK
6
CONTINUOUS
10
120.4656069999999914
20
-76.4728860000000026
11
120.5224229999999892
21
-76.5843929999999915
0
LINE
8
BLACK
6
CONTINUOUS
10
120.5224229999999892
20
-76.5843929999999915
11
120.5420000000000016
21
-76.7079999999999984
0
LINE
8
BLACK
6
CONTINUOUS
10
120.5420000000000016
20
-76.7079999999999984
11
120.5224229999999892
21
-76.8316069999999911
0
LINE
8
BLACK
6
CONTINUOUS
10
120.5224229999999892
20
-76.8316069999999911
11
120.4656069999999914
21
-76.9431139999999942
0
LINE
8
BLACK
6
CONTINUOUS
10
120.4656069999999914
20
-76.9431139999999942
11
120.3771139999999917
21
-77.0316069999999939
0
LINE
8
BLACK
6
CONTINUOUS
10
120.3771139999999917
20
-77.0316069999999939
11
120.2656069999999886
21
-77.0884229999999917
0
LINE
8
BLACK
6
CONTINUOUS
10
120.2656069999999886
20
-77.0884229999999917
11
120.1419999999999959
21
-77.1079999999999899
0
LINE
8
BLACK
6
CONTINUOUS
10
120.1419999999999959
20
-77.1079999999999899
11
120.018392999999989
21
-77.0884229999999917
0
LINE
8
BLACK
6
CONTINUOUS
10
120.018392999999989
20
-77.0884229999999917
11
119.9068860000000001
21
-77.0316069999999939
0
LINE
8
BLACK
6
CONTINUOUS
10
119.9068860000000001
20
-77.0316069999999939
11
119.8183930000000004
21
-76.9431139999999942
0
LINE
8
BLACK
6
CONTINUOUS
10
119.8183930000000004
20
-76.9431139999999942
11
119.7615769999999884
21
-76.8316069999999911
0
LINE
8
BLACK
6
CONTINUOUS
10
119.7615769999999884
20
-76.8316069999999911
11
119.7419999999999902
21
-76.7079999999999984
0
LINE
8
BLACK
6
CONTINUOUS
10
119.7419999999999902
20
-76.7079999999999984
11
119.7615769999999884
21
-76.5843929999999915
0
LINE
8
BLACK
6
CONTINUOUS
10
119.7615769999999884
20
-76.5843929999999915
11
119.8183930000000004
21
-76.4728860000000026
0
LINE
8
BLACK
6
CONTINUOUS
10
119.8183930000000004
20
-76.4728860000000026
11
119.9068860000000001
21
-76.3843930000000029
0
LINE
8
BLACK
6
CONTINUOUS
10
119.9068860000000001
20
-76.3843930000000029
11
120.018392999999989
21
-76.3275769999999909
0
LINE
8
BLACK
6
CONTINUOUS
10
120.018392999999989
20
-76.3275769999999909
11
120.1419999999999959
21
-76.3079999999999927
0
LINE
8
BLACK
6
CONTINUOUS
10
120.1419999999999959
20
-76.3079999999999927
11
120.2656069999999886
21
-76.3275769999999909
0
LINE
8
BLACK
6
CONTINUOUS
10
120.2656069999999886
20
-75.0575769999999949
11
120.3771139999999917
21
-75.1143929999999926
0
LINE
8
BLACK
6
CONTINUOUS
10
120.3771139999999917
20
-75.1143929999999926
11
120.4656069999999914
21
-75.2028859999999924
0
LINE
8
BLACK
6
CONTINUOUS
10
120.4656069999999914
20
-75.2028859999999924
11
120.5224229999999892
21
-75.3143929999999955
0
LINE
8
BLACK
6
CONTINUOUS
10
120.5224229999999892
20
-75.3143929999999955
11
120.5420000000000016
21
-75.4380000000000024
0
LINE
8
BLACK
6
CONTINUOUS
10
120.5420000000000016
20
-75.4380000000000024
11
120.5224229999999892
21
-75.5616069999999951
0
LINE
8
BLACK
6
CONTINUOUS
10
120.5224229999999892
20
-75.5616069999999951
11
120.4656069999999914
21
-75.6731139999999982
0
LINE
8
BLACK
6
CONTINUOUS
10
120.4656069999999914
20
-75.6731139999999982
11
120.3771139999999917
21
-75.7616069999999979
0
LINE
8
BLACK
6
CONTINUOUS
10
120.3771139999999917
20
-75.7616069999999979
11
120.2656069999999886
21
-75.8184229999999957
0
LINE
8
BLACK
6
CONTINUOUS
10
120.2656069999999886
20
-75.8184229999999957
11
120.1419999999999959
21
-75.8379999999999939
0
LINE
8
BLACK
6
CONTINUOUS
10
120.1419999999999959
20
-75.8379999999999939
11
120.018392999999989
21
-75.8184229999999957
0
LINE
8
BLACK
6
CONTINUOUS
10
120.018392999999989
20
-75.8184229999999957
11
119.9068860000000001
21
-75.7616069999999979
0
LINE
8
BLACK
6
CONTINUOUS
10
119.9068860000000001
20
-75.7616069999999979
11
119.8183930000000004
21
-75.6731139999999982
0
LINE
8
BLACK
6
CONTINUOUS
10
119.8183930000000004
20
-75.6731139999999982
11
119.7615769999999884
21
-75.5616069999999951
0
LINE
8
BLACK
6
CONTINUOUS
10
119.7615769999999884
20
-75.5616069999999951
11
119.7419999999999902
21
-75.4380000000000024
0
LINE
8
BLACK
6
CONTINUOUS
10
119.7419999999999902
20
-75.4380000000000024
11
119.7615769999999884
21
-75.3143929999999955
0
LINE
8
BLACK
6
CONTINUOUS
10
119.7615769999999884
20
-75.3143929999999955
11
119.8183930000000004
21
-75.2028859999999924
0
LINE
8
BLACK
6
CONTINUOUS
10
119.8183930000000004
20
-75.2028859999999924
11
119.9068860000000001
21
-75.1143929999999926
0
LINE
8
BLACK
6
CONTINUOUS
10
119.9068860000000001
20
-75.1143929999999926
11
120.018392999999989
21
-75.0575769999999949
0
LINE
8
BLACK
6
CONTINUOUS
10
120.018392999999989
20
-75.0575769999999949
11
120.1419999999999959
21
-75.0379999999999967
0
LINE
8
BLACK
6
CONTINUOUS
10
120.1419999999999959
20
-75.0379999999999967
11
120.2656069999999886
21
-75.0575769999999949
0
LINE
8
BLACK
6
CONTINUOUS
10
120.2656069999999886
20
-73.7875769999999989
11
120.3771139999999917
21
-73.8443929999999966
0
LINE
8
BLACK
6
CONTINUOUS
10
120.3771139999999917
20
-73.8443929999999966
11
120.4656069999999914
21
-73.9328859999999963
0
LINE
8
BLACK
6
CONTINUOUS
10
120.4656069999999914
20
-73.9328859999999963
11
120.5224229999999892
21
-74.0443929999999995
0
LINE
8
BLACK
6
CONTINUOUS
10
120.5224229999999892
20
-74.0443929999999995
11
120.5420000000000016
21
-74.1679999999999922
0
LINE
8
BLACK
6
CONTINUOUS
10
120.5420000000000016
20
-74.1679999999999922
11
120.5224229999999892
21
-74.2916069999999991
0
LINE
8
BLACK
6
CONTINUOUS
10
120.5224229999999892
20
-74.2916069999999991
11
120.4656069999999914
21
-74.4031140000000022
0
LINE
8
BLACK
6
CONTINUOUS
10
120.4656069999999914
20
-74.4031140000000022
11
120.3771139999999917
21
-74.4916070000000019
0
LINE
8
BLACK
6
CONTINUOUS
10
120.3771139999999917
20
-74.4916070000000019
11
120.2656069999999886
21
-74.5484229999999997
0
LINE
8
BLACK
6
CONTINUOUS
10
120.2656069999999886
20
-74.5484229999999997
11
120.1419999999999959
21
-74.5679999999999978
0
LINE
8
BLACK
6
CONTINUOUS
10
120.1419999999999959
20
-74.5679999999999978
11
120.018392999999989
21
-74.5484229999999997
0
LINE
8
BLACK
6
CONTINUOUS
10
120.018392999999989
20
-74.5484229999999997
11
119.9068860000000001
21
-74.4916070000000019
0
LINE
8
BLACK
6
CONTINUOUS
10
119.9068860000000001
20
-74.4916070000000019
11
119.8183930000000004
21
-74.4031140000000022
0
LINE
8
BLACK
6
CONTINUOUS
10
119.8183930000000004
20
-74.4031140000000022
11
119.7615769999999884
21
-74.2916069999999991
0
LINE
8
BLACK
6
CONTINUOUS
10
119.7615769999999884
20
-74.2916069999999991
11
119.7419999999999902
21
-74.1679999999999922
0
LINE
8
BLACK
6
CONTINUOUS
10
119.7419999999999902
20
-74.1679999999999922
11
119.7615769999999884
21
-74.0443929999999995
0
LINE
8
BLACK
6
CONTINUOUS
10
119.7615769999999884
20
-74.0443929999999995
11
119.8183930000000004
21
-73.9328859999999963
0
LINE
8
BLACK
6
CONTINUOUS
10
119.8183930000000004
20
-73.9328859999999963
11
119.9068860000000001
21
-73.8443929999999966
0
LINE
8
BLACK
6
CONTINUOUS
10
119.9068860000000001
20
-73.8443929999999966
11
120.018392999999989
21
-73.7875769999999989
0
LINE
8
BLACK
6
CONTINUOUS
10
120.018392999999989
20
-73.7875769999999989
11
120.1419999999999959
21
-73.7680000000000007
0
LINE
8
BLACK
6
CONTINUOUS
10
120.1419999999999959
20
-73.7680000000000007
11
120.2656069999999886
21
-73.7875769999999989
0
LINE
8
BLACK
6
CONTINUOUS
10
120.2656069999999886
20
-72.5175770000000028
11
120.3771139999999917
21
-72.5743930000000006
0
LINE
8
BLACK
6
CONTINUOUS
10
120.3771139999999917
20
-72.5743930000000006
11
120.4656069999999914
21
-72.6628860000000003
0
LINE
8
BLACK
6
CONTINUOUS
10
120.4656069999999914
20
-72.6628860000000003
11
120.5224229999999892
21
-72.7743930000000034
0
LINE
8
BLACK
6
CONTINUOUS
10
120.5224229999999892
20
-72.7743930000000034
11
120.5420000000000016
21
-72.8979999999999961
0
LINE
8
BLACK
6
CONTINUOUS
10
120.5420000000000016
20
-72.8979999999999961
11
120.5224229999999892
21
-73.021607000000003
0
LINE
8
BLACK
6
CONTINUOUS
10
120.5224229999999892
20
-73.021607000000003
11
120.4656069999999914
21
-73.133113999999992
0
LINE
8
BLACK
6
CONTINUOUS
10
120.4656069999999914
20
-73.133113999999992
11
120.3771139999999917
21
-73.2216069999999917
0
LINE
8
BLACK
6
CONTINUOUS
10
120.3771139999999917
20
-73.2216069999999917
11
120.2656069999999886
21
-73.2784230000000036
0
LINE
8
BLACK
6
CONTINUOUS
10
120.2656069999999886
20
-73.2784230000000036
11
120.1419999999999959
21
-73.2980000000000018
0
LINE
8
BLACK
6
CONTINUOUS
10
120.1419999999999959
20
-73.2980000000000018
11
120.018392999999989
21
-73.2784230000000036
0
LINE
8
BLACK
6
CONTINUOUS
10
120.018392999999989
20
-73.2784230000000036
11
119.9068860000000001
21
-73.2216069999999917
0
LINE
8
BLACK
6
CONTINUOUS
10
119.9068860000000001
20
-73.2216069999999917
11
119.8183930000000004
21
-73.133113999999992
0
LINE
8
BLACK
6
CONTINUOUS
10
119.8183930000000004
20
-73.133113999999992
11
119.7615769999999884
21
-73.021607000000003
0
LINE
8
BLACK
6
CONTINUOUS
10
119.7615769999999884
20
-73.021607000000003
11
119.7419999999999902
21
-72.8979999999999961
0
LINE
8
BLACK
6
CONTINUOUS
10
119.7419999999999902
20
-72.8979999999999961
11
119.7615769999999884
21
-72.7743930000000034
0
LINE
8
BLACK
6
CONTINUOUS
10
119.7615769999999884
20
-72.7743930000000034
11
119.8183930000000004
21
-72.6628860000000003
0
LINE
8
BLACK
6
CONTINUOUS
10
119.8183930000000004
20
-72.6628860000000003
11
119.9068860000000001
21
-72.5743930000000006
0
LINE
8
BLACK
6
CONTINUOUS
10
119.9068860000000001
20
-72.5743930000000006
11
120.018392999999989
21
-72.5175770000000028
0
LINE
8
BLACK
6
CONTINUOUS
10
120.018392999999989
20
-72.5175770000000028
11
120.1419999999999959
21
-72.4979999999999905
0
LINE
8
BLACK
6
CONTINUOUS
10
120.1419999999999959
20
-72.4979999999999905
11
120.2656069999999886
21
-72.5175770000000028
0
LINE
8
BLACK
6
CONTINUOUS
10
120.2656069999999886
20
-71.2475769999999926
11
120.3771139999999917
21
-71.3043929999999904
0
LINE
8
BLACK
6
CONTINUOUS
10
120.3771139999999917
20
-71.3043929999999904
11
120.4656069999999914
21
-71.3928859999999901
0
LINE
8
BLACK
6
CONTINUOUS
10
120.4656069999999914
20
-71.3928859999999901
11
120.5224229999999892
21
-71.5043929999999932
0
LINE
8
BLACK
6
CONTINUOUS
10
120.5224229999999892
20
-71.5043929999999932
11
120.5420000000000016
21
-71.6280000000000001
0
LINE
8
BLACK
6
CONTINUOUS
10
120.5420000000000016
20
-71.6280000000000001
11
120.5224229999999892
21
-71.7516069999999928
0
LINE
8
BLACK
6
CONTINUOUS
10
120.5224229999999892
20
-71.7516069999999928
11
120.4656069999999914
21
-71.8631139999999959
0
LINE
8
BLACK
6
CONTINUOUS
10
120.4656069999999914
20
-71.8631139999999959
11
120.3771139999999917
21
-71.9516069999999957
0
LINE
8
BLACK
6
CONTINUOUS
10
120.3771139999999917
20
-71.9516069999999957
11
120.2656069999999886
21
-72.0084229999999934
0
LINE
8
BLACK
6
CONTINUOUS
10
120.2656069999999886
20
-72.0084229999999934
11
120.1419999999999959
21
-72.0279999999999916
0
LINE
8
BLACK
6
CONTINUOUS
10
120.1419999999999959
20
-72.0279999999999916
11
120.018392999999989
21
-72.0084229999999934
0
LINE
8
BLACK
6
CONTINUOUS
10
120.018392999999989
20
-72.0084229999999934
11
119.9068860000000001
21
-71.9516069999999957
0
LINE
8
BLACK
6
CONTINUOUS
10
119.9068860000000001
20
-71.9516069999999957
11
119.8183930000000004
21
-71.8631139999999959
0
LINE
8
BLACK
6
CONTINUOUS
10
119.8183930000000004
20
-71.8631139999999959
11
119.7615769999999884
21
-71.7516069999999928
0
LINE
8
BLACK
6
CONTINUOUS
10
119.7615769999999884
20
-71.7516069999999928
11
119.7419999999999902
21
-71.6280000000000001
0
LINE
8
BLACK
6
CONTINUOUS
10
119.7419999999999902
20
-71.6280000000000001
11
119.7615769999999884
21
-71.5043929999999932
0
LINE
8
BLACK
6
CONTINUOUS
10
119.7615769999999884
20
-71.5043929999999932
11
119.8183930000000004
21
-71.3928859999999901
0
LINE
8
BLACK
6
CONTINUOUS
10
119.8183930000000004
20
-71.3928859999999901
11
119.9068860000000001
21
-71.3043929999999904
0
LINE
8
BLACK
6
CONTINUOUS
10
119.9068860000000001
20
-71.3043929999999904
11
120.018392999999989
21
-71.2475769999999926
0
LINE
8
BLACK
6
CONTINUOUS
10
120.018392999999989
20
-71.2475769999999926
11
120.1419999999999959
21
-71.2279999999999944
0
LINE
8
BLACK
6
CONTINUOUS
10
120.1419999999999959
20
-71.2279999999999944
11
120.2656069999999886
21
-71.2475769999999926
0
LINE
8
BLACK
6
CONTINUOUS
10
120.2656069999999886
20
-69.9775769999999966
11
120.3771139999999917
21
-70.0343929999999943
0
LINE
8
BLACK
6
CONTINUOUS
10
120.3771139999999917
20
-70.0343929999999943
11
120.4656069999999914
21
-70.1228859999999941
0
LINE
8
BLACK
6
CONTINUOUS
10
120.4656069999999914
20
-70.1228859999999941
11
120.5224229999999892
21
-70.2343929999999972
0
LINE
8
BLACK
6
CONTINUOUS
10
120.5224229999999892
20
-70.2343929999999972
11
120.5420000000000016
21
-70.3579999999999899
0
LINE
8
BLACK
6
CONTINUOUS
10
120.5420000000000016
20
-70.3579999999999899
11
120.5224229999999892
21
-70.4816069999999968
0
LINE
8
BLACK
6
CONTINUOUS
10
120.5224229999999892
20
-70.4816069999999968
11
120.4656069999999914
21
-70.5931139999999999
0
LINE
8
BLACK
6
CONTINUOUS
10
120.4656069999999914
20
-70.5931139999999999
11
120.3771139999999917
21
-70.6816069999999996
0
LINE
8
BLACK
6
CONTINUOUS
10
120.3771139999999917
20
-70.6816069999999996
11
120.2656069999999886
21
-70.7384229999999974
0
LINE
8
BLACK
6
CONTINUOUS
10
120.2656069999999886
20
-70.7384229999999974
11
120.1419999999999959
21
-70.7579999999999956
0
LINE
8
BLACK
6
CONTINUOUS
10
120.1419999999999959
20
-70.7579999999999956
11
120.018392999999989
21
-70.7384229999999974
0
LINE
8
BLACK
6
CONTINUOUS
10
120.018392999999989
20
-70.7384229999999974
11
119.9068860000000001
21
-70.6816069999999996
0
LINE
8
BLACK
6
CONTINUOUS
10
119.9068860000000001
20
-70.6816069999999996
11
119.8183930000000004
21
-70.5931139999999999
0
LINE
8
BLACK
6
CONTINUOUS
10
119.8183930000000004
20
-70.5931139999999999
11
119.7615769999999884
21
-70.4816069999999968
0
LINE
8
BLACK
6
CONTINUOUS
10
119.7615769999999884
20
-70.4816069999999968
11
119.7419999999999902
21
-70.3579999999999899
0
LINE
8
BLACK
6
CONTINUOUS
10
119.7419999999999902
20
-70.3579999999999899
11
119.7615769999999884
21
-70.2343929999999972
0
LINE
8
BLACK
6
CONTINUOUS
10
119.7615769999999884
20
-70.2343929999999972
11
119.8183930000000004
21
-70.1228859999999941
0
LINE
8
BLACK
6
CONTINUOUS
10
119.8183930000000004
20
-70.1228859999999941
11
119.9068860000000001
21
-70.0343929999999943
0
LINE
8
BLACK
6
CONTINUOUS
10
119.9068860000000001
20
-70.0343929999999943
11
120.018392999999989
21
-69.9775769999999966
0
LINE
8
BLACK
6
CONTINUOUS
10
120.018392999999989
20
-69.9775769999999966
11
120.1419999999999959
21
-69.9579999999999984
0
LINE
8
BLACK
6
CONTINUOUS
10
120.1419999999999959
20
-69.9579999999999984
11
120.2656069999999886
21
-69.9775769999999966
0
LINE
8
BLACK
6
CONTINUOUS
10
120.2656069999999886
20
-68.7075770000000006
11
120.3771139999999917
21
-68.7643929999999983
0
LINE
8
BLACK
6
CONTINUOUS
10
120.3771139999999917
20
-68.7643929999999983
11
120.4656069999999914
21
-68.852885999999998
0
LINE
8
BLACK
6
CONTINUOUS
10
120.4656069999999914
20
-68.852885999999998
11
120.5224229999999892
21
-68.9643930000000012
0
LINE
8
BLACK
6
CONTINUOUS
10
120.5224229999999892
20
-68.9643930000000012
11
120.5420000000000016
21
-69.0879999999999939
0
LINE
8
BLACK
6
CONTINUOUS
10
120.5420000000000016
20
-69.0879999999999939
11
120.5224229999999892
21
-69.2116070000000008
0
LINE
8
BLACK
6
CONTINUOUS
10
120.5224229999999892
20
-69.2116070000000008
11
120.4656069999999914
21
-69.3231140000000039
0
LINE
8
BLACK
6
CONTINUOUS
10
120.4656069999999914
20
-69.3231140000000039
11
120.3771139999999917
21
-69.4116070000000036
0
LINE
8
BLACK
6
CONTINUOUS
10
120.3771139999999917
20
-69.4116070000000036
11
120.2656069999999886
21
-69.4684230000000014
0
LINE
8
BLACK
6
CONTINUOUS
10
120.2656069999999886
20
-69.4684230000000014
11
120.1419999999999959
21
-69.4879999999999995
0
LINE
8
BLACK
6
CONTINUOUS
10
120.1419999999999959
20
-69.4879999999999995
11
120.018392999999989
21
-69.4684230000000014
0
LINE
8
BLACK
6
CONTINUOUS
10
120.018392999999989
20
-69.4684230000000014
11
119.9068860000000001
21
-69.4116070000000036
0
LINE
8
BLACK
6
CONTINUOUS
10
119.9068860000000001
20
-69.4116070000000036
11
119.8183930000000004
21
-69.3231140000000039
0
LINE
8
BLACK
6
CONTINUOUS
10
119.8183930000000004
20
-69.3231140000000039
11
119.7615769999999884
21
-69.2116070000000008
0
LINE
8
BLACK
6
CONTINUOUS
10
119.7615769999999884
20
-69.2116070000000008
11
119.7419999999999902
21
-69.0879999999999939
0
LINE
8
BLACK
6
CONTINUOUS
10
119.7419999999999902
20
-69.0879999999999939
11
119.7615769999999884
21
-68.9643930000000012
0
LINE
8
BLACK
6
CONTINUOUS
10
119.7615769999999884
20
-68.9643930000000012
11
119.8183930000000004
21
-68.852885999999998
0
LINE
8
BLACK
6
CONTINUOUS
10
119.8183930000000004
20
-68.852885999999998
11
119.9068860000000001
21
-68.7643929999999983
0
LINE
8
BLACK
6
CONTINUOUS
10
119.9068860000000001
20
-68.7643929999999983
11
120.018392999999989
21
-68.7075770000000006
0
LINE
8
BLACK
6
CONTINUOUS
10
120.018392999999989
20
-68.7075770000000006
11
120.1419999999999959
21
-68.6880000000000024
0
LINE
8
BLACK
6
CONTINUOUS
10
120.1419999999999959
20
-68.6880000000000024
11
120.2656069999999886
21
-68.7075770000000006
0
LINE
8
BLACK
6
CONTINUOUS
10
126.3616069999999922
20
-75.5655769999999904
11
126.4731139999999954
21
-75.6223930000000024
0
LINE
8
BLACK
6
CONTINUOUS
10
126.4731139999999954
20
-75.6223930000000024
11
126.5616069999999951
21
-75.7108860000000021
0
LINE
8
BLACK
6
CONTINUOUS
10
126.5616069999999951
20
-75.7108860000000021
11
126.6184229999999928
21
-75.822392999999991
0
LINE
8
BLACK
6
CONTINUOUS
10
126.6184229999999928
20
-75.822392999999991
11
126.637999999999991
21
-75.945999999999998
0
LINE
8
BLACK
6
CONTINUOUS
10
126.637999999999991
20
-75.945999999999998
11
126.6184229999999928
21
-76.0696069999999906
0
LINE
8
BLACK
6
CONTINUOUS
10
126.6184229999999928
20
-76.0696069999999906
11
126.5616069999999951
21
-76.1811139999999938
0
LINE
8
BLACK
6
CONTINUOUS
10
126.5616069999999951
20
-76.1811139999999938
11
126.4731139999999954
21
-76.2696069999999935
0
LINE
8
BLACK
6
CONTINUOUS
10
126.4731139999999954
20
-76.2696069999999935
11
126.3616069999999922
21
-76.3264229999999912
0
LINE
8
BLACK
6
CONTINUOUS
10
126.3616069999999922
20
-76.3264229999999912
11
126.2379999999999995
21
-76.3460000000000036
0
LINE
8
BLACK
6
CONTINUOUS
10
126.2379999999999995
20
-76.3460000000000036
11
126.1143929999999926
21
-76.3264229999999912
0
LINE
8
BLACK
6
CONTINUOUS
10
126.1143929999999926
20
-76.3264229999999912
11
126.0028859999999895
21
-76.2696069999999935
0
LINE
8
BLACK
6
CONTINUOUS
10
126.0028859999999895
20
-76.2696069999999935
11
125.9143929999999898
21
-76.1811139999999938
0
LINE
8
BLACK
6
CONTINUOUS
10
125.9143929999999898
20
-76.1811139999999938
11
125.857576999999992
21
-76.0696069999999906
0
LINE
8
BLACK
6
CONTINUOUS
10
125.857576999999992
20
-76.0696069999999906
11
125.8379999999999939
21
-75.945999999999998
0
LINE
8
BLACK
6
CONTINUOUS
10
125.8379999999999939
20
-75.945999999999998
11
125.857576999999992
21
-75.822392999999991
0
LINE
8
BLACK
6
CONTINUOUS
10
125.857576999999992
20
-75.822392999999991
11
125.9143929999999898
21
-75.7108860000000021
0
LINE
8
BLACK
6
CONTINUOUS
10
125.9143929999999898
20
-75.7108860000000021
11
126.0028859999999895
21
-75.6223930000000024
0
LINE
8
BLACK
6
CONTINUOUS
10
126.0028859999999895
20
-75.6223930000000024
11
126.1143929999999926
21
-75.5655769999999904
0
LINE
8
BLACK
6
CONTINUOUS
10
126.1143929999999926
20
-75.5655769999999904
11
126.2379999999999995
21
-75.5459999999999923
0
LINE
8
BLACK
6
CONTINUOUS
10
126.2379999999999995
20
-75.5459999999999923
11
126.3616069999999922
21
-75.5655769999999904
0
LINE
8
BLACK
6
CONTINUOUS
10
135.7850609999999847
20
-54.1025969999999958
11
135.9619409999999959
21
-54.1200179999999946
0
LINE
8
BLACK
6
CONTINUOUS
10
135.9619409999999959
20
-54.1200179999999946
11
135.9857690000000048
21
-54.1247569999999953
0
LINE
8
BLACK
6
CONTINUOUS
10
135.9857690000000048
20
-54.1247569999999953
11
136.1500010000000032
21
-54.1745759999999947
0
LINE
8
BLACK
6
CONTINUOUS
10
136.1500010000000032
20
-54.1745759999999947
11
136.1724529999999902
21
-54.1838769999999954
0
LINE
8
BLACK
6
CONTINUOUS
10
136.1724529999999902
20
-54.1838769999999954
11
136.3237979999999823
21
-54.2647720000000007
0
LINE
8
BLACK
6
CONTINUOUS
10
136.3237979999999823
20
-54.2647720000000007
11
136.3440099999999973
21
-54.2782769999999957
0
LINE
8
BLACK
6
CONTINUOUS
10
136.3440099999999973
20
-54.2782769999999957
11
136.4766659999999945
21
-54.3871449999999967
0
LINE
8
BLACK
6
CONTINUOUS
10
136.4766659999999945
20
-54.3871449999999967
11
136.4938539999999989
21
-54.4043329999999941
0
LINE
8
BLACK
6
CONTINUOUS
10
136.4938539999999989
20
-54.4043329999999941
11
136.602722
21
-54.5369889999999984
0
LINE
8
BLACK
6
CONTINUOUS
10
136.602722
20
-54.5369889999999984
11
136.6162269999999808
21
-54.5572009999999992
0
LINE
8
BLACK
6
CONTINUOUS
10
136.6162269999999808
20
-54.5572009999999992
11
136.6971209999999814
21
-54.7085429999999988
0
LINE
8
BLACK
6
CONTINUOUS
10
136.6971209999999814
20
-54.7085429999999988
11
136.7064239999999984
21
-54.7310009999999991
0
LINE
8
BLACK
6
CONTINUOUS
10
136.7064239999999984
20
-54.7310009999999991
11
136.7562399999999911
21
-54.8952239999999989
0
LINE
8
BLACK
6
CONTINUOUS
10
136.7562399999999911
20
-54.8952239999999989
11
136.7609819999999843
21
-54.9190649999999962
0
LINE
8
BLACK
6
CONTINUOUS
10
136.7609819999999843
20
-54.9190649999999962
11
136.7784029999999973
21
-55.0959379999999967
0
LINE
8
BLACK
6
CONTINUOUS
10
136.7784029999999973
20
-55.0959379999999967
11
136.7789999999999964
21
-55.1080919999999992
0
LINE
8
BLACK
6
CONTINUOUS
10
136.7789999999999964
20
-55.1080919999999992
11
136.7789999999999964
21
-61.4779069999999948
0
LINE
8
BLACK
6
CONTINUOUS
10
136.7789999999999964
20
-61.4779069999999948
11
136.7784029999999973
21
-61.4900609999999972
0
LINE
8
BLACK
6
CONTINUOUS
10
136.7784029999999973
20
-61.4900609999999972
11
136.7609819999999843
21
-61.6669339999999977
0
LINE
8
BLACK
6
CONTINUOUS
10
136.7609819999999843
20
-61.6669339999999977
11
136.7562399999999911
21
-61.690774999999995
0
LINE
8
BLACK
6
CONTINUOUS
10
136.7562399999999911
20
-61.690774999999995
11
136.7064239999999984
21
-61.8549979999999948
0
LINE
8
BLACK
6
CONTINUOUS
10
136.7064239999999984
20
-61.8549979999999948
11
136.6971209999999814
21
-61.8774559999999951
0
LINE
8
BLACK
6
CONTINUOUS
10
136.6971209999999814
20
-61.8774559999999951
11
136.6162269999999808
21
-62.0287979999999948
0
LINE
8
BLACK
6
CONTINUOUS
10
136.6162269999999808
20
-62.0287979999999948
11
136.602722
21
-62.0490099999999956
0
LINE
8
BLACK
6
CONTINUOUS
10
136.602722
20
-62.0490099999999956
11
136.4938539999999989
21
-62.1816659999999999
0
LINE
8
BLACK
6
CONTINUOUS
10
136.4938539999999989
20
-62.1816659999999999
11
136.4766659999999945
21
-62.1988539999999972
0
LINE
8
BLACK
6
CONTINUOUS
10
136.4766659999999945
20
-62.1988539999999972
11
136.3440099999999973
21
-62.3077219999999983
0
LINE
8
BLACK
6
CONTINUOUS
10
136.3440099999999973
20
-62.3077219999999983
11
136.3237979999999823
21
-62.3212270000000004
0
LINE
8
BLACK
6
CONTINUOUS
10
136.3237979999999823
20
-62.3212270000000004
11
136.1724559999999826
21
-62.402120999999994
0
LINE
8
BLACK
6
CONTINUOUS
10
136.1724559999999826
20
-62.402120999999994
11
136.1499979999999823
21
-62.4114239999999967
0
LINE
8
BLACK
6
CONTINUOUS
10
136.1499979999999823
20
-62.4114239999999967
11
135.9857749999999896
21
-62.4612399999999965
0
LINE
8
BLACK
6
CONTINUOUS
10
135.9857749999999896
20
-62.4612399999999965
11
135.9619339999999852
21
-62.4659819999999968
0
LINE
8
BLACK
6
CONTINUOUS
10
135.9619339999999852
20
-62.4659819999999968
11
135.7850609999999847
21
-62.4834029999999956
0
LINE
8
BLACK
6
CONTINUOUS
10
135.7850609999999847
20
-62.4834029999999956
11
135.7729070000000036
21
-62.4839999999999947
0
LINE
8
BLACK
6
CONTINUOUS
10
135.7729070000000036
20
-62.4839999999999947
11
134.6200000000000045
21
-62.4839999999999947
0
LINE
8
BLACK
6
CONTINUOUS
10
134.6200000000000045
20
-62.4839999999999947
11
134.6200000000000045
21
-63.4839999999999947
0
LINE
8
BLACK
6
CONTINUOUS
10
134.6200000000000045
20
-63.4839999999999947
11
134.6200000000000045
21
-63.4840029999999942
0
LINE
8
BLACK
6
CONTINUOUS
10
134.6200000000000045
20
-63.4840029999999942
11
134.6200000000000045
21
-74.304907
0
LINE
8
BLACK
6
CONTINUOUS
10
134.6200000000000045
20
-74.304907
11
134.6194030000000055
21
-74.3170609999999954
0
LINE
8
BLACK
6
CONTINUOUS
10
134.6194030000000055
20
-74.3170609999999954
11
134.6019819999999925
21
-74.4939339999999959
0
LINE
8
BLACK
6
CONTINUOUS
10
134.6019819999999925
20
-74.4939339999999959
11
134.5972399999999993
21
-74.5177750000000003
0
LINE
8
BLACK
6
CONTINUOUS
10
134.5972399999999993
20
-74.5177750000000003
11
134.5474240000000066
21
-74.681997999999993
0
LINE
8
BLACK
6
CONTINUOUS
10
134.5474240000000066
20
-74.681997999999993
11
134.5381209999999896
21
-74.7044559999999933
0
LINE
8
BLACK
6
CONTINUOUS
10
134.5381209999999896
20
-74.7044559999999933
11
134.4572269999999889
21
-74.855797999999993
0
LINE
8
BLACK
6
CONTINUOUS
10
134.4572269999999889
20
-74.855797999999993
11
134.4437219999999797
21
-74.8760099999999937
0
LINE
8
BLACK
6
CONTINUOUS
10
134.4437219999999797
20
-74.8760099999999937
11
134.3348540000000071
21
-75.008665999999991
0
LINE
8
BLACK
6
CONTINUOUS
10
134.3348540000000071
20
-75.008665999999991
11
134.3176660000000027
21
-75.0258539999999954
0
LINE
8
BLACK
6
CONTINUOUS
10
134.3176660000000027
20
-75.0258539999999954
11
134.1850100000000054
21
-75.1347219999999965
0
LINE
8
BLACK
6
CONTINUOUS
10
134.1850100000000054
20
-75.1347219999999965
11
134.1647979999999905
21
-75.1482269999999914
0
LINE
8
BLACK
6
CONTINUOUS
10
134.1647979999999905
20
-75.1482269999999914
11
134.0134559999999908
21
-75.2291209999999921
0
LINE
8
BLACK
6
CONTINUOUS
10
134.0134559999999908
20
-75.2291209999999921
11
133.9909979999999905
21
-75.2384239999999949
0
LINE
8
BLACK
6
CONTINUOUS
10
133.9909979999999905
20
-75.2384239999999949
11
133.8267749999999978
21
-75.2882400000000018
0
LINE
8
BLACK
6
CONTINUOUS
10
133.8267749999999978
20
-75.2882400000000018
11
133.8029339999999934
21
-75.292981999999995
0
LINE
8
BLACK
6
CONTINUOUS
10
133.8029339999999934
20
-75.292981999999995
11
133.6260609999999929
21
-75.3104029999999938
0
LINE
8
BLACK
6
CONTINUOUS
10
133.6260609999999929
20
-75.3104029999999938
11
133.6139069999999833
21
-75.3109999999999928
0
LINE
8
BLACK
6
CONTINUOUS
10
133.6139069999999833
20
-75.3109999999999928
11
129.4129999999999825
21
-75.3109999999999928
0
LINE
8
BLACK
6
CONTINUOUS
10
129.4129999999999825
20
-75.3109999999999928
11
129.4129999999999825
21
-75.4814369999999997
0
LINE
8
BLACK
6
CONTINUOUS
10
129.4129999999999825
20
-75.4814369999999997
11
129.3657179999999869
21
-75.5177180000000021
0
LINE
8
BLACK
6
CONTINUOUS
10
129.3657179999999869
20
-75.5177180000000021
11
129.2694630000000018
21
-75.6431599999999946
0
LINE
8
BLACK
6
CONTINUOUS
10
129.2694630000000018
20
-75.6431599999999946
11
129.2089560000000006
21
-75.789237
0
LINE
8
BLACK
6
CONTINUOUS
10
129.2089560000000006
20
-75.789237
11
129.2089550000000031
21
-75.7892389999999949
0
LINE
8
BLACK
6
CONTINUOUS
10
129.2089550000000031
20
-75.7892389999999949
11
129.1883179999999811
21
-75.945998000000003
0
LINE
8
BLACK
6
CONTINUOUS
10
129.1883179999999811
20
-75.945998000000003
11
129.1883179999999811
21
-75.9460009999999954
0
LINE
8
BLACK
6
CONTINUOUS
10
129.1883179999999811
20
-75.9460009999999954
11
129.2089550000000031
21
-76.1027600000000035
0
LINE
8
BLACK
6
CONTINUOUS
10
129.2089550000000031
20
-76.1027600000000035
11
129.2089560000000006
21
-76.1027619999999985
0
LINE
8
BLACK
6
CONTINUOUS
10
129.2089560000000006
20
-76.1027619999999985
11
129.2694639999999993
21
-76.2488409999999988
0
LINE
8
BLACK
6
CONTINUOUS
10
129.2694639999999993
20
-76.2488409999999988
11
129.3657179999999869
21
-76.3742819999999938
0
LINE
8
BLACK
6
CONTINUOUS
10
129.3657179999999869
20
-76.3742819999999938
11
129.3657210000000077
21
-76.3742840000000029
0
LINE
8
BLACK
6
CONTINUOUS
10
129.3657210000000077
20
-76.3742840000000029
11
129.3657240000000002
21
-76.3742879999999928
0
LINE
8
BLACK
6
CONTINUOUS
10
129.3657240000000002
20
-76.3742879999999928
11
129.3714689999999905
21
-76.3800339999999949
0
LINE
8
BLACK
6
CONTINUOUS
10
129.3714689999999905
20
-76.3800339999999949
11
129.3702580000000069
21
-76.3812439999999953
0
LINE
8
BLACK
6
CONTINUOUS
10
129.3702580000000069
20
-76.3812439999999953
11
129.4056870000000004
21
-76.4297600000000017
0
LINE
8
BLACK
6
CONTINUOUS
10
129.4056870000000004
20
-76.4297600000000017
11
129.4129999999999825
21
-76.4717129999999941
0
LINE
8
BLACK
6
CONTINUOUS
10
129.4129999999999825
20
-76.4717129999999941
11
129.4129999999999825
21
-85.9889069999999975
0
LINE
8
BLACK
6
CONTINUOUS
10
129.4129999999999825
20
-85.9889069999999975
11
129.4124029999999834
21
-86.0010609999999929
0
LINE
8
BLACK
6
CONTINUOUS
10
129.4124029999999834
20
-86.0010609999999929
11
129.3949819999999988
21
-86.1779339999999934
0
LINE
8
BLACK
6
CONTINUOUS
10
129.3949819999999988
20
-86.1779339999999934
11
129.3902400000000057
21
-86.2017749999999978
0
LINE
8
BLACK
6
CONTINUOUS
10
129.3902400000000057
20
-86.2017749999999978
11
129.3404239999999845
21
-86.3659979999999905
0
LINE
8
BLACK
6
CONTINUOUS
10
129.3404239999999845
20
-86.3659979999999905
11
129.331120999999996
21
-86.3884559999999908
0
LINE
8
BLACK
6
CONTINUOUS
10
129.331120999999996
20
-86.3884559999999908
11
129.2502269999999953
21
-86.5397979999999905
0
LINE
8
BLACK
6
CONTINUOUS
10
129.2502269999999953
20
-86.5397979999999905
11
129.2367219999999861
21
-86.5600099999999912
0
LINE
8
BLACK
6
CONTINUOUS
10
129.2367219999999861
20
-86.5600099999999912
11
129.127853999999985
21
-86.6926660000000027
0
LINE
8
BLACK
6
CONTINUOUS
10
129.127853999999985
20
-86.6926660000000027
11
129.1106659999999806
21
-86.7098539999999929
0
LINE
8
BLACK
6
CONTINUOUS
10
129.1106659999999806
20
-86.7098539999999929
11
128.9780099999999834
21
-86.818721999999994
0
LINE
8
BLACK
6
CONTINUOUS
10
128.9780099999999834
20
-86.818721999999994
11
128.9577979999999968
21
-86.8322270000000032
0
LINE
8
BLACK
6
CONTINUOUS
10
128.9577979999999968
20
-86.8322270000000032
11
128.8064559999999972
21
-86.9131209999999896
0
LINE
8
BLACK
6
CONTINUOUS
10
128.8064559999999972
20
-86.9131209999999896
11
128.7839979999999969
21
-86.9224239999999924
0
LINE
8
BLACK
6
CONTINUOUS
10
128.7839979999999969
20
-86.9224239999999924
11
128.6197750000000042
21
-86.9722399999999993
0
LINE
8
BLACK
6
CONTINUOUS
10
128.6197750000000042
20
-86.9722399999999993
11
128.5959339999999997
21
-86.9769819999999925
0
LINE
8
BLACK
6
CONTINUOUS
10
128.5959339999999997
20
-86.9769819999999925
11
128.4190609999999992
21
-86.9944029999999913
0
LINE
8
BLACK
6
CONTINUOUS
10
128.4190609999999992
20
-86.9944029999999913
11
128.4069069999999897
21
-86.9949999999999903
0
LINE
8
BLACK
6
CONTINUOUS
10
128.4069069999999897
20
-86.9949999999999903
11
121.1940889999999911
21
-86.9949999999999903
0
LINE
8
BLACK
6
CONTINUOUS
10
121.1940889999999911
20
-86.9949999999999903
11
121.127049999999997
21
-86.9753149999999948
0
LINE
8
BLACK
6
CONTINUOUS
10
121.127049999999997
20
-86.9753149999999948
11
121.086394999999996
21
-86.9324649999999934
0
LINE
8
BLACK
6
CONTINUOUS
10
121.086394999999996
20
-86.9324649999999934
11
120.9601320000000015
21
-86.711236999999997
0
LINE
8
BLACK
6
CONTINUOUS
10
120.9601320000000015
20
-86.711236999999997
11
120.9581359999999961
21
-86.7075999999999993
0
LINE
8
BLACK
6
CONTINUOUS
10
120.9581359999999961
20
-86.7075999999999993
11
120.6788979999999896
21
-86.1779339999999934
0
LINE
8
BLACK
6
CONTINUOUS
10
120.6788979999999896
20
-86.1779339999999934
11
120.452943999999988
21
-85.7493379999999945
0
LINE
8
BLACK
6
CONTINUOUS
10
120.452943999999988
20
-85.7493379999999945
11
120.4511079999999907
21
-85.7457100000000025
0
LINE
8
BLACK
6
CONTINUOUS
10
120.4511079999999907
20
-85.7457100000000025
11
119.9782639999999958
21
-84.771096
0
LINE
8
BLACK
6
CONTINUOUS
10
119.9782639999999958
20
-84.771096
11
119.9765369999999933
21
-84.7673819999999978
0
LINE
8
BLACK
6
CONTINUOUS
10
119.9765369999999933
20
-84.7673819999999978
11
119.5365499999999912
21
-83.7774689999999964
0
LINE
8
BLACK
6
CONTINUOUS
10
119.5365499999999912
20
-83.7774689999999964
11
119.5349289999999911
21
-83.7736499999999893
0
LINE
8
BLACK
6
CONTINUOUS
10
119.5349289999999911
20
-83.7736499999999893
11
119.1283349999999928
21
-82.7696509999999961
0
LINE
8
BLACK
6
CONTINUOUS
10
119.1283349999999928
20
-82.7696509999999961
11
119.1268419999999963
21
-82.7657799999999924
0
LINE
8
BLACK
6
CONTINUOUS
10
119.1268419999999963
20
-82.7657799999999924
11
118.9607129999999984
21
-82.3125359999999944
0
LINE
8
BLACK
6
CONTINUOUS
10
118.9607129999999984
20
-82.3125359999999944
11
118.7540329999999926
21
-81.7486559999999969
0
LINE
8
BLACK
6
CONTINUOUS
10
118.7540329999999926
20
-81.7486559999999969
11
118.7527029999999968
21
-81.7448309999999907
0
LINE
8
BLACK
6
CONTINUOUS
10
118.7527029999999968
20
-81.7448309999999907
11
118.4141350000000017
21
-80.7158259999999927
0
LINE
8
BLACK
6
CONTINUOUS
10
118.4141350000000017
20
-80.7158259999999927
11
118.4129119999999915
21
-80.7118889999999993
0
LINE
8
BLACK
6
CONTINUOUS
10
118.4129119999999915
20
-80.7118889999999993
11
118.3236719999999877
21
-80.4066210000000012
0
LINE
8
BLACK
6
CONTINUOUS
10
118.3236719999999877
20
-80.4066210000000012
11
118.1089580000000012
21
-79.6721349999999973
0
LINE
8
BLACK
6
CONTINUOUS
10
118.1089580000000012
20
-79.6721349999999973
11
118.1078679999999963
21
-79.6681569999999937
0
LINE
8
BLACK
6
CONTINUOUS
10
118.1078679999999963
20
-79.6681569999999937
11
118.0403459999999995
21
-79.404761999999991
0
LINE
8
BLACK
6
CONTINUOUS
10
118.0403459999999995
20
-79.404761999999991
11
117.838877999999994
21
-78.6188559999999939
0
LINE
8
BLACK
6
CONTINUOUS
10
117.838877999999994
20
-78.6188559999999939
11
117.8379189999999994
21
-78.6148359999999968
0
LINE
8
BLACK
6
CONTINUOUS
10
117.8379189999999994
20
-78.6148359999999968
11
117.8310339999999883
21
-78.583681999999996
0
LINE
8
BLACK
6
CONTINUOUS
10
117.8310339999999883
20
-78.583681999999996
11
117.6410589999999985
21
-77.7239979999999946
0
LINE
8
BLACK
6
CONTINUOUS
10
117.6410589999999985
20
-77.7239979999999946
11
117.6041799999999995
21
-77.5571130000000011
0
LINE
8
BLACK
6
CONTINUOUS
10
117.6041799999999995
20
-77.5571130000000011
11
117.6033549999999934
21
-77.5530579999999929
0
LINE
8
BLACK
6
CONTINUOUS
10
117.6033549999999934
20
-77.5530579999999929
11
117.5554549999999949
21
-77.2957179999999937
0
LINE
8
BLACK
6
CONTINUOUS
10
117.5554549999999949
20
-77.2957179999999937
11
117.4051329999999922
21
-76.4881180000000001
0
LINE
8
BLACK
6
CONTINUOUS
10
117.4051329999999922
20
-76.4881180000000001
11
117.4044449999999955
21
-76.4840429999999998
0
LINE
8
BLACK
6
CONTINUOUS
10
117.4044449999999955
20
-76.4840429999999998
11
117.2419559999999876
21
-75.4130399999999952
0
LINE
8
BLACK
6
CONTINUOUS
10
117.2419559999999876
20
-75.4130399999999952
11
117.2414129999999943
21
-75.409009999999995
0
LINE
8
BLACK
6
CONTINUOUS
10
117.2414129999999943
20
-75.409009999999995
11
117.1148339999999877
21
-74.333092999999991
0
LINE
8
BLACK
6
CONTINUOUS
10
117.1148339999999877
20
-74.333092999999991
11
117.1144269999999921
21
-74.3290429999999986
0
LINE
8
BLACK
6
CONTINUOUS
10
117.1144269999999921
20
-74.3290429999999986
11
117.0239169999999973
21
-73.2495579999999933
0
LINE
8
BLACK
6
CONTINUOUS
10
117.0239169999999973
20
-73.2495579999999933
11
117.0236459999999994
21
-73.245515999999995
0
LINE
8
BLACK
6
CONTINUOUS
10
117.0236459999999994
20
-73.245515999999995
11
116.9692989999999924
21
-72.1635729999999995
0
LINE
8
BLACK
6
CONTINUOUS
10
116.9692989999999924
20
-72.1635729999999995
11
116.9691609999999997
21
-72.1594489999999951
0
LINE
8
BLACK
6
CONTINUOUS
10
116.9691609999999997
20
-72.1594489999999951
11
116.9690969999999908
21
-72.1556099999999958
0
LINE
8
BLACK
6
CONTINUOUS
10
116.9690969999999908
20
-72.1556099999999958
11
116.9510379999999969
21
-71.0762679999999989
0
LINE
8
BLACK
6
CONTINUOUS
10
116.9510379999999969
20
-71.0762679999999989
11
116.9510379999999969
21
-71.0721530000000001
0
LINE
8
BLACK
6
CONTINUOUS
10
116.9510379999999969
20
-71.0721530000000001
11
116.9703299999999899
21
-69.9546589999999924
0
LINE
8
BLACK
6
CONTINUOUS
10
116.9703299999999899
20
-69.9546589999999924
11
116.970478
21
-69.9503929999999912
0
LINE
8
BLACK
6
CONTINUOUS
10
116.970478
20
-69.9503929999999912
11
116.9765389999999883
21
-69.8334650000000039
0
LINE
8
BLACK
6
CONTINUOUS
10
116.9765389999999883
20
-69.8334650000000039
11
117.0151759999999967
21
-69.0879979999999989
0
LINE
8
BLACK
6
CONTINUOUS
10
117.0151759999999967
20
-69.0879979999999989
11
117.0283289999999994
21
-68.8342269999999985
0
LINE
8
BLACK
6
CONTINUOUS
10
117.0283289999999994
20
-68.8342269999999985
11
117.028624999999991
21
-68.8299659999999989
0
LINE
8
BLACK
6
CONTINUOUS
10
117.028624999999991
20
-68.8299659999999989
11
117.0433559999999886
21
-68.659717999999998
0
LINE
8
BLACK
6
CONTINUOUS
10
117.0433559999999886
20
-68.659717999999998
11
117.1249639999999914
21
-67.7165150000000011
0
LINE
8
BLACK
6
CONTINUOUS
10
117.1249639999999914
20
-67.7165150000000011
11
117.1254059999999981
21
-67.7122619999999955
0
LINE
8
BLACK
6
CONTINUOUS
10
117.1254059999999981
20
-67.7122619999999955
11
117.2601239999999905
21
-66.6027550000000019
0
LINE
8
BLACK
6
CONTINUOUS
10
117.2601239999999905
20
-66.6027550000000019
11
117.2607079999999939
21
-66.5985489999999913
0
LINE
8
BLACK
6
CONTINUOUS
10
117.2607079999999939
20
-66.5985489999999913
11
117.433651999999995
21
-65.4942869999999999
0
LINE
8
BLACK
6
CONTINUOUS
10
117.433651999999995
20
-65.4942869999999999
11
117.4343839999999943
21
-65.4900930000000017
0
LINE
8
BLACK
6
CONTINUOUS
10
117.4343839999999943
20
-65.4900930000000017
11
117.6453209999999956
21
-64.3925629999999956
0
LINE
8
BLACK
6
CONTINUOUS
10
117.6453209999999956
20
-64.3925629999999956
11
117.6462009999999907
21
-64.3883739999999989
0
LINE
8
BLACK
6
CONTINUOUS
10
117.6462009999999907
20
-64.3883739999999989
11
117.8356029999999919
21
-63.5585469999999972
0
LINE
8
BLACK
6
CONTINUOUS
10
117.8356029999999919
20
-63.5585469999999972
11
117.8949069999999892
21
-63.2987189999999984
0
LINE
8
BLACK
6
CONTINUOUS
10
117.8949069999999892
20
-63.2987189999999984
11
117.8959139999999906
21
-63.2946309999999954
0
LINE
8
BLACK
6
CONTINUOUS
10
117.8959139999999906
20
-63.2946309999999954
11
118.1821079999999995
21
-62.2141179999999991
0
LINE
8
BLACK
6
CONTINUOUS
10
118.1821079999999995
20
-62.2141179999999991
11
118.1832429999999903
21
-62.2101169999999968
0
LINE
8
BLACK
6
CONTINUOUS
10
118.1832429999999903
20
-62.2101169999999968
11
118.5065309999999954
21
-61.1402229999999989
0
LINE
8
BLACK
6
CONTINUOUS
10
118.5065309999999954
20
-61.1402229999999989
11
118.5078359999999975
21
-61.1361589999999993
0
LINE
8
BLACK
6
CONTINUOUS
10
118.5078359999999975
20
-61.1361589999999993
11
118.867880999999997
21
-60.0780019999999979
0
LINE
8
BLACK
6
CONTINUOUS
10
118.867880999999997
20
-60.0780019999999979
11
118.8692909999999898
21
-60.0740809999999996
0
LINE
8
BLACK
6
CONTINUOUS
10
118.8692909999999898
20
-60.0740809999999996
11
119.2656470000000013
21
-59.0289769999999976
0
LINE
8
BLACK
6
CONTINUOUS
10
119.2656470000000013
20
-59.0289769999999976
11
119.2671979999999934
21
-59.0250909999999962
0
LINE
8
BLACK
6
CONTINUOUS
10
119.2671979999999934
20
-59.0250909999999962
11
119.6993819999999999
21
-57.9943089999999941
0
LINE
8
BLACK
6
CONTINUOUS
10
119.6993819999999999
20
-57.9943089999999941
11
119.7010959999999926
21
-57.9904129999999967
0
LINE
8
BLACK
6
CONTINUOUS
10
119.7010959999999926
20
-57.9904129999999967
11
120.1685899999999947
21
-56.9751869999999982
0
LINE
8
BLACK
6
CONTINUOUS
10
120.1685899999999947
20
-56.9751869999999982
11
120.1703919999999925
21
-56.9714449999999957
0
LINE
8
BLACK
6
CONTINUOUS
10
120.1703919999999925
20
-56.9714449999999957
11
120.6726769999999931
21
-55.9729069999999993
0
LINE
8
BLACK
6
CONTINUOUS
10
120.6726769999999931
20
-55.9729069999999993
11
120.6746309999999909
21
-55.969183000000001
0
LINE
8
BLACK
6
CONTINUOUS
10
120.6746309999999909
20
-55.969183000000001
11
121.2110780000000005
21
-54.9885829999999984
0
LINE
8
BLACK
6
CONTINUOUS
10
121.2110780000000005
20
-54.9885829999999984
11
121.2131649999999894
21
-54.9849219999999974
0
LINE
8
BLACK
6
CONTINUOUS
10
121.2131649999999894
20
-54.9849219999999974
11
121.7005369999999971
21
-54.1627679999999998
0
LINE
8
BLACK
6
CONTINUOUS
10
121.7005369999999971
20
-54.1627679999999998
11
121.7516549999999995
21
-54.1151379999999946
0
LINE
8
BLACK
6
CONTINUOUS
10
121.7516549999999995
20
-54.1151379999999946
11
121.8072030000000012
21
-54.1019999999999968
0
LINE
8
BLACK
6
CONTINUOUS
10
121.8072030000000012
20
-54.1019999999999968
11
135.7729070000000036
21
-54.1019999999999968
0
LINE
8
BLACK
6
CONTINUOUS
10
135.7729070000000036
20
-54.1019999999999968
11
135.7850609999999847
21
-54.1025969999999958
0
LINE
8
BLACK
6
CONTINUOUS
10
125.378317999999993
20
-77.7240010000000012
11
125.3989550000000008
21
-77.8807599999999951
0
LINE
8
BLACK
6
CONTINUOUS
10
125.3989550000000008
20
-77.8807599999999951
11
125.3989559999999983
21
-77.8807619999999901
0
LINE
8
BLACK
6
CONTINUOUS
10
125.3989559999999983
20
-77.8807619999999901
11
125.459463999999997
21
-78.0268409999999903
0
LINE
8
BLACK
6
CONTINUOUS
10
125.459463999999997
20
-78.0268409999999903
11
125.5557179999999988
21
-78.1522819999999996
0
LINE
8
BLACK
6
CONTINUOUS
10
125.5557179999999988
20
-78.1522819999999996
11
125.6811589999999939
21
-78.2485360000000014
0
LINE
8
BLACK
6
CONTINUOUS
10
125.6811589999999939
20
-78.2485360000000014
11
125.8272379999999941
21
-78.3090440000000001
0
LINE
8
BLACK
6
CONTINUOUS
10
125.8272379999999941
20
-78.3090440000000001
11
125.9056189999999873
21
-78.3193629999999956
0
LINE
8
BLACK
6
CONTINUOUS
10
125.9056189999999873
20
-78.3193629999999956
11
125.9839989999999972
21
-78.3296819999999911
0
LINE
8
BLACK
6
CONTINUOUS
10
125.9839989999999972
20
-78.3296819999999911
11
125.9839999999999947
21
-78.3296819999999911
0
LINE
8
BLACK
6
CONTINUOUS
10
125.9839999999999947
20
-78.3296819999999911
11
125.9840009999999921
21
-78.3296819999999911
0
LINE
8
BLACK
6
CONTINUOUS
10
125.9840009999999921
20
-78.3296819999999911
11
126.0362539999999996
21
-78.3228019999999958
0
LINE
8
BLACK
6
CONTINUOUS
10
126.0362539999999996
20
-78.3228019999999958
11
126.1407619999999952
21
-78.3090440000000001
0
LINE
8
BLACK
6
CONTINUOUS
10
126.1407619999999952
20
-78.3090440000000001
11
126.2868409999999955
21
-78.2485360000000014
0
LINE
8
BLACK
6
CONTINUOUS
10
126.2868409999999955
20
-78.2485360000000014
11
126.4122819999999905
21
-78.1522819999999996
0
LINE
8
BLACK
6
CONTINUOUS
10
126.4122819999999905
20
-78.1522819999999996
11
126.5085359999999923
21
-78.0268409999999903
0
LINE
8
BLACK
6
CONTINUOUS
10
126.5085359999999923
20
-78.0268409999999903
11
126.569043999999991
21
-77.8807619999999901
0
LINE
8
BLACK
6
CONTINUOUS
10
126.569043999999991
20
-77.8807619999999901
11
126.5896819999999963
21
-77.7239999999999895
0
LINE
8
BLACK
6
CONTINUOUS
10
126.5896819999999963
20
-77.7239999999999895
11
126.569043999999991
21
-77.5672380000000032
0
LINE
8
BLACK
6
CONTINUOUS
10
126.569043999999991
20
-77.5672380000000032
11
126.5085359999999923
21
-77.4211590000000029
0
LINE
8
BLACK
6
CONTINUOUS
10
126.5085359999999923
20
-77.4211590000000029
11
126.4122819999999905
21
-77.2957179999999937
0
LINE
8
BLACK
6
CONTINUOUS
10
126.4122819999999905
20
-77.2957179999999937
11
126.2868409999999955
21
-77.1994639999999919
0
LINE
8
BLACK
6
CONTINUOUS
10
126.2868409999999955
20
-77.1994639999999919
11
126.1407619999999952
21
-77.1389559999999932
0
LINE
8
BLACK
6
CONTINUOUS
10
126.1407619999999952
20
-77.1389559999999932
11
126.1407600000000002
21
-77.1389549999999957
0
LINE
8
BLACK
6
CONTINUOUS
10
126.1407600000000002
20
-77.1389549999999957
11
125.9840009999999921
21
-77.1183180000000021
0
LINE
8
BLACK
6
CONTINUOUS
10
125.9840009999999921
20
-77.1183180000000021
11
125.9839989999999972
21
-77.1183180000000021
0
LINE
8
BLACK
6
CONTINUOUS
10
125.9839989999999972
20
-77.1183180000000021
11
125.8272389999999916
21
-77.1389549999999957
0
LINE
8
BLACK
6
CONTINUOUS
10
125.8272389999999916
20
-77.1389549999999957
11
125.8272369999999967
21
-77.1389559999999932
0
LINE
8
BLACK
6
CONTINUOUS
10
125.8272369999999967
20
-77.1389559999999932
11
125.6811599999999913
21
-77.1994629999999944
0
LINE
8
BLACK
6
CONTINUOUS
10
125.6811599999999913
20
-77.1994629999999944
11
125.5557179999999988
21
-77.2957179999999937
0
LINE
8
BLACK
6
CONTINUOUS
10
125.5557179999999988
20
-77.2957179999999937
11
125.4594629999999995
21
-77.4211600000000004
0
LINE
8
BLACK
6
CONTINUOUS
10
125.4594629999999995
20
-77.4211600000000004
11
125.3989559999999983
21
-77.5672369999999916
0
LINE
8
BLACK
6
CONTINUOUS
10
125.3989559999999983
20
-77.5672369999999916
11
125.3989550000000008
21
-77.5672390000000007
0
LINE
8
BLACK
6
CONTINUOUS
10
125.3989550000000008
20
-77.5672390000000007
11
125.378317999999993
21
-77.7239979999999946
0
LINE
8
BLACK
6
CONTINUOUS
10
125.378317999999993
20
-77.7239979999999946
11
125.378317999999993
21
-77.7240010000000012
0
LINE
8
BLACK
6
CONTINUOUS
10
119.5363179999999943
20
-69.0880009999999913
11
119.5569549999999879
21
-69.2447599999999994
0
LINE
8
BLACK
6
CONTINUOUS
10
119.5569549999999879
20
-69.2447599999999994
11
119.5569559999999996
21
-69.2447619999999944
0
LINE
8
BLACK
6
CONTINUOUS
10
119.5569559999999996
20
-69.2447619999999944
11
119.6174639999999982
21
-69.3908409999999947
0
LINE
8
BLACK
6
CONTINUOUS
10
119.6174639999999982
20
-69.3908409999999947
11
119.7137180000000001
21
-69.5162820000000039
0
LINE
8
BLACK
6
CONTINUOUS
10
119.7137180000000001
20
-69.5162820000000039
11
119.8391589999999951
21
-69.6125359999999915
0
LINE
8
BLACK
6
CONTINUOUS
10
119.8391589999999951
20
-69.6125359999999915
11
119.8391659999999916
21
-69.6125409999999931
0
LINE
8
BLACK
6
CONTINUOUS
10
119.8391659999999916
20
-69.6125409999999931
11
119.8444870000000009
21
-69.6156129999999962
0
LINE
8
BLACK
6
CONTINUOUS
10
119.8444870000000009
20
-69.6156129999999962
11
119.8927029999999974
21
-69.6661789999999996
0
LINE
8
BLACK
6
CONTINUOUS
10
119.8927029999999974
20
-69.6661789999999996
11
119.9059269999999913
21
-69.7347859999999997
0
LINE
8
BLACK
6
CONTINUOUS
10
119.9059269999999913
20
-69.7347859999999997
11
119.8799589999999995
21
-69.7996509999999972
0
LINE
8
BLACK
6
CONTINUOUS
10
119.8799589999999995
20
-69.7996509999999972
11
119.8444870000000009
21
-69.8303870000000018
0
LINE
8
BLACK
6
CONTINUOUS
10
119.8444870000000009
20
-69.8303870000000018
11
119.8391659999999916
21
-69.8334579999999931
0
LINE
8
BLACK
6
CONTINUOUS
10
119.8391659999999916
20
-69.8334579999999931
11
119.7137180000000001
21
-69.929717999999994
0
LINE
8
BLACK
6
CONTINUOUS
10
119.7137180000000001
20
-69.929717999999994
11
119.6174630000000008
21
-70.0551600000000008
0
LINE
8
BLACK
6
CONTINUOUS
10
119.6174630000000008
20
-70.0551600000000008
11
119.5569559999999996
21
-70.2012369999999919
0
LINE
8
BLACK
6
CONTINUOUS
10
119.5569559999999996
20
-70.2012369999999919
11
119.5569549999999879
21
-70.2012390000000011
0
LINE
8
BLACK
6
CONTINUOUS
10
119.5569549999999879
20
-70.2012390000000011
11
119.5363179999999943
21
-70.3579979999999949
0
LINE
8
BLACK
6
CONTINUOUS
10
119.5363179999999943
20
-70.3579979999999949
11
119.5363179999999943
21
-70.3580010000000016
0
LINE
8
BLACK
6
CONTINUOUS
10
119.5363179999999943
20
-70.3580010000000016
11
119.5569549999999879
21
-70.5147599999999954
0
LINE
8
BLACK
6
CONTINUOUS
10
119.5569549999999879
20
-70.5147599999999954
11
119.5569559999999996
21
-70.5147619999999904
0
LINE
8
BLACK
6
CONTINUOUS
10
119.5569559999999996
20
-70.5147619999999904
11
119.6174639999999982
21
-70.6608409999999907
0
LINE
8
BLACK
6
CONTINUOUS
10
119.6174639999999982
20
-70.6608409999999907
11
119.7137180000000001
21
-70.7862819999999999
0
LINE
8
BLACK
6
CONTINUOUS
10
119.7137180000000001
20
-70.7862819999999999
11
119.8391589999999951
21
-70.8825360000000018
0
LINE
8
BLACK
6
CONTINUOUS
10
119.8391589999999951
20
-70.8825360000000018
11
119.8391659999999916
21
-70.8825410000000034
0
LINE
8
BLACK
6
CONTINUOUS
10
119.8391659999999916
20
-70.8825410000000034
11
119.8444870000000009
21
-70.8856129999999922
0
LINE
8
BLACK
6
CONTINUOUS
10
119.8444870000000009
20
-70.8856129999999922
11
119.8927029999999974
21
-70.9361789999999957
0
LINE
8
BLACK
6
CONTINUOUS
10
119.8927029999999974
20
-70.9361789999999957
11
119.9059269999999913
21
-71.0047859999999957
0
LINE
8
BLACK
6
CONTINUOUS
10
119.9059269999999913
20
-71.0047859999999957
11
119.8799589999999995
21
-71.0696509999999932
0
LINE
8
BLACK
6
CONTINUOUS
10
119.8799589999999995
20
-71.0696509999999932
11
119.8444870000000009
21
-71.1003869999999978
0
LINE
8
BLACK
6
CONTINUOUS
10
119.8444870000000009
20
-71.1003869999999978
11
119.8391659999999916
21
-71.1034580000000034
0
LINE
8
BLACK
6
CONTINUOUS
10
119.8391659999999916
20
-71.1034580000000034
11
119.7137180000000001
21
-71.1997179999999901
0
LINE
8
BLACK
6
CONTINUOUS
10
119.7137180000000001
20
-71.1997179999999901
11
119.6174630000000008
21
-71.3251599999999968
0
LINE
8
BLACK
6
CONTINUOUS
10
119.6174630000000008
20
-71.3251599999999968
11
119.5569559999999996
21
-71.4712370000000021
0
LINE
8
BLACK
6
CONTINUOUS
10
119.5569559999999996
20
-71.4712370000000021
11
119.5569549999999879
21
-71.4712389999999971
0
LINE
8
BLACK
6
CONTINUOUS
10
119.5569549999999879
20
-71.4712389999999971
11
119.5363179999999943
21
-71.627997999999991
0
LINE
8
BLACK
6
CONTINUOUS
10
119.5363179999999943
20
-71.627997999999991
11
119.5363179999999943
21
-71.6280009999999976
0
LINE
8
BLACK
6
CONTINUOUS
10
119.5363179999999943
20
-71.6280009999999976
11
119.5569549999999879
21
-71.7847599999999915
0
LINE
8
BLACK
6
CONTINUOUS
10
119.5569549999999879
20
-71.7847599999999915
11
119.5569559999999996
21
-71.7847620000000006
0
LINE
8
BLACK
6
CONTINUOUS
10
119.5569559999999996
20
-71.7847620000000006
11
119.6174639999999982
21
-71.9308410000000009
0
LINE
8
BLACK
6
CONTINUOUS
10
119.6174639999999982
20
-71.9308410000000009
11
119.7137180000000001
21
-72.0562819999999959
0
LINE
8
BLACK
6
CONTINUOUS
10
119.7137180000000001
20
-72.0562819999999959
11
119.8391589999999951
21
-72.1525359999999978
0
LINE
8
BLACK
6
CONTINUOUS
10
119.8391589999999951
20
-72.1525359999999978
11
119.8391659999999916
21
-72.1525409999999994
0
LINE
8
BLACK
6
CONTINUOUS
10
119.8391659999999916
20
-72.1525409999999994
11
119.8444870000000009
21
-72.1556130000000024
0
LINE
8
BLACK
6
CONTINUOUS
10
119.8444870000000009
20
-72.1556130000000024
11
119.8927029999999974
21
-72.2061789999999917
0
LINE
8
BLACK
6
CONTINUOUS
10
119.8927029999999974
20
-72.2061789999999917
11
119.9059269999999913
21
-72.2747859999999918
0
LINE
8
BLACK
6
CONTINUOUS
10
119.9059269999999913
20
-72.2747859999999918
11
119.8799589999999995
21
-72.3396510000000035
0
LINE
8
BLACK
6
CONTINUOUS
10
119.8799589999999995
20
-72.3396510000000035
11
119.8444870000000009
21
-72.3703869999999938
0
LINE
8
BLACK
6
CONTINUOUS
10
119.8444870000000009
20
-72.3703869999999938
11
119.8391659999999916
21
-72.3734579999999994
0
LINE
8
BLACK
6
CONTINUOUS
10
119.8391659999999916
20
-72.3734579999999994
11
119.7137180000000001
21
-72.4697180000000003
0
LINE
8
BLACK
6
CONTINUOUS
10
119.7137180000000001
20
-72.4697180000000003
11
119.6174630000000008
21
-72.5951599999999928
0
LINE
8
BLACK
6
CONTINUOUS
10
119.6174630000000008
20
-72.5951599999999928
11
119.5569559999999996
21
-72.7412369999999981
0
LINE
8
BLACK
6
CONTINUOUS
10
119.5569559999999996
20
-72.7412369999999981
11
119.5569549999999879
21
-72.7412389999999931
0
LINE
8
BLACK
6
CONTINUOUS
10
119.5569549999999879
20
-72.7412389999999931
11
119.5363179999999943
21
-72.8979980000000012
0
LINE
8
BLACK
6
CONTINUOUS
10
119.5363179999999943
20
-72.8979980000000012
11
119.5363179999999943
21
-72.8980009999999936
0
LINE
8
BLACK
6
CONTINUOUS
10
119.5363179999999943
20
-72.8980009999999936
11
119.5569549999999879
21
-73.0547600000000017
0
LINE
8
BLACK
6
CONTINUOUS
10
119.5569549999999879
20
-73.0547600000000017
11
119.5569559999999996
21
-73.0547619999999966
0
LINE
8
BLACK
6
CONTINUOUS
10
119.5569559999999996
20
-73.0547619999999966
11
119.6174639999999982
21
-73.2008409999999969
0
LINE
8
BLACK
6
CONTINUOUS
10
119.6174639999999982
20
-73.2008409999999969
11
119.7137180000000001
21
-73.326281999999992
0
LINE
8
BLACK
6
CONTINUOUS
10
119.7137180000000001
20
-73.326281999999992
11
119.8391589999999951
21
-73.4225359999999938
0
LINE
8
BLACK
6
CONTINUOUS
10
119.8391589999999951
20
-73.4225359999999938
11
119.8391659999999916
21
-73.4225409999999954
0
LINE
8
BLACK
6
CONTINUOUS
10
119.8391659999999916
20
-73.4225409999999954
11
119.8444870000000009
21
-73.4256129999999985
0
LINE
8
BLACK
6
CONTINUOUS
10
119.8444870000000009
20
-73.4256129999999985
11
119.8927029999999974
21
-73.4761790000000019
0
LINE
8
BLACK
6
CONTINUOUS
10
119.8927029999999974
20
-73.4761790000000019
11
119.9059269999999913
21
-73.544786000000002
0
LINE
8
BLACK
6
CONTINUOUS
10
119.9059269999999913
20
-73.544786000000002
11
119.8799589999999995
21
-73.6096509999999995
0
LINE
8
BLACK
6
CONTINUOUS
10
119.8799589999999995
20
-73.6096509999999995
11
119.8444870000000009
21
-73.6403869999999898
0
LINE
8
BLACK
6
CONTINUOUS
10
119.8444870000000009
20
-73.6403869999999898
11
119.8391659999999916
21
-73.6434579999999954
0
LINE
8
BLACK
6
CONTINUOUS
10
119.8391659999999916
20
-73.6434579999999954
11
119.7137180000000001
21
-73.7397179999999963
0
LINE
8
BLACK
6
CONTINUOUS
10
119.7137180000000001
20
-73.7397179999999963
11
119.6174630000000008
21
-73.865160000000003
0
LINE
8
BLACK
6
CONTINUOUS
10
119.6174630000000008
20
-73.865160000000003
11
119.5569559999999996
21
-74.0112369999999942
0
LINE
8
BLACK
6
CONTINUOUS
10
119.5569559999999996
20
-74.0112369999999942
11
119.5569549999999879
21
-74.0112390000000033
0
LINE
8
BLACK
6
CONTINUOUS
10
119.5569549999999879
20
-74.0112390000000033
11
119.5363179999999943
21
-74.1679979999999972
0
LINE
8
BLACK
6
CONTINUOUS
10
119.5363179999999943
20
-74.1679979999999972
11
119.5363179999999943
21
-74.1680009999999896
0
LINE
8
BLACK
6
CONTINUOUS
10
119.5363179999999943
20
-74.1680009999999896
11
119.5569549999999879
21
-74.3247599999999977
0
LINE
8
BLACK
6
CONTINUOUS
10
119.5569549999999879
20
-74.3247599999999977
11
119.5569559999999996
21
-74.3247619999999927
0
LINE
8
BLACK
6
CONTINUOUS
10
119.5569559999999996
20
-74.3247619999999927
11
119.6174639999999982
21
-74.470840999999993
0
LINE
8
BLACK
6
CONTINUOUS
10
119.6174639999999982
20
-74.470840999999993
11
119.7137180000000001
21
-74.5962820000000022
0
LINE
8
BLACK
6
CONTINUOUS
10
119.7137180000000001
20
-74.5962820000000022
11
119.8391589999999951
21
-74.6925359999999898
0
LINE
8
BLACK
6
CONTINUOUS
10
119.8391589999999951
20
-74.6925359999999898
11
119.8391659999999916
21
-74.6925409999999914
0
LINE
8
BLACK
6
CONTINUOUS
10
119.8391659999999916
20
-74.6925409999999914
11
119.8444870000000009
21
-74.6956129999999945
0
LINE
8
BLACK
6
CONTINUOUS
10
119.8444870000000009
20
-74.6956129999999945
11
119.8927029999999974
21
-74.7461789999999979
0
LINE
8
BLACK
6
CONTINUOUS
10
119.8927029999999974
20
-74.7461789999999979
11
119.9059269999999913
21
-74.814785999999998
0
LINE
8
BLACK
6
CONTINUOUS
10
119.9059269999999913
20
-74.814785999999998
11
119.8799589999999995
21
-74.8796509999999955
0
LINE
8
BLACK
6
CONTINUOUS
10
119.8799589999999995
20
-74.8796509999999955
11
119.8444870000000009
21
-74.9103870000000001
0
LINE
8
BLACK
6
CONTINUOUS
10
119.8444870000000009
20
-74.9103870000000001
11
119.8391659999999916
21
-74.9134579999999914
0
LINE
8
BLACK
6
CONTINUOUS
10
119.8391659999999916
20
-74.9134579999999914
11
119.7137180000000001
21
-75.0097179999999923
0
LINE
8
BLACK
6
CONTINUOUS
10
119.7137180000000001
20
-75.0097179999999923
11
119.6174630000000008
21
-75.1351599999999991
0
LINE
8
BLACK
6
CONTINUOUS
10
119.6174630000000008
20
-75.1351599999999991
11
119.5569559999999996
21
-75.2812369999999902
0
LINE
8
BLACK
6
CONTINUOUS
10
119.5569559999999996
20
-75.2812369999999902
11
119.5569549999999879
21
-75.2812389999999994
0
LINE
8
BLACK
6
CONTINUOUS
10
119.5569549999999879
20
-75.2812389999999994
11
119.5363179999999943
21
-75.4379979999999932
0
LINE
8
BLACK
6
CONTINUOUS
10
119.5363179999999943
20
-75.4379979999999932
11
119.5363179999999943
21
-75.4380009999999999
0
LINE
8
BLACK
6
CONTINUOUS
10
119.5363179999999943
20
-75.4380009999999999
11
119.5569549999999879
21
-75.5947599999999937
0
LINE
8
BLACK
6
CONTINUOUS
10
119.5569549999999879
20
-75.5947599999999937
11
119.5569559999999996
21
-75.5947620000000029
0
LINE
8
BLACK
6
CONTINUOUS
10
119.5569559999999996
20
-75.5947620000000029
11
119.6174639999999982
21
-75.7408410000000032
0
LINE
8
BLACK
6
CONTINUOUS
10
119.6174639999999982
20
-75.7408410000000032
11
119.7137180000000001
21
-75.8662819999999982
0
LINE
8
BLACK
6
CONTINUOUS
10
119.7137180000000001
20
-75.8662819999999982
11
119.8391589999999951
21
-75.9625360000000001
0
LINE
8
BLACK
6
CONTINUOUS
10
119.8391589999999951
20
-75.9625360000000001
11
119.8391659999999916
21
-75.9625410000000016
0
LINE
8
BLACK
6
CONTINUOUS
10
119.8391659999999916
20
-75.9625410000000016
11
119.8444870000000009
21
-75.9656129999999905
0
LINE
8
BLACK
6
CONTINUOUS
10
119.8444870000000009
20
-75.9656129999999905
11
119.8927029999999974
21
-76.0161789999999939
0
LINE
8
BLACK
6
CONTINUOUS
10
119.8927029999999974
20
-76.0161789999999939
11
119.9059269999999913
21
-76.084785999999994
0
LINE
8
BLACK
6
CONTINUOUS
10
119.9059269999999913
20
-76.084785999999994
11
119.8799589999999995
21
-76.1496509999999915
0
LINE
8
BLACK
6
CONTINUOUS
10
119.8799589999999995
20
-76.1496509999999915
11
119.8444870000000009
21
-76.1803869999999961
0
LINE
8
BLACK
6
CONTINUOUS
10
119.8444870000000009
20
-76.1803869999999961
11
119.8391659999999916
21
-76.1834580000000017
0
LINE
8
BLACK
6
CONTINUOUS
10
119.8391659999999916
20
-76.1834580000000017
11
119.7137180000000001
21
-76.2797180000000026
0
LINE
8
BLACK
6
CONTINUOUS
10
119.7137180000000001
20
-76.2797180000000026
11
119.6174630000000008
21
-76.4051599999999951
0
LINE
8
BLACK
6
CONTINUOUS
10
119.6174630000000008
20
-76.4051599999999951
11
119.5569559999999996
21
-76.5512370000000004
0
LINE
8
BLACK
6
CONTINUOUS
10
119.5569559999999996
20
-76.5512370000000004
11
119.5569549999999879
21
-76.5512389999999954
0
LINE
8
BLACK
6
CONTINUOUS
10
119.5569549999999879
20
-76.5512389999999954
11
119.5363179999999943
21
-76.7079980000000035
0
LINE
8
BLACK
6
CONTINUOUS
10
119.5363179999999943
20
-76.7079980000000035
11
119.5363179999999943
21
-76.7080009999999959
0
LINE
8
BLACK
6
CONTINUOUS
10
119.5363179999999943
20
-76.7080009999999959
11
119.5569549999999879
21
-76.8647599999999898
0
LINE
8
BLACK
6
CONTINUOUS
10
119.5569549999999879
20
-76.8647599999999898
11
119.5569559999999996
21
-76.8647619999999989
0
LINE
8
BLACK
6
CONTINUOUS
10
119.5569559999999996
20
-76.8647619999999989
11
119.6174639999999982
21
-77.0108409999999992
0
LINE
8
BLACK
6
CONTINUOUS
10
119.6174639999999982
20
-77.0108409999999992
11
119.7137180000000001
21
-77.1362819999999942
0
LINE
8
BLACK
6
CONTINUOUS
10
119.7137180000000001
20
-77.1362819999999942
11
119.8391589999999951
21
-77.2325359999999961
0
LINE
8
BLACK
6
CONTINUOUS
10
119.8391589999999951
20
-77.2325359999999961
11
119.9852379999999954
21
-77.2930439999999948
0
LINE
8
BLACK
6
CONTINUOUS
10
119.9852379999999954
20
-77.2930439999999948
11
120.0636189999999885
21
-77.3033629999999903
0
LINE
8
BLACK
6
CONTINUOUS
10
120.0636189999999885
20
-77.3033629999999903
11
120.1419989999999984
21
-77.313682
0
LINE
8
BLACK
6
CONTINUOUS
10
120.1419989999999984
20
-77.313682
11
120.1419999999999959
21
-77.313682
0
LINE
8
BLACK
6
CONTINUOUS
10
120.1419999999999959
20
-77.313682
11
120.1420009999999934
21
-77.313682
0
LINE
8
BLACK
6
CONTINUOUS
10
120.1420009999999934
20
-77.313682
11
120.1942540000000008
21
-77.3068019999999905
0
LINE
8
BLACK
6
CONTINUOUS
10
120.1942540000000008
20
-77.3068019999999905
11
120.2987619999999964
21
-77.2930439999999948
0
LINE
8
BLACK
6
CONTINUOUS
10
120.2987619999999964
20
-77.2930439999999948
11
120.4448409999999967
21
-77.2325359999999961
0
LINE
8
BLACK
6
CONTINUOUS
10
120.4448409999999967
20
-77.2325359999999961
11
120.5702819999999917
21
-77.1362819999999942
0
LINE
8
BLACK
6
CONTINUOUS
10
120.5702819999999917
20
-77.1362819999999942
11
120.6665359999999936
21
-77.0108409999999992
0
LINE
8
BLACK
6
CONTINUOUS
10
120.6665359999999936
20
-77.0108409999999992
11
120.7270439999999923
21
-76.8647619999999989
0
LINE
8
BLACK
6
CONTINUOUS
10
120.7270439999999923
20
-76.8647619999999989
11
120.7476819999999975
21
-76.7079999999999984
0
LINE
8
BLACK
6
CONTINUOUS
10
120.7476819999999975
20
-76.7079999999999984
11
120.7270439999999923
21
-76.5512379999999979
0
LINE
8
BLACK
6
CONTINUOUS
10
120.7270439999999923
20
-76.5512379999999979
11
120.6665359999999936
21
-76.4051589999999976
0
LINE
8
BLACK
6
CONTINUOUS
10
120.6665359999999936
20
-76.4051589999999976
11
120.5702819999999917
21
-76.2797180000000026
0
LINE
8
BLACK
6
CONTINUOUS
10
120.5702819999999917
20
-76.2797180000000026
11
120.4448409999999967
21
-76.1834640000000007
0
LINE
8
BLACK
6
CONTINUOUS
10
120.4448409999999967
20
-76.1834640000000007
11
120.4448340000000002
21
-76.1834609999999941
0
LINE
8
BLACK
6
CONTINUOUS
10
120.4448340000000002
20
-76.1834609999999941
11
120.4395150000000001
21
-76.1803900000000027
0
LINE
8
BLACK
6
CONTINUOUS
10
120.4395150000000001
20
-76.1803900000000027
11
120.3912979999999919
21
-76.1298249999999967
0
LINE
8
BLACK
6
CONTINUOUS
10
120.3912979999999919
20
-76.1298249999999967
11
120.3780719999999889
21
-76.0612179999999967
0
LINE
8
BLACK
6
CONTINUOUS
10
120.3780719999999889
20
-76.0612179999999967
11
120.4040369999999882
21
-75.9963520000000017
0
LINE
8
BLACK
6
CONTINUOUS
10
120.4040369999999882
20
-75.9963520000000017
11
120.4395150000000001
21
-75.9656099999999981
0
LINE
8
BLACK
6
CONTINUOUS
10
120.4395150000000001
20
-75.9656099999999981
11
120.4448280000000011
21
-75.9625410000000016
0
LINE
8
BLACK
6
CONTINUOUS
10
120.4448280000000011
20
-75.9625410000000016
11
120.4448409999999967
21
-75.9625360000000001
0
LINE
8
BLACK
6
CONTINUOUS
10
120.4448409999999967
20
-75.9625360000000001
11
120.466393999999994
21
-75.945998000000003
0
LINE
8
BLACK
6
CONTINUOUS
10
120.466393999999994
20
-75.945998000000003
11
120.5702819999999917
21
-75.8662819999999982
0
LINE
8
BLACK
6
CONTINUOUS
10
120.5702819999999917
20
-75.8662819999999982
11
120.6665359999999936
21
-75.7408410000000032
0
LINE
8
BLACK
6
CONTINUOUS
10
120.6665359999999936
20
-75.7408410000000032
11
120.7270439999999923
21
-75.5947620000000029
0
LINE
8
BLACK
6
CONTINUOUS
10
120.7270439999999923
20
-75.5947620000000029
11
120.7476819999999975
21
-75.4380000000000024
0
LINE
8
BLACK
6
CONTINUOUS
10
120.7476819999999975
20
-75.4380000000000024
11
120.7444009999999963
21
-75.4130809999999911
0
LINE
8
BLACK
6
CONTINUOUS
10
120.7444009999999963
20
-75.4130809999999911
11
120.7270439999999923
21
-75.2812389999999994
0
LINE
8
BLACK
6
CONTINUOUS
10
120.7270439999999923
20
-75.2812389999999994
11
120.7270439999999923
21
-75.2812380000000019
0
LINE
8
BLACK
6
CONTINUOUS
10
120.7270439999999923
20
-75.2812380000000019
11
120.6665359999999936
21
-75.1351590000000016
0
LINE
8
BLACK
6
CONTINUOUS
10
120.6665359999999936
20
-75.1351590000000016
11
120.5702819999999917
21
-75.0097179999999923
0
LINE
8
BLACK
6
CONTINUOUS
10
120.5702819999999917
20
-75.0097179999999923
11
120.4448409999999967
21
-74.9134639999999905
0
LINE
8
BLACK
6
CONTINUOUS
10
120.4448409999999967
20
-74.9134639999999905
11
120.4448340000000002
21
-74.9134609999999981
0
LINE
8
BLACK
6
CONTINUOUS
10
120.4448340000000002
20
-74.9134609999999981
11
120.4395150000000001
21
-74.9103899999999925
0
LINE
8
BLACK
6
CONTINUOUS
10
120.4395150000000001
20
-74.9103899999999925
11
120.3912979999999919
21
-74.8598250000000007
0
LINE
8
BLACK
6
CONTINUOUS
10
120.3912979999999919
20
-74.8598250000000007
11
120.3780719999999889
21
-74.7912180000000006
0
LINE
8
BLACK
6
CONTINUOUS
10
120.3780719999999889
20
-74.7912180000000006
11
120.4040369999999882
21
-74.7263519999999914
0
LINE
8
BLACK
6
CONTINUOUS
10
120.4040369999999882
20
-74.7263519999999914
11
120.4395150000000001
21
-74.6956100000000021
0
LINE
8
BLACK
6
CONTINUOUS
10
120.4395150000000001
20
-74.6956100000000021
11
120.4448280000000011
21
-74.6925409999999914
0
LINE
8
BLACK
6
CONTINUOUS
10
120.4448280000000011
20
-74.6925409999999914
11
120.4448409999999967
21
-74.6925359999999898
0
LINE
8
BLACK
6
CONTINUOUS
10
120.4448409999999967
20
-74.6925359999999898
11
120.5702819999999917
21
-74.5962820000000022
0
LINE
8
BLACK
6
CONTINUOUS
10
120.5702819999999917
20
-74.5962820000000022
11
120.6665359999999936
21
-74.470840999999993
0
LINE
8
BLACK
6
CONTINUOUS
10
120.6665359999999936
20
-74.470840999999993
11
120.7270439999999923
21
-74.3247619999999927
0
LINE
8
BLACK
6
CONTINUOUS
10
120.7270439999999923
20
-74.3247619999999927
11
120.7476819999999975
21
-74.1679999999999922
0
LINE
8
BLACK
6
CONTINUOUS
10
120.7476819999999975
20
-74.1679999999999922
11
120.7270439999999923
21
-74.0112379999999916
0
LINE
8
BLACK
6
CONTINUOUS
10
120.7270439999999923
20
-74.0112379999999916
11
120.6665359999999936
21
-73.8651589999999914
0
LINE
8
BLACK
6
CONTINUOUS
10
120.6665359999999936
20
-73.8651589999999914
11
120.5702819999999917
21
-73.7397179999999963
0
LINE
8
BLACK
6
CONTINUOUS
10
120.5702819999999917
20
-73.7397179999999963
11
120.4448409999999967
21
-73.6434639999999945
0
LINE
8
BLACK
6
CONTINUOUS
10
120.4448409999999967
20
-73.6434639999999945
11
120.4448340000000002
21
-73.6434610000000021
0
LINE
8
BLACK
6
CONTINUOUS
10
120.4448340000000002
20
-73.6434610000000021
11
120.4395150000000001
21
-73.6403899999999965
0
LINE
8
BLACK
6
CONTINUOUS
10
120.4395150000000001
20
-73.6403899999999965
11
120.3912979999999919
21
-73.5898249999999905
0
LINE
8
BLACK
6
CONTINUOUS
10
120.3912979999999919
20
-73.5898249999999905
11
120.3780719999999889
21
-73.5212179999999904
0
LINE
8
BLACK
6
CONTINUOUS
10
120.3780719999999889
20
-73.5212179999999904
11
120.4040369999999882
21
-73.4563519999999954
0
LINE
8
BLACK
6
CONTINUOUS
10
120.4040369999999882
20
-73.4563519999999954
11
120.4395150000000001
21
-73.4256099999999918
0
LINE
8
BLACK
6
CONTINUOUS
10
120.4395150000000001
20
-73.4256099999999918
11
120.4448280000000011
21
-73.4225409999999954
0
LINE
8
BLACK
6
CONTINUOUS
10
120.4448280000000011
20
-73.4225409999999954
11
120.4448409999999967
21
-73.4225359999999938
0
LINE
8
BLACK
6
CONTINUOUS
10
120.4448409999999967
20
-73.4225359999999938
11
120.5702819999999917
21
-73.326281999999992
0
LINE
8
BLACK
6
CONTINUOUS
10
120.5702819999999917
20
-73.326281999999992
11
120.6665359999999936
21
-73.2008409999999969
0
LINE
8
BLACK
6
CONTINUOUS
10
120.6665359999999936
20
-73.2008409999999969
11
120.7270439999999923
21
-73.0547619999999966
0
LINE
8
BLACK
6
CONTINUOUS
10
120.7270439999999923
20
-73.0547619999999966
11
120.7476819999999975
21
-72.8979999999999961
0
LINE
8
BLACK
6
CONTINUOUS
10
120.7476819999999975
20
-72.8979999999999961
11
120.7270439999999923
21
-72.7412379999999956
0
LINE
8
BLACK
6
CONTINUOUS
10
120.7270439999999923
20
-72.7412379999999956
11
120.6665359999999936
21
-72.5951589999999953
0
LINE
8
BLACK
6
CONTINUOUS
10
120.6665359999999936
20
-72.5951589999999953
11
120.5702819999999917
21
-72.4697180000000003
0
LINE
8
BLACK
6
CONTINUOUS
10
120.5702819999999917
20
-72.4697180000000003
11
120.4448409999999967
21
-72.3734639999999985
0
LINE
8
BLACK
6
CONTINUOUS
10
120.4448409999999967
20
-72.3734639999999985
11
120.4448340000000002
21
-72.3734609999999918
0
LINE
8
BLACK
6
CONTINUOUS
10
120.4448340000000002
20
-72.3734609999999918
11
120.4395150000000001
21
-72.3703900000000004
0
LINE
8
BLACK
6
CONTINUOUS
10
120.4395150000000001
20
-72.3703900000000004
11
120.3912979999999919
21
-72.3198249999999945
0
LINE
8
BLACK
6
CONTINUOUS
10
120.3912979999999919
20
-72.3198249999999945
11
120.3780719999999889
21
-72.2512179999999944
0
LINE
8
BLACK
6
CONTINUOUS
10
120.3780719999999889
20
-72.2512179999999944
11
120.4040369999999882
21
-72.1863519999999994
0
LINE
8
BLACK
6
CONTINUOUS
10
120.4040369999999882
20
-72.1863519999999994
11
120.4395150000000001
21
-72.1556099999999958
0
LINE
8
BLACK
6
CONTINUOUS
10
120.4395150000000001
20
-72.1556099999999958
11
120.4448280000000011
21
-72.1525409999999994
0
LINE
8
BLACK
6
CONTINUOUS
10
120.4448280000000011
20
-72.1525409999999994
11
120.4448409999999967
21
-72.1525359999999978
0
LINE
8
BLACK
6
CONTINUOUS
10
120.4448409999999967
20
-72.1525359999999978
11
120.5702819999999917
21
-72.0562819999999959
0
LINE
8
BLACK
6
CONTINUOUS
10
120.5702819999999917
20
-72.0562819999999959
11
120.6665359999999936
21
-71.9308410000000009
0
LINE
8
BLACK
6
CONTINUOUS
10
120.6665359999999936
20
-71.9308410000000009
11
120.7270439999999923
21
-71.7847620000000006
0
LINE
8
BLACK
6
CONTINUOUS
10
120.7270439999999923
20
-71.7847620000000006
11
120.7476819999999975
21
-71.6280000000000001
0
LINE
8
BLACK
6
CONTINUOUS
10
120.7476819999999975
20
-71.6280000000000001
11
120.7270439999999923
21
-71.4712379999999996
0
LINE
8
BLACK
6
CONTINUOUS
10
120.7270439999999923
20
-71.4712379999999996
11
120.6665359999999936
21
-71.3251589999999993
0
LINE
8
BLACK
6
CONTINUOUS
10
120.6665359999999936
20
-71.3251589999999993
11
120.5702819999999917
21
-71.1997179999999901
0
LINE
8
BLACK
6
CONTINUOUS
10
120.5702819999999917
20
-71.1997179999999901
11
120.4448409999999967
21
-71.1034640000000024
0
LINE
8
BLACK
6
CONTINUOUS
10
120.4448409999999967
20
-71.1034640000000024
11
120.4448340000000002
21
-71.1034609999999958
0
LINE
8
BLACK
6
CONTINUOUS
10
120.4448340000000002
20
-71.1034609999999958
11
120.4395150000000001
21
-71.1003899999999902
0
LINE
8
BLACK
6
CONTINUOUS
10
120.4395150000000001
20
-71.1003899999999902
11
120.3912979999999919
21
-71.0498249999999985
0
LINE
8
BLACK
6
CONTINUOUS
10
120.3912979999999919
20
-71.0498249999999985
11
120.3780719999999889
21
-70.9812179999999984
0
LINE
8
BLACK
6
CONTINUOUS
10
120.3780719999999889
20
-70.9812179999999984
11
120.4040369999999882
21
-70.9163520000000034
0
LINE
8
BLACK
6
CONTINUOUS
10
120.4040369999999882
20
-70.9163520000000034
11
120.4395150000000001
21
-70.8856099999999998
0
LINE
8
BLACK
6
CONTINUOUS
10
120.4395150000000001
20
-70.8856099999999998
11
120.4448280000000011
21
-70.8825410000000034
0
LINE
8
BLACK
6
CONTINUOUS
10
120.4448280000000011
20
-70.8825410000000034
11
120.4448409999999967
21
-70.8825360000000018
0
LINE
8
BLACK
6
CONTINUOUS
10
120.4448409999999967
20
-70.8825360000000018
11
120.5702819999999917
21
-70.7862819999999999
0
LINE
8
BLACK
6
CONTINUOUS
10
120.5702819999999917
20
-70.7862819999999999
11
120.6665359999999936
21
-70.6608409999999907
0
LINE
8
BLACK
6
CONTINUOUS
10
120.6665359999999936
20
-70.6608409999999907
11
120.7270439999999923
21
-70.5147619999999904
0
LINE
8
BLACK
6
CONTINUOUS
10
120.7270439999999923
20
-70.5147619999999904
11
120.7476819999999975
21
-70.3579999999999899
0
LINE
8
BLACK
6
CONTINUOUS
10
120.7476819999999975
20
-70.3579999999999899
11
120.7270439999999923
21
-70.2012380000000036
0
LINE
8
BLACK
6
CONTINUOUS
10
120.7270439999999923
20
-70.2012380000000036
11
120.6665359999999936
21
-70.0551590000000033
0
LINE
8
BLACK
6
CONTINUOUS
10
120.6665359999999936
20
-70.0551590000000033
11
120.5702819999999917
21
-69.929717999999994
0
LINE
8
BLACK
6
CONTINUOUS
10
120.5702819999999917
20
-69.929717999999994
11
120.4448409999999967
21
-69.8334639999999922
0
LINE
8
BLACK
6
CONTINUOUS
10
120.4448409999999967
20
-69.8334639999999922
11
120.4448340000000002
21
-69.8334609999999998
0
LINE
8
BLACK
6
CONTINUOUS
10
120.4448340000000002
20
-69.8334609999999998
11
120.4395150000000001
21
-69.8303899999999942
0
LINE
8
BLACK
6
CONTINUOUS
10
120.4395150000000001
20
-69.8303899999999942
11
120.3912979999999919
21
-69.7798250000000024
0
LINE
8
BLACK
6
CONTINUOUS
10
120.3912979999999919
20
-69.7798250000000024
11
120.3780719999999889
21
-69.7112180000000023
0
LINE
8
BLACK
6
CONTINUOUS
10
120.3780719999999889
20
-69.7112180000000023
11
120.4040369999999882
21
-69.6463519999999932
0
LINE
8
BLACK
6
CONTINUOUS
10
120.4040369999999882
20
-69.6463519999999932
11
120.4395150000000001
21
-69.6156100000000038
0
LINE
8
BLACK
6
CONTINUOUS
10
120.4395150000000001
20
-69.6156100000000038
11
120.4448280000000011
21
-69.6125409999999931
0
LINE
8
BLACK
6
CONTINUOUS
10
120.4448280000000011
20
-69.6125409999999931
11
120.4448409999999967
21
-69.6125359999999915
0
LINE
8
BLACK
6
CONTINUOUS
10
120.4448409999999967
20
-69.6125359999999915
11
120.5702819999999917
21
-69.5162820000000039
0
LINE
8
BLACK
6
CONTINUOUS
10
120.5702819999999917
20
-69.5162820000000039
11
120.6665359999999936
21
-69.3908409999999947
0
LINE
8
BLACK
6
CONTINUOUS
10
120.6665359999999936
20
-69.3908409999999947
11
120.7270439999999923
21
-69.2447619999999944
0
LINE
8
BLACK
6
CONTINUOUS
10
120.7270439999999923
20
-69.2447619999999944
11
120.7476819999999975
21
-69.0879999999999939
0
LINE
8
BLACK
6
CONTINUOUS
10
120.7476819999999975
20
-69.0879999999999939
11
120.7270439999999923
21
-68.9312379999999933
0
LINE
8
BLACK
6
CONTINUOUS
10
120.7270439999999923
20
-68.9312379999999933
11
120.6665359999999936
21
-68.7851589999999931
0
LINE
8
BLACK
6
CONTINUOUS
10
120.6665359999999936
20
-68.7851589999999931
11
120.5702819999999917
21
-68.659717999999998
0
LINE
8
BLACK
6
CONTINUOUS
10
120.5702819999999917
20
-68.659717999999998
11
120.4448409999999967
21
-68.5634639999999962
0
LINE
8
BLACK
6
CONTINUOUS
10
120.4448409999999967
20
-68.5634639999999962
11
120.2987619999999964
21
-68.5029559999999975
0
LINE
8
BLACK
6
CONTINUOUS
10
120.2987619999999964
20
-68.5029559999999975
11
120.2987600000000015
21
-68.502955
0
LINE
8
BLACK
6
CONTINUOUS
10
120.2987600000000015
20
-68.502955
11
120.1420009999999934
21
-68.4823179999999923
0
LINE
8
BLACK
6
CONTINUOUS
10
120.1420009999999934
20
-68.4823179999999923
11
120.1419989999999984
21
-68.4823179999999923
0
LINE
8
BLACK
6
CONTINUOUS
10
120.1419989999999984
20
-68.4823179999999923
11
119.9852389999999929
21
-68.502955
0
LINE
8
BLACK
6
CONTINUOUS
10
119.9852389999999929
20
-68.502955
11
119.9852369999999979
21
-68.5029559999999975
0
LINE
8
BLACK
6
CONTINUOUS
10
119.9852369999999979
20
-68.5029559999999975
11
119.8391599999999926
21
-68.5634629999999987
0
LINE
8
BLACK
6
CONTINUOUS
10
119.8391599999999926
20
-68.5634629999999987
11
119.7137180000000001
21
-68.659717999999998
0
LINE
8
BLACK
6
CONTINUOUS
10
119.7137180000000001
20
-68.659717999999998
11
119.6174630000000008
21
-68.7851599999999905
0
LINE
8
BLACK
6
CONTINUOUS
10
119.6174630000000008
20
-68.7851599999999905
11
119.5569559999999996
21
-68.9312369999999959
0
LINE
8
BLACK
6
CONTINUOUS
10
119.5569559999999996
20
-68.9312369999999959
11
119.5569549999999879
21
-68.9312389999999908
0
LINE
8
BLACK
6
CONTINUOUS
10
119.5569549999999879
20
-68.9312389999999908
11
119.5363179999999943
21
-69.0879979999999989
0
LINE
8
BLACK
6
CONTINUOUS
10
119.5363179999999943
20
-69.0879979999999989
11
119.5363179999999943
21
-69.0880009999999913
0
LINE
8
BLACK
6
CONTINUOUS
10
125.6323179999999979
20
-75.9460009999999954
11
125.6529549999999915
21
-76.1027600000000035
0
LINE
8
BLACK
6
CONTINUOUS
10
125.6529549999999915
20
-76.1027600000000035
11
125.652955999999989
21
-76.1027619999999985
0
LINE
8
BLACK
6
CONTINUOUS
10
125.652955999999989
20
-76.1027619999999985
11
125.7134639999999877
21
-76.2488409999999988
0
LINE
8
BLACK
6
CONTINUOUS
10
125.7134639999999877
20
-76.2488409999999988
11
125.8097179999999895
21
-76.3742819999999938
0
LINE
8
BLACK
6
CONTINUOUS
10
125.8097179999999895
20
-76.3742819999999938
11
125.9351589999999987
21
-76.4705359999999956
0
LINE
8
BLACK
6
CONTINUOUS
10
125.9351589999999987
20
-76.4705359999999956
11
126.081237999999999
21
-76.5310439999999943
0
LINE
8
BLACK
6
CONTINUOUS
10
126.081237999999999
20
-76.5310439999999943
11
126.1596189999999922
21
-76.5413629999999898
0
LINE
8
BLACK
6
CONTINUOUS
10
126.1596189999999922
20
-76.5413629999999898
11
126.2379989999999879
21
-76.5516819999999996
0
LINE
8
BLACK
6
CONTINUOUS
10
126.2379989999999879
20
-76.5516819999999996
11
126.2379999999999995
21
-76.5516819999999996
0
LINE
8
BLACK
6
CONTINUOUS
10
126.2379999999999995
20
-76.5516819999999996
11
126.238000999999997
21
-76.5516819999999996
0
LINE
8
BLACK
6
CONTINUOUS
10
126.238000999999997
20
-76.5516819999999996
11
126.2902539999999902
21
-76.54480199999999
0
LINE
8
BLACK
6
CONTINUOUS
10
126.2902539999999902
20
-76.54480199999999
11
126.3947620000000001
21
-76.5310439999999943
0
LINE
8
BLACK
6
CONTINUOUS
10
126.3947620000000001
20
-76.5310439999999943
11
126.5408410000000003
21
-76.4705359999999956
0
LINE
8
BLACK
6
CONTINUOUS
10
126.5408410000000003
20
-76.4705359999999956
11
126.6662819999999954
21
-76.3742819999999938
0
LINE
8
BLACK
6
CONTINUOUS
10
126.6662819999999954
20
-76.3742819999999938
11
126.7625359999999972
21
-76.2488409999999988
0
LINE
8
BLACK
6
CONTINUOUS
10
126.7625359999999972
20
-76.2488409999999988
11
126.8230439999999959
21
-76.1027619999999985
0
LINE
8
BLACK
6
CONTINUOUS
10
126.8230439999999959
20
-76.1027619999999985
11
126.8436820000000012
21
-75.945999999999998
0
LINE
8
BLACK
6
CONTINUOUS
10
126.8436820000000012
20
-75.945999999999998
11
126.8230439999999959
21
-75.7892379999999974
0
LINE
8
BLACK
6
CONTINUOUS
10
126.8230439999999959
20
-75.7892379999999974
11
126.7625359999999972
21
-75.6431589999999971
0
LINE
8
BLACK
6
CONTINUOUS
10
126.7625359999999972
20
-75.6431589999999971
11
126.6662819999999954
21
-75.5177180000000021
0
LINE
8
BLACK
6
CONTINUOUS
10
126.6662819999999954
20
-75.5177180000000021
11
126.5408410000000003
21
-75.4214640000000003
0
LINE
8
BLACK
6
CONTINUOUS
10
126.5408410000000003
20
-75.4214640000000003
11
126.510674999999992
21
-75.408968999999999
0
LINE
8
BLACK
6
CONTINUOUS
10
126.510674999999992
20
-75.408968999999999
11
126.3947620000000001
21
-75.3609560000000016
0
LINE
8
BLACK
6
CONTINUOUS
10
126.3947620000000001
20
-75.3609560000000016
11
126.3947599999999909
21
-75.3609549999999899
0
LINE
8
BLACK
6
CONTINUOUS
10
126.3947599999999909
20
-75.3609549999999899
11
126.238000999999997
21
-75.3403179999999963
0
LINE
8
BLACK
6
CONTINUOUS
10
126.238000999999997
20
-75.3403179999999963
11
126.2379989999999879
21
-75.3403179999999963
0
LINE
8
BLACK
6
CONTINUOUS
10
126.2379989999999879
20
-75.3403179999999963
11
126.0812389999999965
21
-75.3609549999999899
0
LINE
8
BLACK
6
CONTINUOUS
10
126.0812389999999965
20
-75.3609549999999899
11
126.0812369999999873
21
-75.3609560000000016
0
LINE
8
BLACK
6
CONTINUOUS
10
126.0812369999999873
20
-75.3609560000000016
11
125.9351599999999962
21
-75.4214630000000028
0
LINE
8
BLACK
6
CONTINUOUS
10
125.9351599999999962
20
-75.4214630000000028
11
125.8097179999999895
21
-75.5177180000000021
0
LINE
8
BLACK
6
CONTINUOUS
10
125.8097179999999895
20
-75.5177180000000021
11
125.7134629999999902
21
-75.6431599999999946
0
LINE
8
BLACK
6
CONTINUOUS
10
125.7134629999999902
20
-75.6431599999999946
11
125.652955999999989
21
-75.789237
0
LINE
8
BLACK
6
CONTINUOUS
10
125.652955999999989
20
-75.789237
11
125.6529549999999915
21
-75.7892389999999949
0
LINE
8
BLACK
6
CONTINUOUS
10
125.6529549999999915
20
-75.7892389999999949
11
125.6323179999999979
21
-75.945998000000003
0
LINE
8
BLACK
6
CONTINUOUS
10
125.6323179999999979
20
-75.945998000000003
11
125.6323179999999979
21
-75.9460009999999954
0
LINE
8
BLACK
6
CONTINUOUS
10
173.3516070000000013
20
-85.7255770000000012
11
173.4631139999999903
21
-85.782392999999999
0
LINE
8
BLACK
6
CONTINUOUS
10
173.4631139999999903
20
-85.782392999999999
11
173.55160699999999
21
-85.8708859999999987
0
LINE
8
BLACK
6
CONTINUOUS
10
173.55160699999999
20
-85.8708859999999987
11
173.6084229999999877
21
-85.9823930000000018
0
LINE
8
BLACK
6
CONTINUOUS
10
173.6084229999999877
20
-85.9823930000000018
11
173.6279999999999859
21
-86.1059999999999945
0
LINE
8
BLACK
6
CONTINUOUS
10
173.6279999999999859
20
-86.1059999999999945
11
173.6084229999999877
21
-86.2296070000000014
0
LINE
8
BLACK
6
CONTINUOUS
10
173.6084229999999877
20
-86.2296070000000014
11
173.55160699999999
21
-86.3411139999999904
0
LINE
8
BLACK
6
CONTINUOUS
10
173.55160699999999
20
-86.3411139999999904
11
173.4631139999999903
21
-86.4296069999999901
0
LINE
8
BLACK
6
CONTINUOUS
10
173.4631139999999903
20
-86.4296069999999901
11
173.3516070000000013
21
-86.486423000000002
0
LINE
8
BLACK
6
CONTINUOUS
10
173.3516070000000013
20
-86.486423000000002
11
173.2279999999999802
21
-86.5060000000000002
0
LINE
8
BLACK
6
CONTINUOUS
10
173.2279999999999802
20
-86.5060000000000002
11
173.1043929999999875
21
-86.486423000000002
0
LINE
8
BLACK
6
CONTINUOUS
10
173.1043929999999875
20
-86.486423000000002
11
172.9928859999999986
21
-86.4296069999999901
0
LINE
8
BLACK
6
CONTINUOUS
10
172.9928859999999986
20
-86.4296069999999901
11
172.9043929999999989
21
-86.3411139999999904
0
LINE
8
BLACK
6
CONTINUOUS
10
172.9043929999999989
20
-86.3411139999999904
11
172.8475770000000011
21
-86.2296070000000014
0
LINE
8
BLACK
6
CONTINUOUS
10
172.8475770000000011
20
-86.2296070000000014
11
172.828000000000003
21
-86.1059999999999945
0
LINE
8
BLACK
6
CONTINUOUS
10
172.828000000000003
20
-86.1059999999999945
11
172.8475770000000011
21
-85.9823930000000018
0
LINE
8
BLACK
6
CONTINUOUS
10
172.8475770000000011
20
-85.9823930000000018
11
172.9043929999999989
21
-85.8708859999999987
0
LINE
8
BLACK
6
CONTINUOUS
10
172.9043929999999989
20
-85.8708859999999987
11
172.9928859999999986
21
-85.782392999999999
0
LINE
8
BLACK
6
CONTINUOUS
10
172.9928859999999986
20
-85.782392999999999
11
173.1043929999999875
21
-85.7255770000000012
0
LINE
8
BLACK
6
CONTINUOUS
10
173.1043929999999875
20
-85.7255770000000012
11
173.2279999999999802
21
-85.7060000000000031
0
LINE
8
BLACK
6
CONTINUOUS
10
173.2279999999999802
20
-85.7060000000000031
11
173.3516070000000013
21
-85.7255770000000012
0
LINE
8
BLACK
6
CONTINUOUS
10
180.2096070000000054
20
-77.3435769999999962
11
180.3211139999999943
21
-77.400392999999994
0
LINE
8
BLACK
6
CONTINUOUS
10
180.3211139999999943
20
-77.400392999999994
11
180.4096069999999941
21
-77.4888859999999937
0
LINE
8
BLACK
6
CONTINUOUS
10
180.4096069999999941
20
-77.4888859999999937
11
180.4664229999999918
21
-77.6003929999999968
0
LINE
8
BLACK
6
CONTINUOUS
10
180.4664229999999918
20
-77.6003929999999968
11
180.48599999999999
21
-77.7239999999999895
0
LINE
8
BLACK
6
CONTINUOUS
10
180.48599999999999
20
-77.7239999999999895
11
180.4664229999999918
21
-77.8476069999999964
0
LINE
8
BLACK
6
CONTINUOUS
10
180.4664229999999918
20
-77.8476069999999964
11
180.4096069999999941
21
-77.9591139999999996
0
LINE
8
BLACK
6
CONTINUOUS
10
180.4096069999999941
20
-77.9591139999999996
11
180.3211139999999943
21
-78.0476069999999993
0
LINE
8
BLACK
6
CONTINUOUS
10
180.3211139999999943
20
-78.0476069999999993
11
180.2096070000000054
21
-78.104422999999997
0
LINE
8
BLACK
6
CONTINUOUS
10
180.2096070000000054
20
-78.104422999999997
11
180.0859999999999843
21
-78.1239999999999952
0
LINE
8
BLACK
6
CONTINUOUS
10
180.0859999999999843
20
-78.1239999999999952
11
179.9623929999999916
21
-78.104422999999997
0
LINE
8
BLACK
6
CONTINUOUS
10
179.9623929999999916
20
-78.104422999999997
11
179.8508860000000027
21
-78.0476069999999993
0
LINE
8
BLACK
6
CONTINUOUS
10
179.8508860000000027
20
-78.0476069999999993
11
179.762393000000003
21
-77.9591139999999996
0
LINE
8
BLACK
6
CONTINUOUS
10
179.762393000000003
20
-77.9591139999999996
11
179.7055770000000052
21
-77.8476069999999964
0
LINE
8
BLACK
6
CONTINUOUS
10
179.7055770000000052
20
-77.8476069999999964
11
179.6859999999999786
21
-77.7239999999999895
0
LINE
8
BLACK
6
CONTINUOUS
10
179.6859999999999786
20
-77.7239999999999895
11
179.7055770000000052
21
-77.6003929999999968
0
LINE
8
BLACK
6
CONTINUOUS
10
179.7055770000000052
20
-77.6003929999999968
11
179.762393000000003
21
-77.4888859999999937
0
LINE
8
BLACK
6
CONTINUOUS
10
179.762393000000003
20
-77.4888859999999937
11
179.8508860000000027
21
-77.400392999999994
0
LINE
8
BLACK
6
CONTINUOUS
10
179.8508860000000027
20
-77.400392999999994
11
179.9623929999999916
21
-77.3435769999999962
0
LINE
8
BLACK
6
CONTINUOUS
10
179.9623929999999916
20
-77.3435769999999962
11
180.0859999999999843
21
-77.3239999999999981
0
LINE
8
BLACK
6
CONTINUOUS
10
180.0859999999999843
20
-77.3239999999999981
11
180.2096070000000054
21
-77.3435769999999962
0
LINE
8
BLACK
6
CONTINUOUS
10
173.1404709999999909
20
-75.6455559999999991
11
173.2519779999999798
21
-75.7023719999999969
0
LINE
8
BLACK
6
CONTINUOUS
10
173.2519779999999798
20
-75.7023719999999969
11
173.3404709999999795
21
-75.7908649999999966
0
LINE
8
BLACK
6
CONTINUOUS
10
173.3404709999999795
20
-75.7908649999999966
11
173.3972870000000057
21
-75.9023719999999997
0
LINE
8
BLACK
6
CONTINUOUS
10
173.3972870000000057
20
-75.9023719999999997
11
173.4168640000000039
21
-76.0259789999999924
0
LINE
8
BLACK
6
CONTINUOUS
10
173.4168640000000039
20
-76.0259789999999924
11
173.3972870000000057
21
-76.1495859999999993
0
LINE
8
BLACK
6
CONTINUOUS
10
173.3972870000000057
20
-76.1495859999999993
11
173.3404709999999795
21
-76.2610930000000025
0
LINE
8
BLACK
6
CONTINUOUS
10
173.3404709999999795
20
-76.2610930000000025
11
173.2519779999999798
21
-76.3495860000000022
0
LINE
8
BLACK
6
CONTINUOUS
10
173.2519779999999798
20
-76.3495860000000022
11
173.1404709999999909
21
-76.4064019999999999
0
LINE
8
BLACK
6
CONTINUOUS
10
173.1404709999999909
20
-76.4064019999999999
11
173.0168639999999982
21
-76.4259789999999981
0
LINE
8
BLACK
6
CONTINUOUS
10
173.0168639999999982
20
-76.4259789999999981
11
172.8932570000000055
21
-76.4064019999999999
0
LINE
8
BLACK
6
CONTINUOUS
10
172.8932570000000055
20
-76.4064019999999999
11
172.7817499999999882
21
-76.3495860000000022
0
LINE
8
BLACK
6
CONTINUOUS
10
172.7817499999999882
20
-76.3495860000000022
11
172.6932569999999885
21
-76.2610930000000025
0
LINE
8
BLACK
6
CONTINUOUS
10
172.6932569999999885
20
-76.2610930000000025
11
172.6364409999999907
21
-76.1495859999999993
0
LINE
8
BLACK
6
CONTINUOUS
10
172.6364409999999907
20
-76.1495859999999993
11
172.6168639999999925
21
-76.0259789999999924
0
LINE
8
BLACK
6
CONTINUOUS
10
172.6168639999999925
20
-76.0259789999999924
11
172.6364409999999907
21
-75.9023719999999997
0
LINE
8
BLACK
6
CONTINUOUS
10
172.6364409999999907
20
-75.9023719999999997
11
172.6932569999999885
21
-75.7908649999999966
0
LINE
8
BLACK
6
CONTINUOUS
10
172.6932569999999885
20
-75.7908649999999966
11
172.7817499999999882
21
-75.7023719999999969
0
LINE
8
BLACK
6
CONTINUOUS
10
172.7817499999999882
20
-75.7023719999999969
11
172.8932570000000055
21
-75.6455559999999991
0
LINE
8
BLACK
6
CONTINUOUS
10
172.8932570000000055
20
-75.6455559999999991
11
173.0168639999999982
21
-75.625979000000001
0
LINE
8
BLACK
6
CONTINUOUS
10
173.0168639999999982
20
-75.625979000000001
11
173.1404709999999909
21
-75.6455559999999991
0
LINE
8
BLACK
6
CONTINUOUS
10
179.171276000000006
20
-74.8955559999999991
11
179.2827829999999949
21
-74.9523719999999969
0
LINE
8
BLACK
6
CONTINUOUS
10
179.2827829999999949
20
-74.9523719999999969
11
179.3712759999999946
21
-75.0408649999999966
0
LINE
8
BLACK
6
CONTINUOUS
10
179.3712759999999946
20
-75.0408649999999966
11
179.4280919999999924
21
-75.1523719999999997
0
LINE
8
BLACK
6
CONTINUOUS
10
179.4280919999999924
20
-75.1523719999999997
11
179.4476689999999905
21
-75.2759789999999924
0
LINE
8
BLACK
6
CONTINUOUS
10
179.4476689999999905
20
-75.2759789999999924
11
179.4280919999999924
21
-75.3995859999999993
0
LINE
8
BLACK
6
CONTINUOUS
10
179.4280919999999924
20
-75.3995859999999993
11
179.3712759999999946
21
-75.5110930000000025
0
LINE
8
BLACK
6
CONTINUOUS
10
179.3712759999999946
20
-75.5110930000000025
11
179.2827829999999949
21
-75.5995860000000022
0
LINE
8
BLACK
6
CONTINUOUS
10
179.2827829999999949
20
-75.5995860000000022
11
179.171276000000006
21
-75.6564019999999999
0
LINE
8
BLACK
6
CONTINUOUS
10
179.171276000000006
20
-75.6564019999999999
11
179.0476689999999849
21
-75.6759789999999981
0
LINE
8
BLACK
6
CONTINUOUS
10
179.0476689999999849
20
-75.6759789999999981
11
178.9240619999999922
21
-75.6564019999999999
0
LINE
8
BLACK
6
CONTINUOUS
10
178.9240619999999922
20
-75.6564019999999999
11
178.8125550000000032
21
-75.5995860000000022
0
LINE
8
BLACK
6
CONTINUOUS
10
178.8125550000000032
20
-75.5995860000000022
11
178.7240620000000035
21
-75.5110930000000025
0
LINE
8
BLACK
6
CONTINUOUS
10
178.7240620000000035
20
-75.5110930000000025
11
178.6672460000000058
21
-75.3995859999999993
0
LINE
8
BLACK
6
CONTINUOUS
10
178.6672460000000058
20
-75.3995859999999993
11
178.6476689999999792
21
-75.2759789999999924
0
LINE
8
BLACK
6
CONTINUOUS
10
178.6476689999999792
20
-75.2759789999999924
11
178.6672460000000058
21
-75.1523719999999997
0
LINE
8
BLACK
6
CONTINUOUS
10
178.6672460000000058
20
-75.1523719999999997
11
178.7240620000000035
21
-75.0408649999999966
0
LINE
8
BLACK
6
CONTINUOUS
10
178.7240620000000035
20
-75.0408649999999966
11
178.8125550000000032
21
-74.9523719999999969
0
LINE
8
BLACK
6
CONTINUOUS
10
178.8125550000000032
20
-74.9523719999999969
11
178.9240619999999922
21
-74.8955559999999991
0
LINE
8
BLACK
6
CONTINUOUS
10
178.9240619999999922
20
-74.8955559999999991
11
179.0476689999999849
21
-74.875979000000001
0
LINE
8
BLACK
6
CONTINUOUS
10
179.0476689999999849
20
-74.875979000000001
11
179.171276000000006
21
-74.8955559999999991
0
LINE
8
BLACK
6
CONTINUOUS
10
180.4636069999999961
20
-74.80357699999999
11
180.575113999999985
21
-74.860393000000002
0
LINE
8
BLACK
6
CONTINUOUS
10
180.575113999999985
20
-74.860393000000002
11
180.6636069999999847
21
-74.9488860000000017
0
LINE
8
BLACK
6
CONTINUOUS
10
180.6636069999999847
20
-74.9488860000000017
11
180.7204229999999825
21
-75.0603929999999906
0
LINE
8
BLACK
6
CONTINUOUS
10
180.7204229999999825
20
-75.0603929999999906
11
180.7399999999999807
21
-75.1839999999999975
0
LINE
8
BLACK
6
CONTINUOUS
10
180.7399999999999807
20
-75.1839999999999975
11
180.7204229999999825
21
-75.3076069999999902
0
LINE
8
BLACK
6
CONTINUOUS
10
180.7204229999999825
20
-75.3076069999999902
11
180.6636069999999847
21
-75.4191139999999933
0
LINE
8
BLACK
6
CONTINUOUS
10
180.6636069999999847
20
-75.4191139999999933
11
180.575113999999985
21
-75.507606999999993
0
LINE
8
BLACK
6
CONTINUOUS
10
180.575113999999985
20
-75.507606999999993
11
180.4636069999999961
21
-75.5644229999999908
0
LINE
8
BLACK
6
CONTINUOUS
10
180.4636069999999961
20
-75.5644229999999908
11
180.3400000000000034
21
-75.5840000000000032
0
LINE
8
BLACK
6
CONTINUOUS
10
180.3400000000000034
20
-75.5840000000000032
11
180.2163929999999823
21
-75.5644229999999908
0
LINE
8
BLACK
6
CONTINUOUS
10
180.2163929999999823
20
-75.5644229999999908
11
180.1048859999999934
21
-75.507606999999993
0
LINE
8
BLACK
6
CONTINUOUS
10
180.1048859999999934
20
-75.507606999999993
11
180.0163929999999937
21
-75.4191139999999933
0
LINE
8
BLACK
6
CONTINUOUS
10
180.0163929999999937
20
-75.4191139999999933
11
179.9595769999999959
21
-75.3076069999999902
0
LINE
8
BLACK
6
CONTINUOUS
10
179.9595769999999959
20
-75.3076069999999902
11
179.9399999999999977
21
-75.1839999999999975
0
LINE
8
BLACK
6
CONTINUOUS
10
179.9399999999999977
20
-75.1839999999999975
11
179.9595769999999959
21
-75.0603929999999906
0
LINE
8
BLACK
6
CONTINUOUS
10
179.9595769999999959
20
-75.0603929999999906
11
180.0163929999999937
21
-74.9488860000000017
0
LINE
8
BLACK
6
CONTINUOUS
10
180.0163929999999937
20
-74.9488860000000017
11
180.1048859999999934
21
-74.860393000000002
0
LINE
8
BLACK
6
CONTINUOUS
10
180.1048859999999934
20
-74.860393000000002
11
180.2163929999999823
21
-74.80357699999999
0
LINE
8
BLACK
6
CONTINUOUS
10
180.2163929999999823
20
-74.80357699999999
11
180.3400000000000034
21
-74.7839999999999918
0
LINE
8
BLACK
6
CONTINUOUS
10
180.3400000000000034
20
-74.7839999999999918
11
180.4636069999999961
21
-74.80357699999999
0
LINE
8
BLACK
6
CONTINUOUS
10
178.9396069999999952
20
-72.5175770000000028
11
179.0511139999999841
21
-72.5743930000000006
0
LINE
8
BLACK
6
CONTINUOUS
10
179.0511139999999841
20
-72.5743930000000006
11
179.1396069999999838
21
-72.6628860000000003
0
LINE
8
BLACK
6
CONTINUOUS
10
179.1396069999999838
20
-72.6628860000000003
11
179.1964229999999816
21
-72.7743930000000034
0
LINE
8
BLACK
6
CONTINUOUS
10
179.1964229999999816
20
-72.7743930000000034
11
179.2159999999999798
21
-72.8979999999999961
0
LINE
8
BLACK
6
CONTINUOUS
10
179.2159999999999798
20
-72.8979999999999961
11
179.1964229999999816
21
-73.021607000000003
0
LINE
8
BLACK
6
CONTINUOUS
10
179.1964229999999816
20
-73.021607000000003
11
179.1396069999999838
21
-73.133113999999992
0
LINE
8
BLACK
6
CONTINUOUS
10
179.1396069999999838
20
-73.133113999999992
11
179.0511139999999841
21
-73.2216069999999917
0
LINE
8
BLACK
6
CONTINUOUS
10
179.0511139999999841
20
-73.2216069999999917
11
178.9396069999999952
21
-73.2784230000000036
0
LINE
8
BLACK
6
CONTINUOUS
10
178.9396069999999952
20
-73.2784230000000036
11
178.8160000000000025
21
-73.2980000000000018
0
LINE
8
BLACK
6
CONTINUOUS
10
178.8160000000000025
20
-73.2980000000000018
11
178.6923929999999814
21
-73.2784230000000036
0
LINE
8
BLACK
6
CONTINUOUS
10
178.6923929999999814
20
-73.2784230000000036
11
178.5808859999999925
21
-73.2216069999999917
0
LINE
8
BLACK
6
CONTINUOUS
10
178.5808859999999925
20
-73.2216069999999917
11
178.4923929999999928
21
-73.133113999999992
0
LINE
8
BLACK
6
CONTINUOUS
10
178.4923929999999928
20
-73.133113999999992
11
178.435576999999995
21
-73.021607000000003
0
LINE
8
BLACK
6
CONTINUOUS
10
178.435576999999995
20
-73.021607000000003
11
178.4159999999999968
21
-72.8979999999999961
0
LINE
8
BLACK
6
CONTINUOUS
10
178.4159999999999968
20
-72.8979999999999961
11
178.435576999999995
21
-72.7743930000000034
0
LINE
8
BLACK
6
CONTINUOUS
10
178.435576999999995
20
-72.7743930000000034
11
178.4923929999999928
21
-72.6628860000000003
0
LINE
8
BLACK
6
CONTINUOUS
10
178.4923929999999928
20
-72.6628860000000003
11
178.5808859999999925
21
-72.5743930000000006
0
LINE
8
BLACK
6
CONTINUOUS
10
178.5808859999999925
20
-72.5743930000000006
11
178.6923929999999814
21
-72.5175770000000028
0
LINE
8
BLACK
6
CONTINUOUS
10
178.6923929999999814
20
-72.5175770000000028
11
178.8160000000000025
21
-72.4979999999999905
0
LINE
8
BLACK
6
CONTINUOUS
10
178.8160000000000025
20
-72.4979999999999905
11
178.9396069999999952
21
-72.5175770000000028
0
LINE
8
BLACK
6
CONTINUOUS
10
178.9396069999999952
20
-71.2475769999999926
11
179.0511139999999841
21
-71.3043929999999904
0
LINE
8
BLACK
6
CONTINUOUS
10
179.0511139999999841
20
-71.3043929999999904
11
179.1396069999999838
21
-71.3928859999999901
0
LINE
8
BLACK
6
CONTINUOUS
10
179.1396069999999838
20
-71.3928859999999901
11
179.1964229999999816
21
-71.5043929999999932
0
LINE
8
BLACK
6
CONTINUOUS
10
179.1964229999999816
20
-71.5043929999999932
11
179.2159999999999798
21
-71.6280000000000001
0
LINE
8
BLACK
6
CONTINUOUS
10
179.2159999999999798
20
-71.6280000000000001
11
179.1964229999999816
21
-71.7516069999999928
0
LINE
8
BLACK
6
CONTINUOUS
10
179.1964229999999816
20
-71.7516069999999928
11
179.1396069999999838
21
-71.8631139999999959
0
LINE
8
BLACK
6
CONTINUOUS
10
179.1396069999999838
20
-71.8631139999999959
11
179.0511139999999841
21
-71.9516069999999957
0
LINE
8
BLACK
6
CONTINUOUS
10
179.0511139999999841
20
-71.9516069999999957
11
178.9396069999999952
21
-72.0084229999999934
0
LINE
8
BLACK
6
CONTINUOUS
10
178.9396069999999952
20
-72.0084229999999934
11
178.8160000000000025
21
-72.0279999999999916
0
LINE
8
BLACK
6
CONTINUOUS
10
178.8160000000000025
20
-72.0279999999999916
11
178.6923929999999814
21
-72.0084229999999934
0
LINE
8
BLACK
6
CONTINUOUS
10
178.6923929999999814
20
-72.0084229999999934
11
178.5808859999999925
21
-71.9516069999999957
0
LINE
8
BLACK
6
CONTINUOUS
10
178.5808859999999925
20
-71.9516069999999957
11
178.4923929999999928
21
-71.8631139999999959
0
LINE
8
BLACK
6
CONTINUOUS
10
178.4923929999999928
20
-71.8631139999999959
11
178.435576999999995
21
-71.7516069999999928
0
LINE
8
BLACK
6
CONTINUOUS
10
178.435576999999995
20
-71.7516069999999928
11
178.4159999999999968
21
-71.6280000000000001
0
LINE
8
BLACK
6
CONTINUOUS
10
178.4159999999999968
20
-71.6280000000000001
11
178.435576999999995
21
-71.5043929999999932
0
LINE
8
BLACK
6
CONTINUOUS
10
178.435576999999995
20
-71.5043929999999932
11
178.4923929999999928
21
-71.3928859999999901
0
LINE
8
BLACK
6
CONTINUOUS
10
178.4923929999999928
20
-71.3928859999999901
11
178.5808859999999925
21
-71.3043929999999904
0
LINE
8
BLACK
6
CONTINUOUS
10
178.5808859999999925
20
-71.3043929999999904
11
178.6923929999999814
21
-71.2475769999999926
0
LINE
8
BLACK
6
CONTINUOUS
10
178.6923929999999814
20
-71.2475769999999926
11
178.8160000000000025
21
-71.2279999999999944
0
LINE
8
BLACK
6
CONTINUOUS
10
178.8160000000000025
20
-71.2279999999999944
11
178.9396069999999952
21
-71.2475769999999926
0
LINE
8
BLACK
6
CONTINUOUS
10
178.9396069999999952
20
-69.9775769999999966
11
179.0511139999999841
21
-70.0343929999999943
0
LINE
8
BLACK
6
CONTINUOUS
10
179.0511139999999841
20
-70.0343929999999943
11
179.1396069999999838
21
-70.1228859999999941
0
LINE
8
BLACK
6
CONTINUOUS
10
179.1396069999999838
20
-70.1228859999999941
11
179.1964229999999816
21
-70.2343929999999972
0
LINE
8
BLACK
6
CONTINUOUS
10
179.1964229999999816
20
-70.2343929999999972
11
179.2159999999999798
21
-70.3579999999999899
0
LINE
8
BLACK
6
CONTINUOUS
10
179.2159999999999798
20
-70.3579999999999899
11
179.1964229999999816
21
-70.4816069999999968
0
LINE
8
BLACK
6
CONTINUOUS
10
179.1964229999999816
20
-70.4816069999999968
11
179.1396069999999838
21
-70.5931139999999999
0
LINE
8
BLACK
6
CONTINUOUS
10
179.1396069999999838
20
-70.5931139999999999
11
179.0511139999999841
21
-70.6816069999999996
0
LINE
8
BLACK
6
CONTINUOUS
10
179.0511139999999841
20
-70.6816069999999996
11
178.9396069999999952
21
-70.7384229999999974
0
LINE
8
BLACK
6
CONTINUOUS
10
178.9396069999999952
20
-70.7384229999999974
11
178.8160000000000025
21
-70.7579999999999956
0
LINE
8
BLACK
6
CONTINUOUS
10
178.8160000000000025
20
-70.7579999999999956
11
178.6923929999999814
21
-70.7384229999999974
0
LINE
8
BLACK
6
CONTINUOUS
10
178.6923929999999814
20
-70.7384229999999974
11
178.5808859999999925
21
-70.6816069999999996
0
LINE
8
BLACK
6
CONTINUOUS
10
178.5808859999999925
20
-70.6816069999999996
11
178.4923929999999928
21
-70.5931139999999999
0
LINE
8
BLACK
6
CONTINUOUS
10
178.4923929999999928
20
-70.5931139999999999
11
178.435576999999995
21
-70.4816069999999968
0
LINE
8
BLACK
6
CONTINUOUS
10
178.435576999999995
20
-70.4816069999999968
11
178.4159999999999968
21
-70.3579999999999899
0
LINE
8
BLACK
6
CONTINUOUS
10
178.4159999999999968
20
-70.3579999999999899
11
178.435576999999995
21
-70.2343929999999972
0
LINE
8
BLACK
6
CONTINUOUS
10
178.435576999999995
20
-70.2343929999999972
11
178.4923929999999928
21
-70.1228859999999941
0
LINE
8
BLACK
6
CONTINUOUS
10
178.4923929999999928
20
-70.1228859999999941
11
178.5808859999999925
21
-70.0343929999999943
0
LINE
8
BLACK
6
CONTINUOUS
10
178.5808859999999925
20
-70.0343929999999943
11
178.6923929999999814
21
-69.9775769999999966
0
LINE
8
BLACK
6
CONTINUOUS
10
178.6923929999999814
20
-69.9775769999999966
11
178.8160000000000025
21
-69.9579999999999984
0
LINE
8
BLACK
6
CONTINUOUS
10
178.8160000000000025
20
-69.9579999999999984
11
178.9396069999999952
21
-69.9775769999999966
0
LINE
8
BLACK
6
CONTINUOUS
10
178.9396069999999952
20
-68.7075770000000006
11
179.0511139999999841
21
-68.7643929999999983
0
LINE
8
BLACK
6
CONTINUOUS
10
179.0511139999999841
20
-68.7643929999999983
11
179.1396069999999838
21
-68.852885999999998
0
LINE
8
BLACK
6
CONTINUOUS
10
179.1396069999999838
20
-68.852885999999998
11
179.1964229999999816
21
-68.9643930000000012
0
LINE
8
BLACK
6
CONTINUOUS
10
179.1964229999999816
20
-68.9643930000000012
11
179.2159999999999798
21
-69.0879999999999939
0
LINE
8
BLACK
6
CONTINUOUS
10
179.2159999999999798
20
-69.0879999999999939
11
179.1964229999999816
21
-69.2116070000000008
0
LINE
8
BLACK
6
CONTINUOUS
10
179.1964229999999816
20
-69.2116070000000008
11
179.1396069999999838
21
-69.3231140000000039
0
LINE
8
BLACK
6
CONTINUOUS
10
179.1396069999999838
20
-69.3231140000000039
11
179.0511139999999841
21
-69.4116070000000036
0
LINE
8
BLACK
6
CONTINUOUS
10
179.0511139999999841
20
-69.4116070000000036
11
178.9396069999999952
21
-69.4684230000000014
0
LINE
8
BLACK
6
CONTINUOUS
10
178.9396069999999952
20
-69.4684230000000014
11
178.8160000000000025
21
-69.4879999999999995
0
LINE
8
BLACK
6
CONTINUOUS
10
178.8160000000000025
20
-69.4879999999999995
11
178.6923929999999814
21
-69.4684230000000014
0
LINE
8
BLACK
6
CONTINUOUS
10
178.6923929999999814
20
-69.4684230000000014
11
178.5808859999999925
21
-69.4116070000000036
0
LINE
8
BLACK
6
CONTINUOUS
10
178.5808859999999925
20
-69.4116070000000036
11
178.4923929999999928
21
-69.3231140000000039
0
LINE
8
BLACK
6
CONTINUOUS
10
178.4923929999999928
20
-69.3231140000000039
11
178.435576999999995
21
-69.2116070000000008
0
LINE
8
BLACK
6
CONTINUOUS
10
178.435576999999995
20
-69.2116070000000008
11
178.4159999999999968
21
-69.0879999999999939
0
LINE
8
BLACK
6
CONTINUOUS
10
178.4159999999999968
20
-69.0879999999999939
11
178.435576999999995
21
-68.9643930000000012
0
LINE
8
BLACK
6
CONTINUOUS
10
178.435576999999995
20
-68.9643930000000012
11
178.4923929999999928
21
-68.852885999999998
0
LINE
8
BLACK
6
CONTINUOUS
10
178.4923929999999928
20
-68.852885999999998
11
178.5808859999999925
21
-68.7643929999999983
0
LINE
8
BLACK
6
CONTINUOUS
10
178.5808859999999925
20
-68.7643929999999983
11
178.6923929999999814
21
-68.7075770000000006
0
LINE
8
BLACK
6
CONTINUOUS
10
178.6923929999999814
20
-68.7075770000000006
11
178.8160000000000025
21
-68.6880000000000024
0
LINE
8
BLACK
6
CONTINUOUS
10
178.8160000000000025
20
-68.6880000000000024
11
178.9396069999999952
21
-68.7075770000000006
0
LINE
8
BLACK
6
CONTINUOUS
10
178.9396069999999952
20
-67.4375769999999903
11
179.0511139999999841
21
-67.4943930000000023
0
LINE
8
BLACK
6
CONTINUOUS
10
179.0511139999999841
20
-67.4943930000000023
11
179.1396069999999838
21
-67.582886000000002
0
LINE
8
BLACK
6
CONTINUOUS
10
179.1396069999999838
20
-67.582886000000002
11
179.1964229999999816
21
-67.6943929999999909
0
LINE
8
BLACK
6
CONTINUOUS
10
179.1964229999999816
20
-67.6943929999999909
11
179.2159999999999798
21
-67.8179999999999978
0
LINE
8
BLACK
6
CONTINUOUS
10
179.2159999999999798
20
-67.8179999999999978
11
179.1964229999999816
21
-67.9416069999999905
0
LINE
8
BLACK
6
CONTINUOUS
10
179.1964229999999816
20
-67.9416069999999905
11
179.1396069999999838
21
-68.0531139999999937
0
LINE
8
BLACK
6
CONTINUOUS
10
179.1396069999999838
20
-68.0531139999999937
11
179.0511139999999841
21
-68.1416069999999934
0
LINE
8
BLACK
6
CONTINUOUS
10
179.0511139999999841
20
-68.1416069999999934
11
178.9396069999999952
21
-68.1984229999999911
0
LINE
8
BLACK
6
CONTINUOUS
10
178.9396069999999952
20
-68.1984229999999911
11
178.8160000000000025
21
-68.2180000000000035
0
LINE
8
BLACK
6
CONTINUOUS
10
178.8160000000000025
20
-68.2180000000000035
11
178.6923929999999814
21
-68.1984229999999911
0
LINE
8
BLACK
6
CONTINUOUS
10
178.6923929999999814
20
-68.1984229999999911
11
178.5808859999999925
21
-68.1416069999999934
0
LINE
8
BLACK
6
CONTINUOUS
10
178.5808859999999925
20
-68.1416069999999934
11
178.4923929999999928
21
-68.0531139999999937
0
LINE
8
BLACK
6
CONTINUOUS
10
178.4923929999999928
20
-68.0531139999999937
11
178.435576999999995
21
-67.9416069999999905
0
LINE
8
BLACK
6
CONTINUOUS
10
178.435576999999995
20
-67.9416069999999905
11
178.4159999999999968
21
-67.8179999999999978
0
LINE
8
BLACK
6
CONTINUOUS
10
178.4159999999999968
20
-67.8179999999999978
11
178.435576999999995
21
-67.6943929999999909
0
LINE
8
BLACK
6
CONTINUOUS
10
178.435576999999995
20
-67.6943929999999909
11
178.4923929999999928
21
-67.582886000000002
0
LINE
8
BLACK
6
CONTINUOUS
10
178.4923929999999928
20
-67.582886000000002
11
178.5808859999999925
21
-67.4943930000000023
0
LINE
8
BLACK
6
CONTINUOUS
10
178.5808859999999925
20
-67.4943930000000023
11
178.6923929999999814
21
-67.4375769999999903
0
LINE
8
BLACK
6
CONTINUOUS
10
178.6923929999999814
20
-67.4375769999999903
11
178.8160000000000025
21
-67.4179999999999922
0
LINE
8
BLACK
6
CONTINUOUS
10
178.8160000000000025
20
-67.4179999999999922
11
178.9396069999999952
21
-67.4375769999999903
0
LINE
8
BLACK
6
CONTINUOUS
10
178.9396069999999952
20
-66.1675769999999943
11
179.0511139999999841
21
-66.2243929999999921
0
LINE
8
BLACK
6
CONTINUOUS
10
179.0511139999999841
20
-66.2243929999999921
11
179.1396069999999838
21
-66.3128859999999918
0
LINE
8
BLACK
6
CONTINUOUS
10
179.1396069999999838
20
-66.3128859999999918
11
179.1964229999999816
21
-66.4243929999999949
0
LINE
8
BLACK
6
CONTINUOUS
10
179.1964229999999816
20
-66.4243929999999949
11
179.2159999999999798
21
-66.5480000000000018
0
LINE
8
BLACK
6
CONTINUOUS
10
179.2159999999999798
20
-66.5480000000000018
11
179.1964229999999816
21
-66.6716069999999945
0
LINE
8
BLACK
6
CONTINUOUS
10
179.1964229999999816
20
-66.6716069999999945
11
179.1396069999999838
21
-66.7831139999999976
0
LINE
8
BLACK
6
CONTINUOUS
10
179.1396069999999838
20
-66.7831139999999976
11
179.0511139999999841
21
-66.8716069999999974
0
LINE
8
BLACK
6
CONTINUOUS
10
179.0511139999999841
20
-66.8716069999999974
11
178.9396069999999952
21
-66.9284229999999951
0
LINE
8
BLACK
6
CONTINUOUS
10
178.9396069999999952
20
-66.9284229999999951
11
178.8160000000000025
21
-66.9479999999999933
0
LINE
8
BLACK
6
CONTINUOUS
10
178.8160000000000025
20
-66.9479999999999933
11
178.6923929999999814
21
-66.9284229999999951
0
LINE
8
BLACK
6
CONTINUOUS
10
178.6923929999999814
20
-66.9284229999999951
11
178.5808859999999925
21
-66.8716069999999974
0
LINE
8
BLACK
6
CONTINUOUS
10
178.5808859999999925
20
-66.8716069999999974
11
178.4923929999999928
21
-66.7831139999999976
0
LINE
8
BLACK
6
CONTINUOUS
10
178.4923929999999928
20
-66.7831139999999976
11
178.435576999999995
21
-66.6716069999999945
0
LINE
8
BLACK
6
CONTINUOUS
10
178.435576999999995
20
-66.6716069999999945
11
178.4159999999999968
21
-66.5480000000000018
0
LINE
8
BLACK
6
CONTINUOUS
10
178.4159999999999968
20
-66.5480000000000018
11
178.435576999999995
21
-66.4243929999999949
0
LINE
8
BLACK
6
CONTINUOUS
10
178.435576999999995
20
-66.4243929999999949
11
178.4923929999999928
21
-66.3128859999999918
0
LINE
8
BLACK
6
CONTINUOUS
10
178.4923929999999928
20
-66.3128859999999918
11
178.5808859999999925
21
-66.2243929999999921
0
LINE
8
BLACK
6
CONTINUOUS
10
178.5808859999999925
20
-66.2243929999999921
11
178.6923929999999814
21
-66.1675769999999943
0
LINE
8
BLACK
6
CONTINUOUS
10
178.6923929999999814
20
-66.1675769999999943
11
178.8160000000000025
21
-66.1479999999999961
0
LINE
8
BLACK
6
CONTINUOUS
10
178.8160000000000025
20
-66.1479999999999961
11
178.9396069999999952
21
-66.1675769999999943
0
LINE
8
BLACK
6
CONTINUOUS
10
177.160839999999979
20
-54.1216849999999994
11
177.2004680000000008
21
-54.1627679999999998
0
LINE
8
BLACK
6
CONTINUOUS
10
177.2004680000000008
20
-54.1627679999999998
11
177.2460260000000005
21
-54.2396209999999996
0
LINE
8
BLACK
6
CONTINUOUS
10
177.2460260000000005
20
-54.2396209999999996
11
177.6487929999999835
21
-54.9190559999999977
0
LINE
8
BLACK
6
CONTINUOUS
10
177.6487929999999835
20
-54.9190559999999977
11
177.6878389999999968
21
-54.9849219999999974
0
LINE
8
BLACK
6
CONTINUOUS
10
177.6878389999999968
20
-54.9849219999999974
11
177.6899489999999844
21
-54.9886259999999965
0
LINE
8
BLACK
6
CONTINUOUS
10
177.6899489999999844
20
-54.9886259999999965
11
177.7486549999999852
21
-55.0959379999999967
0
LINE
8
BLACK
6
CONTINUOUS
10
177.7486549999999852
20
-55.0959379999999967
11
178.2263539999999864
21
-55.9691499999999991
0
LINE
8
BLACK
6
CONTINUOUS
10
178.2263539999999864
20
-55.9691499999999991
11
178.2283429999999953
21
-55.9729399999999941
0
LINE
8
BLACK
6
CONTINUOUS
10
178.2283429999999953
20
-55.9729399999999941
11
178.7305829999999958
21
-56.9713879999999975
0
LINE
8
BLACK
6
CONTINUOUS
10
178.7305829999999958
20
-56.9713879999999975
11
178.7324349999999811
21
-56.9752340000000004
0
LINE
8
BLACK
6
CONTINUOUS
10
178.7324349999999811
20
-56.9752340000000004
11
178.7547559999999862
21
-57.0237079999999992
0
LINE
8
BLACK
6
CONTINUOUS
10
178.7547559999999862
20
-57.0237079999999992
11
179.1999069999999961
21
-57.9904129999999967
0
LINE
8
BLACK
6
CONTINUOUS
10
179.1999069999999961
20
-57.9904129999999967
11
179.2016299999999944
21
-57.9943309999999954
0
LINE
8
BLACK
6
CONTINUOUS
10
179.2016299999999944
20
-57.9943309999999954
11
179.6337859999999864
21
-59.0250459999999961
0
LINE
8
BLACK
6
CONTINUOUS
10
179.6337859999999864
20
-59.0250459999999961
11
179.6353729999999871
21
-59.0290219999999977
0
LINE
8
BLACK
6
CONTINUOUS
10
179.6353729999999871
20
-59.0290219999999977
11
180.0316919999999925
21
-60.0740279999999984
0
LINE
8
BLACK
6
CONTINUOUS
10
180.0316919999999925
20
-60.0740279999999984
11
180.0331410000000005
21
-60.0780559999999966
0
LINE
8
BLACK
6
CONTINUOUS
10
180.0331410000000005
20
-60.0780559999999966
11
180.3931670000000054
21
-61.1361589999999993
0
LINE
8
BLACK
6
CONTINUOUS
10
180.3931670000000054
20
-61.1361589999999993
11
180.3944749999999999
21
-61.140234999999997
0
LINE
8
BLACK
6
CONTINUOUS
10
180.3944749999999999
20
-61.140234999999997
11
180.7177429999999845
21
-62.2100579999999965
0
LINE
8
BLACK
6
CONTINUOUS
10
180.7177429999999845
20
-62.2100579999999965
11
180.7189109999999914
21
-62.2141759999999948
0
LINE
8
BLACK
6
CONTINUOUS
10
180.7189109999999914
20
-62.2141759999999948
11
181.0050799999999924
21
-63.294596999999996
0
LINE
8
BLACK
6
CONTINUOUS
10
181.0050799999999924
20
-63.294596999999996
11
181.0061039999999934
21
-63.2987529999999978
0
LINE
8
BLACK
6
CONTINUOUS
10
181.0061039999999934
20
-63.2987529999999978
11
181.2548019999999838
21
-64.3883739999999989
0
LINE
8
BLACK
6
CONTINUOUS
10
181.2548019999999838
20
-64.3883739999999989
11
181.2556819999999789
21
-64.3925629999999956
0
LINE
8
BLACK
6
CONTINUOUS
10
181.2556819999999789
20
-64.3925629999999956
11
181.4666189999999801
21
-65.4900930000000017
0
LINE
8
BLACK
6
CONTINUOUS
10
181.4666189999999801
20
-65.4900930000000017
11
181.4673549999999977
21
-65.4943109999999962
0
LINE
8
BLACK
6
CONTINUOUS
10
181.4673549999999977
20
-65.4943109999999962
11
181.6402899999999931
21
-66.5985149999999919
0
LINE
8
BLACK
6
CONTINUOUS
10
181.6402899999999931
20
-66.5985149999999919
11
181.640878999999984
21
-66.6027550000000019
0
LINE
8
BLACK
6
CONTINUOUS
10
181.640878999999984
20
-66.6027550000000019
11
181.7755970000000048
21
-67.7122619999999955
0
LINE
8
BLACK
6
CONTINUOUS
10
181.7755970000000048
20
-67.7122619999999955
11
181.7760389999999973
21
-67.716518999999991
0
LINE
8
BLACK
6
CONTINUOUS
10
181.7760389999999973
20
-67.716518999999991
11
181.8723779999999977
21
-68.8299659999999989
0
LINE
8
BLACK
6
CONTINUOUS
10
181.8723779999999977
20
-68.8299659999999989
11
181.8726739999999893
21
-68.8342370000000017
0
LINE
8
BLACK
6
CONTINUOUS
10
181.8726739999999893
20
-68.8342370000000017
11
181.9305249999999887
21
-69.9503929999999912
0
LINE
8
BLACK
6
CONTINUOUS
10
181.9305249999999887
20
-69.9503929999999912
11
181.9306729999999845
21
-69.9546709999999905
0
LINE
8
BLACK
6
CONTINUOUS
10
181.9306729999999845
20
-69.9546709999999905
11
181.9499649999999917
21
-71.0722009999999926
0
LINE
8
BLACK
6
CONTINUOUS
10
181.9499649999999917
20
-71.0722009999999926
11
181.9499659999999892
21
-71.0764049999999941
0
LINE
8
BLACK
6
CONTINUOUS
10
181.9499659999999892
20
-71.0764049999999941
11
181.9320179999999993
21
-72.1542889999999915
0
LINE
8
BLACK
6
CONTINUOUS
10
181.9320179999999993
20
-72.1542889999999915
11
181.9318799999999783
21
-72.1584160000000026
0
LINE
8
BLACK
6
CONTINUOUS
10
181.9318799999999783
20
-72.1584160000000026
11
181.8780549999999891
21
-73.2350919999999945
0
LINE
8
BLACK
6
CONTINUOUS
10
181.8780549999999891
20
-73.2350919999999945
11
181.8777809999999988
21
-73.2392119999999949
0
LINE
8
BLACK
6
CONTINUOUS
10
181.8777809999999988
20
-73.2392119999999949
11
181.7881329999999878
21
-74.3135690000000011
0
LINE
8
BLACK
6
CONTINUOUS
10
181.7881329999999878
20
-74.3135690000000011
11
181.7877210000000048
21
-74.3176780000000008
0
LINE
8
BLACK
6
CONTINUOUS
10
181.7877210000000048
20
-74.3176780000000008
11
181.6623539999999934
21
-75.3884410000000003
0
LINE
8
BLACK
6
CONTINUOUS
10
181.6623539999999934
20
-75.3884410000000003
11
181.6618049999999869
21
-75.3925330000000002
0
LINE
8
BLACK
6
CONTINUOUS
10
181.6618049999999869
20
-75.3925330000000002
11
181.5008650000000046
21
-76.4584839999999986
0
LINE
8
BLACK
6
CONTINUOUS
10
181.5008650000000046
20
-76.4584839999999986
11
181.5001809999999978
21
-76.4625559999999922
0
LINE
8
BLACK
6
CONTINUOUS
10
181.5001809999999978
20
-76.4625559999999922
11
181.3038359999999898
21
-77.5225810000000024
0
LINE
8
BLACK
6
CONTINUOUS
10
181.3038359999999898
20
-77.5225810000000024
11
181.3030169999999828
21
-77.5266280000000023
0
LINE
8
BLACK
6
CONTINUOUS
10
181.3030169999999828
20
-77.5266280000000023
11
181.0714810000000057
21
-78.5795569999999941
0
LINE
8
BLACK
6
CONTINUOUS
10
181.0714810000000057
20
-78.5795569999999941
11
181.0705269999999985
21
-78.5835739999999987
0
LINE
8
BLACK
6
CONTINUOUS
10
181.0705269999999985
20
-78.5835739999999987
11
180.8040729999999883
21
-79.6281749999999988
0
LINE
8
BLACK
6
CONTINUOUS
10
180.8040729999999883
20
-79.6281749999999988
11
180.8029860000000042
21
-79.6321590000000015
0
LINE
8
BLACK
6
CONTINUOUS
10
180.8029860000000042
20
-79.6321590000000015
11
180.5018969999999854
21
-80.6673260000000028
0
LINE
8
BLACK
6
CONTINUOUS
10
180.5018969999999854
20
-80.6673260000000028
11
180.5006779999999935
21
-80.6712709999999902
0
LINE
8
BLACK
6
CONTINUOUS
10
180.5006779999999935
20
-80.6712709999999902
11
180.165286999999978
21
-81.6958460000000031
0
LINE
8
BLACK
6
CONTINUOUS
10
180.165286999999978
20
-81.6958460000000031
11
180.1639370000000042
21
-81.6997479999999996
0
LINE
8
BLACK
6
CONTINUOUS
10
180.1639370000000042
20
-81.6997479999999996
11
179.7946249999999964
21
-82.7125729999999919
0
LINE
8
BLACK
6
CONTINUOUS
10
179.7946249999999964
20
-82.7125729999999919
11
179.7931459999999788
21
-82.7164279999999934
0
LINE
8
BLACK
6
CONTINUOUS
10
179.7931459999999788
20
-82.7164279999999934
11
179.3903239999999926
21
-83.7163839999999908
0
LINE
8
BLACK
6
CONTINUOUS
10
179.3903239999999926
20
-83.7163839999999908
11
179.388717999999983
21
-83.7201879999999932
0
LINE
8
BLACK
6
CONTINUOUS
10
179.388717999999983
20
-83.7201879999999932
11
178.9528129999999919
21
-84.7062049999999971
0
LINE
8
BLACK
6
CONTINUOUS
10
178.9528129999999919
20
-84.7062049999999971
11
178.9510809999999879
21
-84.7099529999999987
0
LINE
8
BLACK
6
CONTINUOUS
10
178.9510809999999879
20
-84.7099529999999987
11
178.6177040000000034
21
-85.4008859999999999
0
LINE
8
BLACK
6
CONTINUOUS
10
178.6177040000000034
20
-85.4008859999999999
11
178.570841999999999
21
-85.4527099999999962
0
LINE
8
BLACK
6
CONTINUOUS
10
178.570841999999999
20
-85.4527099999999962
11
178.5060239999999965
21
-85.4709999999999894
0
LINE
8
BLACK
6
CONTINUOUS
10
178.5060239999999965
20
-85.4709999999999894
11
170.8050929999999994
21
-85.4709999999999894
0
LINE
8
BLACK
6
CONTINUOUS
10
170.8050929999999994
20
-85.4709999999999894
11
170.7929389999999898
21
-85.4704029999999904
0
LINE
8
BLACK
6
CONTINUOUS
10
170.7929389999999898
20
-85.4704029999999904
11
170.6160649999999919
21
-85.4529819999999916
0
LINE
8
BLACK
6
CONTINUOUS
10
170.6160649999999919
20
-85.4529819999999916
11
170.5922239999999874
21
-85.4482399999999984
0
LINE
8
BLACK
6
CONTINUOUS
10
170.5922239999999874
20
-85.4482399999999984
11
170.4280009999999947
21
-85.3984239999999915
0
LINE
8
BLACK
6
CONTINUOUS
10
170.4280009999999947
20
-85.3984239999999915
11
170.4055429999999944
21
-85.3891210000000029
0
LINE
8
BLACK
6
CONTINUOUS
10
170.4055429999999944
20
-85.3891210000000029
11
170.2542009999999948
21
-85.3082270000000022
0
LINE
8
BLACK
6
CONTINUOUS
10
170.2542009999999948
20
-85.3082270000000022
11
170.2339889999999798
21
-85.294721999999993
0
LINE
8
BLACK
6
CONTINUOUS
10
170.2339889999999798
20
-85.294721999999993
11
170.1013329999999826
21
-85.185853999999992
0
LINE
8
BLACK
6
CONTINUOUS
10
170.1013329999999826
20
-85.185853999999992
11
170.0841449999999782
21
-85.1686660000000018
0
LINE
8
BLACK
6
CONTINUOUS
10
170.0841449999999782
20
-85.1686660000000018
11
169.9752770000000055
21
-85.0360099999999903
0
LINE
8
BLACK
6
CONTINUOUS
10
169.9752770000000055
20
-85.0360099999999903
11
169.9617719999999963
21
-85.0157979999999895
0
LINE
8
BLACK
6
CONTINUOUS
10
169.9617719999999963
20
-85.0157979999999895
11
169.8808779999999956
21
-84.8644559999999899
0
LINE
8
BLACK
6
CONTINUOUS
10
169.8808779999999956
20
-84.8644559999999899
11
169.8715749999999787
21
-84.8419979999999896
0
LINE
8
BLACK
6
CONTINUOUS
10
169.8715749999999787
20
-84.8419979999999896
11
169.821756999999991
21
-84.6777689999999978
0
LINE
8
BLACK
6
CONTINUOUS
10
169.821756999999991
20
-84.6777689999999978
11
169.8170179999999903
21
-84.6539410000000032
0
LINE
8
BLACK
6
CONTINUOUS
10
169.8170179999999903
20
-84.6539410000000032
11
169.7995970000000057
21
-84.477060999999992
0
LINE
8
BLACK
6
CONTINUOUS
10
169.7995970000000057
20
-84.477060999999992
11
169.7989999999999782
21
-84.4649069999999966
0
LINE
8
BLACK
6
CONTINUOUS
10
169.7989999999999782
20
-84.4649069999999966
11
169.7989999999999782
21
-77.7239979999999946
0
LINE
8
BLACK
6
CONTINUOUS
10
169.7989999999999782
20
-77.7239979999999946
11
169.7989999999999782
21
-76.6347129999999908
0
LINE
8
BLACK
6
CONTINUOUS
10
169.7989999999999782
20
-76.6347129999999908
11
169.8186849999999879
21
-76.5676739999999967
0
LINE
8
BLACK
6
CONTINUOUS
10
169.8186849999999879
20
-76.5676739999999967
11
169.840958999999998
21
-76.543461999999991
0
LINE
8
BLACK
6
CONTINUOUS
10
169.840958999999998
20
-76.543461999999991
11
169.8405309999999986
21
-76.5430339999999916
0
LINE
8
BLACK
6
CONTINUOUS
10
169.8405309999999986
20
-76.5430339999999916
11
169.8462749999999915
21
-76.5372879999999896
0
LINE
8
BLACK
6
CONTINUOUS
10
169.8462749999999915
20
-76.5372879999999896
11
169.8462759999999889
21
-76.5372859999999946
0
LINE
8
BLACK
6
CONTINUOUS
10
169.8462759999999889
20
-76.5372859999999946
11
169.8462820000000022
21
-76.5372819999999905
0
LINE
8
BLACK
6
CONTINUOUS
10
169.8462820000000022
20
-76.5372819999999905
11
169.9425359999999898
21
-76.4118409999999955
0
LINE
8
BLACK
6
CONTINUOUS
10
169.9425359999999898
20
-76.4118409999999955
11
170.0030439999999885
21
-76.2657619999999952
0
LINE
8
BLACK
6
CONTINUOUS
10
170.0030439999999885
20
-76.2657619999999952
11
170.0236819999999796
21
-76.1089999999999947
0
LINE
8
BLACK
6
CONTINUOUS
10
170.0236819999999796
20
-76.1089999999999947
11
170.0127520000000061
21
-76.0259769999999975
0
LINE
8
BLACK
6
CONTINUOUS
10
170.0127520000000061
20
-76.0259769999999975
11
170.0030439999999885
21
-75.9522379999999941
0
LINE
8
BLACK
6
CONTINUOUS
10
170.0030439999999885
20
-75.9522379999999941
11
169.9425359999999898
21
-75.8061589999999939
0
LINE
8
BLACK
6
CONTINUOUS
10
169.9425359999999898
20
-75.8061589999999939
11
169.8462820000000022
21
-75.6807179999999988
0
LINE
8
BLACK
6
CONTINUOUS
10
169.8462820000000022
20
-75.6807179999999988
11
169.7989999999999782
21
-75.6444369999999964
0
LINE
8
BLACK
6
CONTINUOUS
10
169.7989999999999782
20
-75.6444369999999964
11
169.7989999999999782
21
-75.3109999999999928
0
LINE
8
BLACK
6
CONTINUOUS
10
169.7989999999999782
20
-75.3109999999999928
11
168.7989999999999782
21
-75.3109999999999928
0
LINE
8
BLACK
6
CONTINUOUS
10
168.7989999999999782
20
-75.3109999999999928
11
168.7989969999999857
21
-75.3109999999999928
0
LINE
8
BLACK
6
CONTINUOUS
10
168.7989969999999857
20
-75.3109999999999928
11
165.5980930000000058
21
-75.3109999999999928
0
LINE
8
BLACK
6
CONTINUOUS
10
165.5980930000000058
20
-75.3109999999999928
11
165.5859389999999962
21
-75.3104029999999938
0
LINE
8
BLACK
6
CONTINUOUS
10
165.5859389999999962
20
-75.3104029999999938
11
165.4090649999999982
21
-75.292981999999995
0
LINE
8
BLACK
6
CONTINUOUS
10
165.4090649999999982
20
-75.292981999999995
11
165.3852239999999938
21
-75.2882400000000018
0
LINE
8
BLACK
6
CONTINUOUS
10
165.3852239999999938
20
-75.2882400000000018
11
165.3447979999999973
21
-75.2759769999999975
0
LINE
8
BLACK
6
CONTINUOUS
10
165.3447979999999973
20
-75.2759769999999975
11
165.2210010000000011
21
-75.2384239999999949
0
LINE
8
BLACK
6
CONTINUOUS
10
165.2210010000000011
20
-75.2384239999999949
11
165.1985430000000008
21
-75.2291209999999921
0
LINE
8
BLACK
6
CONTINUOUS
10
165.1985430000000008
20
-75.2291209999999921
11
165.0472010000000012
21
-75.1482269999999914
0
LINE
8
BLACK
6
CONTINUOUS
10
165.0472010000000012
20
-75.1482269999999914
11
165.0269889999999862
21
-75.1347219999999965
0
LINE
8
BLACK
6
CONTINUOUS
10
165.0269889999999862
20
-75.1347219999999965
11
164.8943329999999889
21
-75.0258539999999954
0
LINE
8
BLACK
6
CONTINUOUS
10
164.8943329999999889
20
-75.0258539999999954
11
164.8771449999999845
21
-75.008665999999991
0
LINE
8
BLACK
6
CONTINUOUS
10
164.8771449999999845
20
-75.008665999999991
11
164.8276459999999872
21
-74.9483510000000024
0
LINE
8
BLACK
6
CONTINUOUS
10
164.8276459999999872
20
-74.9483510000000024
11
164.768275999999986
21
-74.8760079999999988
0
LINE
8
BLACK
6
CONTINUOUS
10
164.768275999999986
20
-74.8760079999999988
11
164.7547720000000027
21
-74.855797999999993
0
LINE
8
BLACK
6
CONTINUOUS
10
164.7547720000000027
20
-74.855797999999993
11
164.6738770000000045
21
-74.7044530000000009
0
LINE
8
BLACK
6
CONTINUOUS
10
164.6738770000000045
20
-74.7044530000000009
11
164.664574999999985
21
-74.681997999999993
0
LINE
8
BLACK
6
CONTINUOUS
10
164.664574999999985
20
-74.681997999999993
11
164.6610259999999926
21
-74.6702969999999908
0
LINE
8
BLACK
6
CONTINUOUS
10
164.6610259999999926
20
-74.6702969999999908
11
164.6147569999999973
21
-74.5177690000000013
0
LINE
8
BLACK
6
CONTINUOUS
10
164.6147569999999973
20
-74.5177690000000013
11
164.6100179999999966
21
-74.4939409999999924
0
LINE
8
BLACK
6
CONTINUOUS
10
164.6100179999999966
20
-74.4939409999999924
11
164.5925969999999836
21
-74.3170609999999954
0
LINE
8
BLACK
6
CONTINUOUS
10
164.5925969999999836
20
-74.3170609999999954
11
164.5919999999999845
21
-74.304907
0
LINE
8
BLACK
6
CONTINUOUS
10
164.5919999999999845
20
-74.304907
11
164.5919999999999845
21
-66.5479979999999927
0
LINE
8
BLACK
6
CONTINUOUS
10
164.5919999999999845
20
-66.5479979999999927
11
164.5919999999999845
21
-63.4840029999999942
0
LINE
8
BLACK
6
CONTINUOUS
10
164.5919999999999845
20
-63.4840029999999942
11
164.5919999999999845
21
-63.4839999999999947
0
LINE
8
BLACK
6
CONTINUOUS
10
164.5919999999999845
20
-63.4839999999999947
11
164.5919999999999845
21
-62.4839999999999947
0
LINE
8
BLACK
6
CONTINUOUS
10
164.5919999999999845
20
-62.4839999999999947
11
163.5919999999999845
21
-62.4839999999999947
0
LINE
8
BLACK
6
CONTINUOUS
10
163.5919999999999845
20
-62.4839999999999947
11
163.5919969999999921
21
-62.4839999999999947
0
LINE
8
BLACK
6
CONTINUOUS
10
163.5919969999999921
20
-62.4839999999999947
11
163.4390929999999855
21
-62.4839999999999947
0
LINE
8
BLACK
6
CONTINUOUS
10
163.4390929999999855
20
-62.4839999999999947
11
163.4269390000000044
21
-62.4834029999999956
0
LINE
8
BLACK
6
CONTINUOUS
10
163.4269390000000044
20
-62.4834029999999956
11
163.2500650000000064
21
-62.4659819999999968
0
LINE
8
BLACK
6
CONTINUOUS
10
163.2500650000000064
20
-62.4659819999999968
11
163.226224000000002
21
-62.4612399999999965
0
LINE
8
BLACK
6
CONTINUOUS
10
163.226224000000002
20
-62.4612399999999965
11
163.0620009999999809
21
-62.4114239999999967
0
LINE
8
BLACK
6
CONTINUOUS
10
163.0620009999999809
20
-62.4114239999999967
11
163.0395429999999806
21
-62.402120999999994
0
LINE
8
BLACK
6
CONTINUOUS
10
163.0395429999999806
20
-62.402120999999994
11
162.8882009999999809
21
-62.3212270000000004
0
LINE
8
BLACK
6
CONTINUOUS
10
162.8882009999999809
20
-62.3212270000000004
11
162.8679889999999943
21
-62.3077219999999983
0
LINE
8
BLACK
6
CONTINUOUS
10
162.8679889999999943
20
-62.3077219999999983
11
162.7353329999999971
21
-62.1988539999999972
0
LINE
8
BLACK
6
CONTINUOUS
10
162.7353329999999971
20
-62.1988539999999972
11
162.7181449999999927
21
-62.1816659999999999
0
LINE
8
BLACK
6
CONTINUOUS
10
162.7181449999999927
20
-62.1816659999999999
11
162.6092769999999916
21
-62.0490099999999956
0
LINE
8
BLACK
6
CONTINUOUS
10
162.6092769999999916
20
-62.0490099999999956
11
162.5957719999999824
21
-62.0287979999999948
0
LINE
8
BLACK
6
CONTINUOUS
10
162.5957719999999824
20
-62.0287979999999948
11
162.5148779999999817
21
-61.8774559999999951
0
LINE
8
BLACK
6
CONTINUOUS
10
162.5148779999999817
20
-61.8774559999999951
11
162.5055749999999932
21
-61.8549979999999948
0
LINE
8
BLACK
6
CONTINUOUS
10
162.5055749999999932
20
-61.8549979999999948
11
162.4557570000000055
21
-61.690768999999996
0
LINE
8
BLACK
6
CONTINUOUS
10
162.4557570000000055
20
-61.690768999999996
11
162.4510180000000048
21
-61.6669409999999942
0
LINE
8
BLACK
6
CONTINUOUS
10
162.4510180000000048
20
-61.6669409999999942
11
162.4335969999999918
21
-61.4900609999999972
0
LINE
8
BLACK
6
CONTINUOUS
10
162.4335969999999918
20
-61.4900609999999972
11
162.4329999999999927
21
-61.4779069999999948
0
LINE
8
BLACK
6
CONTINUOUS
10
162.4329999999999927
20
-61.4779069999999948
11
162.4329999999999927
21
-55.1080919999999992
0
LINE
8
BLACK
6
CONTINUOUS
10
162.4329999999999927
20
-55.1080919999999992
11
162.4335969999999918
21
-55.0959379999999967
0
LINE
8
BLACK
6
CONTINUOUS
10
162.4335969999999918
20
-55.0959379999999967
11
162.4420140000000004
21
-55.0104789999999966
0
LINE
8
BLACK
6
CONTINUOUS
10
162.4420140000000004
20
-55.0104789999999966
11
162.4510180000000048
21
-54.9190559999999977
0
LINE
8
BLACK
6
CONTINUOUS
10
162.4510180000000048
20
-54.9190559999999977
11
162.4557570000000055
21
-54.895232
0
LINE
8
BLACK
6
CONTINUOUS
10
162.4557570000000055
20
-54.895232
11
162.5055769999999882
21
-54.7309939999999955
0
LINE
8
BLACK
6
CONTINUOUS
10
162.5055769999999882
20
-54.7309939999999955
11
162.5148749999999893
21
-54.7085489999999979
0
LINE
8
BLACK
6
CONTINUOUS
10
162.5148749999999893
20
-54.7085489999999979
11
162.5957750000000033
21
-54.5571950000000001
0
LINE
8
BLACK
6
CONTINUOUS
10
162.5957750000000033
20
-54.5571950000000001
11
162.6092720000000043
21
-54.5369949999999974
0
LINE
8
BLACK
6
CONTINUOUS
10
162.6092720000000043
20
-54.5369949999999974
11
162.7181489999999826
21
-54.4043279999999996
0
LINE
8
BLACK
6
CONTINUOUS
10
162.7181489999999826
20
-54.4043279999999996
11
162.7353279999999813
21
-54.3871490000000009
0
LINE
8
BLACK
6
CONTINUOUS
10
162.7353279999999813
20
-54.3871490000000009
11
162.8679949999999792
21
-54.2782719999999941
0
LINE
8
BLACK
6
CONTINUOUS
10
162.8679949999999792
20
-54.2782719999999941
11
162.8881949999999961
21
-54.2647750000000002
0
LINE
8
BLACK
6
CONTINUOUS
10
162.8881949999999961
20
-54.2647750000000002
11
163.0395489999999938
21
-54.1838750000000005
0
LINE
8
BLACK
6
CONTINUOUS
10
163.0395489999999938
20
-54.1838750000000005
11
163.0619939999999986
21
-54.1745769999999993
0
LINE
8
BLACK
6
CONTINUOUS
10
163.0619939999999986
20
-54.1745769999999993
11
163.2262319999999818
21
-54.1247569999999953
0
LINE
8
BLACK
6
CONTINUOUS
10
163.2262319999999818
20
-54.1247569999999953
11
163.2500560000000007
21
-54.1200179999999946
0
LINE
8
BLACK
6
CONTINUOUS
10
163.2500560000000007
20
-54.1200179999999946
11
163.4269390000000044
21
-54.1025969999999958
0
LINE
8
BLACK
6
CONTINUOUS
10
163.4269390000000044
20
-54.1025969999999958
11
163.4390929999999855
21
-54.1019999999999968
0
LINE
8
BLACK
6
CONTINUOUS
10
163.4390929999999855
20
-54.1019999999999968
11
177.0938009999999849
21
-54.1019999999999968
0
LINE
8
BLACK
6
CONTINUOUS
10
177.0938009999999849
20
-54.1019999999999968
11
177.160839999999979
21
-54.1216849999999994
0
LINE
8
BLACK
6
CONTINUOUS
10
179.9292389999999955
20
-77.1389549999999957
11
179.9292370000000005
21
-77.1389559999999932
0
LINE
8
BLACK
6
CONTINUOUS
10
179.9292370000000005
20
-77.1389559999999932
11
179.783159999999981
21
-77.1994629999999944
0
LINE
8
BLACK
6
CONTINUOUS
10
179.783159999999981
20
-77.1994629999999944
11
179.6577179999999885
21
-77.2957179999999937
0
LINE
8
BLACK
6
CONTINUOUS
10
179.6577179999999885
20
-77.2957179999999937
11
179.5614630000000034
21
-77.4211600000000004
0
LINE
8
BLACK
6
CONTINUOUS
10
179.5614630000000034
20
-77.4211600000000004
11
179.5009560000000022
21
-77.5672369999999916
0
LINE
8
BLACK
6
CONTINUOUS
10
179.5009560000000022
20
-77.5672369999999916
11
179.5009550000000047
21
-77.5672390000000007
0
LINE
8
BLACK
6
CONTINUOUS
10
179.5009550000000047
20
-77.5672390000000007
11
179.4803179999999827
21
-77.7239979999999946
0
LINE
8
BLACK
6
CONTINUOUS
10
179.4803179999999827
20
-77.7239979999999946
11
179.4803179999999827
21
-77.7240010000000012
0
LINE
8
BLACK
6
CONTINUOUS
10
179.4803179999999827
20
-77.7240010000000012
11
179.5009550000000047
21
-77.8807599999999951
0
LINE
8
BLACK
6
CONTINUOUS
10
179.5009550000000047
20
-77.8807599999999951
11
179.5009560000000022
21
-77.8807619999999901
0
LINE
8
BLACK
6
CONTINUOUS
10
179.5009560000000022
20
-77.8807619999999901
11
179.5614640000000009
21
-78.0268409999999903
0
LINE
8
BLACK
6
CONTINUOUS
10
179.5614640000000009
20
-78.0268409999999903
11
179.6577179999999885
21
-78.1522819999999996
0
LINE
8
BLACK
6
CONTINUOUS
10
179.6577179999999885
20
-78.1522819999999996
11
179.7831589999999835
21
-78.2485360000000014
0
LINE
8
BLACK
6
CONTINUOUS
10
179.7831589999999835
20
-78.2485360000000014
11
179.929237999999998
21
-78.3090440000000001
0
LINE
8
BLACK
6
CONTINUOUS
10
179.929237999999998
20
-78.3090440000000001
11
180.0076190000000054
21
-78.3193629999999956
0
LINE
8
BLACK
6
CONTINUOUS
10
180.0076190000000054
20
-78.3193629999999956
11
180.0859989999999868
21
-78.3296819999999911
0
LINE
8
BLACK
6
CONTINUOUS
10
180.0859989999999868
20
-78.3296819999999911
11
180.0859999999999843
21
-78.3296819999999911
0
LINE
8
BLACK
6
CONTINUOUS
10
180.0859999999999843
20
-78.3296819999999911
11
180.0860009999999818
21
-78.3296819999999911
0
LINE
8
BLACK
6
CONTINUOUS
10
180.0860009999999818
20
-78.3296819999999911
11
180.1382539999999892
21
-78.3228019999999958
0
LINE
8
BLACK
6
CONTINUOUS
10
180.1382539999999892
20
-78.3228019999999958
11
180.242761999999999
21
-78.3090440000000001
0
LINE
8
BLACK
6
CONTINUOUS
10
180.242761999999999
20
-78.3090440000000001
11
180.3888409999999851
21
-78.2485360000000014
0
LINE
8
BLACK
6
CONTINUOUS
10
180.3888409999999851
20
-78.2485360000000014
11
180.5142819999999801
21
-78.1522819999999996
0
LINE
8
BLACK
6
CONTINUOUS
10
180.5142819999999801
20
-78.1522819999999996
11
180.6105359999999962
21
-78.0268409999999903
0
LINE
8
BLACK
6
CONTINUOUS
10
180.6105359999999962
20
-78.0268409999999903
11
180.6710439999999949
21
-77.8807619999999901
0
LINE
8
BLACK
6
CONTINUOUS
10
180.6710439999999949
20
-77.8807619999999901
11
180.6916819999999859
21
-77.7239999999999895
0
LINE
8
BLACK
6
CONTINUOUS
10
180.6916819999999859
20
-77.7239999999999895
11
180.6710439999999949
21
-77.5672380000000032
0
LINE
8
BLACK
6
CONTINUOUS
10
180.6710439999999949
20
-77.5672380000000032
11
180.6105359999999962
21
-77.4211590000000029
0
LINE
8
BLACK
6
CONTINUOUS
10
180.6105359999999962
20
-77.4211590000000029
11
180.5142819999999801
21
-77.2957179999999937
0
LINE
8
BLACK
6
CONTINUOUS
10
180.5142819999999801
20
-77.2957179999999937
11
180.3888409999999851
21
-77.1994639999999919
0
LINE
8
BLACK
6
CONTINUOUS
10
180.3888409999999851
20
-77.1994639999999919
11
180.242761999999999
21
-77.1389559999999932
0
LINE
8
BLACK
6
CONTINUOUS
10
180.242761999999999
20
-77.1389559999999932
11
180.2427600000000041
21
-77.1389549999999957
0
LINE
8
BLACK
6
CONTINUOUS
10
180.2427600000000041
20
-77.1389549999999957
11
180.0860009999999818
21
-77.1183180000000021
0
LINE
8
BLACK
6
CONTINUOUS
10
180.0860009999999818
20
-77.1183180000000021
11
180.0859989999999868
21
-77.1183180000000021
0
LINE
8
BLACK
6
CONTINUOUS
10
180.0859989999999868
20
-77.1183180000000021
11
179.9292389999999955
21
-77.1389549999999957
0
LINE
8
BLACK
6
CONTINUOUS
10
172.4111819999999966
20
-76.0259799999999899
11
172.4318189999999902
21
-76.182738999999998
0
LINE
8
BLACK
6
CONTINUOUS
10
172.4318189999999902
20
-76.182738999999998
11
172.4318199999999877
21
-76.1827409999999929
0
LINE
8
BLACK
6
CONTINUOUS
10
172.4318199999999877
20
-76.1827409999999929
11
172.4923279999999863
21
-76.3288199999999932
0
LINE
8
BLACK
6
CONTINUOUS
10
172.4923279999999863
20
-76.3288199999999932
11
172.5885820000000024
21
-76.4542610000000025
0
LINE
8
BLACK
6
CONTINUOUS
10
172.5885820000000024
20
-76.4542610000000025
11
172.7140229999999974
21
-76.5505149999999901
0
LINE
8
BLACK
6
CONTINUOUS
10
172.7140229999999974
20
-76.5505149999999901
11
172.8601019999999835
21
-76.611023000000003
0
LINE
8
BLACK
6
CONTINUOUS
10
172.8601019999999835
20
-76.611023000000003
11
172.9384829999999909
21
-76.6213419999999985
0
LINE
8
BLACK
6
CONTINUOUS
10
172.9384829999999909
20
-76.6213419999999985
11
173.0168630000000007
21
-76.631660999999994
0
LINE
8
BLACK
6
CONTINUOUS
10
173.0168630000000007
20
-76.631660999999994
11
173.0168639999999982
21
-76.631660999999994
0
LINE
8
BLACK
6
CONTINUOUS
10
173.0168639999999982
20
-76.631660999999994
11
173.0168649999999957
21
-76.631660999999994
0
LINE
8
BLACK
6
CONTINUOUS
10
173.0168649999999957
20
-76.631660999999994
11
173.0691180000000031
21
-76.6247809999999987
0
LINE
8
BLACK
6
CONTINUOUS
10
173.0691180000000031
20
-76.6247809999999987
11
173.1736259999999845
21
-76.611023000000003
0
LINE
8
BLACK
6
CONTINUOUS
10
173.1736259999999845
20
-76.611023000000003
11
173.319704999999999
21
-76.5505149999999901
0
LINE
8
BLACK
6
CONTINUOUS
10
173.319704999999999
20
-76.5505149999999901
11
173.445145999999994
21
-76.4542610000000025
0
LINE
8
BLACK
6
CONTINUOUS
10
173.445145999999994
20
-76.4542610000000025
11
173.5413999999999817
21
-76.3288199999999932
0
LINE
8
BLACK
6
CONTINUOUS
10
173.5413999999999817
20
-76.3288199999999932
11
173.6019079999999803
21
-76.1827409999999929
0
LINE
8
BLACK
6
CONTINUOUS
10
173.6019079999999803
20
-76.1827409999999929
11
173.6225459999999998
21
-76.0259789999999924
0
LINE
8
BLACK
6
CONTINUOUS
10
173.6225459999999998
20
-76.0259789999999924
11
173.6019079999999803
21
-75.8692169999999919
0
LINE
8
BLACK
6
CONTINUOUS
10
173.6019079999999803
20
-75.8692169999999919
11
173.5413999999999817
21
-75.7231379999999916
0
LINE
8
BLACK
6
CONTINUOUS
10
173.5413999999999817
20
-75.7231379999999916
11
173.445145999999994
21
-75.5976969999999966
0
LINE
8
BLACK
6
CONTINUOUS
10
173.445145999999994
20
-75.5976969999999966
11
173.319704999999999
21
-75.5014429999999948
0
LINE
8
BLACK
6
CONTINUOUS
10
173.319704999999999
20
-75.5014429999999948
11
173.2129529999999988
21
-75.457224999999994
0
LINE
8
BLACK
6
CONTINUOUS
10
173.2129529999999988
20
-75.457224999999994
11
173.1736259999999845
21
-75.4409349999999961
0
LINE
8
BLACK
6
CONTINUOUS
10
173.1736259999999845
20
-75.4409349999999961
11
173.1736239999999896
21
-75.4409339999999986
0
LINE
8
BLACK
6
CONTINUOUS
10
173.1736239999999896
20
-75.4409339999999986
11
173.0168649999999957
21
-75.4202969999999908
0
LINE
8
BLACK
6
CONTINUOUS
10
173.0168649999999957
20
-75.4202969999999908
11
173.0168630000000007
21
-75.4202969999999908
0
LINE
8
BLACK
6
CONTINUOUS
10
173.0168630000000007
20
-75.4202969999999908
11
172.860102999999981
21
-75.4409339999999986
0
LINE
8
BLACK
6
CONTINUOUS
10
172.860102999999981
20
-75.4409339999999986
11
172.860100999999986
21
-75.4409349999999961
0
LINE
8
BLACK
6
CONTINUOUS
10
172.860100999999986
20
-75.4409349999999961
11
172.7140239999999949
21
-75.5014419999999973
0
LINE
8
BLACK
6
CONTINUOUS
10
172.7140239999999949
20
-75.5014419999999973
11
172.5885820000000024
21
-75.5976969999999966
0
LINE
8
BLACK
6
CONTINUOUS
10
172.5885820000000024
20
-75.5976969999999966
11
172.4923269999999889
21
-75.7231390000000033
0
LINE
8
BLACK
6
CONTINUOUS
10
172.4923269999999889
20
-75.7231390000000033
11
172.4318199999999877
21
-75.8692159999999944
0
LINE
8
BLACK
6
CONTINUOUS
10
172.4318199999999877
20
-75.8692159999999944
11
172.4318189999999902
21
-75.8692180000000036
0
LINE
8
BLACK
6
CONTINUOUS
10
172.4318189999999902
20
-75.8692180000000036
11
172.4111819999999966
21
-76.0259769999999975
0
LINE
8
BLACK
6
CONTINUOUS
10
172.4111819999999966
20
-76.0259769999999975
11
172.4111819999999966
21
-76.0259799999999899
0
LINE
8
BLACK
6
CONTINUOUS
10
178.4419869999999833
20
-75.2759799999999899
11
178.4626240000000053
21
-75.432738999999998
0
LINE
8
BLACK
6
CONTINUOUS
10
178.4626240000000053
20
-75.432738999999998
11
178.4626250000000027
21
-75.4327409999999929
0
LINE
8
BLACK
6
CONTINUOUS
10
178.4626250000000027
20
-75.4327409999999929
11
178.5004069999999956
21
-75.5239559999999983
0
LINE
8
BLACK
6
CONTINUOUS
10
178.5004069999999956
20
-75.5239559999999983
11
178.5231330000000014
21
-75.5788199999999932
0
LINE
8
BLACK
6
CONTINUOUS
10
178.5231330000000014
20
-75.5788199999999932
11
178.619386999999989
21
-75.7042610000000025
0
LINE
8
BLACK
6
CONTINUOUS
10
178.619386999999989
20
-75.7042610000000025
11
178.7448279999999841
21
-75.8005149999999901
0
LINE
8
BLACK
6
CONTINUOUS
10
178.7448279999999841
20
-75.8005149999999901
11
178.8909069999999986
21
-75.861023000000003
0
LINE
8
BLACK
6
CONTINUOUS
10
178.8909069999999986
20
-75.861023000000003
11
178.9531470000000013
21
-75.8692169999999919
0
LINE
8
BLACK
6
CONTINUOUS
10
178.9531470000000013
20
-75.8692169999999919
11
179.0476679999999874
21
-75.881660999999994
0
LINE
8
BLACK
6
CONTINUOUS
10
179.0476679999999874
20
-75.881660999999994
11
179.0476689999999849
21
-75.881660999999994
0
LINE
8
BLACK
6
CONTINUOUS
10
179.0476689999999849
20
-75.881660999999994
11
179.0476699999999823
21
-75.881660999999994
0
LINE
8
BLACK
6
CONTINUOUS
10
179.0476699999999823
20
-75.881660999999994
11
179.1421829999999886
21
-75.8692180000000036
0
LINE
8
BLACK
6
CONTINUOUS
10
179.1421829999999886
20
-75.8692180000000036
11
179.2044309999999996
21
-75.861023000000003
0
LINE
8
BLACK
6
CONTINUOUS
10
179.2044309999999996
20
-75.861023000000003
11
179.3505099999999857
21
-75.8005149999999901
0
LINE
8
BLACK
6
CONTINUOUS
10
179.3505099999999857
20
-75.8005149999999901
11
179.4759509999999807
21
-75.7042610000000025
0
LINE
8
BLACK
6
CONTINUOUS
10
179.4759509999999807
20
-75.7042610000000025
11
179.5722049999999967
21
-75.5788199999999932
0
LINE
8
BLACK
6
CONTINUOUS
10
179.5722049999999967
20
-75.5788199999999932
11
179.6000359999999887
21
-75.5116269999999901
0
LINE
8
BLACK
6
CONTINUOUS
10
179.6000359999999887
20
-75.5116269999999901
11
179.6438760000000059
21
-75.457224999999994
0
LINE
8
BLACK
6
CONTINUOUS
10
179.6438760000000059
20
-75.457224999999994
11
179.7101700000000051
21
-75.4351599999999962
0
LINE
8
BLACK
6
CONTINUOUS
10
179.7101700000000051
20
-75.4351599999999962
11
179.7778699999999787
21
-75.4524389999999983
0
LINE
8
BLACK
6
CONTINUOUS
10
179.7778699999999787
20
-75.4524389999999983
11
179.8129729999999995
21
-75.4835939999999965
0
LINE
8
BLACK
6
CONTINUOUS
10
179.8129729999999995
20
-75.4835939999999965
11
179.8154629999999941
21
-75.4868390000000034
0
LINE
8
BLACK
6
CONTINUOUS
10
179.8154629999999941
20
-75.4868390000000034
11
179.8154639999999915
21
-75.4868409999999983
0
LINE
8
BLACK
6
CONTINUOUS
10
179.8154639999999915
20
-75.4868409999999983
11
179.9117179999999792
21
-75.6122819999999933
0
LINE
8
BLACK
6
CONTINUOUS
10
179.9117179999999792
20
-75.6122819999999933
11
180.0371590000000026
21
-75.7085359999999952
0
LINE
8
BLACK
6
CONTINUOUS
10
180.0371590000000026
20
-75.7085359999999952
11
180.1832379999999887
21
-75.7690439999999938
0
LINE
8
BLACK
6
CONTINUOUS
10
180.1832379999999887
20
-75.7690439999999938
11
180.261618999999996
21
-75.7793630000000036
0
LINE
8
BLACK
6
CONTINUOUS
10
180.261618999999996
20
-75.7793630000000036
11
180.3399990000000059
21
-75.7896819999999991
0
LINE
8
BLACK
6
CONTINUOUS
10
180.3399990000000059
20
-75.7896819999999991
11
180.3400000000000034
21
-75.7896819999999991
0
LINE
8
BLACK
6
CONTINUOUS
10
180.3400000000000034
20
-75.7896819999999991
11
180.3400010000000009
21
-75.7896819999999991
0
LINE
8
BLACK
6
CONTINUOUS
10
180.3400010000000009
20
-75.7896819999999991
11
180.3922539999999799
21
-75.7828019999999896
0
LINE
8
BLACK
6
CONTINUOUS
10
180.3922539999999799
20
-75.7828019999999896
11
180.4967619999999897
21
-75.7690439999999938
0
LINE
8
BLACK
6
CONTINUOUS
10
180.4967619999999897
20
-75.7690439999999938
11
180.6428410000000042
21
-75.7085359999999952
0
LINE
8
BLACK
6
CONTINUOUS
10
180.6428410000000042
20
-75.7085359999999952
11
180.7682819999999992
21
-75.6122819999999933
0
LINE
8
BLACK
6
CONTINUOUS
10
180.7682819999999992
20
-75.6122819999999933
11
180.8645359999999869
21
-75.4868409999999983
0
LINE
8
BLACK
6
CONTINUOUS
10
180.8645359999999869
20
-75.4868409999999983
11
180.9250439999999855
21
-75.340761999999998
0
LINE
8
BLACK
6
CONTINUOUS
10
180.9250439999999855
20
-75.340761999999998
11
180.945682000000005
21
-75.1839999999999975
0
LINE
8
BLACK
6
CONTINUOUS
10
180.945682000000005
20
-75.1839999999999975
11
180.9409719999999879
21
-75.1482269999999914
0
LINE
8
BLACK
6
CONTINUOUS
10
180.9409719999999879
20
-75.1482269999999914
11
180.9250439999999855
21
-75.0272389999999945
0
LINE
8
BLACK
6
CONTINUOUS
10
180.9250439999999855
20
-75.0272389999999945
11
180.9250439999999855
21
-75.027237999999997
0
LINE
8
BLACK
6
CONTINUOUS
10
180.9250439999999855
20
-75.027237999999997
11
180.8645359999999869
21
-74.8811589999999967
0
LINE
8
BLACK
6
CONTINUOUS
10
180.8645359999999869
20
-74.8811589999999967
11
180.7682819999999992
21
-74.7557180000000017
0
LINE
8
BLACK
6
CONTINUOUS
10
180.7682819999999992
20
-74.7557180000000017
11
180.6428410000000042
21
-74.6594639999999998
0
LINE
8
BLACK
6
CONTINUOUS
10
180.6428410000000042
20
-74.6594639999999998
11
180.4967619999999897
21
-74.5989560000000012
0
LINE
8
BLACK
6
CONTINUOUS
10
180.4967619999999897
20
-74.5989560000000012
11
180.4967599999999948
21
-74.5989550000000037
0
LINE
8
BLACK
6
CONTINUOUS
10
180.4967599999999948
20
-74.5989550000000037
11
180.3400010000000009
21
-74.5783179999999959
0
LINE
8
BLACK
6
CONTINUOUS
10
180.3400010000000009
20
-74.5783179999999959
11
180.3399990000000059
21
-74.5783179999999959
0
LINE
8
BLACK
6
CONTINUOUS
10
180.3399990000000059
20
-74.5783179999999959
11
180.1832389999999862
21
-74.5989550000000037
0
LINE
8
BLACK
6
CONTINUOUS
10
180.1832389999999862
20
-74.5989550000000037
11
180.1832369999999912
21
-74.5989560000000012
0
LINE
8
BLACK
6
CONTINUOUS
10
180.1832369999999912
20
-74.5989560000000012
11
180.0371600000000001
21
-74.6594630000000024
0
LINE
8
BLACK
6
CONTINUOUS
10
180.0371600000000001
20
-74.6594630000000024
11
179.9117179999999792
21
-74.7557180000000017
0
LINE
8
BLACK
6
CONTINUOUS
10
179.9117179999999792
20
-74.7557180000000017
11
179.8154639999999915
21
-74.8811589999999967
0
LINE
8
BLACK
6
CONTINUOUS
10
179.8154639999999915
20
-74.8811589999999967
11
179.7876320000000021
21
-74.9483510000000024
0
LINE
8
BLACK
6
CONTINUOUS
10
179.7876320000000021
20
-74.9483510000000024
11
179.74378999999999
21
-75.0027539999999959
0
LINE
8
BLACK
6
CONTINUOUS
10
179.74378999999999
20
-75.0027539999999959
11
179.6774959999999908
21
-75.0248179999999962
0
LINE
8
BLACK
6
CONTINUOUS
10
179.6774959999999908
20
-75.0248179999999962
11
179.6097969999999862
21
-75.0075379999999967
0
LINE
8
BLACK
6
CONTINUOUS
10
179.6097969999999862
20
-75.0075379999999967
11
179.5746949999999913
21
-74.9763829999999984
0
LINE
8
BLACK
6
CONTINUOUS
10
179.5746949999999913
20
-74.9763829999999984
11
179.4759519999999782
21
-74.8476979999999941
0
LINE
8
BLACK
6
CONTINUOUS
10
179.4759519999999782
20
-74.8476979999999941
11
179.356080999999989
21
-74.7557180000000017
0
LINE
8
BLACK
6
CONTINUOUS
10
179.356080999999989
20
-74.7557180000000017
11
179.3505099999999857
21
-74.7514429999999948
0
LINE
8
BLACK
6
CONTINUOUS
10
179.3505099999999857
20
-74.7514429999999948
11
179.2044309999999996
21
-74.6909349999999961
0
LINE
8
BLACK
6
CONTINUOUS
10
179.2044309999999996
20
-74.6909349999999961
11
179.2044290000000046
21
-74.6909339999999986
0
LINE
8
BLACK
6
CONTINUOUS
10
179.2044290000000046
20
-74.6909339999999986
11
179.0476699999999823
21
-74.6702969999999908
0
LINE
8
BLACK
6
CONTINUOUS
10
179.0476699999999823
20
-74.6702969999999908
11
179.0476679999999874
21
-74.6702969999999908
0
LINE
8
BLACK
6
CONTINUOUS
10
179.0476679999999874
20
-74.6702969999999908
11
178.890907999999996
21
-74.6909339999999986
0
LINE
8
BLACK
6
CONTINUOUS
10
178.890907999999996
20
-74.6909339999999986
11
178.8909060000000011
21
-74.6909349999999961
0
LINE
8
BLACK
6
CONTINUOUS
10
178.8909060000000011
20
-74.6909349999999961
11
178.7448289999999815
21
-74.7514419999999973
0
LINE
8
BLACK
6
CONTINUOUS
10
178.7448289999999815
20
-74.7514419999999973
11
178.619386999999989
21
-74.8476969999999966
0
LINE
8
BLACK
6
CONTINUOUS
10
178.619386999999989
20
-74.8476969999999966
11
178.5231320000000039
21
-74.9731390000000033
0
LINE
8
BLACK
6
CONTINUOUS
10
178.5231320000000039
20
-74.9731390000000033
11
178.4626250000000027
21
-75.1192159999999944
0
LINE
8
BLACK
6
CONTINUOUS
10
178.4626250000000027
20
-75.1192159999999944
11
178.4626240000000053
21
-75.1192180000000036
0
LINE
8
BLACK
6
CONTINUOUS
10
178.4626240000000053
20
-75.1192180000000036
11
178.4419869999999833
21
-75.2759769999999975
0
LINE
8
BLACK
6
CONTINUOUS
10
178.4419869999999833
20
-75.2759769999999975
11
178.4419869999999833
21
-75.2759799999999899
0
LINE
8
BLACK
6
CONTINUOUS
10
178.2103180000000009
20
-66.5480009999999993
11
178.2309549999999945
21
-66.7047599999999932
0
LINE
8
BLACK
6
CONTINUOUS
10
178.2309549999999945
20
-66.7047599999999932
11
178.2309559999999919
21
-66.7047620000000023
0
LINE
8
BLACK
6
CONTINUOUS
10
178.2309559999999919
20
-66.7047620000000023
11
178.2914639999999906
21
-66.8508410000000026
0
LINE
8
BLACK
6
CONTINUOUS
10
178.2914639999999906
20
-66.8508410000000026
11
178.3877179999999782
21
-66.9762819999999977
0
LINE
8
BLACK
6
CONTINUOUS
10
178.3877179999999782
20
-66.9762819999999977
11
178.5131590000000017
21
-67.0725359999999995
0
LINE
8
BLACK
6
CONTINUOUS
10
178.5131590000000017
20
-67.0725359999999995
11
178.513165999999984
21
-67.0725410000000011
0
LINE
8
BLACK
6
CONTINUOUS
10
178.513165999999984
20
-67.0725410000000011
11
178.5184869999999933
21
-67.0756129999999899
0
LINE
8
BLACK
6
CONTINUOUS
10
178.5184869999999933
20
-67.0756129999999899
11
178.5667029999999897
21
-67.1261789999999934
0
LINE
8
BLACK
6
CONTINUOUS
10
178.5667029999999897
20
-67.1261789999999934
11
178.5799269999999979
21
-67.1947859999999935
0
LINE
8
BLACK
6
CONTINUOUS
10
178.5799269999999979
20
-67.1947859999999935
11
178.5539589999999919
21
-67.259650999999991
0
LINE
8
BLACK
6
CONTINUOUS
10
178.5539589999999919
20
-67.259650999999991
11
178.5184869999999933
21
-67.2903869999999955
0
LINE
8
BLACK
6
CONTINUOUS
10
178.5184869999999933
20
-67.2903869999999955
11
178.513165999999984
21
-67.2934580000000011
0
LINE
8
BLACK
6
CONTINUOUS
10
178.513165999999984
20
-67.2934580000000011
11
178.3877179999999782
21
-67.389718000000002
0
LINE
8
BLACK
6
CONTINUOUS
10
178.3877179999999782
20
-67.389718000000002
11
178.2914629999999931
21
-67.5151599999999945
0
LINE
8
BLACK
6
CONTINUOUS
10
178.2914629999999931
20
-67.5151599999999945
11
178.2309559999999919
21
-67.6612369999999999
0
LINE
8
BLACK
6
CONTINUOUS
10
178.2309559999999919
20
-67.6612369999999999
11
178.2309549999999945
21
-67.6612389999999948
0
LINE
8
BLACK
6
CONTINUOUS
10
178.2309549999999945
20
-67.6612389999999948
11
178.2103180000000009
21
-67.8179980000000029
0
LINE
8
BLACK
6
CONTINUOUS
10
178.2103180000000009
20
-67.8179980000000029
11
178.2103180000000009
21
-67.8180009999999953
0
LINE
8
BLACK
6
CONTINUOUS
10
178.2103180000000009
20
-67.8180009999999953
11
178.2309549999999945
21
-67.9747600000000034
0
LINE
8
BLACK
6
CONTINUOUS
10
178.2309549999999945
20
-67.9747600000000034
11
178.2309559999999919
21
-67.9747619999999984
0
LINE
8
BLACK
6
CONTINUOUS
10
178.2309559999999919
20
-67.9747619999999984
11
178.2914639999999906
21
-68.1208409999999986
0
LINE
8
BLACK
6
CONTINUOUS
10
178.2914639999999906
20
-68.1208409999999986
11
178.3877179999999782
21
-68.2462819999999937
0
LINE
8
BLACK
6
CONTINUOUS
10
178.3877179999999782
20
-68.2462819999999937
11
178.5131590000000017
21
-68.3425359999999955
0
LINE
8
BLACK
6
CONTINUOUS
10
178.5131590000000017
20
-68.3425359999999955
11
178.513165999999984
21
-68.3425409999999971
0
LINE
8
BLACK
6
CONTINUOUS
10
178.513165999999984
20
-68.3425409999999971
11
178.5184869999999933
21
-68.3456130000000002
0
LINE
8
BLACK
6
CONTINUOUS
10
178.5184869999999933
20
-68.3456130000000002
11
178.5667029999999897
21
-68.3961790000000036
0
LINE
8
BLACK
6
CONTINUOUS
10
178.5667029999999897
20
-68.3961790000000036
11
178.5799269999999979
21
-68.4647860000000037
0
LINE
8
BLACK
6
CONTINUOUS
10
178.5799269999999979
20
-68.4647860000000037
11
178.5539589999999919
21
-68.5296510000000012
0
LINE
8
BLACK
6
CONTINUOUS
10
178.5539589999999919
20
-68.5296510000000012
11
178.5184869999999933
21
-68.5603869999999915
0
LINE
8
BLACK
6
CONTINUOUS
10
178.5184869999999933
20
-68.5603869999999915
11
178.513165999999984
21
-68.5634579999999971
0
LINE
8
BLACK
6
CONTINUOUS
10
178.513165999999984
20
-68.5634579999999971
11
178.3877179999999782
21
-68.659717999999998
0
LINE
8
BLACK
6
CONTINUOUS
10
178.3877179999999782
20
-68.659717999999998
11
178.2914629999999931
21
-68.7851599999999905
0
LINE
8
BLACK
6
CONTINUOUS
10
178.2914629999999931
20
-68.7851599999999905
11
178.2309559999999919
21
-68.9312369999999959
0
LINE
8
BLACK
6
CONTINUOUS
10
178.2309559999999919
20
-68.9312369999999959
11
178.2309549999999945
21
-68.9312389999999908
0
LINE
8
BLACK
6
CONTINUOUS
10
178.2309549999999945
20
-68.9312389999999908
11
178.2103180000000009
21
-69.0879979999999989
0
LINE
8
BLACK
6
CONTINUOUS
10
178.2103180000000009
20
-69.0879979999999989
11
178.2103180000000009
21
-69.0880009999999913
0
LINE
8
BLACK
6
CONTINUOUS
10
178.2103180000000009
20
-69.0880009999999913
11
178.2309549999999945
21
-69.2447599999999994
0
LINE
8
BLACK
6
CONTINUOUS
10
178.2309549999999945
20
-69.2447599999999994
11
178.2309559999999919
21
-69.2447619999999944
0
LINE
8
BLACK
6
CONTINUOUS
10
178.2309559999999919
20
-69.2447619999999944
11
178.2914639999999906
21
-69.3908409999999947
0
LINE
8
BLACK
6
CONTINUOUS
10
178.2914639999999906
20
-69.3908409999999947
11
178.3877179999999782
21
-69.5162820000000039
0
LINE
8
BLACK
6
CONTINUOUS
10
178.3877179999999782
20
-69.5162820000000039
11
178.5131590000000017
21
-69.6125359999999915
0
LINE
8
BLACK
6
CONTINUOUS
10
178.5131590000000017
20
-69.6125359999999915
11
178.513165999999984
21
-69.6125409999999931
0
LINE
8
BLACK
6
CONTINUOUS
10
178.513165999999984
20
-69.6125409999999931
11
178.5184869999999933
21
-69.6156129999999962
0
LINE
8
BLACK
6
CONTINUOUS
10
178.5184869999999933
20
-69.6156129999999962
11
178.5667029999999897
21
-69.6661789999999996
0
LINE
8
BLACK
6
CONTINUOUS
10
178.5667029999999897
20
-69.6661789999999996
11
178.5799269999999979
21
-69.7347859999999997
0
LINE
8
BLACK
6
CONTINUOUS
10
178.5799269999999979
20
-69.7347859999999997
11
178.5539589999999919
21
-69.7996509999999972
0
LINE
8
BLACK
6
CONTINUOUS
10
178.5539589999999919
20
-69.7996509999999972
11
178.5184869999999933
21
-69.8303870000000018
0
LINE
8
BLACK
6
CONTINUOUS
10
178.5184869999999933
20
-69.8303870000000018
11
178.513165999999984
21
-69.8334579999999931
0
LINE
8
BLACK
6
CONTINUOUS
10
178.513165999999984
20
-69.8334579999999931
11
178.3877179999999782
21
-69.929717999999994
0
LINE
8
BLACK
6
CONTINUOUS
10
178.3877179999999782
20
-69.929717999999994
11
178.2914629999999931
21
-70.0551600000000008
0
LINE
8
BLACK
6
CONTINUOUS
10
178.2914629999999931
20
-70.0551600000000008
11
178.2309559999999919
21
-70.2012369999999919
0
LINE
8
BLACK
6
CONTINUOUS
10
178.2309559999999919
20
-70.2012369999999919
11
178.2309549999999945
21
-70.2012390000000011
0
LINE
8
BLACK
6
CONTINUOUS
10
178.2309549999999945
20
-70.2012390000000011
11
178.2103180000000009
21
-70.3579979999999949
0
LINE
8
BLACK
6
CONTINUOUS
10
178.2103180000000009
20
-70.3579979999999949
11
178.2103180000000009
21
-70.3580010000000016
0
LINE
8
BLACK
6
CONTINUOUS
10
178.2103180000000009
20
-70.3580010000000016
11
178.2309549999999945
21
-70.5147599999999954
0
LINE
8
BLACK
6
CONTINUOUS
10
178.2309549999999945
20
-70.5147599999999954
11
178.2309559999999919
21
-70.5147619999999904
0
LINE
8
BLACK
6
CONTINUOUS
10
178.2309559999999919
20
-70.5147619999999904
11
178.2914639999999906
21
-70.6608409999999907
0
LINE
8
BLACK
6
CONTINUOUS
10
178.2914639999999906
20
-70.6608409999999907
11
178.3877179999999782
21
-70.7862819999999999
0
LINE
8
BLACK
6
CONTINUOUS
10
178.3877179999999782
20
-70.7862819999999999
11
178.5131590000000017
21
-70.8825360000000018
0
LINE
8
BLACK
6
CONTINUOUS
10
178.5131590000000017
20
-70.8825360000000018
11
178.513165999999984
21
-70.8825410000000034
0
LINE
8
BLACK
6
CONTINUOUS
10
178.513165999999984
20
-70.8825410000000034
11
178.5184869999999933
21
-70.8856129999999922
0
LINE
8
BLACK
6
CONTINUOUS
10
178.5184869999999933
20
-70.8856129999999922
11
178.5667029999999897
21
-70.9361789999999957
0
LINE
8
BLACK
6
CONTINUOUS
10
178.5667029999999897
20
-70.9361789999999957
11
178.5799269999999979
21
-71.0047859999999957
0
LINE
8
BLACK
6
CONTINUOUS
10
178.5799269999999979
20
-71.0047859999999957
11
178.5539589999999919
21
-71.0696509999999932
0
LINE
8
BLACK
6
CONTINUOUS
10
178.5539589999999919
20
-71.0696509999999932
11
178.5184869999999933
21
-71.1003869999999978
0
LINE
8
BLACK
6
CONTINUOUS
10
178.5184869999999933
20
-71.1003869999999978
11
178.513165999999984
21
-71.1034580000000034
0
LINE
8
BLACK
6
CONTINUOUS
10
178.513165999999984
20
-71.1034580000000034
11
178.3877179999999782
21
-71.1997179999999901
0
LINE
8
BLACK
6
CONTINUOUS
10
178.3877179999999782
20
-71.1997179999999901
11
178.2914629999999931
21
-71.3251599999999968
0
LINE
8
BLACK
6
CONTINUOUS
10
178.2914629999999931
20
-71.3251599999999968
11
178.2309559999999919
21
-71.4712370000000021
0
LINE
8
BLACK
6
CONTINUOUS
10
178.2309559999999919
20
-71.4712370000000021
11
178.2309549999999945
21
-71.4712389999999971
0
LINE
8
BLACK
6
CONTINUOUS
10
178.2309549999999945
20
-71.4712389999999971
11
178.2103180000000009
21
-71.627997999999991
0
LINE
8
BLACK
6
CONTINUOUS
10
178.2103180000000009
20
-71.627997999999991
11
178.2103180000000009
21
-71.6280009999999976
0
LINE
8
BLACK
6
CONTINUOUS
10
178.2103180000000009
20
-71.6280009999999976
11
178.2309549999999945
21
-71.7847599999999915
0
LINE
8
BLACK
6
CONTINUOUS
10
178.2309549999999945
20
-71.7847599999999915
11
178.2309559999999919
21
-71.7847620000000006
0
LINE
8
BLACK
6
CONTINUOUS
10
178.2309559999999919
20
-71.7847620000000006
11
178.2914639999999906
21
-71.9308410000000009
0
LINE
8
BLACK
6
CONTINUOUS
10
178.2914639999999906
20
-71.9308410000000009
11
178.3877179999999782
21
-72.0562819999999959
0
LINE
8
BLACK
6
CONTINUOUS
10
178.3877179999999782
20
-72.0562819999999959
11
178.5131590000000017
21
-72.1525359999999978
0
LINE
8
BLACK
6
CONTINUOUS
10
178.5131590000000017
20
-72.1525359999999978
11
178.513165999999984
21
-72.1525409999999994
0
LINE
8
BLACK
6
CONTINUOUS
10
178.513165999999984
20
-72.1525409999999994
11
178.5184869999999933
21
-72.1556130000000024
0
LINE
8
BLACK
6
CONTINUOUS
10
178.5184869999999933
20
-72.1556130000000024
11
178.5667029999999897
21
-72.2061789999999917
0
LINE
8
BLACK
6
CONTINUOUS
10
178.5667029999999897
20
-72.2061789999999917
11
178.5799269999999979
21
-72.2747859999999918
0
LINE
8
BLACK
6
CONTINUOUS
10
178.5799269999999979
20
-72.2747859999999918
11
178.5539589999999919
21
-72.3396510000000035
0
LINE
8
BLACK
6
CONTINUOUS
10
178.5539589999999919
20
-72.3396510000000035
11
178.5184869999999933
21
-72.3703869999999938
0
LINE
8
BLACK
6
CONTINUOUS
10
178.5184869999999933
20
-72.3703869999999938
11
178.513165999999984
21
-72.3734579999999994
0
LINE
8
BLACK
6
CONTINUOUS
10
178.513165999999984
20
-72.3734579999999994
11
178.3877179999999782
21
-72.4697180000000003
0
LINE
8
BLACK
6
CONTINUOUS
10
178.3877179999999782
20
-72.4697180000000003
11
178.2914629999999931
21
-72.5951599999999928
0
LINE
8
BLACK
6
CONTINUOUS
10
178.2914629999999931
20
-72.5951599999999928
11
178.2309559999999919
21
-72.7412369999999981
0
LINE
8
BLACK
6
CONTINUOUS
10
178.2309559999999919
20
-72.7412369999999981
11
178.2309549999999945
21
-72.7412389999999931
0
LINE
8
BLACK
6
CONTINUOUS
10
178.2309549999999945
20
-72.7412389999999931
11
178.2103180000000009
21
-72.8979980000000012
0
LINE
8
BLACK
6
CONTINUOUS
10
178.2103180000000009
20
-72.8979980000000012
11
178.2103180000000009
21
-72.8980009999999936
0
LINE
8
BLACK
6
CONTINUOUS
10
178.2103180000000009
20
-72.8980009999999936
11
178.2309549999999945
21
-73.0547600000000017
0
LINE
8
BLACK
6
CONTINUOUS
10
178.2309549999999945
20
-73.0547600000000017
11
178.2309559999999919
21
-73.0547619999999966
0
LINE
8
BLACK
6
CONTINUOUS
10
178.2309559999999919
20
-73.0547619999999966
11
178.2914639999999906
21
-73.2008409999999969
0
LINE
8
BLACK
6
CONTINUOUS
10
178.2914639999999906
20
-73.2008409999999969
11
178.3877179999999782
21
-73.326281999999992
0
LINE
8
BLACK
6
CONTINUOUS
10
178.3877179999999782
20
-73.326281999999992
11
178.5131590000000017
21
-73.4225359999999938
0
LINE
8
BLACK
6
CONTINUOUS
10
178.5131590000000017
20
-73.4225359999999938
11
178.6592379999999878
21
-73.4830439999999925
0
LINE
8
BLACK
6
CONTINUOUS
10
178.6592379999999878
20
-73.4830439999999925
11
178.7376189999999951
21
-73.4933630000000022
0
LINE
8
BLACK
6
CONTINUOUS
10
178.7376189999999951
20
-73.4933630000000022
11
178.815999000000005
21
-73.5036819999999977
0
LINE
8
BLACK
6
CONTINUOUS
10
178.815999000000005
20
-73.5036819999999977
11
178.8160000000000025
21
-73.5036819999999977
0
LINE
8
BLACK
6
CONTINUOUS
10
178.8160000000000025
20
-73.5036819999999977
11
178.816001
21
-73.5036819999999977
0
LINE
8
BLACK
6
CONTINUOUS
10
178.816001
20
-73.5036819999999977
11
178.868253999999979
21
-73.4968020000000024
0
LINE
8
BLACK
6
CONTINUOUS
10
178.868253999999979
20
-73.4968020000000024
11
178.9727619999999888
21
-73.4830439999999925
0
LINE
8
BLACK
6
CONTINUOUS
10
178.9727619999999888
20
-73.4830439999999925
11
179.1188410000000033
21
-73.4225359999999938
0
LINE
8
BLACK
6
CONTINUOUS
10
179.1188410000000033
20
-73.4225359999999938
11
179.2442819999999983
21
-73.326281999999992
0
LINE
8
BLACK
6
CONTINUOUS
10
179.2442819999999983
20
-73.326281999999992
11
179.340535999999986
21
-73.2008409999999969
0
LINE
8
BLACK
6
CONTINUOUS
10
179.340535999999986
20
-73.2008409999999969
11
179.4010439999999846
21
-73.0547619999999966
0
LINE
8
BLACK
6
CONTINUOUS
10
179.4010439999999846
20
-73.0547619999999966
11
179.4216820000000041
21
-72.8979999999999961
0
LINE
8
BLACK
6
CONTINUOUS
10
179.4216820000000041
20
-72.8979999999999961
11
179.4010439999999846
21
-72.7412379999999956
0
LINE
8
BLACK
6
CONTINUOUS
10
179.4010439999999846
20
-72.7412379999999956
11
179.340535999999986
21
-72.5951589999999953
0
LINE
8
BLACK
6
CONTINUOUS
10
179.340535999999986
20
-72.5951589999999953
11
179.2442819999999983
21
-72.4697180000000003
0
LINE
8
BLACK
6
CONTINUOUS
10
179.2442819999999983
20
-72.4697180000000003
11
179.1188410000000033
21
-72.3734639999999985
0
LINE
8
BLACK
6
CONTINUOUS
10
179.1188410000000033
20
-72.3734639999999985
11
179.1188339999999926
21
-72.3734609999999918
0
LINE
8
BLACK
6
CONTINUOUS
10
179.1188339999999926
20
-72.3734609999999918
11
179.1135149999999783
21
-72.3703900000000004
0
LINE
8
BLACK
6
CONTINUOUS
10
179.1135149999999783
20
-72.3703900000000004
11
179.0652979999999843
21
-72.3198249999999945
0
LINE
8
BLACK
6
CONTINUOUS
10
179.0652979999999843
20
-72.3198249999999945
11
179.0520719999999812
21
-72.2512179999999944
0
LINE
8
BLACK
6
CONTINUOUS
10
179.0520719999999812
20
-72.2512179999999944
11
179.0780369999999948
21
-72.1863519999999994
0
LINE
8
BLACK
6
CONTINUOUS
10
179.0780369999999948
20
-72.1863519999999994
11
179.1135149999999783
21
-72.1556099999999958
0
LINE
8
BLACK
6
CONTINUOUS
10
179.1135149999999783
20
-72.1556099999999958
11
179.1188279999999793
21
-72.1525409999999994
0
LINE
8
BLACK
6
CONTINUOUS
10
179.1188279999999793
20
-72.1525409999999994
11
179.1188410000000033
21
-72.1525359999999978
0
LINE
8
BLACK
6
CONTINUOUS
10
179.1188410000000033
20
-72.1525359999999978
11
179.2442819999999983
21
-72.0562819999999959
0
LINE
8
BLACK
6
CONTINUOUS
10
179.2442819999999983
20
-72.0562819999999959
11
179.340535999999986
21
-71.9308410000000009
0
LINE
8
BLACK
6
CONTINUOUS
10
179.340535999999986
20
-71.9308410000000009
11
179.4010439999999846
21
-71.7847620000000006
0
LINE
8
BLACK
6
CONTINUOUS
10
179.4010439999999846
20
-71.7847620000000006
11
179.4148600000000044
21
-71.6798149999999907
0
LINE
8
BLACK
6
CONTINUOUS
10
179.4148600000000044
20
-71.6798149999999907
11
179.4216820000000041
21
-71.6280009999999976
0
LINE
8
BLACK
6
CONTINUOUS
10
179.4216820000000041
20
-71.6280009999999976
11
179.4216820000000041
21
-71.627997999999991
0
LINE
8
BLACK
6
CONTINUOUS
10
179.4216820000000041
20
-71.627997999999991
11
179.4010439999999846
21
-71.4712389999999971
0
LINE
8
BLACK
6
CONTINUOUS
10
179.4010439999999846
20
-71.4712389999999971
11
179.4010439999999846
21
-71.4712379999999996
0
LINE
8
BLACK
6
CONTINUOUS
10
179.4010439999999846
20
-71.4712379999999996
11
179.340535999999986
21
-71.3251589999999993
0
LINE
8
BLACK
6
CONTINUOUS
10
179.340535999999986
20
-71.3251589999999993
11
179.2442819999999983
21
-71.1997179999999901
0
LINE
8
BLACK
6
CONTINUOUS
10
179.2442819999999983
20
-71.1997179999999901
11
179.1188410000000033
21
-71.1034640000000024
0
LINE
8
BLACK
6
CONTINUOUS
10
179.1188410000000033
20
-71.1034640000000024
11
179.1188339999999926
21
-71.1034609999999958
0
LINE
8
BLACK
6
CONTINUOUS
10
179.1188339999999926
20
-71.1034609999999958
11
179.1135149999999783
21
-71.1003899999999902
0
LINE
8
BLACK
6
CONTINUOUS
10
179.1135149999999783
20
-71.1003899999999902
11
179.0652979999999843
21
-71.0498249999999985
0
LINE
8
BLACK
6
CONTINUOUS
10
179.0652979999999843
20
-71.0498249999999985
11
179.0520719999999812
21
-70.9812179999999984
0
LINE
8
BLACK
6
CONTINUOUS
10
179.0520719999999812
20
-70.9812179999999984
11
179.0780369999999948
21
-70.9163520000000034
0
LINE
8
BLACK
6
CONTINUOUS
10
179.0780369999999948
20
-70.9163520000000034
11
179.1135149999999783
21
-70.8856099999999998
0
LINE
8
BLACK
6
CONTINUOUS
10
179.1135149999999783
20
-70.8856099999999998
11
179.1188279999999793
21
-70.8825410000000034
0
LINE
8
BLACK
6
CONTINUOUS
10
179.1188279999999793
20
-70.8825410000000034
11
179.1188410000000033
21
-70.8825360000000018
0
LINE
8
BLACK
6
CONTINUOUS
10
179.1188410000000033
20
-70.8825360000000018
11
179.2442819999999983
21
-70.7862819999999999
0
LINE
8
BLACK
6
CONTINUOUS
10
179.2442819999999983
20
-70.7862819999999999
11
179.340535999999986
21
-70.6608409999999907
0
LINE
8
BLACK
6
CONTINUOUS
10
179.340535999999986
20
-70.6608409999999907
11
179.4010439999999846
21
-70.5147619999999904
0
LINE
8
BLACK
6
CONTINUOUS
10
179.4010439999999846
20
-70.5147619999999904
11
179.4216820000000041
21
-70.3579999999999899
0
LINE
8
BLACK
6
CONTINUOUS
10
179.4216820000000041
20
-70.3579999999999899
11
179.4010439999999846
21
-70.2012380000000036
0
LINE
8
BLACK
6
CONTINUOUS
10
179.4010439999999846
20
-70.2012380000000036
11
179.340535999999986
21
-70.0551590000000033
0
LINE
8
BLACK
6
CONTINUOUS
10
179.340535999999986
20
-70.0551590000000033
11
179.2442819999999983
21
-69.929717999999994
0
LINE
8
BLACK
6
CONTINUOUS
10
179.2442819999999983
20
-69.929717999999994
11
179.1188410000000033
21
-69.8334639999999922
0
LINE
8
BLACK
6
CONTINUOUS
10
179.1188410000000033
20
-69.8334639999999922
11
179.1188339999999926
21
-69.8334609999999998
0
LINE
8
BLACK
6
CONTINUOUS
10
179.1188339999999926
20
-69.8334609999999998
11
179.1135149999999783
21
-69.8303899999999942
0
LINE
8
BLACK
6
CONTINUOUS
10
179.1135149999999783
20
-69.8303899999999942
11
179.0652979999999843
21
-69.7798250000000024
0
LINE
8
BLACK
6
CONTINUOUS
10
179.0652979999999843
20
-69.7798250000000024
11
179.0520719999999812
21
-69.7112180000000023
0
LINE
8
BLACK
6
CONTINUOUS
10
179.0520719999999812
20
-69.7112180000000023
11
179.0780369999999948
21
-69.6463519999999932
0
LINE
8
BLACK
6
CONTINUOUS
10
179.0780369999999948
20
-69.6463519999999932
11
179.1135149999999783
21
-69.6156100000000038
0
LINE
8
BLACK
6
CONTINUOUS
10
179.1135149999999783
20
-69.6156100000000038
11
179.1188279999999793
21
-69.6125409999999931
0
LINE
8
BLACK
6
CONTINUOUS
10
179.1188279999999793
20
-69.6125409999999931
11
179.1188410000000033
21
-69.6125359999999915
0
LINE
8
BLACK
6
CONTINUOUS
10
179.1188410000000033
20
-69.6125359999999915
11
179.2442819999999983
21
-69.5162820000000039
0
LINE
8
BLACK
6
CONTINUOUS
10
179.2442819999999983
20
-69.5162820000000039
11
179.340535999999986
21
-69.3908409999999947
0
LINE
8
BLACK
6
CONTINUOUS
10
179.340535999999986
20
-69.3908409999999947
11
179.4010439999999846
21
-69.2447619999999944
0
LINE
8
BLACK
6
CONTINUOUS
10
179.4010439999999846
20
-69.2447619999999944
11
179.4216820000000041
21
-69.0879999999999939
0
LINE
8
BLACK
6
CONTINUOUS
10
179.4216820000000041
20
-69.0879999999999939
11
179.4010439999999846
21
-68.9312379999999933
0
LINE
8
BLACK
6
CONTINUOUS
10
179.4010439999999846
20
-68.9312379999999933
11
179.340535999999986
21
-68.7851589999999931
0
LINE
8
BLACK
6
CONTINUOUS
10
179.340535999999986
20
-68.7851589999999931
11
179.2442819999999983
21
-68.659717999999998
0
LINE
8
BLACK
6
CONTINUOUS
10
179.2442819999999983
20
-68.659717999999998
11
179.1188410000000033
21
-68.5634639999999962
0
LINE
8
BLACK
6
CONTINUOUS
10
179.1188410000000033
20
-68.5634639999999962
11
179.1188339999999926
21
-68.5634610000000038
0
LINE
8
BLACK
6
CONTINUOUS
10
179.1188339999999926
20
-68.5634610000000038
11
179.1135149999999783
21
-68.5603899999999982
0
LINE
8
BLACK
6
CONTINUOUS
10
179.1135149999999783
20
-68.5603899999999982
11
179.0652979999999843
21
-68.5098249999999922
0
LINE
8
BLACK
6
CONTINUOUS
10
179.0652979999999843
20
-68.5098249999999922
11
179.0520719999999812
21
-68.4412179999999921
0
LINE
8
BLACK
6
CONTINUOUS
10
179.0520719999999812
20
-68.4412179999999921
11
179.0780369999999948
21
-68.3763519999999971
0
LINE
8
BLACK
6
CONTINUOUS
10
179.0780369999999948
20
-68.3763519999999971
11
179.1135149999999783
21
-68.3456099999999935
0
LINE
8
BLACK
6
CONTINUOUS
10
179.1135149999999783
20
-68.3456099999999935
11
179.1188279999999793
21
-68.3425409999999971
0
LINE
8
BLACK
6
CONTINUOUS
10
179.1188279999999793
20
-68.3425409999999971
11
179.1188410000000033
21
-68.3425359999999955
0
LINE
8
BLACK
6
CONTINUOUS
10
179.1188410000000033
20
-68.3425359999999955
11
179.2442819999999983
21
-68.2462819999999937
0
LINE
8
BLACK
6
CONTINUOUS
10
179.2442819999999983
20
-68.2462819999999937
11
179.340535999999986
21
-68.1208409999999986
0
LINE
8
BLACK
6
CONTINUOUS
10
179.340535999999986
20
-68.1208409999999986
11
179.4010439999999846
21
-67.9747619999999984
0
LINE
8
BLACK
6
CONTINUOUS
10
179.4010439999999846
20
-67.9747619999999984
11
179.4216820000000041
21
-67.8179999999999978
0
LINE
8
BLACK
6
CONTINUOUS
10
179.4216820000000041
20
-67.8179999999999978
11
179.4010439999999846
21
-67.6612379999999973
0
LINE
8
BLACK
6
CONTINUOUS
10
179.4010439999999846
20
-67.6612379999999973
11
179.340535999999986
21
-67.515158999999997
0
LINE
8
BLACK
6
CONTINUOUS
10
179.340535999999986
20
-67.515158999999997
11
179.2442819999999983
21
-67.389718000000002
0
LINE
8
BLACK
6
CONTINUOUS
10
179.2442819999999983
20
-67.389718000000002
11
179.1188410000000033
21
-67.2934640000000002
0
LINE
8
BLACK
6
CONTINUOUS
10
179.1188410000000033
20
-67.2934640000000002
11
179.1188339999999926
21
-67.2934609999999935
0
LINE
8
BLACK
6
CONTINUOUS
10
179.1188339999999926
20
-67.2934609999999935
11
179.1135149999999783
21
-67.2903900000000021
0
LINE
8
BLACK
6
CONTINUOUS
10
179.1135149999999783
20
-67.2903900000000021
11
179.0652979999999843
21
-67.2398249999999962
0
LINE
8
BLACK
6
CONTINUOUS
10
179.0652979999999843
20
-67.2398249999999962
11
179.0520719999999812
21
-67.1712179999999961
0
LINE
8
BLACK
6
CONTINUOUS
10
179.0520719999999812
20
-67.1712179999999961
11
179.0780369999999948
21
-67.1063520000000011
0
LINE
8
BLACK
6
CONTINUOUS
10
179.0780369999999948
20
-67.1063520000000011
11
179.1135149999999783
21
-67.0756099999999975
0
LINE
8
BLACK
6
CONTINUOUS
10
179.1135149999999783
20
-67.0756099999999975
11
179.1188279999999793
21
-67.0725410000000011
0
LINE
8
BLACK
6
CONTINUOUS
10
179.1188279999999793
20
-67.0725410000000011
11
179.1188410000000033
21
-67.0725359999999995
0
LINE
8
BLACK
6
CONTINUOUS
10
179.1188410000000033
20
-67.0725359999999995
11
179.2442819999999983
21
-66.9762819999999977
0
LINE
8
BLACK
6
CONTINUOUS
10
179.2442819999999983
20
-66.9762819999999977
11
179.340535999999986
21
-66.8508410000000026
0
LINE
8
BLACK
6
CONTINUOUS
10
179.340535999999986
20
-66.8508410000000026
11
179.4010439999999846
21
-66.7047620000000023
0
LINE
8
BLACK
6
CONTINUOUS
10
179.4010439999999846
20
-66.7047620000000023
11
179.4216820000000041
21
-66.5480000000000018
0
LINE
8
BLACK
6
CONTINUOUS
10
179.4216820000000041
20
-66.5480000000000018
11
179.4010439999999846
21
-66.3912380000000013
0
LINE
8
BLACK
6
CONTINUOUS
10
179.4010439999999846
20
-66.3912380000000013
11
179.340535999999986
21
-66.245159000000001
0
LINE
8
BLACK
6
CONTINUOUS
10
179.340535999999986
20
-66.245159000000001
11
179.2442819999999983
21
-66.1197179999999918
0
LINE
8
BLACK
6
CONTINUOUS
10
179.2442819999999983
20
-66.1197179999999918
11
179.1188410000000033
21
-66.0234639999999899
0
LINE
8
BLACK
6
CONTINUOUS
10
179.1188410000000033
20
-66.0234639999999899
11
178.9727619999999888
21
-65.9629559999999913
0
LINE
8
BLACK
6
CONTINUOUS
10
178.9727619999999888
20
-65.9629559999999913
11
178.9727599999999939
21
-65.9629549999999938
0
LINE
8
BLACK
6
CONTINUOUS
10
178.9727599999999939
20
-65.9629549999999938
11
178.816001
21
-65.9423180000000002
0
LINE
8
BLACK
6
CONTINUOUS
10
178.816001
20
-65.9423180000000002
11
178.815999000000005
21
-65.9423180000000002
0
LINE
8
BLACK
6
CONTINUOUS
10
178.815999000000005
20
-65.9423180000000002
11
178.6592389999999853
21
-65.9629549999999938
0
LINE
8
BLACK
6
CONTINUOUS
10
178.6592389999999853
20
-65.9629549999999938
11
178.6592369999999903
21
-65.9629559999999913
0
LINE
8
BLACK
6
CONTINUOUS
10
178.6592369999999903
20
-65.9629559999999913
11
178.5131599999999992
21
-66.0234629999999925
0
LINE
8
BLACK
6
CONTINUOUS
10
178.5131599999999992
20
-66.0234629999999925
11
178.3877179999999782
21
-66.1197179999999918
0
LINE
8
BLACK
6
CONTINUOUS
10
178.3877179999999782
20
-66.1197179999999918
11
178.2914629999999931
21
-66.2451599999999985
0
LINE
8
BLACK
6
CONTINUOUS
10
178.2914629999999931
20
-66.2451599999999985
11
178.2309559999999919
21
-66.3912370000000038
0
LINE
8
BLACK
6
CONTINUOUS
10
178.2309559999999919
20
-66.3912370000000038
11
178.2309549999999945
21
-66.3912389999999988
0
LINE
8
BLACK
6
CONTINUOUS
10
178.2309549999999945
20
-66.3912389999999988
11
178.2103180000000009
21
-66.5479979999999927
0
LINE
8
BLACK
6
CONTINUOUS
10
178.2103180000000009
20
-66.5479979999999927
11
178.2103180000000009
21
-66.5480009999999993
0
LINE
8
BLACK
6
CONTINUOUS
10
169.5416069999999991
20
-75.7285770000000014
11
169.653113999999988
21
-75.7853929999999991
0
LINE
8
BLACK
6
CONTINUOUS
10
169.653113999999988
20
-75.7853929999999991
11
169.7416069999999877
21
-75.8738859999999988
0
LINE
8
BLACK
6
CONTINUOUS
10
169.7416069999999877
20
-75.8738859999999988
11
169.7984229999999854
21
-75.985393000000002
0
LINE
8
BLACK
6
CONTINUOUS
10
169.7984229999999854
20
-75.985393000000002
11
169.8179999999999836
21
-76.1089999999999947
0
LINE
8
BLACK
6
CONTINUOUS
10
169.8179999999999836
20
-76.1089999999999947
11
169.7984229999999854
21
-76.2326070000000016
0
LINE
8
BLACK
6
CONTINUOUS
10
169.7984229999999854
20
-76.2326070000000016
11
169.7416069999999877
21
-76.3441139999999905
0
LINE
8
BLACK
6
CONTINUOUS
10
169.7416069999999877
20
-76.3441139999999905
11
169.653113999999988
21
-76.4326069999999902
0
LINE
8
BLACK
6
CONTINUOUS
10
169.653113999999988
20
-76.4326069999999902
11
169.5416069999999991
21
-76.4894230000000022
0
LINE
8
BLACK
6
CONTINUOUS
10
169.5416069999999991
20
-76.4894230000000022
11
169.4180000000000064
21
-76.5090000000000003
0
LINE
8
BLACK
6
CONTINUOUS
10
169.4180000000000064
20
-76.5090000000000003
11
169.2943929999999852
21
-76.4894230000000022
0
LINE
8
BLACK
6
CONTINUOUS
10
169.2943929999999852
20
-76.4894230000000022
11
169.1828859999999963
21
-76.4326069999999902
0
LINE
8
BLACK
6
CONTINUOUS
10
169.1828859999999963
20
-76.4326069999999902
11
169.0943929999999966
21
-76.3441139999999905
0
LINE
8
BLACK
6
CONTINUOUS
10
169.0943929999999966
20
-76.3441139999999905
11
169.0375769999999989
21
-76.2326070000000016
0
LINE
8
BLACK
6
CONTINUOUS
10
169.0375769999999989
20
-76.2326070000000016
11
169.0180000000000007
21
-76.1089999999999947
0
LINE
8
BLACK
6
CONTINUOUS
10
169.0180000000000007
20
-76.1089999999999947
11
169.0375769999999989
21
-75.985393000000002
0
LINE
8
BLACK
6
CONTINUOUS
10
169.0375769999999989
20
-75.985393000000002
11
169.0943929999999966
21
-75.8738859999999988
0
LINE
8
BLACK
6
CONTINUOUS
10
169.0943929999999966
20
-75.8738859999999988
11
169.1828859999999963
21
-75.7853929999999991
0
LINE
8
BLACK
6
CONTINUOUS
10
169.1828859999999963
20
-75.7853929999999991
11
169.2943929999999852
21
-75.7285770000000014
0
LINE
8
BLACK
6
CONTINUOUS
10
169.2943929999999852
20
-75.7285770000000014
11
169.4180000000000064
21
-75.7090000000000032
0
LINE
8
BLACK
6
CONTINUOUS
10
169.4180000000000064
20
-75.7090000000000032
11
169.5416069999999991
21
-75.7285770000000014
0
LINE
8
BLACK
6
CONTINUOUS
10
129.9176070000000038
20
-75.5655769999999904
11
130.0291139999999928
21
-75.6223930000000024
0
LINE
8
BLACK
6
CONTINUOUS
10
130.0291139999999928
20
-75.6223930000000024
11
130.1176069999999925
21
-75.7108860000000021
0
LINE
8
BLACK
6
CONTINUOUS
10
130.1176069999999925
20
-75.7108860000000021
11
130.1744229999999902
21
-75.822392999999991
0
LINE
8
BLACK
6
CONTINUOUS
10
130.1744229999999902
20
-75.822392999999991
11
130.1939999999999884
21
-75.945999999999998
0
LINE
8
BLACK
6
CONTINUOUS
10
130.1939999999999884
20
-75.945999999999998
11
130.1744229999999902
21
-76.0696069999999906
0
LINE
8
BLACK
6
CONTINUOUS
10
130.1744229999999902
20
-76.0696069999999906
11
130.1176069999999925
21
-76.1811139999999938
0
LINE
8
BLACK
6
CONTINUOUS
10
130.1176069999999925
20
-76.1811139999999938
11
130.0291139999999928
21
-76.2696069999999935
0
LINE
8
BLACK
6
CONTINUOUS
10
130.0291139999999928
20
-76.2696069999999935
11
129.9176070000000038
21
-76.3264229999999912
0
LINE
8
BLACK
6
CONTINUOUS
10
129.9176070000000038
20
-76.3264229999999912
11
129.7939999999999827
21
-76.3460000000000036
0
LINE
8
BLACK
6
CONTINUOUS
10
129.7939999999999827
20
-76.3460000000000036
11
129.67039299999999
21
-76.3264229999999912
0
LINE
8
BLACK
6
CONTINUOUS
10
129.67039299999999
20
-76.3264229999999912
11
129.5588860000000011
21
-76.2696069999999935
0
LINE
8
BLACK
6
CONTINUOUS
10
129.5588860000000011
20
-76.2696069999999935
11
129.4703930000000014
21
-76.1811139999999938
0
LINE
8
BLACK
6
CONTINUOUS
10
129.4703930000000014
20
-76.1811139999999938
11
129.4135770000000036
21
-76.0696069999999906
0
LINE
8
BLACK
6
CONTINUOUS
10
129.4135770000000036
20
-76.0696069999999906
11
129.3940000000000055
21
-75.945999999999998
0
LINE
8
BLACK
6
CONTINUOUS
10
129.3940000000000055
20
-75.945999999999998
11
129.4135770000000036
21
-75.822392999999991
0
LINE
8
BLACK
6
CONTINUOUS
10
129.4135770000000036
20
-75.822392999999991
11
129.4703930000000014
21
-75.7108860000000021
0
LINE
8
BLACK
6
CONTINUOUS
10
129.4703930000000014
20
-75.7108860000000021
11
129.5588860000000011
21
-75.6223930000000024
0
LINE
8
BLACK
6
CONTINUOUS
10
129.5588860000000011
20
-75.6223930000000024
11
129.67039299999999
21
-75.5655769999999904
0
LINE
8
BLACK
6
CONTINUOUS
10
129.67039299999999
20
-75.5655769999999904
11
129.7939999999999827
21
-75.5459999999999923
0
LINE
8
BLACK
6
CONTINUOUS
10
129.7939999999999827
20
-75.5459999999999923
11
129.9176070000000038
21
-75.5655769999999904
0
LINE
8
BLACK
6
CONTINUOUS
10
136.5236069999999984
20
-75.145577000000003
11
136.6351139999999873
21
-75.2023930000000007
0
LINE
8
BLACK
6
CONTINUOUS
10
136.6351139999999873
20
-75.2023930000000007
11
136.723606999999987
21
-75.2908860000000004
0
LINE
8
BLACK
6
CONTINUOUS
10
136.723606999999987
20
-75.2908860000000004
11
136.7804229999999848
21
-75.4023930000000036
0
LINE
8
BLACK
6
CONTINUOUS
10
136.7804229999999848
20
-75.4023930000000036
11
136.7999999999999829
21
-75.5259999999999962
0
LINE
8
BLACK
6
CONTINUOUS
10
136.7999999999999829
20
-75.5259999999999962
11
136.7804229999999848
21
-75.6496070000000032
0
LINE
8
BLACK
6
CONTINUOUS
10
136.7804229999999848
20
-75.6496070000000032
11
136.723606999999987
21
-75.7611139999999921
0
LINE
8
BLACK
6
CONTINUOUS
10
136.723606999999987
20
-75.7611139999999921
11
136.6351139999999873
21
-75.8496069999999918
0
LINE
8
BLACK
6
CONTINUOUS
10
136.6351139999999873
20
-75.8496069999999918
11
136.5236069999999984
21
-75.9064229999999895
0
LINE
8
BLACK
6
CONTINUOUS
10
136.5236069999999984
20
-75.9064229999999895
11
136.4000000000000057
21
-75.9260000000000019
0
LINE
8
BLACK
6
CONTINUOUS
10
136.4000000000000057
20
-75.9260000000000019
11
136.2763929999999846
21
-75.9064229999999895
0
LINE
8
BLACK
6
CONTINUOUS
10
136.2763929999999846
20
-75.9064229999999895
11
136.1648859999999956
21
-75.8496069999999918
0
LINE
8
BLACK
6
CONTINUOUS
10
136.1648859999999956
20
-75.8496069999999918
11
136.0763929999999959
21
-75.7611139999999921
0
LINE
8
BLACK
6
CONTINUOUS
10
136.0763929999999959
20
-75.7611139999999921
11
136.0195769999999982
21
-75.6496070000000032
0
LINE
8
BLACK
6
CONTINUOUS
10
136.0195769999999982
20
-75.6496070000000032
11
136.
21
-75.5259999999999962
0
LINE
8
BLACK
6
CONTINUOUS
10
136.
20
-75.5259999999999962
11
136.0195769999999982
21
-75.4023930000000036
0
LINE
8
BLACK
6
CONTINUOUS
10
136.0195769999999982
20
-75.4023930000000036
11
136.0763929999999959
21
-75.2908860000000004
0
LINE
8
BLACK
6
CONTINUOUS
10
136.0763929999999959
20
-75.2908860000000004
11
136.1648859999999956
21
-75.2023930000000007
0
LINE
8
BLACK
6
CONTINUOUS
10
136.1648859999999956
20
-75.2023930000000007
11
136.2763929999999846
21
-75.145577000000003
0
LINE
8
BLACK
6
CONTINUOUS
10
136.2763929999999846
20
-75.145577000000003
11
136.4000000000000057
21
-75.1259999999999906
0
LINE
8
BLACK
6
CONTINUOUS
10
136.4000000000000057
20
-75.1259999999999906
11
136.5236069999999984
21
-75.145577000000003
0
LINE
8
BLACK
6
CONTINUOUS
10
140.0776070000000004
20
-73.4065769999999986
11
140.1891139999999893
21
-73.4633929999999964
0
LINE
8
BLACK
6
CONTINUOUS
10
140.1891139999999893
20
-73.4633929999999964
11
140.2776069999999891
21
-73.5518859999999961
0
LINE
8
BLACK
6
CONTINUOUS
10
140.2776069999999891
20
-73.5518859999999961
11
140.3344229999999868
21
-73.6633929999999992
0
LINE
8
BLACK
6
CONTINUOUS
10
140.3344229999999868
20
-73.6633929999999992
11
140.353999999999985
21
-73.7869999999999919
0
LINE
8
BLACK
6
CONTINUOUS
10
140.353999999999985
20
-73.7869999999999919
11
140.3344229999999868
21
-73.9106069999999988
0
LINE
8
BLACK
6
CONTINUOUS
10
140.3344229999999868
20
-73.9106069999999988
11
140.2776069999999891
21
-74.022114000000002
0
LINE
8
BLACK
6
CONTINUOUS
10
140.2776069999999891
20
-74.022114000000002
11
140.1891139999999893
21
-74.1106070000000017
0
LINE
8
BLACK
6
CONTINUOUS
10
140.1891139999999893
20
-74.1106070000000017
11
140.0776070000000004
21
-74.1674229999999994
0
LINE
8
BLACK
6
CONTINUOUS
10
140.0776070000000004
20
-74.1674229999999994
11
139.9540000000000077
21
-74.1869999999999976
0
LINE
8
BLACK
6
CONTINUOUS
10
139.9540000000000077
20
-74.1869999999999976
11
139.8303929999999866
21
-74.1674229999999994
0
LINE
8
BLACK
6
CONTINUOUS
10
139.8303929999999866
20
-74.1674229999999994
11
139.7188859999999977
21
-74.1106070000000017
0
LINE
8
BLACK
6
CONTINUOUS
10
139.7188859999999977
20
-74.1106070000000017
11
139.630392999999998
21
-74.022114000000002
0
LINE
8
BLACK
6
CONTINUOUS
10
139.630392999999998
20
-74.022114000000002
11
139.5735770000000002
21
-73.9106069999999988
0
LINE
8
BLACK
6
CONTINUOUS
10
139.5735770000000002
20
-73.9106069999999988
11
139.554000000000002
21
-73.7869999999999919
0
LINE
8
BLACK
6
CONTINUOUS
10
139.554000000000002
20
-73.7869999999999919
11
139.5735770000000002
21
-73.6633929999999992
0
LINE
8
BLACK
6
CONTINUOUS
10
139.5735770000000002
20
-73.6633929999999992
11
139.630392999999998
21
-73.5518859999999961
0
LINE
8
BLACK
6
CONTINUOUS
10
139.630392999999998
20
-73.5518859999999961
11
139.7188859999999977
21
-73.4633929999999964
0
LINE
8
BLACK
6
CONTINUOUS
10
139.7188859999999977
20
-73.4633929999999964
11
139.8303929999999866
21
-73.4065769999999986
0
LINE
8
BLACK
6
CONTINUOUS
10
139.8303929999999866
20
-73.4065769999999986
11
139.9540000000000077
21
-73.3870000000000005
0
LINE
8
BLACK
6
CONTINUOUS
10
139.9540000000000077
20
-73.3870000000000005
11
140.0776070000000004
21
-73.4065769999999986
0
LINE
8
BLACK
6
CONTINUOUS
10
146.9610610000000008
20
-59.1825969999999941
11
147.1379409999999837
21
-59.200018
0
LINE
8
BLACK
6
CONTINUOUS
10
147.1379409999999837
20
-59.200018
11
147.1617689999999925
21
-59.2047570000000007
0
LINE
8
BLACK
6
CONTINUOUS
10
147.1617689999999925
20
-59.2047570000000007
11
147.3260009999999909
21
-59.2545760000000001
0
LINE
8
BLACK
6
CONTINUOUS
10
147.3260009999999909
20
-59.2545760000000001
11
147.3484530000000063
21
-59.2638770000000008
0
LINE
8
BLACK
6
CONTINUOUS
10
147.3484530000000063
20
-59.2638770000000008
11
147.4997979999999984
21
-59.344771999999999
0
LINE
8
BLACK
6
CONTINUOUS
10
147.4997979999999984
20
-59.344771999999999
11
147.520009999999985
21
-59.358276999999994
0
LINE
8
BLACK
6
CONTINUOUS
10
147.520009999999985
20
-59.358276999999994
11
147.6526659999999822
21
-59.467144999999995
0
LINE
8
BLACK
6
CONTINUOUS
10
147.6526659999999822
20
-59.467144999999995
11
147.6698539999999866
21
-59.4843329999999995
0
LINE
8
BLACK
6
CONTINUOUS
10
147.6698539999999866
20
-59.4843329999999995
11
147.7787219999999877
21
-59.6169889999999967
0
LINE
8
BLACK
6
CONTINUOUS
10
147.7787219999999877
20
-59.6169889999999967
11
147.7922269999999969
21
-59.6372009999999975
0
LINE
8
BLACK
6
CONTINUOUS
10
147.7922269999999969
20
-59.6372009999999975
11
147.8731209999999976
21
-59.7885429999999971
0
LINE
8
BLACK
6
CONTINUOUS
10
147.8731209999999976
20
-59.7885429999999971
11
147.8824239999999861
21
-59.8110009999999974
0
LINE
8
BLACK
6
CONTINUOUS
10
147.8824239999999861
20
-59.8110009999999974
11
147.9322400000000073
21
-59.9752239999999972
0
LINE
8
BLACK
6
CONTINUOUS
10
147.9322400000000073
20
-59.9752239999999972
11
147.9369820000000004
21
-59.9990649999999945
0
LINE
8
BLACK
6
CONTINUOUS
10
147.9369820000000004
20
-59.9990649999999945
11
147.954402999999985
21
-60.175937999999995
0
LINE
8
BLACK
6
CONTINUOUS
10
147.954402999999985
20
-60.175937999999995
11
147.9549999999999841
21
-60.1880919999999975
0
LINE
8
BLACK
6
CONTINUOUS
10
147.9549999999999841
20
-60.1880919999999975
11
147.9549999999999841
21
-63.2459999999999951
0
LINE
8
BLACK
6
CONTINUOUS
10
147.9549999999999841
20
-63.2459999999999951
11
148.3994989999999916
21
-63.2459999999999951
0
LINE
8
BLACK
6
CONTINUOUS
10
148.3994989999999916
20
-63.2459999999999951
11
148.4469029999999918
21
-63.253506999999999
0
LINE
8
BLACK
6
CONTINUOUS
10
148.4469029999999918
20
-63.253506999999999
11
148.5174580000000049
21
-63.2646820000000005
0
LINE
8
BLACK
6
CONTINUOUS
10
148.5174580000000049
20
-63.2646820000000005
11
148.5543529999999919
21
-63.2766689999999983
0
LINE
8
BLACK
6
CONTINUOUS
10
148.5543529999999919
20
-63.2766689999999983
11
148.643273999999991
21
-63.3219769999999968
0
LINE
8
BLACK
6
CONTINUOUS
10
148.643273999999991
20
-63.3219769999999968
11
148.6746589999999912
21
-63.3447800000000001
0
LINE
8
BLACK
6
CONTINUOUS
10
148.6746589999999912
20
-63.3447800000000001
11
148.7452189999999916
21
-63.4153400000000005
0
LINE
8
BLACK
6
CONTINUOUS
10
148.7452189999999916
20
-63.4153400000000005
11
148.7680229999999995
21
-63.4467259999999982
0
LINE
8
BLACK
6
CONTINUOUS
10
148.7680229999999995
20
-63.4467259999999982
11
148.8133289999999818
21
-63.5356439999999978
0
LINE
8
BLACK
6
CONTINUOUS
10
148.8133289999999818
20
-63.5356439999999978
11
148.8253169999999841
21
-63.572540999999994
0
LINE
8
BLACK
6
CONTINUOUS
10
148.8253169999999841
20
-63.572540999999994
11
148.842472999999984
21
-63.6808580000000006
0
LINE
8
BLACK
6
CONTINUOUS
10
148.842472999999984
20
-63.6808580000000006
11
148.8439999999999941
21
-63.700255999999996
0
LINE
8
BLACK
6
CONTINUOUS
10
148.8439999999999941
20
-63.700255999999996
11
148.8439999999999941
21
-67.1929069999999911
0
LINE
8
BLACK
6
CONTINUOUS
10
148.8439999999999941
20
-67.1929069999999911
11
148.843402999999995
21
-67.2050610000000006
0
LINE
8
BLACK
6
CONTINUOUS
10
148.843402999999995
20
-67.2050610000000006
11
148.825981999999982
21
-67.3819340000000011
0
LINE
8
BLACK
6
CONTINUOUS
10
148.825981999999982
20
-67.3819340000000011
11
148.8212399999999889
21
-67.4057749999999913
0
LINE
8
BLACK
6
CONTINUOUS
10
148.8212399999999889
20
-67.4057749999999913
11
148.7714239999999961
21
-67.5699979999999982
0
LINE
8
BLACK
6
CONTINUOUS
10
148.7714239999999961
20
-67.5699979999999982
11
148.7621209999999792
21
-67.5924559999999985
0
LINE
8
BLACK
6
CONTINUOUS
10
148.7621209999999792
20
-67.5924559999999985
11
148.6812270000000069
21
-67.7437979999999982
0
LINE
8
BLACK
6
CONTINUOUS
10
148.6812270000000069
20
-67.7437979999999982
11
148.6677219999999977
21
-67.764009999999999
0
LINE
8
BLACK
6
CONTINUOUS
10
148.6677219999999977
20
-67.764009999999999
11
148.5588539999999966
21
-67.8966659999999962
0
LINE
8
BLACK
6
CONTINUOUS
10
148.5588539999999966
20
-67.8966659999999962
11
148.5416659999999922
21
-67.9138540000000006
0
LINE
8
BLACK
6
CONTINUOUS
10
148.5416659999999922
20
-67.9138540000000006
11
148.409009999999995
21
-68.0227220000000017
0
LINE
8
BLACK
6
CONTINUOUS
10
148.409009999999995
20
-68.0227220000000017
11
148.38879799999998
21
-68.0362269999999967
0
LINE
8
BLACK
6
CONTINUOUS
10
148.38879799999998
20
-68.0362269999999967
11
148.2374559999999803
21
-68.1171209999999974
0
LINE
8
BLACK
6
CONTINUOUS
10
148.2374559999999803
20
-68.1171209999999974
11
148.21499799999998
21
-68.1264240000000001
0
LINE
8
BLACK
6
CONTINUOUS
10
148.21499799999998
20
-68.1264240000000001
11
148.0507749999999874
21
-68.1762399999999928
0
LINE
8
BLACK
6
CONTINUOUS
10
148.0507749999999874
20
-68.1762399999999928
11
148.0269339999999829
21
-68.1809820000000002
0
LINE
8
BLACK
6
CONTINUOUS
10
148.0269339999999829
20
-68.1809820000000002
11
147.8500609999999824
21
-68.198402999999999
0
LINE
8
BLACK
6
CONTINUOUS
10
147.8500609999999824
20
-68.198402999999999
11
147.8379070000000013
21
-68.1989999999999981
0
LINE
8
BLACK
6
CONTINUOUS
10
147.8379070000000013
20
-68.1989999999999981
11
146.8119999999999834
21
-68.1989999999999981
0
LINE
8
BLACK
6
CONTINUOUS
10
146.8119999999999834
20
-68.1989999999999981
11
146.8119999999999834
21
-69.1989999999999981
0
LINE
8
BLACK
6
CONTINUOUS
10
146.8119999999999834
20
-69.1989999999999981
11
146.8119999999999834
21
-69.1990029999999905
0
LINE
8
BLACK
6
CONTINUOUS
10
146.8119999999999834
20
-69.1990029999999905
11
146.8119999999999834
21
-74.304907
0
LINE
8
BLACK
6
CONTINUOUS
10
146.8119999999999834
20
-74.304907
11
146.8114029999999843
21
-74.3170609999999954
0
LINE
8
BLACK
6
CONTINUOUS
10
146.8114029999999843
20
-74.3170609999999954
11
146.7939819999999997
21
-74.4939339999999959
0
LINE
8
BLACK
6
CONTINUOUS
10
146.7939819999999997
20
-74.4939339999999959
11
146.7892400000000066
21
-74.5177750000000003
0
LINE
8
BLACK
6
CONTINUOUS
10
146.7892400000000066
20
-74.5177750000000003
11
146.7394239999999854
21
-74.681997999999993
0
LINE
8
BLACK
6
CONTINUOUS
10
146.7394239999999854
20
-74.681997999999993
11
146.7301209999999969
21
-74.7044559999999933
0
LINE
8
BLACK
6
CONTINUOUS
10
146.7301209999999969
20
-74.7044559999999933
11
146.6492269999999962
21
-74.855797999999993
0
LINE
8
BLACK
6
CONTINUOUS
10
146.6492269999999962
20
-74.855797999999993
11
146.635721999999987
21
-74.8760099999999937
0
LINE
8
BLACK
6
CONTINUOUS
10
146.635721999999987
20
-74.8760099999999937
11
146.5268539999999859
21
-75.008665999999991
0
LINE
8
BLACK
6
CONTINUOUS
10
146.5268539999999859
20
-75.008665999999991
11
146.5096659999999815
21
-75.0258539999999954
0
LINE
8
BLACK
6
CONTINUOUS
10
146.5096659999999815
20
-75.0258539999999954
11
146.3770099999999843
21
-75.1347219999999965
0
LINE
8
BLACK
6
CONTINUOUS
10
146.3770099999999843
20
-75.1347219999999965
11
146.3567979999999977
21
-75.1482269999999914
0
LINE
8
BLACK
6
CONTINUOUS
10
146.3567979999999977
20
-75.1482269999999914
11
146.2054559999999981
21
-75.2291209999999921
0
LINE
8
BLACK
6
CONTINUOUS
10
146.2054559999999981
20
-75.2291209999999921
11
146.1829979999999978
21
-75.2384239999999949
0
LINE
8
BLACK
6
CONTINUOUS
10
146.1829979999999978
20
-75.2384239999999949
11
146.0187750000000051
21
-75.2882400000000018
0
LINE
8
BLACK
6
CONTINUOUS
10
146.0187750000000051
20
-75.2882400000000018
11
145.9949340000000007
21
-75.292981999999995
0
LINE
8
BLACK
6
CONTINUOUS
10
145.9949340000000007
20
-75.292981999999995
11
145.8180610000000001
21
-75.3104029999999938
0
LINE
8
BLACK
6
CONTINUOUS
10
145.8180610000000001
20
-75.3104029999999938
11
145.8059069999999906
21
-75.3109999999999928
0
LINE
8
BLACK
6
CONTINUOUS
10
145.8059069999999906
20
-75.3109999999999928
11
137.7850929999999892
21
-75.3109999999999928
0
LINE
8
BLACK
6
CONTINUOUS
10
137.7850929999999892
20
-75.3109999999999928
11
137.7729389999999796
21
-75.3104029999999938
0
LINE
8
BLACK
6
CONTINUOUS
10
137.7729389999999796
20
-75.3104029999999938
11
137.5960649999999816
21
-75.292981999999995
0
LINE
8
BLACK
6
CONTINUOUS
10
137.5960649999999816
20
-75.292981999999995
11
137.5722240000000056
21
-75.2882400000000018
0
LINE
8
BLACK
6
CONTINUOUS
10
137.5722240000000056
20
-75.2882400000000018
11
137.4080009999999845
21
-75.2384239999999949
0
LINE
8
BLACK
6
CONTINUOUS
10
137.4080009999999845
20
-75.2384239999999949
11
137.3855429999999842
21
-75.2291209999999921
0
LINE
8
BLACK
6
CONTINUOUS
10
137.3855429999999842
20
-75.2291209999999921
11
137.2342009999999846
21
-75.1482269999999914
0
LINE
8
BLACK
6
CONTINUOUS
10
137.2342009999999846
20
-75.1482269999999914
11
137.213988999999998
21
-75.1347219999999965
0
LINE
8
BLACK
6
CONTINUOUS
10
137.213988999999998
20
-75.1347219999999965
11
137.0813330000000008
21
-75.0258539999999954
0
LINE
8
BLACK
6
CONTINUOUS
10
137.0813330000000008
20
-75.0258539999999954
11
137.0641449999999963
21
-75.008665999999991
0
LINE
8
BLACK
6
CONTINUOUS
10
137.0641449999999963
20
-75.008665999999991
11
136.9552769999999953
21
-74.8760099999999937
0
LINE
8
BLACK
6
CONTINUOUS
10
136.9552769999999953
20
-74.8760099999999937
11
136.9417719999999861
21
-74.855797999999993
0
LINE
8
BLACK
6
CONTINUOUS
10
136.9417719999999861
20
-74.855797999999993
11
136.8608779999999854
21
-74.7044559999999933
0
LINE
8
BLACK
6
CONTINUOUS
10
136.8608779999999854
20
-74.7044559999999933
11
136.8515749999999969
21
-74.681997999999993
0
LINE
8
BLACK
6
CONTINUOUS
10
136.8515749999999969
20
-74.681997999999993
11
136.8017569999999807
21
-74.5177690000000013
0
LINE
8
BLACK
6
CONTINUOUS
10
136.8017569999999807
20
-74.5177690000000013
11
136.79701799999998
21
-74.4939409999999924
0
LINE
8
BLACK
6
CONTINUOUS
10
136.79701799999998
20
-74.4939409999999924
11
136.7795969999999954
21
-74.3170609999999954
0
LINE
8
BLACK
6
CONTINUOUS
10
136.7795969999999954
20
-74.3170609999999954
11
136.7789999999999964
21
-74.304907
0
LINE
8
BLACK
6
CONTINUOUS
10
136.7789999999999964
20
-74.304907
11
136.7789999999999964
21
-73.786997999999997
0
LINE
8
BLACK
6
CONTINUOUS
10
136.7789999999999964
20
-73.786997999999997
11
136.7789999999999964
21
-65.5389610000000005
0
LINE
8
BLACK
6
CONTINUOUS
10
136.7789999999999964
20
-65.5389610000000005
11
136.7797799999999881
21
-65.5250779999999935
0
LINE
8
BLACK
6
CONTINUOUS
10
136.7797799999999881
20
-65.5250779999999935
11
136.7816739999999811
21
-65.5082609999999903
0
LINE
8
BLACK
6
CONTINUOUS
10
136.7816739999999811
20
-65.5082609999999903
11
136.7997249999999951
21
-65.3480550000000022
0
LINE
8
BLACK
6
CONTINUOUS
10
136.7997249999999951
20
-65.3480550000000022
11
136.8059010000000058
21
-65.320998000000003
0
LINE
8
BLACK
6
CONTINUOUS
10
136.8059010000000058
20
-65.320998000000003
11
136.8624259999999992
21
-65.1594580000000008
0
LINE
8
BLACK
6
CONTINUOUS
10
136.8624259999999992
20
-65.1594580000000008
11
136.874465999999984
21
-65.1344560000000001
0
LINE
8
BLACK
6
CONTINUOUS
10
136.874465999999984
20
-65.1344560000000001
11
136.9655229999999904
21
-64.989539999999991
0
LINE
8
BLACK
6
CONTINUOUS
10
136.9655229999999904
20
-64.989539999999991
11
136.9828279999999836
21
-64.9678409999999928
0
LINE
8
BLACK
6
CONTINUOUS
10
136.9828279999999836
20
-64.9678409999999928
11
137.1038409999999885
21
-64.8468280000000021
0
LINE
8
BLACK
6
CONTINUOUS
10
137.1038409999999885
20
-64.8468280000000021
11
137.1255400000000009
21
-64.8295229999999947
0
LINE
8
BLACK
6
CONTINUOUS
10
137.1255400000000009
20
-64.8295229999999947
11
137.2704559999999958
21
-64.7384660000000025
0
LINE
8
BLACK
6
CONTINUOUS
10
137.2704559999999958
20
-64.7384660000000025
11
137.2954579999999964
21
-64.7264260000000036
0
LINE
8
BLACK
6
CONTINUOUS
10
137.2954579999999964
20
-64.7264260000000036
11
137.4569979999999987
21
-64.6699009999999959
0
LINE
8
BLACK
6
CONTINUOUS
10
137.4569979999999987
20
-64.6699009999999959
11
137.4840549999999837
21
-64.6637249999999995
0
LINE
8
BLACK
6
CONTINUOUS
10
137.4840549999999837
20
-64.6637249999999995
11
137.6444339999999897
21
-64.6456549999999908
0
LINE
8
BLACK
6
CONTINUOUS
10
137.6444339999999897
20
-64.6456549999999908
11
137.6680010000000038
21
-64.6430000000000007
0
LINE
8
BLACK
6
CONTINUOUS
10
137.6680010000000038
20
-64.6430000000000007
11
138.5569999999999879
21
-64.6430000000000007
0
LINE
8
BLACK
6
CONTINUOUS
10
138.5569999999999879
20
-64.6430000000000007
11
138.5569999999999879
21
-63.2295589999999947
0
LINE
8
BLACK
6
CONTINUOUS
10
138.5569999999999879
20
-63.2295589999999947
11
138.5766849999999977
21
-63.1625200000000007
0
LINE
8
BLACK
6
CONTINUOUS
10
138.5766849999999977
20
-63.1625200000000007
11
138.6294890000000066
21
-63.1167649999999938
0
LINE
8
BLACK
6
CONTINUOUS
10
138.6294890000000066
20
-63.1167649999999938
11
138.698646999999994
21
-63.1068209999999965
0
LINE
8
BLACK
6
CONTINUOUS
10
138.698646999999994
20
-63.1068209999999965
11
138.7564859999999953
21
-63.131183
0
LINE
8
BLACK
6
CONTINUOUS
10
138.7564859999999953
20
-63.131183
11
138.7621589999999969
21
-63.1355359999999948
0
LINE
8
BLACK
6
CONTINUOUS
10
138.7621589999999969
20
-63.1355359999999948
11
138.908237999999983
21
-63.1960440000000006
0
LINE
8
BLACK
6
CONTINUOUS
10
138.908237999999983
20
-63.1960440000000006
11
138.9866189999999904
21
-63.2063629999999961
0
LINE
8
BLACK
6
CONTINUOUS
10
138.9866189999999904
20
-63.2063629999999961
11
139.0649990000000003
21
-63.2166819999999987
0
LINE
8
BLACK
6
CONTINUOUS
10
139.0649990000000003
20
-63.2166819999999987
11
139.0649999999999977
21
-63.2166819999999987
0
LINE
8
BLACK
6
CONTINUOUS
10
139.0649999999999977
20
-63.2166819999999987
11
139.0650009999999952
21
-63.2166819999999987
0
LINE
8
BLACK
6
CONTINUOUS
10
139.0650009999999952
20
-63.2166819999999987
11
139.1172540000000026
21
-63.2098019999999963
0
LINE
8
BLACK
6
CONTINUOUS
10
139.1172540000000026
20
-63.2098019999999963
11
139.221761999999984
21
-63.1960440000000006
0
LINE
8
BLACK
6
CONTINUOUS
10
139.221761999999984
20
-63.1960440000000006
11
139.3678409999999985
21
-63.1355359999999948
0
LINE
8
BLACK
6
CONTINUOUS
10
139.3678409999999985
20
-63.1355359999999948
11
139.4932819999999936
21
-63.039282
0
LINE
8
BLACK
6
CONTINUOUS
10
139.4932819999999936
20
-63.039282
11
139.5895359999999812
21
-62.9138409999999979
0
LINE
8
BLACK
6
CONTINUOUS
10
139.5895359999999812
20
-62.9138409999999979
11
139.6500439999999799
21
-62.7677619999999976
0
LINE
8
BLACK
6
CONTINUOUS
10
139.6500439999999799
20
-62.7677619999999976
11
139.6706819999999993
21
-62.6109999999999971
0
LINE
8
BLACK
6
CONTINUOUS
10
139.6706819999999993
20
-62.6109999999999971
11
139.6681769999999858
21
-62.5919759999999954
0
LINE
8
BLACK
6
CONTINUOUS
10
139.6681769999999858
20
-62.5919759999999954
11
139.6500439999999799
21
-62.4542389999999941
0
LINE
8
BLACK
6
CONTINUOUS
10
139.6500439999999799
20
-62.4542389999999941
11
139.6500439999999799
21
-62.4542379999999966
0
LINE
8
BLACK
6
CONTINUOUS
10
139.6500439999999799
20
-62.4542379999999966
11
139.5895359999999812
21
-62.3081589999999963
0
LINE
8
BLACK
6
CONTINUOUS
10
139.5895359999999812
20
-62.3081589999999963
11
139.4932819999999936
21
-62.1827179999999942
0
LINE
8
BLACK
6
CONTINUOUS
10
139.4932819999999936
20
-62.1827179999999942
11
139.3678409999999985
21
-62.0864639999999994
0
LINE
8
BLACK
6
CONTINUOUS
10
139.3678409999999985
20
-62.0864639999999994
11
139.221761999999984
21
-62.0259559999999937
0
LINE
8
BLACK
6
CONTINUOUS
10
139.221761999999984
20
-62.0259559999999937
11
139.2217599999999891
21
-62.0259549999999962
0
LINE
8
BLACK
6
CONTINUOUS
10
139.2217599999999891
20
-62.0259549999999962
11
139.0650009999999952
21
-62.0053179999999955
0
LINE
8
BLACK
6
CONTINUOUS
10
139.0650009999999952
20
-62.0053179999999955
11
139.0649990000000003
21
-62.0053179999999955
0
LINE
8
BLACK
6
CONTINUOUS
10
139.0649990000000003
20
-62.0053179999999955
11
138.9082389999999805
21
-62.0259549999999962
0
LINE
8
BLACK
6
CONTINUOUS
10
138.9082389999999805
20
-62.0259549999999962
11
138.9082369999999855
21
-62.0259559999999937
0
LINE
8
BLACK
6
CONTINUOUS
10
138.9082369999999855
20
-62.0259559999999937
11
138.7621560000000045
21
-62.0864649999999969
0
LINE
8
BLACK
6
CONTINUOUS
10
138.7621560000000045
20
-62.0864649999999969
11
138.7564820000000054
21
-62.0908189999999962
0
LINE
8
BLACK
6
CONTINUOUS
10
138.7564820000000054
20
-62.0908189999999962
11
138.6913119999999822
21
-62.1160099999999957
0
LINE
8
BLACK
6
CONTINUOUS
10
138.6913119999999822
20
-62.1160099999999957
11
138.6228679999999827
21
-62.1019689999999969
0
LINE
8
BLACK
6
CONTINUOUS
10
138.6228679999999827
20
-62.1019689999999969
11
138.5728799999999978
21
-62.0531529999999947
0
LINE
8
BLACK
6
CONTINUOUS
10
138.5728799999999978
20
-62.0531529999999947
11
138.5569999999999879
21
-61.9924399999999949
0
LINE
8
BLACK
6
CONTINUOUS
10
138.5569999999999879
20
-61.9924399999999949
11
138.5569999999999879
21
-60.1880919999999975
0
LINE
8
BLACK
6
CONTINUOUS
10
138.5569999999999879
20
-60.1880919999999975
11
138.557596999999987
21
-60.175937999999995
0
LINE
8
BLACK
6
CONTINUOUS
10
138.557596999999987
20
-60.175937999999995
11
138.575018
21
-59.9990559999999959
0
LINE
8
BLACK
6
CONTINUOUS
10
138.575018
20
-59.9990559999999959
11
138.5797570000000007
21
-59.9752319999999983
0
LINE
8
BLACK
6
CONTINUOUS
10
138.5797570000000007
20
-59.9752319999999983
11
138.6295769999999834
21
-59.8109939999999938
0
LINE
8
BLACK
6
CONTINUOUS
10
138.6295769999999834
20
-59.8109939999999938
11
138.6388749999999845
21
-59.7885489999999962
0
LINE
8
BLACK
6
CONTINUOUS
10
138.6388749999999845
20
-59.7885489999999962
11
138.7197749999999985
21
-59.6371949999999984
0
LINE
8
BLACK
6
CONTINUOUS
10
138.7197749999999985
20
-59.6371949999999984
11
138.7332719999999995
21
-59.6169949999999957
0
LINE
8
BLACK
6
CONTINUOUS
10
138.7332719999999995
20
-59.6169949999999957
11
138.8421490000000063
21
-59.4843279999999979
0
LINE
8
BLACK
6
CONTINUOUS
10
138.8421490000000063
20
-59.4843279999999979
11
138.859328000000005
21
-59.4671489999999991
0
LINE
8
BLACK
6
CONTINUOUS
10
138.859328000000005
20
-59.4671489999999991
11
138.9919950000000028
21
-59.3582719999999995
0
LINE
8
BLACK
6
CONTINUOUS
10
138.9919950000000028
20
-59.3582719999999995
11
139.0121949999999913
21
-59.3447749999999985
0
LINE
8
BLACK
6
CONTINUOUS
10
139.0121949999999913
20
-59.3447749999999985
11
139.1635489999999891
21
-59.2638749999999987
0
LINE
8
BLACK
6
CONTINUOUS
10
139.1635489999999891
20
-59.2638749999999987
11
139.1859939999999938
21
-59.2545769999999976
0
LINE
8
BLACK
6
CONTINUOUS
10
139.1859939999999938
20
-59.2545769999999976
11
139.3502320000000054
21
-59.2047570000000007
0
LINE
8
BLACK
6
CONTINUOUS
10
139.3502320000000054
20
-59.2047570000000007
11
139.3740559999999959
21
-59.200018
0
LINE
8
BLACK
6
CONTINUOUS
10
139.3740559999999959
20
-59.200018
11
139.5509389999999996
21
-59.1825969999999941
0
LINE
8
BLACK
6
CONTINUOUS
10
139.5509389999999996
20
-59.1825969999999941
11
139.5630929999999807
21
-59.1819999999999951
0
LINE
8
BLACK
6
CONTINUOUS
10
139.5630929999999807
20
-59.1819999999999951
11
146.9489069999999913
21
-59.1819999999999951
0
LINE
8
BLACK
6
CONTINUOUS
10
146.9489069999999913
20
-59.1819999999999951
11
146.9610610000000008
21
-59.1825969999999941
0
LINE
8
BLACK
6
CONTINUOUS
10
139.3483180000000061
20
-73.7870010000000036
11
139.3689549999999997
21
-73.9437599999999975
0
LINE
8
BLACK
6
CONTINUOUS
10
139.3689549999999997
20
-73.9437599999999975
11
139.3689559999999972
21
-73.9437619999999924
0
LINE
8
BLACK
6
CONTINUOUS
10
139.3689559999999972
20
-73.9437619999999924
11
139.4294639999999958
21
-74.0898409999999927
0
LINE
8
BLACK
6
CONTINUOUS
10
139.4294639999999958
20
-74.0898409999999927
11
139.5257179999999835
21
-74.215282000000002
0
LINE
8
BLACK
6
CONTINUOUS
10
139.5257179999999835
20
-74.215282000000002
11
139.6511590000000069
21
-74.3115359999999896
0
LINE
8
BLACK
6
CONTINUOUS
10
139.6511590000000069
20
-74.3115359999999896
11
139.797237999999993
21
-74.3720440000000025
0
LINE
8
BLACK
6
CONTINUOUS
10
139.797237999999993
20
-74.3720440000000025
11
139.8756190000000004
21
-74.382362999999998
0
LINE
8
BLACK
6
CONTINUOUS
10
139.8756190000000004
20
-74.382362999999998
11
139.9539989999999818
21
-74.3926819999999935
0
LINE
8
BLACK
6
CONTINUOUS
10
139.9539989999999818
20
-74.3926819999999935
11
139.9540000000000077
21
-74.3926819999999935
0
LINE
8
BLACK
6
CONTINUOUS
10
139.9540000000000077
20
-74.3926819999999935
11
139.9540010000000052
21
-74.3926819999999935
0
LINE
8
BLACK
6
CONTINUOUS
10
139.9540010000000052
20
-74.3926819999999935
11
140.0062539999999842
21
-74.3858019999999982
0
LINE
8
BLACK
6
CONTINUOUS
10
140.0062539999999842
20
-74.3858019999999982
11
140.110761999999994
21
-74.3720440000000025
0
LINE
8
BLACK
6
CONTINUOUS
10
140.110761999999994
20
-74.3720440000000025
11
140.2568409999999801
21
-74.3115359999999896
0
LINE
8
BLACK
6
CONTINUOUS
10
140.2568409999999801
20
-74.3115359999999896
11
140.3822820000000036
21
-74.215282000000002
0
LINE
8
BLACK
6
CONTINUOUS
10
140.3822820000000036
20
-74.215282000000002
11
140.4785359999999912
21
-74.0898409999999927
0
LINE
8
BLACK
6
CONTINUOUS
10
140.4785359999999912
20
-74.0898409999999927
11
140.5390439999999899
21
-73.9437619999999924
0
LINE
8
BLACK
6
CONTINUOUS
10
140.5390439999999899
20
-73.9437619999999924
11
140.5571160000000077
21
-73.8064919999999915
0
LINE
8
BLACK
6
CONTINUOUS
10
140.5571160000000077
20
-73.8064919999999915
11
140.5596819999999809
21
-73.7870010000000036
0
LINE
8
BLACK
6
CONTINUOUS
10
140.5596819999999809
20
-73.7870010000000036
11
140.5596819999999809
21
-73.786997999999997
0
LINE
8
BLACK
6
CONTINUOUS
10
140.5596819999999809
20
-73.786997999999997
11
140.5390439999999899
21
-73.6302390000000031
0
LINE
8
BLACK
6
CONTINUOUS
10
140.5390439999999899
20
-73.6302390000000031
11
140.5390439999999899
21
-73.6302379999999914
0
LINE
8
BLACK
6
CONTINUOUS
10
140.5390439999999899
20
-73.6302379999999914
11
140.4785359999999912
21
-73.4841589999999911
0
LINE
8
BLACK
6
CONTINUOUS
10
140.4785359999999912
20
-73.4841589999999911
11
140.3822820000000036
21
-73.3587179999999961
0
LINE
8
BLACK
6
CONTINUOUS
10
140.3822820000000036
20
-73.3587179999999961
11
140.2568409999999801
21
-73.2624639999999943
0
LINE
8
BLACK
6
CONTINUOUS
10
140.2568409999999801
20
-73.2624639999999943
11
140.2496899999999869
21
-73.2595019999999977
0
LINE
8
BLACK
6
CONTINUOUS
10
140.2496899999999869
20
-73.2595019999999977
11
140.110761999999994
21
-73.2019559999999956
0
LINE
8
BLACK
6
CONTINUOUS
10
140.110761999999994
20
-73.2019559999999956
11
140.1107599999999991
21
-73.2019549999999981
0
LINE
8
BLACK
6
CONTINUOUS
10
140.1107599999999991
20
-73.2019549999999981
11
139.9540010000000052
21
-73.1813179999999903
0
LINE
8
BLACK
6
CONTINUOUS
10
139.9540010000000052
20
-73.1813179999999903
11
139.9539989999999818
21
-73.1813179999999903
0
LINE
8
BLACK
6
CONTINUOUS
10
139.9539989999999818
20
-73.1813179999999903
11
139.7972389999999905
21
-73.2019549999999981
0
LINE
8
BLACK
6
CONTINUOUS
10
139.7972389999999905
20
-73.2019549999999981
11
139.7972369999999955
21
-73.2019559999999956
0
LINE
8
BLACK
6
CONTINUOUS
10
139.7972369999999955
20
-73.2019559999999956
11
139.6511600000000044
21
-73.2624629999999968
0
LINE
8
BLACK
6
CONTINUOUS
10
139.6511600000000044
20
-73.2624629999999968
11
139.5257179999999835
21
-73.3587179999999961
0
LINE
8
BLACK
6
CONTINUOUS
10
139.5257179999999835
20
-73.3587179999999961
11
139.4294629999999984
21
-73.4841600000000028
0
LINE
8
BLACK
6
CONTINUOUS
10
139.4294629999999984
20
-73.4841600000000028
11
139.3689559999999972
21
-73.6302369999999939
0
LINE
8
BLACK
6
CONTINUOUS
10
139.3689559999999972
20
-73.6302369999999939
11
139.3689549999999997
21
-73.6302390000000031
0
LINE
8
BLACK
6
CONTINUOUS
10
139.3689549999999997
20
-73.6302390000000031
11
139.3483180000000061
21
-73.786997999999997
0
LINE
8
BLACK
6
CONTINUOUS
10
139.3483180000000061
20
-73.786997999999997
11
139.3483180000000061
21
-73.7870010000000036
0
LINE
8
BLACK
6
CONTINUOUS
10
159.2546069999999929
20
-65.1515770000000032
11
159.3661139999999818
21
-65.2083930000000009
0
LINE
8
BLACK
6
CONTINUOUS
10
159.3661139999999818
20
-65.2083930000000009
11
159.4546069999999816
21
-65.2968860000000006
0
LINE
8
BLACK
6
CONTINUOUS
10
159.4546069999999816
20
-65.2968860000000006
11
159.5114229999999793
21
-65.4083930000000038
0
LINE
8
BLACK
6
CONTINUOUS
10
159.5114229999999793
20
-65.4083930000000038
11
159.5310000000000059
21
-65.5319999999999965
0
LINE
8
BLACK
6
CONTINUOUS
10
159.5310000000000059
20
-65.5319999999999965
11
159.5114229999999793
21
-65.6556070000000034
0
LINE
8
BLACK
6
CONTINUOUS
10
159.5114229999999793
20
-65.6556070000000034
11
159.4546069999999816
21
-65.7671139999999923
0
LINE
8
BLACK
6
CONTINUOUS
10
159.4546069999999816
20
-65.7671139999999923
11
159.3661139999999818
21
-65.855606999999992
0
LINE
8
BLACK
6
CONTINUOUS
10
159.3661139999999818
20
-65.855606999999992
11
159.2546069999999929
21
-65.912423000000004
0
LINE
8
BLACK
6
CONTINUOUS
10
159.2546069999999929
20
-65.912423000000004
11
159.1310000000000002
21
-65.9320000000000022
0
LINE
8
BLACK
6
CONTINUOUS
10
159.1310000000000002
20
-65.9320000000000022
11
159.0073929999999791
21
-65.912423000000004
0
LINE
8
BLACK
6
CONTINUOUS
10
159.0073929999999791
20
-65.912423000000004
11
158.8958859999999902
21
-65.855606999999992
0
LINE
8
BLACK
6
CONTINUOUS
10
158.8958859999999902
20
-65.855606999999992
11
158.8073929999999905
21
-65.7671139999999923
0
LINE
8
BLACK
6
CONTINUOUS
10
158.8073929999999905
20
-65.7671139999999923
11
158.7505769999999927
21
-65.6556070000000034
0
LINE
8
BLACK
6
CONTINUOUS
10
158.7505769999999927
20
-65.6556070000000034
11
158.7309999999999945
21
-65.5319999999999965
0
LINE
8
BLACK
6
CONTINUOUS
10
158.7309999999999945
20
-65.5319999999999965
11
158.7505769999999927
21
-65.4083930000000038
0
LINE
8
BLACK
6
CONTINUOUS
10
158.7505769999999927
20
-65.4083930000000038
11
158.8073929999999905
21
-65.2968860000000006
0
LINE
8
BLACK
6
CONTINUOUS
10
158.8073929999999905
20
-65.2968860000000006
11
158.8958859999999902
21
-65.2083930000000009
0
LINE
8
BLACK
6
CONTINUOUS
10
158.8958859999999902
20
-65.2083930000000009
11
159.0073929999999791
21
-65.1515770000000032
0
LINE
8
BLACK
6
CONTINUOUS
10
159.0073929999999791
20
-65.1515770000000032
11
159.1310000000000002
21
-65.1319999999999908
0
LINE
8
BLACK
6
CONTINUOUS
10
159.1310000000000002
20
-65.1319999999999908
11
159.2546069999999929
21
-65.1515770000000032
0
LINE
8
BLACK
6
CONTINUOUS
10
161.5660609999999906
20
-63.2465969999999942
11
161.7429410000000018
21
-63.2640180000000001
0
LINE
8
BLACK
6
CONTINUOUS
10
161.7429410000000018
20
-63.2640180000000001
11
161.7667689999999823
21
-63.2687569999999937
0
LINE
8
BLACK
6
CONTINUOUS
10
161.7667689999999823
20
-63.2687569999999937
11
161.9310009999999806
21
-63.3185760000000002
0
LINE
8
BLACK
6
CONTINUOUS
10
161.9310009999999806
20
-63.3185760000000002
11
161.9534529999999961
21
-63.3278769999999938
0
LINE
8
BLACK
6
CONTINUOUS
10
161.9534529999999961
20
-63.3278769999999938
11
162.1047979999999882
21
-63.408771999999999
0
LINE
8
BLACK
6
CONTINUOUS
10
162.1047979999999882
20
-63.408771999999999
11
162.1250100000000032
21
-63.422276999999994
0
LINE
8
BLACK
6
CONTINUOUS
10
162.1250100000000032
20
-63.422276999999994
11
162.2576660000000004
21
-63.5311449999999951
0
LINE
8
BLACK
6
CONTINUOUS
10
162.2576660000000004
20
-63.5311449999999951
11
162.2748540000000048
21
-63.5483329999999995
0
LINE
8
BLACK
6
CONTINUOUS
10
162.2748540000000048
20
-63.5483329999999995
11
162.3837220000000059
21
-63.6809889999999967
0
LINE
8
BLACK
6
CONTINUOUS
10
162.3837220000000059
20
-63.6809889999999967
11
162.3972269999999867
21
-63.7012009999999975
0
LINE
8
BLACK
6
CONTINUOUS
10
162.3972269999999867
20
-63.7012009999999975
11
162.4781209999999874
21
-63.8525429999999972
0
LINE
8
BLACK
6
CONTINUOUS
10
162.4781209999999874
20
-63.8525429999999972
11
162.4874240000000043
21
-63.8750009999999975
0
LINE
8
BLACK
6
CONTINUOUS
10
162.4874240000000043
20
-63.8750009999999975
11
162.5372399999999971
21
-64.0392239999999902
0
LINE
8
BLACK
6
CONTINUOUS
10
162.5372399999999971
20
-64.0392239999999902
11
162.5419819999999902
21
-64.0630649999999946
0
LINE
8
BLACK
6
CONTINUOUS
10
162.5419819999999902
20
-64.0630649999999946
11
162.5594030000000032
21
-64.2399379999999951
0
LINE
8
BLACK
6
CONTINUOUS
10
162.5594030000000032
20
-64.2399379999999951
11
162.5600000000000023
21
-64.2520919999999904
0
LINE
8
BLACK
6
CONTINUOUS
10
162.5600000000000023
20
-64.2520919999999904
11
162.5600000000000023
21
-74.304907
0
LINE
8
BLACK
6
CONTINUOUS
10
162.5600000000000023
20
-74.304907
11
162.5594030000000032
21
-74.3170609999999954
0
LINE
8
BLACK
6
CONTINUOUS
10
162.5594030000000032
20
-74.3170609999999954
11
162.5419819999999902
21
-74.4939339999999959
0
LINE
8
BLACK
6
CONTINUOUS
10
162.5419819999999902
20
-74.4939339999999959
11
162.5372399999999971
21
-74.5177750000000003
0
LINE
8
BLACK
6
CONTINUOUS
10
162.5372399999999971
20
-74.5177750000000003
11
162.4874240000000043
21
-74.681997999999993
0
LINE
8
BLACK
6
CONTINUOUS
10
162.4874240000000043
20
-74.681997999999993
11
162.4781209999999874
21
-74.7044559999999933
0
LINE
8
BLACK
6
CONTINUOUS
10
162.4781209999999874
20
-74.7044559999999933
11
162.3972269999999867
21
-74.855797999999993
0
LINE
8
BLACK
6
CONTINUOUS
10
162.3972269999999867
20
-74.855797999999993
11
162.3837220000000059
21
-74.8760099999999937
0
LINE
8
BLACK
6
CONTINUOUS
10
162.3837220000000059
20
-74.8760099999999937
11
162.2748540000000048
21
-75.008665999999991
0
LINE
8
BLACK
6
CONTINUOUS
10
162.2748540000000048
20
-75.008665999999991
11
162.2576660000000004
21
-75.0258539999999954
0
LINE
8
BLACK
6
CONTINUOUS
10
162.2576660000000004
20
-75.0258539999999954
11
162.1250100000000032
21
-75.1347219999999965
0
LINE
8
BLACK
6
CONTINUOUS
10
162.1250100000000032
20
-75.1347219999999965
11
162.1047979999999882
21
-75.1482269999999914
0
LINE
8
BLACK
6
CONTINUOUS
10
162.1047979999999882
20
-75.1482269999999914
11
161.9534559999999885
21
-75.2291209999999921
0
LINE
8
BLACK
6
CONTINUOUS
10
161.9534559999999885
20
-75.2291209999999921
11
161.9309979999999882
21
-75.2384239999999949
0
LINE
8
BLACK
6
CONTINUOUS
10
161.9309979999999882
20
-75.2384239999999949
11
161.7667749999999955
21
-75.2882400000000018
0
LINE
8
BLACK
6
CONTINUOUS
10
161.7667749999999955
20
-75.2882400000000018
11
161.7429339999999911
21
-75.292981999999995
0
LINE
8
BLACK
6
CONTINUOUS
10
161.7429339999999911
20
-75.292981999999995
11
161.5660609999999906
21
-75.3104029999999938
0
LINE
8
BLACK
6
CONTINUOUS
10
161.5660609999999906
20
-75.3104029999999938
11
161.5539069999999811
21
-75.3109999999999928
0
LINE
8
BLACK
6
CONTINUOUS
10
161.5539069999999811
20
-75.3109999999999928
11
154.8030929999999898
21
-75.3109999999999928
0
LINE
8
BLACK
6
CONTINUOUS
10
154.8030929999999898
20
-75.3109999999999928
11
154.7909389999999803
21
-75.3104029999999938
0
LINE
8
BLACK
6
CONTINUOUS
10
154.7909389999999803
20
-75.3104029999999938
11
154.6140649999999823
21
-75.292981999999995
0
LINE
8
BLACK
6
CONTINUOUS
10
154.6140649999999823
20
-75.292981999999995
11
154.5902240000000063
21
-75.2882400000000018
0
LINE
8
BLACK
6
CONTINUOUS
10
154.5902240000000063
20
-75.2882400000000018
11
154.4260009999999852
21
-75.2384239999999949
0
LINE
8
BLACK
6
CONTINUOUS
10
154.4260009999999852
20
-75.2384239999999949
11
154.4035429999999849
21
-75.2291209999999921
0
LINE
8
BLACK
6
CONTINUOUS
10
154.4035429999999849
20
-75.2291209999999921
11
154.2522009999999852
21
-75.1482269999999914
0
LINE
8
BLACK
6
CONTINUOUS
10
154.2522009999999852
20
-75.1482269999999914
11
154.2319889999999987
21
-75.1347219999999965
0
LINE
8
BLACK
6
CONTINUOUS
10
154.2319889999999987
20
-75.1347219999999965
11
154.0993330000000014
21
-75.0258539999999954
0
LINE
8
BLACK
6
CONTINUOUS
10
154.0993330000000014
20
-75.0258539999999954
11
154.082144999999997
21
-75.008665999999991
0
LINE
8
BLACK
6
CONTINUOUS
10
154.082144999999997
20
-75.008665999999991
11
153.973276999999996
21
-74.8760099999999937
0
LINE
8
BLACK
6
CONTINUOUS
10
153.973276999999996
20
-74.8760099999999937
11
153.9597719999999867
21
-74.855797999999993
0
LINE
8
BLACK
6
CONTINUOUS
10
153.9597719999999867
20
-74.855797999999993
11
153.8788779999999861
21
-74.7044559999999933
0
LINE
8
BLACK
6
CONTINUOUS
10
153.8788779999999861
20
-74.7044559999999933
11
153.8695749999999975
21
-74.681997999999993
0
LINE
8
BLACK
6
CONTINUOUS
10
153.8695749999999975
20
-74.681997999999993
11
153.8197569999999814
21
-74.5177690000000013
0
LINE
8
BLACK
6
CONTINUOUS
10
153.8197569999999814
20
-74.5177690000000013
11
153.8150179999999807
21
-74.4939409999999924
0
LINE
8
BLACK
6
CONTINUOUS
10
153.8150179999999807
20
-74.4939409999999924
11
153.7975969999999961
21
-74.3170609999999954
0
LINE
8
BLACK
6
CONTINUOUS
10
153.7975969999999961
20
-74.3170609999999954
11
153.796999999999997
21
-74.304907
0
LINE
8
BLACK
6
CONTINUOUS
10
153.796999999999997
20
-74.304907
11
153.796999999999997
21
-65.5319980000000015
0
LINE
8
BLACK
6
CONTINUOUS
10
153.796999999999997
20
-65.5319980000000015
11
153.796999999999997
21
-64.2520919999999904
0
LINE
8
BLACK
6
CONTINUOUS
10
153.796999999999997
20
-64.2520919999999904
11
153.7975969999999961
21
-64.2399379999999951
0
LINE
8
BLACK
6
CONTINUOUS
10
153.7975969999999961
20
-64.2399379999999951
11
153.8150179999999807
21
-64.0630560000000031
0
LINE
8
BLACK
6
CONTINUOUS
10
153.8150179999999807
20
-64.0630560000000031
11
153.8197569999999814
21
-64.0392319999999984
0
LINE
8
BLACK
6
CONTINUOUS
10
153.8197569999999814
20
-64.0392319999999984
11
153.8695769999999925
21
-63.8749939999999938
0
LINE
8
BLACK
6
CONTINUOUS
10
153.8695769999999925
20
-63.8749939999999938
11
153.8788749999999936
21
-63.8525489999999962
0
LINE
8
BLACK
6
CONTINUOUS
10
153.8788749999999936
20
-63.8525489999999962
11
153.9597749999999792
21
-63.7011949999999985
0
LINE
8
BLACK
6
CONTINUOUS
10
153.9597749999999792
20
-63.7011949999999985
11
153.9732719999999802
21
-63.6809949999999958
0
LINE
8
BLACK
6
CONTINUOUS
10
153.9732719999999802
20
-63.6809949999999958
11
154.0821489999999869
21
-63.5483279999999979
0
LINE
8
BLACK
6
CONTINUOUS
10
154.0821489999999869
20
-63.5483279999999979
11
154.0993279999999856
21
-63.5311489999999992
0
LINE
8
BLACK
6
CONTINUOUS
10
154.0993279999999856
20
-63.5311489999999992
11
154.2319949999999835
21
-63.4222719999999995
0
LINE
8
BLACK
6
CONTINUOUS
10
154.2319949999999835
20
-63.4222719999999995
11
154.2521950000000004
21
-63.4087749999999986
0
LINE
8
BLACK
6
CONTINUOUS
10
154.2521950000000004
20
-63.4087749999999986
11
154.4035489999999982
21
-63.3278749999999988
0
LINE
8
BLACK
6
CONTINUOUS
10
154.4035489999999982
20
-63.3278749999999988
11
154.4259940000000029
21
-63.3185769999999977
0
LINE
8
BLACK
6
CONTINUOUS
10
154.4259940000000029
20
-63.3185769999999977
11
154.5902319999999861
21
-63.2687569999999937
0
LINE
8
BLACK
6
CONTINUOUS
10
154.5902319999999861
20
-63.2687569999999937
11
154.614056000000005
21
-63.2640180000000001
0
LINE
8
BLACK
6
CONTINUOUS
10
154.614056000000005
20
-63.2640180000000001
11
154.7909389999999803
21
-63.2465969999999942
0
LINE
8
BLACK
6
CONTINUOUS
10
154.7909389999999803
20
-63.2465969999999942
11
154.8030929999999898
21
-63.2459999999999951
0
LINE
8
BLACK
6
CONTINUOUS
10
154.8030929999999898
20
-63.2459999999999951
11
161.5539069999999811
21
-63.2459999999999951
0
LINE
8
BLACK
6
CONTINUOUS
10
161.5539069999999811
20
-63.2459999999999951
11
161.5660609999999906
21
-63.2465969999999942
0
LINE
8
BLACK
6
CONTINUOUS
10
158.974238999999983
20
-64.9469550000000027
11
158.974236999999988
21
-64.9469560000000001
0
LINE
8
BLACK
6
CONTINUOUS
10
158.974236999999988
20
-64.9469560000000001
11
158.8281599999999969
21
-65.0074630000000013
0
LINE
8
BLACK
6
CONTINUOUS
10
158.8281599999999969
20
-65.0074630000000013
11
158.7027180000000044
21
-65.1037180000000006
0
LINE
8
BLACK
6
CONTINUOUS
10
158.7027180000000044
20
-65.1037180000000006
11
158.6064629999999909
21
-65.2291599999999931
0
LINE
8
BLACK
6
CONTINUOUS
10
158.6064629999999909
20
-65.2291599999999931
11
158.5459559999999897
21
-65.3752369999999985
0
LINE
8
BLACK
6
CONTINUOUS
10
158.5459559999999897
20
-65.3752369999999985
11
158.5459549999999922
21
-65.3752389999999934
0
LINE
8
BLACK
6
CONTINUOUS
10
158.5459549999999922
20
-65.3752389999999934
11
158.5253179999999986
21
-65.5319980000000015
0
LINE
8
BLACK
6
CONTINUOUS
10
158.5253179999999986
20
-65.5319980000000015
11
158.5253179999999986
21
-65.532000999999994
0
LINE
8
BLACK
6
CONTINUOUS
10
158.5253179999999986
20
-65.532000999999994
11
158.5459549999999922
21
-65.688760000000002
0
LINE
8
BLACK
6
CONTINUOUS
10
158.5459549999999922
20
-65.688760000000002
11
158.5459559999999897
21
-65.688761999999997
0
LINE
8
BLACK
6
CONTINUOUS
10
158.5459559999999897
20
-65.688761999999997
11
158.6064639999999883
21
-65.8348409999999973
0
LINE
8
BLACK
6
CONTINUOUS
10
158.6064639999999883
20
-65.8348409999999973
11
158.7027180000000044
21
-65.9602819999999923
0
LINE
8
BLACK
6
CONTINUOUS
10
158.7027180000000044
20
-65.9602819999999923
11
158.8281589999999994
21
-66.0565359999999941
0
LINE
8
BLACK
6
CONTINUOUS
10
158.8281589999999994
20
-66.0565359999999941
11
158.9742379999999855
21
-66.1170439999999928
0
LINE
8
BLACK
6
CONTINUOUS
10
158.9742379999999855
20
-66.1170439999999928
11
159.0526189999999929
21
-66.1273630000000026
0
LINE
8
BLACK
6
CONTINUOUS
10
159.0526189999999929
20
-66.1273630000000026
11
159.1309990000000028
21
-66.1376819999999981
0
LINE
8
BLACK
6
CONTINUOUS
10
159.1309990000000028
20
-66.1376819999999981
11
159.1310000000000002
21
-66.1376819999999981
0
LINE
8
BLACK
6
CONTINUOUS
10
159.1310000000000002
20
-66.1376819999999981
11
159.1310009999999977
21
-66.1376819999999981
0
LINE
8
BLACK
6
CONTINUOUS
10
159.1310009999999977
20
-66.1376819999999981
11
159.1832540000000051
21
-66.1308020000000027
0
LINE
8
BLACK
6
CONTINUOUS
10
159.1832540000000051
20
-66.1308020000000027
11
159.2877619999999865
21
-66.1170439999999928
0
LINE
8
BLACK
6
CONTINUOUS
10
159.2877619999999865
20
-66.1170439999999928
11
159.433841000000001
21
-66.0565359999999941
0
LINE
8
BLACK
6
CONTINUOUS
10
159.433841000000001
20
-66.0565359999999941
11
159.5592819999999961
21
-65.9602819999999923
0
LINE
8
BLACK
6
CONTINUOUS
10
159.5592819999999961
20
-65.9602819999999923
11
159.6555359999999837
21
-65.8348409999999973
0
LINE
8
BLACK
6
CONTINUOUS
10
159.6555359999999837
20
-65.8348409999999973
11
159.7160439999999824
21
-65.688761999999997
0
LINE
8
BLACK
6
CONTINUOUS
10
159.7160439999999824
20
-65.688761999999997
11
159.7366820000000018
21
-65.5319999999999965
0
LINE
8
BLACK
6
CONTINUOUS
10
159.7366820000000018
20
-65.5319999999999965
11
159.7160439999999824
21
-65.375237999999996
0
LINE
8
BLACK
6
CONTINUOUS
10
159.7160439999999824
20
-65.375237999999996
11
159.6555359999999837
21
-65.2291589999999957
0
LINE
8
BLACK
6
CONTINUOUS
10
159.6555359999999837
20
-65.2291589999999957
11
159.5592819999999961
21
-65.1037180000000006
0
LINE
8
BLACK
6
CONTINUOUS
10
159.5592819999999961
20
-65.1037180000000006
11
159.433841000000001
21
-65.0074639999999988
0
LINE
8
BLACK
6
CONTINUOUS
10
159.433841000000001
20
-65.0074639999999988
11
159.2877619999999865
21
-64.9469560000000001
0
LINE
8
BLACK
6
CONTINUOUS
10
159.2877619999999865
20
-64.9469560000000001
11
159.2877599999999916
21
-64.9469550000000027
0
LINE
8
BLACK
6
CONTINUOUS
10
159.2877599999999916
20
-64.9469550000000027
11
159.1310009999999977
21
-64.9263179999999949
0
LINE
8
BLACK
6
CONTINUOUS
10
159.1310009999999977
20
-64.9263179999999949
11
159.1309990000000028
21
-64.9263179999999949
0
LINE
8
BLACK
6
CONTINUOUS
10
159.1309990000000028
20
-64.9263179999999949
11
158.974238999999983
21
-64.9469550000000027
0
LINE
8
BLACK
6
CONTINUOUS
10
163.0646069999999952
20
-63.5005769999999998
11
163.1761139999999841
21
-63.5573929999999976
0
LINE
8
BLACK
6
CONTINUOUS
10
163.1761139999999841
20
-63.5573929999999976
11
163.2646069999999838
21
-63.6458859999999973
0
LINE
8
BLACK
6
CONTINUOUS
10
163.2646069999999838
20
-63.6458859999999973
11
163.3214229999999816
21
-63.7573930000000004
0
LINE
8
BLACK
6
CONTINUOUS
10
163.3214229999999816
20
-63.7573930000000004
11
163.3409999999999798
21
-63.8810000000000002
0
LINE
8
BLACK
6
CONTINUOUS
10
163.3409999999999798
20
-63.8810000000000002
11
163.3214229999999816
21
-64.0046069999999929
0
LINE
8
BLACK
6
CONTINUOUS
10
163.3214229999999816
20
-64.0046069999999929
11
163.2646069999999838
21
-64.1161139999999961
0
LINE
8
BLACK
6
CONTINUOUS
10
163.2646069999999838
20
-64.1161139999999961
11
163.1761139999999841
21
-64.2046069999999958
0
LINE
8
BLACK
6
CONTINUOUS
10
163.1761139999999841
20
-64.2046069999999958
11
163.0646069999999952
21
-64.2614229999999935
0
LINE
8
BLACK
6
CONTINUOUS
10
163.0646069999999952
20
-64.2614229999999935
11
162.9410000000000025
21
-64.2809999999999917
0
LINE
8
BLACK
6
CONTINUOUS
10
162.9410000000000025
20
-64.2809999999999917
11
162.8173929999999814
21
-64.2614229999999935
0
LINE
8
BLACK
6
CONTINUOUS
10
162.8173929999999814
20
-64.2614229999999935
11
162.7058859999999925
21
-64.2046069999999958
0
LINE
8
BLACK
6
CONTINUOUS
10
162.7058859999999925
20
-64.2046069999999958
11
162.6173929999999928
21
-64.1161139999999961
0
LINE
8
BLACK
6
CONTINUOUS
10
162.6173929999999928
20
-64.1161139999999961
11
162.560576999999995
21
-64.0046069999999929
0
LINE
8
BLACK
6
CONTINUOUS
10
162.560576999999995
20
-64.0046069999999929
11
162.5409999999999968
21
-63.8810000000000002
0
LINE
8
BLACK
6
CONTINUOUS
10
162.5409999999999968
20
-63.8810000000000002
11
162.560576999999995
21
-63.7573930000000004
0
LINE
8
BLACK
6
CONTINUOUS
10
162.560576999999995
20
-63.7573930000000004
11
162.6173929999999928
21
-63.6458859999999973
0
LINE
8
BLACK
6
CONTINUOUS
10
162.6173929999999928
20
-63.6458859999999973
11
162.7058859999999925
21
-63.5573929999999976
0
LINE
8
BLACK
6
CONTINUOUS
10
162.7058859999999925
20
-63.5573929999999976
11
162.8173929999999814
21
-63.5005769999999998
0
LINE
8
BLACK
6
CONTINUOUS
10
162.8173929999999814
20
-63.5005769999999998
11
162.9410000000000025
21
-63.4809999999999945
0
LINE
8
BLACK
6
CONTINUOUS
10
162.9410000000000025
20
-63.4809999999999945
11
163.0646069999999952
21
-63.5005769999999998
0
LINE
8
BLACK
6
CONTINUOUS
10
139.1886069999999904
20
-62.2305769999999967
11
139.3001140000000078
21
-62.2873929999999945
0
LINE
8
BLACK
6
CONTINUOUS
10
139.3001140000000078
20
-62.2873929999999945
11
139.3886070000000075
21
-62.3758859999999942
0
LINE
8
BLACK
6
CONTINUOUS
10
139.3886070000000075
20
-62.3758859999999942
11
139.4454230000000052
21
-62.4873929999999973
0
LINE
8
BLACK
6
CONTINUOUS
10
139.4454230000000052
20
-62.4873929999999973
11
139.4650000000000034
21
-62.6109999999999971
0
LINE
8
BLACK
6
CONTINUOUS
10
139.4650000000000034
20
-62.6109999999999971
11
139.4454230000000052
21
-62.7346069999999969
0
LINE
8
BLACK
6
CONTINUOUS
10
139.4454230000000052
20
-62.7346069999999969
11
139.3886070000000075
21
-62.846114
0
LINE
8
BLACK
6
CONTINUOUS
10
139.3886070000000075
20
-62.846114
11
139.3001140000000078
21
-62.9346069999999997
0
LINE
8
BLACK
6
CONTINUOUS
10
139.3001140000000078
20
-62.9346069999999997
11
139.1886069999999904
21
-62.9914229999999975
0
LINE
8
BLACK
6
CONTINUOUS
10
139.1886069999999904
20
-62.9914229999999975
11
139.0649999999999977
21
-63.0109999999999957
0
LINE
8
BLACK
6
CONTINUOUS
10
139.0649999999999977
20
-63.0109999999999957
11
138.941393000000005
21
-62.9914229999999975
0
LINE
8
BLACK
6
CONTINUOUS
10
138.941393000000005
20
-62.9914229999999975
11
138.8298859999999877
21
-62.9346069999999997
0
LINE
8
BLACK
6
CONTINUOUS
10
138.8298859999999877
20
-62.9346069999999997
11
138.741392999999988
21
-62.846114
0
LINE
8
BLACK
6
CONTINUOUS
10
138.741392999999988
20
-62.846114
11
138.6845769999999902
21
-62.7346069999999969
0
LINE
8
BLACK
6
CONTINUOUS
10
138.6845769999999902
20
-62.7346069999999969
11
138.664999999999992
21
-62.6109999999999971
0
LINE
8
BLACK
6
CONTINUOUS
10
138.664999999999992
20
-62.6109999999999971
11
138.6845769999999902
21
-62.4873929999999973
0
LINE
8
BLACK
6
CONTINUOUS
10
138.6845769999999902
20
-62.4873929999999973
11
138.741392999999988
21
-62.3758859999999942
0
LINE
8
BLACK
6
CONTINUOUS
10
138.741392999999988
20
-62.3758859999999942
11
138.8298859999999877
21
-62.2873929999999945
0
LINE
8
BLACK
6
CONTINUOUS
10
138.8298859999999877
20
-62.2873929999999945
11
138.941393000000005
21
-62.2305769999999967
0
LINE
8
BLACK
6
CONTINUOUS
10
138.941393000000005
20
-62.2305769999999967
11
139.0649999999999977
21
-62.2109999999999985
0
LINE
8
BLACK
6
CONTINUOUS
10
139.0649999999999977
20
-62.2109999999999985
11
139.1886069999999904
21
-62.2305769999999967
0
LINE
8
BLACK
6
CONTINUOUS
10
137.5236069999999984
20
-58.3195769999999953
11
137.6351139999999873
21
-58.3763930000000002
0
LINE
8
BLACK
6
CONTINUOUS
10
137.6351139999999873
20
-58.3763930000000002
11
137.723606999999987
21
-58.4648859999999999
0
LINE
8
BLACK
6
CONTINUOUS
10
137.723606999999987
20
-58.4648859999999999
11
137.7804229999999848
21
-58.5763929999999959
0
LINE
8
BLACK
6
CONTINUOUS
10
137.7804229999999848
20
-58.5763929999999959
11
137.7999999999999829
21
-58.6999999999999957
0
LINE
8
BLACK
6
CONTINUOUS
10
137.7999999999999829
20
-58.6999999999999957
11
137.7804229999999848
21
-58.8236069999999955
0
LINE
8
BLACK
6
CONTINUOUS
10
137.7804229999999848
20
-58.8236069999999955
11
137.723606999999987
21
-58.9351139999999987
0
LINE
8
BLACK
6
CONTINUOUS
10
137.723606999999987
20
-58.9351139999999987
11
137.6351139999999873
21
-59.0236069999999984
0
LINE
8
BLACK
6
CONTINUOUS
10
137.6351139999999873
20
-59.0236069999999984
11
137.5236069999999984
21
-59.0804229999999961
0
LINE
8
BLACK
6
CONTINUOUS
10
137.5236069999999984
20
-59.0804229999999961
11
137.4000000000000057
21
-59.0999999999999943
0
LINE
8
BLACK
6
CONTINUOUS
10
137.4000000000000057
20
-59.0999999999999943
11
137.2763929999999846
21
-59.0804229999999961
0
LINE
8
BLACK
6
CONTINUOUS
10
137.2763929999999846
20
-59.0804229999999961
11
137.1648859999999956
21
-59.0236069999999984
0
LINE
8
BLACK
6
CONTINUOUS
10
137.1648859999999956
20
-59.0236069999999984
11
137.0763929999999959
21
-58.9351139999999987
0
LINE
8
BLACK
6
CONTINUOUS
10
137.0763929999999959
20
-58.9351139999999987
11
137.0195769999999982
21
-58.8236069999999955
0
LINE
8
BLACK
6
CONTINUOUS
10
137.0195769999999982
20
-58.8236069999999955
11
137.
21
-58.6999999999999957
0
LINE
8
BLACK
6
CONTINUOUS
10
137.
20
-58.6999999999999957
11
137.0195769999999982
21
-58.5763929999999959
0
LINE
8
BLACK
6
CONTINUOUS
10
137.0195769999999982
20
-58.5763929999999959
11
137.0763929999999959
21
-58.4648859999999999
0
LINE
8
BLACK
6
CONTINUOUS
10
137.0763929999999959
20
-58.4648859999999999
11
137.1648859999999956
21
-58.3763930000000002
0
LINE
8
BLACK
6
CONTINUOUS
10
137.1648859999999956
20
-58.3763930000000002
11
137.2763929999999846
21
-58.3195769999999953
0
LINE
8
BLACK
6
CONTINUOUS
10
137.2763929999999846
20
-58.3195769999999953
11
137.4000000000000057
21
-58.2999999999999972
0
LINE
8
BLACK
6
CONTINUOUS
10
137.4000000000000057
20
-58.2999999999999972
11
137.5236069999999984
21
-58.3195769999999953
0
LINE
8
BLACK
6
CONTINUOUS
10
149.7296069999999872
20
-49.9115770000000012
11
149.8411140000000046
21
-49.9683929999999989
0
LINE
8
BLACK
6
CONTINUOUS
10
149.8411140000000046
20
-49.9683929999999989
11
149.9296070000000043
21
-50.0568859999999987
0
LINE
8
BLACK
6
CONTINUOUS
10
149.9296070000000043
20
-50.0568859999999987
11
149.986423000000002
21
-50.1683929999999947
0
LINE
8
BLACK
6
CONTINUOUS
10
149.986423000000002
20
-50.1683929999999947
11
150.0060000000000002
21
-50.2919999999999945
0
LINE
8
BLACK
6
CONTINUOUS
10
150.0060000000000002
20
-50.2919999999999945
11
149.986423000000002
21
-50.4156069999999943
0
LINE
8
BLACK
6
CONTINUOUS
10
149.986423000000002
20
-50.4156069999999943
11
149.9296070000000043
21
-50.5271139999999974
0
LINE
8
BLACK
6
CONTINUOUS
10
149.9296070000000043
20
-50.5271139999999974
11
149.8411140000000046
21
-50.6156069999999971
0
LINE
8
BLACK
6
CONTINUOUS
10
149.8411140000000046
20
-50.6156069999999971
11
149.7296069999999872
21
-50.6724229999999949
0
LINE
8
BLACK
6
CONTINUOUS
10
149.7296069999999872
20
-50.6724229999999949
11
149.6059999999999945
21
-50.6920000000000002
0
LINE
8
BLACK
6
CONTINUOUS
10
149.6059999999999945
20
-50.6920000000000002
11
149.4823930000000018
21
-50.6724229999999949
0
LINE
8
BLACK
6
CONTINUOUS
10
149.4823930000000018
20
-50.6724229999999949
11
149.3708859999999845
21
-50.6156069999999971
0
LINE
8
BLACK
6
CONTINUOUS
10
149.3708859999999845
20
-50.6156069999999971
11
149.2823929999999848
21
-50.5271139999999974
0
LINE
8
BLACK
6
CONTINUOUS
10
149.2823929999999848
20
-50.5271139999999974
11
149.225576999999987
21
-50.4156069999999943
0
LINE
8
BLACK
6
CONTINUOUS
10
149.225576999999987
20
-50.4156069999999943
11
149.2059999999999889
21
-50.2919999999999945
0
LINE
8
BLACK
6
CONTINUOUS
10
149.2059999999999889
20
-50.2919999999999945
11
149.225576999999987
21
-50.1683929999999947
0
LINE
8
BLACK
6
CONTINUOUS
10
149.225576999999987
20
-50.1683929999999947
11
149.2823929999999848
21
-50.0568859999999987
0
LINE
8
BLACK
6
CONTINUOUS
10
149.2823929999999848
20
-50.0568859999999987
11
149.3708859999999845
21
-49.9683929999999989
0
LINE
8
BLACK
6
CONTINUOUS
10
149.3708859999999845
20
-49.9683929999999989
11
149.4823930000000018
21
-49.9115770000000012
0
LINE
8
BLACK
6
CONTINUOUS
10
149.4823930000000018
20
-49.9115770000000012
11
149.6059999999999945
21
-49.8919999999999959
0
LINE
8
BLACK
6
CONTINUOUS
10
149.6059999999999945
20
-49.8919999999999959
11
149.7296069999999872
21
-49.9115770000000012
0
LINE
8
BLACK
6
CONTINUOUS
10
161.1596069999999941
20
-50.165576999999999
11
161.271113999999983
21
-50.2223929999999967
0
LINE
8
BLACK
6
CONTINUOUS
10
161.271113999999983
20
-50.2223929999999967
11
161.3596069999999827
21
-50.3108859999999964
0
LINE
8
BLACK
6
CONTINUOUS
10
161.3596069999999827
20
-50.3108859999999964
11
161.4164229999999804
21
-50.4223929999999996
0
LINE
8
BLACK
6
CONTINUOUS
10
161.4164229999999804
20
-50.4223929999999996
11
161.4359999999999786
21
-50.5459999999999994
0
LINE
8
BLACK
6
CONTINUOUS
10
161.4359999999999786
20
-50.5459999999999994
11
161.4164229999999804
21
-50.6696069999999992
0
LINE
8
BLACK
6
CONTINUOUS
10
161.4164229999999804
20
-50.6696069999999992
11
161.3596069999999827
21
-50.7811139999999952
0
LINE
8
BLACK
6
CONTINUOUS
10
161.3596069999999827
20
-50.7811139999999952
11
161.271113999999983
21
-50.8696069999999949
0
LINE
8
BLACK
6
CONTINUOUS
10
161.271113999999983
20
-50.8696069999999949
11
161.1596069999999941
21
-50.9264229999999998
0
LINE
8
BLACK
6
CONTINUOUS
10
161.1596069999999941
20
-50.9264229999999998
11
161.0360000000000014
21
-50.945999999999998
0
LINE
8
BLACK
6
CONTINUOUS
10
161.0360000000000014
20
-50.945999999999998
11
160.9123929999999802
21
-50.9264229999999998
0
LINE
8
BLACK
6
CONTINUOUS
10
160.9123929999999802
20
-50.9264229999999998
11
160.8008859999999913
21
-50.8696069999999949
0
LINE
8
BLACK
6
CONTINUOUS
10
160.8008859999999913
20
-50.8696069999999949
11
160.7123929999999916
21
-50.7811139999999952
0
LINE
8
BLACK
6
CONTINUOUS
10
160.7123929999999916
20
-50.7811139999999952
11
160.6555769999999939
21
-50.6696069999999992
0
LINE
8
BLACK
6
CONTINUOUS
10
160.6555769999999939
20
-50.6696069999999992
11
160.6359999999999957
21
-50.5459999999999994
0
LINE
8
BLACK
6
CONTINUOUS
10
160.6359999999999957
20
-50.5459999999999994
11
160.6555769999999939
21
-50.4223929999999996
0
LINE
8
BLACK
6
CONTINUOUS
10
160.6555769999999939
20
-50.4223929999999996
11
160.7123929999999916
21
-50.3108859999999964
0
LINE
8
BLACK
6
CONTINUOUS
10
160.7123929999999916
20
-50.3108859999999964
11
160.8008859999999913
21
-50.2223929999999967
0
LINE
8
BLACK
6
CONTINUOUS
10
160.8008859999999913
20
-50.2223929999999967
11
160.9123929999999802
21
-50.165576999999999
0
LINE
8
BLACK
6
CONTINUOUS
10
160.9123929999999802
20
-50.165576999999999
11
161.0360000000000014
21
-50.1460000000000008
0
LINE
8
BLACK
6
CONTINUOUS
10
161.0360000000000014
20
-50.1460000000000008
11
161.1596069999999941
21
-50.165576999999999
0
LINE
8
BLACK
6
CONTINUOUS
10
150.0136059999999816
20
-38.5797109999999961
11
151.1305920000000071
21
-38.6182879999999997
0
LINE
8
BLACK
6
CONTINUOUS
10
151.1305920000000071
20
-38.6182879999999997
11
151.1348099999999874
21
-38.6185059999999964
0
LINE
8
BLACK
6
CONTINUOUS
10
151.1348099999999874
20
-38.6185059999999964
11
152.2498459999999909
21
-38.6956179999999961
0
LINE
8
BLACK
6
CONTINUOUS
10
152.2498459999999909
20
-38.6956179999999961
11
152.2540879999999959
21
-38.6959850000000003
0
LINE
8
BLACK
6
CONTINUOUS
10
152.2540879999999959
20
-38.6959850000000003
11
153.3658089999999845
21
-38.8115379999999988
0
LINE
8
BLACK
6
CONTINUOUS
10
153.3658089999999845
20
-38.8115379999999988
11
153.369954000000007
21
-38.8120410000000007
0
LINE
8
BLACK
6
CONTINUOUS
10
153.369954000000007
20
-38.8120410000000007
11
154.4770739999999876
21
-38.9659049999999993
0
LINE
8
BLACK
6
CONTINUOUS
10
154.4770739999999876
20
-38.9659049999999993
11
154.4812069999999835
21
-38.9665529999999976
0
LINE
8
BLACK
6
CONTINUOUS
10
154.4812069999999835
20
-38.9665529999999976
11
155.5822859999999821
21
-39.1585259999999948
0
LINE
8
BLACK
6
CONTINUOUS
10
155.5822859999999821
20
-39.1585259999999948
11
155.5864589999999907
21
-39.159327999999995
0
LINE
8
BLACK
6
CONTINUOUS
10
155.5864589999999907
20
-39.159327999999995
11
156.6762499999999818
21
-39.3883499999999955
0
LINE
8
BLACK
6
CONTINUOUS
10
156.6762499999999818
20
-39.3883499999999955
11
156.6802129999999806
21
-39.3891829999999956
0
LINE
8
BLACK
6
CONTINUOUS
10
156.6802129999999806
20
-39.3891829999999956
11
156.6843869999999868
21
-39.3901350000000008
0
LINE
8
BLACK
6
CONTINUOUS
10
156.6843869999999868
20
-39.3901350000000008
11
157.7695809999999881
21
-39.6576109999999957
0
LINE
8
BLACK
6
CONTINUOUS
10
157.7695809999999881
20
-39.6576109999999957
11
157.7736859999999979
21
-39.6586980000000011
0
LINE
8
BLACK
6
CONTINUOUS
10
157.7736859999999979
20
-39.6586980000000011
11
158.407921999999985
21
-39.8384579999999957
0
LINE
8
BLACK
6
CONTINUOUS
10
158.407921999999985
20
-39.8384579999999957
11
158.4599649999999826
21
-39.8532089999999997
0
LINE
8
BLACK
6
CONTINUOUS
10
158.4599649999999826
20
-39.8532089999999997
11
158.5190959999999905
21
-39.8904289999999975
0
LINE
8
BLACK
6
CONTINUOUS
10
158.5190959999999905
20
-39.8904289999999975
11
158.5487179999999796
21
-39.9537079999999989
0
LINE
8
BLACK
6
CONTINUOUS
10
158.5487179999999796
20
-39.9537079999999989
11
158.5394259999999917
21
-40.0229569999999981
0
LINE
8
BLACK
6
CONTINUOUS
10
158.5394259999999917
20
-40.0229569999999981
11
158.5211419999999976
21
-40.0522149999999968
0
LINE
8
BLACK
6
CONTINUOUS
10
158.5211419999999976
20
-40.0522149999999968
11
158.413944999999984
21
-40.1799689999999998
0
LINE
8
BLACK
6
CONTINUOUS
10
158.413944999999984
20
-40.1799689999999998
11
158.183525000000003
21
-40.5090409999999963
0
LINE
8
BLACK
6
CONTINUOUS
10
158.183525000000003
20
-40.5090409999999963
11
158.1835159999999973
21
-40.5090560000000011
0
LINE
8
BLACK
6
CONTINUOUS
10
158.1835159999999973
20
-40.5090560000000011
11
157.9826620000000048
21
-40.8569449999999961
0
LINE
8
BLACK
6
CONTINUOUS
10
157.9826620000000048
20
-40.8569449999999961
11
157.9826539999999966
21
-40.8569600000000008
0
LINE
8
BLACK
6
CONTINUOUS
10
157.9826539999999966
20
-40.8569600000000008
11
157.8128869999999893
21
-41.2210279999999969
0
LINE
8
BLACK
6
CONTINUOUS
10
157.8128869999999893
20
-41.2210279999999969
11
157.6754809999999907
21
-41.5985450000000014
0
LINE
8
BLACK
6
CONTINUOUS
10
157.6754809999999907
20
-41.5985450000000014
11
157.5715129999999817
21
-41.9865629999999967
0
LINE
8
BLACK
6
CONTINUOUS
10
157.5715129999999817
20
-41.9865629999999967
11
157.5715099999999893
21
-41.9865759999999995
0
LINE
8
BLACK
6
CONTINUOUS
10
157.5715099999999893
20
-41.9865759999999995
11
157.501751999999982
21
-42.3821889999999968
0
LINE
8
BLACK
6
CONTINUOUS
10
157.501751999999982
20
-42.3821889999999968
11
157.4667399999999873
21
-42.7823829999999958
0
LINE
8
BLACK
6
CONTINUOUS
10
157.4667399999999873
20
-42.7823829999999958
11
157.4667399999999873
21
-43.1841159999999959
0
LINE
8
BLACK
6
CONTINUOUS
10
157.4667399999999873
20
-43.1841159999999959
11
157.501751999999982
21
-43.584309999999995
0
LINE
8
BLACK
6
CONTINUOUS
10
157.501751999999982
20
-43.584309999999995
11
157.5715099999999893
21
-43.9799229999999994
0
LINE
8
BLACK
6
CONTINUOUS
10
157.5715099999999893
20
-43.9799229999999994
11
157.5715129999999817
21
-43.979935999999995
0
LINE
8
BLACK
6
CONTINUOUS
10
157.5715129999999817
20
-43.979935999999995
11
157.6754809999999907
21
-44.3679539999999974
0
LINE
8
BLACK
6
CONTINUOUS
10
157.6754809999999907
20
-44.3679539999999974
11
157.6754839999999831
21
-44.3679640000000006
0
LINE
8
BLACK
6
CONTINUOUS
10
157.6754839999999831
20
-44.3679640000000006
11
157.6754849999999806
21
-44.3679649999999981
0
LINE
8
BLACK
6
CONTINUOUS
10
157.6754849999999806
20
-44.3679649999999981
11
157.8128829999999994
21
-44.7454619999999963
0
LINE
8
BLACK
6
CONTINUOUS
10
157.8128829999999994
20
-44.7454619999999963
11
157.8128859999999918
21
-44.7454689999999999
0
LINE
8
BLACK
6
CONTINUOUS
10
157.8128859999999918
20
-44.7454689999999999
11
157.8128869999999893
21
-44.7454709999999949
0
LINE
8
BLACK
6
CONTINUOUS
10
157.8128869999999893
20
-44.7454709999999949
11
157.9826539999999966
21
-45.1095389999999981
0
LINE
8
BLACK
6
CONTINUOUS
10
157.9826539999999966
20
-45.1095389999999981
11
157.9826620000000048
21
-45.1095539999999957
0
LINE
8
BLACK
6
CONTINUOUS
10
157.9826620000000048
20
-45.1095539999999957
11
158.1835159999999973
21
-45.4574429999999978
0
LINE
8
BLACK
6
CONTINUOUS
10
158.1835159999999973
20
-45.4574429999999978
11
158.183525000000003
21
-45.4574579999999955
0
LINE
8
BLACK
6
CONTINUOUS
10
158.183525000000003
20
-45.4574579999999955
11
158.413944999999984
21
-45.7865309999999965
0
LINE
8
BLACK
6
CONTINUOUS
10
158.413944999999984
20
-45.7865309999999965
11
158.6109019999999816
21
-46.0212549999999965
0
LINE
8
BLACK
6
CONTINUOUS
10
158.6109019999999816
20
-46.0212549999999965
11
158.6721639999999809
21
-46.0942639999999955
0
LINE
8
BLACK
6
CONTINUOUS
10
158.6721639999999809
20
-46.0942639999999955
11
158.9562259999999867
21
-46.3783260000000013
0
LINE
8
BLACK
6
CONTINUOUS
10
158.9562259999999867
20
-46.3783260000000013
11
159.0655950000000018
21
-46.4700969999999955
0
LINE
8
BLACK
6
CONTINUOUS
10
159.0655950000000018
20
-46.4700969999999955
11
159.2639580000000024
21
-46.6365440000000007
0
LINE
8
BLACK
6
CONTINUOUS
10
159.2639580000000024
20
-46.6365440000000007
11
159.2639639999999872
21
-46.6365479999999977
0
LINE
8
BLACK
6
CONTINUOUS
10
159.2639639999999872
20
-46.6365479999999977
11
159.2639649999999847
21
-46.6365489999999951
0
LINE
8
BLACK
6
CONTINUOUS
10
159.2639649999999847
20
-46.6365489999999951
11
159.5930379999999786
21
-46.8669689999999974
0
LINE
8
BLACK
6
CONTINUOUS
10
159.5930379999999786
20
-46.8669689999999974
11
159.9190979999999911
21
-47.055219000000001
0
LINE
8
BLACK
6
CONTINUOUS
10
159.9190979999999911
20
-47.055219000000001
11
159.9409349999999961
21
-47.0678270000000012
0
LINE
8
BLACK
6
CONTINUOUS
10
159.9409349999999961
20
-47.0678270000000012
11
159.9409499999999866
21
-47.0678349999999952
0
LINE
8
BLACK
6
CONTINUOUS
10
159.9409499999999866
20
-47.0678349999999952
11
160.0576460000000054
21
-47.1222509999999986
0
LINE
8
BLACK
6
CONTINUOUS
10
160.0576460000000054
20
-47.1222509999999986
11
160.305027999999993
21
-47.237606999999997
0
LINE
8
BLACK
6
CONTINUOUS
10
160.305027999999993
20
-47.237606999999997
11
160.6825249999999983
21
-47.3750049999999945
0
LINE
8
BLACK
6
CONTINUOUS
10
160.6825249999999983
20
-47.3750049999999945
11
160.6825309999999831
21
-47.3750059999999991
0
LINE
8
BLACK
6
CONTINUOUS
10
160.6825309999999831
20
-47.3750059999999991
11
160.6825350000000014
21
-47.3750080000000011
0
LINE
8
BLACK
6
CONTINUOUS
10
160.6825350000000014
20
-47.3750080000000011
11
160.7882029999999816
21
-47.4033209999999983
0
LINE
8
BLACK
6
CONTINUOUS
10
160.7882029999999816
20
-47.4033209999999983
11
161.0705609999999979
21
-47.4789789999999954
0
LINE
8
BLACK
6
CONTINUOUS
10
161.0705609999999979
20
-47.4789789999999954
11
161.4661820000000034
21
-47.5487380000000002
0
LINE
8
BLACK
6
CONTINUOUS
10
161.4661820000000034
20
-47.5487380000000002
11
161.8663760000000025
21
-47.5837489999999974
0
LINE
8
BLACK
6
CONTINUOUS
10
161.8663760000000025
20
-47.5837489999999974
11
161.866377
21
-47.5837499999999949
0
LINE
8
BLACK
6
CONTINUOUS
10
161.866377
20
-47.5837499999999949
11
161.8663779999999974
21
-47.5837499999999949
0
LINE
8
BLACK
6
CONTINUOUS
10
161.8663779999999974
20
-47.5837499999999949
11
162.2681029999999964
21
-47.5837499999999949
0
LINE
8
BLACK
6
CONTINUOUS
10
162.2681029999999964
20
-47.5837499999999949
11
162.2681029999999964
21
-47.5837489999999974
0
LINE
8
BLACK
6
CONTINUOUS
10
162.2681029999999964
20
-47.5837489999999974
11
162.668297999999993
21
-47.5487380000000002
0
LINE
8
BLACK
6
CONTINUOUS
10
162.668297999999993
20
-47.5487380000000002
11
163.0639189999999985
21
-47.4789789999999954
0
LINE
8
BLACK
6
CONTINUOUS
10
163.0639189999999985
20
-47.4789789999999954
11
163.4519549999999981
21
-47.3750049999999945
0
LINE
8
BLACK
6
CONTINUOUS
10
163.4519549999999981
20
-47.3750049999999945
11
163.8294520000000034
21
-47.237606999999997
0
LINE
8
BLACK
6
CONTINUOUS
10
163.8294520000000034
20
-47.237606999999997
11
164.1935379999999896
21
-47.0678309999999982
0
LINE
8
BLACK
6
CONTINUOUS
10
164.1935379999999896
20
-47.0678309999999982
11
164.5414419999999893
21
-46.8669689999999974
0
LINE
8
BLACK
6
CONTINUOUS
10
164.5414419999999893
20
-46.8669689999999974
11
164.8705149999999833
21
-46.6365489999999951
0
LINE
8
BLACK
6
CONTINUOUS
10
164.8705149999999833
20
-46.6365489999999951
11
165.1782539999999813
21
-46.3783260000000013
0
LINE
8
BLACK
6
CONTINUOUS
10
165.1782539999999813
20
-46.3783260000000013
11
165.4623159999999871
21
-46.0942639999999955
0
LINE
8
BLACK
6
CONTINUOUS
10
165.4623159999999871
20
-46.0942639999999955
11
165.7205390000000023
21
-45.7865249999999975
0
LINE
8
BLACK
6
CONTINUOUS
10
165.7205390000000023
20
-45.7865249999999975
11
165.9509589999999832
21
-45.4574519999999964
0
LINE
8
BLACK
6
CONTINUOUS
10
165.9509589999999832
20
-45.4574519999999964
11
166.151820999999984
21
-45.1095479999999966
0
LINE
8
BLACK
6
CONTINUOUS
10
166.151820999999984
20
-45.1095479999999966
11
166.321596999999997
21
-44.7454619999999963
0
LINE
8
BLACK
6
CONTINUOUS
10
166.321596999999997
20
-44.7454619999999963
11
166.4589949999999874
21
-44.3679649999999981
0
LINE
8
BLACK
6
CONTINUOUS
10
166.4589949999999874
20
-44.3679649999999981
11
166.5629689999999812
21
-43.9799289999999985
0
LINE
8
BLACK
6
CONTINUOUS
10
166.5629689999999812
20
-43.9799289999999985
11
166.6154509999999789
21
-43.6822889999999973
0
LINE
8
BLACK
6
CONTINUOUS
10
166.6154509999999789
20
-43.6822889999999973
11
166.6464780000000019
21
-43.619686999999999
0
LINE
8
BLACK
6
CONTINUOUS
10
166.6464780000000019
20
-43.619686999999999
11
166.7064249999999959
21
-43.5837959999999995
0
LINE
8
BLACK
6
CONTINUOUS
10
166.7064249999999959
20
-43.5837959999999995
11
166.7762589999999818
21
-43.5860130000000012
0
LINE
8
BLACK
6
CONTINUOUS
10
166.7762589999999818
20
-43.5860130000000012
11
166.8026229999999828
21
-43.5982589999999988
0
LINE
8
BLACK
6
CONTINUOUS
10
166.8026229999999828
20
-43.5982589999999988
11
166.9763049999999964
21
-43.7053109999999947
0
LINE
8
BLACK
6
CONTINUOUS
10
166.9763049999999964
20
-43.7053109999999947
11
166.9798979999999915
21
-43.7076119999999975
0
LINE
8
BLACK
6
CONTINUOUS
10
166.9798979999999915
20
-43.7076119999999975
11
167.2042089999999916
21
-43.8567919999999987
0
LINE
8
BLACK
6
CONTINUOUS
10
167.2042089999999916
20
-43.8567919999999987
11
167.9105639999999937
21
-44.3265630000000002
0
LINE
8
BLACK
6
CONTINUOUS
10
167.9105639999999937
20
-44.3265630000000002
11
167.9140469999999823
21
-44.3289669999999987
0
LINE
8
BLACK
6
CONTINUOUS
10
167.9140469999999823
20
-44.3289669999999987
11
168.7017899999999884
21
-44.8930269999999965
0
LINE
8
BLACK
6
CONTINUOUS
10
168.7017899999999884
20
-44.8930269999999965
11
168.8227699999999913
21
-44.9796539999999965
0
LINE
8
BLACK
6
CONTINUOUS
10
168.8227699999999913
20
-44.9796539999999965
11
168.8262069999999824
21
-44.9822059999999979
0
LINE
8
BLACK
6
CONTINUOUS
10
168.8262069999999824
20
-44.9822059999999979
11
169.7119089999999915
21
-45.6638559999999956
0
LINE
8
BLACK
6
CONTINUOUS
10
169.7119089999999915
20
-45.6638559999999956
11
169.7152559999999824
21
-45.666525
0
LINE
8
BLACK
6
CONTINUOUS
10
169.7152559999999824
20
-45.666525
11
170.5769209999999987
21
-46.3783539999999945
0
LINE
8
BLACK
6
CONTINUOUS
10
170.5769209999999987
20
-46.3783539999999945
11
170.580173000000002
21
-46.3811369999999954
0
LINE
8
BLACK
6
CONTINUOUS
10
170.580173000000002
20
-46.3811369999999954
11
171.4167159999999797
21
-47.1222509999999986
0
LINE
8
BLACK
6
CONTINUOUS
10
171.4167159999999797
20
-47.1222509999999986
11
171.4198710000000005
21
-47.1251439999999988
0
LINE
8
BLACK
6
CONTINUOUS
10
171.4198710000000005
20
-47.1251439999999988
11
172.2303759999999784
21
-47.8947269999999961
0
LINE
8
BLACK
6
CONTINUOUS
10
172.2303759999999784
20
-47.8947269999999961
11
172.233429000000001
21
-47.8977280000000007
0
LINE
8
BLACK
6
CONTINUOUS
10
172.233429000000001
20
-47.8977280000000007
11
173.016871999999978
21
-48.6948119999999989
0
LINE
8
BLACK
6
CONTINUOUS
10
173.016871999999978
20
-48.6948119999999989
11
173.019818999999984
21
-48.6979159999999993
0
LINE
8
BLACK
6
CONTINUOUS
10
173.019818999999984
20
-48.6979159999999993
11
173.7752720000000011
21
-49.5215549999999993
0
LINE
8
BLACK
6
CONTINUOUS
10
173.7752720000000011
20
-49.5215549999999993
11
173.7781109999999956
21
-49.524758999999996
0
LINE
8
BLACK
6
CONTINUOUS
10
173.7781109999999956
20
-49.524758999999996
11
174.5047050000000013
21
-50.3740059999999943
0
LINE
8
BLACK
6
CONTINUOUS
10
174.5047050000000013
20
-50.3740059999999943
11
174.5074309999999969
21
-50.3773059999999973
0
LINE
8
BLACK
6
CONTINUOUS
10
174.5074309999999969
20
-50.3773059999999973
11
175.2042720000000031
21
-51.2511170000000007
0
LINE
8
BLACK
6
CONTINUOUS
10
175.2042720000000031
20
-51.2511170000000007
11
175.2068830000000048
21
-51.2545099999999962
0
LINE
8
BLACK
6
CONTINUOUS
10
175.2068830000000048
20
-51.2545099999999962
11
175.873139999999978
21
-52.1518409999999975
0
LINE
8
BLACK
6
CONTINUOUS
10
175.873139999999978
20
-52.1518409999999975
11
175.875631999999996
21
-52.1553210000000007
0
LINE
8
BLACK
6
CONTINUOUS
10
175.875631999999996
20
-52.1553210000000007
11
176.5105319999999836
21
-53.075133000000001
0
LINE
8
BLACK
6
CONTINUOUS
10
176.5105319999999836
20
-53.075133000000001
11
176.5129019999999969
21
-53.0786969999999982
0
LINE
8
BLACK
6
CONTINUOUS
10
176.5129019999999969
20
-53.0786969999999982
11
176.5580070000000035
21
-53.1491240000000005
0
LINE
8
BLACK
6
CONTINUOUS
10
176.5580070000000035
20
-53.1491240000000005
11
176.5775869999999941
21
-53.2161939999999944
0
LINE
8
BLACK
6
CONTINUOUS
10
176.5775869999999941
20
-53.2161939999999944
11
176.5577969999999937
21
-53.2832030000000003
0
LINE
8
BLACK
6
CONTINUOUS
10
176.5577969999999937
20
-53.2832030000000003
11
176.5049219999999934
21
-53.3288749999999965
0
LINE
8
BLACK
6
CONTINUOUS
10
176.5049219999999934
20
-53.3288749999999965
11
176.4535869999999989
21
-53.3399999999999963
0
LINE
8
BLACK
6
CONTINUOUS
10
176.4535869999999989
20
-53.3399999999999963
11
173.0853960000000029
21
-53.3399999999999963
0
LINE
8
BLACK
6
CONTINUOUS
10
173.0853960000000029
20
-53.3399999999999963
11
173.0481079999999849
21
-53.3342609999999979
0
LINE
8
BLACK
6
CONTINUOUS
10
173.0481079999999849
20
-53.3342609999999979
11
172.9136089999999797
21
-53.2918529999999961
0
LINE
8
BLACK
6
CONTINUOUS
10
172.9136089999999797
20
-53.2918529999999961
11
172.4787719999999922
21
-53.195451999999996
0
LINE
8
BLACK
6
CONTINUOUS
10
172.4787719999999922
20
-53.195451999999996
11
172.4787629999999865
21
-53.1954509999999985
0
LINE
8
BLACK
6
CONTINUOUS
10
172.4787629999999865
20
-53.1954509999999985
11
172.0371989999999869
21
-53.1373169999999959
0
LINE
8
BLACK
6
CONTINUOUS
10
172.0371989999999869
20
-53.1373169999999959
11
171.5922400000000039
21
-53.1178910000000002
0
LINE
8
BLACK
6
CONTINUOUS
10
171.5922400000000039
20
-53.1178910000000002
11
171.147279999999995
21
-53.1373169999999959
0
LINE
8
BLACK
6
CONTINUOUS
10
171.147279999999995
20
-53.1373169999999959
11
170.7057159999999953
21
-53.1954509999999985
0
LINE
8
BLACK
6
CONTINUOUS
10
170.7057159999999953
20
-53.1954509999999985
11
170.7057069999999896
21
-53.195451999999996
0
LINE
8
BLACK
6
CONTINUOUS
10
170.7057069999999896
20
-53.195451999999996
11
170.2708700000000022
21
-53.2918529999999961
0
LINE
8
BLACK
6
CONTINUOUS
10
170.2708700000000022
20
-53.2918529999999961
11
170.1363719999999944
21
-53.3342609999999979
0
LINE
8
BLACK
6
CONTINUOUS
10
170.1363719999999944
20
-53.3342609999999979
11
170.0990840000000048
21
-53.3399999999999963
0
LINE
8
BLACK
6
CONTINUOUS
10
170.0990840000000048
20
-53.3399999999999963
11
150.2409999999999854
21
-53.3399999999999963
0
LINE
8
BLACK
6
CONTINUOUS
10
150.2409999999999854
20
-53.3399999999999963
11
150.2409999999999854
21
-53.7940089999999955
0
LINE
8
BLACK
6
CONTINUOUS
10
150.2409999999999854
20
-53.7940089999999955
11
150.2259180000000072
21
-53.7848779999999991
0
LINE
8
BLACK
6
CONTINUOUS
10
150.2259180000000072
20
-53.7848779999999991
11
150.1952019999999948
21
-53.7221219999999988
0
LINE
8
BLACK
6
CONTINUOUS
10
150.1952019999999948
20
-53.7221219999999988
11
150.1944949999999892
21
-53.7174550000000011
0
LINE
8
BLACK
6
CONTINUOUS
10
150.1944949999999892
20
-53.7174550000000011
11
150.1910440000000051
21
-53.6912379999999985
0
LINE
8
BLACK
6
CONTINUOUS
10
150.1910440000000051
20
-53.6912379999999985
11
150.1305360000000064
21
-53.5451589999999982
0
LINE
8
BLACK
6
CONTINUOUS
10
150.1305360000000064
20
-53.5451589999999982
11
150.0342819999999904
21
-53.419717999999996
0
LINE
8
BLACK
6
CONTINUOUS
10
150.0342819999999904
20
-53.419717999999996
11
149.9088409999999953
21
-53.3234639999999942
0
LINE
8
BLACK
6
CONTINUOUS
10
149.9088409999999953
20
-53.3234639999999942
11
149.832525000000004
21
-53.2918529999999961
0
LINE
8
BLACK
6
CONTINUOUS
10
149.832525000000004
20
-53.2918529999999961
11
149.7627619999999808
21
-53.2629559999999955
0
LINE
8
BLACK
6
CONTINUOUS
10
149.7627619999999808
20
-53.2629559999999955
11
149.7627599999999859
21
-53.2629549999999981
0
LINE
8
BLACK
6
CONTINUOUS
10
149.7627599999999859
20
-53.2629549999999981
11
149.606000999999992
21
-53.2423179999999974
0
LINE
8
BLACK
6
CONTINUOUS
10
149.606000999999992
20
-53.2423179999999974
11
149.6059989999999971
21
-53.2423179999999974
0
LINE
8
BLACK
6
CONTINUOUS
10
149.6059989999999971
20
-53.2423179999999974
11
149.4492390000000057
21
-53.2629549999999981
0
LINE
8
BLACK
6
CONTINUOUS
10
149.4492390000000057
20
-53.2629549999999981
11
149.4492369999999823
21
-53.2629559999999955
0
LINE
8
BLACK
6
CONTINUOUS
10
149.4492369999999823
20
-53.2629559999999955
11
149.3031599999999912
21
-53.3234629999999967
0
LINE
8
BLACK
6
CONTINUOUS
10
149.3031599999999912
20
-53.3234629999999967
11
149.1777179999999987
21
-53.419717999999996
0
LINE
8
BLACK
6
CONTINUOUS
10
149.1777179999999987
20
-53.419717999999996
11
149.0814629999999852
21
-53.5451599999999956
0
LINE
8
BLACK
6
CONTINUOUS
10
149.0814629999999852
20
-53.5451599999999956
11
149.020955999999984
21
-53.691237000000001
0
LINE
8
BLACK
6
CONTINUOUS
10
149.020955999999984
20
-53.691237000000001
11
149.0209549999999865
21
-53.6912389999999959
0
LINE
8
BLACK
6
CONTINUOUS
10
149.0209549999999865
20
-53.6912389999999959
11
149.0003179999999929
21
-53.8479979999999969
0
LINE
8
BLACK
6
CONTINUOUS
10
149.0003179999999929
20
-53.8479979999999969
11
149.0003179999999929
21
-53.8480009999999965
0
LINE
8
BLACK
6
CONTINUOUS
10
149.0003179999999929
20
-53.8480009999999965
11
149.0209549999999865
21
-54.0047599999999974
0
LINE
8
BLACK
6
CONTINUOUS
10
149.0209549999999865
20
-54.0047599999999974
11
149.020955999999984
21
-54.0047619999999995
0
LINE
8
BLACK
6
CONTINUOUS
10
149.020955999999984
20
-54.0047619999999995
11
149.0814639999999827
21
-54.1508409999999998
0
LINE
8
BLACK
6
CONTINUOUS
10
149.0814639999999827
20
-54.1508409999999998
11
149.1777179999999987
21
-54.2762819999999948
0
LINE
8
BLACK
6
CONTINUOUS
10
149.1777179999999987
20
-54.2762819999999948
11
149.3031589999999937
21
-54.3725359999999966
0
LINE
8
BLACK
6
CONTINUOUS
10
149.3031589999999937
20
-54.3725359999999966
11
149.4492379999999798
21
-54.4330439999999953
0
LINE
8
BLACK
6
CONTINUOUS
10
149.4492379999999798
20
-54.4330439999999953
11
149.5276189999999872
21
-54.443362999999998
0
LINE
8
BLACK
6
CONTINUOUS
10
149.5276189999999872
20
-54.443362999999998
11
149.6059989999999971
21
-54.4536820000000006
0
LINE
8
BLACK
6
CONTINUOUS
10
149.6059989999999971
20
-54.4536820000000006
11
149.6059999999999945
21
-54.4536820000000006
0
LINE
8
BLACK
6
CONTINUOUS
10
149.6059999999999945
20
-54.4536820000000006
11
149.606000999999992
21
-54.4536820000000006
0
LINE
8
BLACK
6
CONTINUOUS
10
149.606000999999992
20
-54.4536820000000006
11
149.6582539999999995
21
-54.4468019999999981
0
LINE
8
BLACK
6
CONTINUOUS
10
149.6582539999999995
20
-54.4468019999999981
11
149.7627619999999808
21
-54.4330439999999953
0
LINE
8
BLACK
6
CONTINUOUS
10
149.7627619999999808
20
-54.4330439999999953
11
149.9088409999999953
21
-54.3725359999999966
0
LINE
8
BLACK
6
CONTINUOUS
10
149.9088409999999953
20
-54.3725359999999966
11
150.0342819999999904
21
-54.2762819999999948
0
LINE
8
BLACK
6
CONTINUOUS
10
150.0342819999999904
20
-54.2762819999999948
11
150.0342839999999853
21
-54.2762789999999953
0
LINE
8
BLACK
6
CONTINUOUS
10
150.0342839999999853
20
-54.2762789999999953
11
150.0407289999999989
21
-54.271333999999996
0
LINE
8
BLACK
6
CONTINUOUS
10
150.0407289999999989
20
-54.271333999999996
11
150.0427190000000053
21
-54.2739270000000005
0
LINE
8
BLACK
6
CONTINUOUS
10
150.0427190000000053
20
-54.2739270000000005
11
150.0906420000000026
21
-54.2477599999999995
0
LINE
8
BLACK
6
CONTINUOUS
10
150.0906420000000026
20
-54.2477599999999995
11
150.160334000000006
21
-54.2527439999999999
0
LINE
8
BLACK
6
CONTINUOUS
10
150.160334000000006
20
-54.2527439999999999
11
150.2162669999999878
21
-54.2946159999999978
0
LINE
8
BLACK
6
CONTINUOUS
10
150.2162669999999878
20
-54.2946159999999978
11
150.2406839999999875
21
-54.3600799999999964
0
LINE
8
BLACK
6
CONTINUOUS
10
150.2406839999999875
20
-54.3600799999999964
11
150.2409999999999854
21
-54.3689259999999948
0
LINE
8
BLACK
6
CONTINUOUS
10
150.2409999999999854
20
-54.3689259999999948
11
150.2409999999999854
21
-56.1439069999999987
0
LINE
8
BLACK
6
CONTINUOUS
10
150.2409999999999854
20
-56.1439069999999987
11
150.2404029999999864
21
-56.156060999999994
0
LINE
8
BLACK
6
CONTINUOUS
10
150.2404029999999864
20
-56.156060999999994
11
150.2229820000000018
21
-56.3329339999999945
0
LINE
8
BLACK
6
CONTINUOUS
10
150.2229820000000018
20
-56.3329339999999945
11
150.2182399999999802
21
-56.356774999999999
0
LINE
8
BLACK
6
CONTINUOUS
10
150.2182399999999802
20
-56.356774999999999
11
150.1684239999999875
21
-56.5209979999999987
0
LINE
8
BLACK
6
CONTINUOUS
10
150.1684239999999875
20
-56.5209979999999987
11
150.159120999999999
21
-56.5434559999999991
0
LINE
8
BLACK
6
CONTINUOUS
10
150.159120999999999
20
-56.5434559999999991
11
150.0782269999999983
21
-56.6947979999999987
0
LINE
8
BLACK
6
CONTINUOUS
10
150.0782269999999983
20
-56.6947979999999987
11
150.0647219999999891
21
-56.7150099999999995
0
LINE
8
BLACK
6
CONTINUOUS
10
150.0647219999999891
20
-56.7150099999999995
11
149.955853999999988
21
-56.8476659999999967
0
LINE
8
BLACK
6
CONTINUOUS
10
149.955853999999988
20
-56.8476659999999967
11
149.9386659999999836
21
-56.864853999999994
0
LINE
8
BLACK
6
CONTINUOUS
10
149.9386659999999836
20
-56.864853999999994
11
149.8060099999999863
21
-56.9737219999999951
0
LINE
8
BLACK
6
CONTINUOUS
10
149.8060099999999863
20
-56.9737219999999951
11
149.7857979999999998
21
-56.9872269999999972
0
LINE
8
BLACK
6
CONTINUOUS
10
149.7857979999999998
20
-56.9872269999999972
11
149.6344560000000001
21
-57.0681209999999979
0
LINE
8
BLACK
6
CONTINUOUS
10
149.6344560000000001
20
-57.0681209999999979
11
149.6119979999999998
21
-57.0774240000000006
0
LINE
8
BLACK
6
CONTINUOUS
10
149.6119979999999998
20
-57.0774240000000006
11
149.4477750000000071
21
-57.1272400000000005
0
LINE
8
BLACK
6
CONTINUOUS
10
149.4477750000000071
20
-57.1272400000000005
11
149.4239340000000027
21
-57.1319820000000007
0
LINE
8
BLACK
6
CONTINUOUS
10
149.4239340000000027
20
-57.1319820000000007
11
149.2470610000000022
21
-57.1494029999999995
0
LINE
8
BLACK
6
CONTINUOUS
10
149.2470610000000022
20
-57.1494029999999995
11
149.2349069999999926
21
-57.1499999999999986
0
LINE
8
BLACK
6
CONTINUOUS
10
149.2349069999999926
20
-57.1499999999999986
11
138.5470929999999896
21
-57.1499999999999986
0
LINE
8
BLACK
6
CONTINUOUS
10
138.5470929999999896
20
-57.1499999999999986
11
138.5349389999999801
21
-57.1494029999999995
0
LINE
8
BLACK
6
CONTINUOUS
10
138.5349389999999801
20
-57.1494029999999995
11
138.3580649999999821
21
-57.1319820000000007
0
LINE
8
BLACK
6
CONTINUOUS
10
138.3580649999999821
20
-57.1319820000000007
11
138.3342240000000061
21
-57.1272400000000005
0
LINE
8
BLACK
6
CONTINUOUS
10
138.3342240000000061
20
-57.1272400000000005
11
138.170000999999985
21
-57.0774240000000006
0
LINE
8
BLACK
6
CONTINUOUS
10
138.170000999999985
20
-57.0774240000000006
11
138.1475429999999847
21
-57.0681209999999979
0
LINE
8
BLACK
6
CONTINUOUS
10
138.1475429999999847
20
-57.0681209999999979
11
137.996200999999985
21
-56.9872269999999972
0
LINE
8
BLACK
6
CONTINUOUS
10
137.996200999999985
20
-56.9872269999999972
11
137.9759889999999984
21
-56.9737219999999951
0
LINE
8
BLACK
6
CONTINUOUS
10
137.9759889999999984
20
-56.9737219999999951
11
137.8433330000000012
21
-56.864853999999994
0
LINE
8
BLACK
6
CONTINUOUS
10
137.8433330000000012
20
-56.864853999999994
11
137.8261449999999968
21
-56.8476659999999967
0
LINE
8
BLACK
6
CONTINUOUS
10
137.8261449999999968
20
-56.8476659999999967
11
137.7172769999999957
21
-56.7150099999999995
0
LINE
8
BLACK
6
CONTINUOUS
10
137.7172769999999957
20
-56.7150099999999995
11
137.7037719999999865
21
-56.6947979999999987
0
LINE
8
BLACK
6
CONTINUOUS
10
137.7037719999999865
20
-56.6947979999999987
11
137.6228779999999858
21
-56.5434559999999991
0
LINE
8
BLACK
6
CONTINUOUS
10
137.6228779999999858
20
-56.5434559999999991
11
137.6135749999999973
21
-56.5209979999999987
0
LINE
8
BLACK
6
CONTINUOUS
10
137.6135749999999973
20
-56.5209979999999987
11
137.5637569999999812
21
-56.3567689999999999
0
LINE
8
BLACK
6
CONTINUOUS
10
137.5637569999999812
20
-56.3567689999999999
11
137.5590179999999805
21
-56.3329409999999982
0
LINE
8
BLACK
6
CONTINUOUS
10
137.5590179999999805
20
-56.3329409999999982
11
137.5415969999999959
21
-56.156060999999994
0
LINE
8
BLACK
6
CONTINUOUS
10
137.5415969999999959
20
-56.156060999999994
11
137.5409999999999968
21
-56.1439069999999987
0
LINE
8
BLACK
6
CONTINUOUS
10
137.5409999999999968
20
-56.1439069999999987
11
137.5409999999999968
21
-54.3400029999999958
0
LINE
8
BLACK
6
CONTINUOUS
10
137.5409999999999968
20
-54.3400029999999958
11
137.5409999999999968
21
-54.3399999999999963
0
LINE
8
BLACK
6
CONTINUOUS
10
137.5409999999999968
20
-54.3399999999999963
11
137.5409999999999968
21
-53.3399999999999963
0
LINE
8
BLACK
6
CONTINUOUS
10
137.5409999999999968
20
-53.3399999999999963
11
136.5409999999999968
21
-53.3399999999999963
0
LINE
8
BLACK
6
CONTINUOUS
10
136.5409999999999968
20
-53.3399999999999963
11
136.5409970000000044
21
-53.3399999999999963
0
LINE
8
BLACK
6
CONTINUOUS
10
136.5409970000000044
20
-53.3399999999999963
11
128.6353959999999859
21
-53.3399999999999963
0
LINE
8
BLACK
6
CONTINUOUS
10
128.6353959999999859
20
-53.3399999999999963
11
128.5981079999999963
21
-53.3342609999999979
0
LINE
8
BLACK
6
CONTINUOUS
10
128.5981079999999963
20
-53.3342609999999979
11
128.4636089999999911
21
-53.2918529999999961
0
LINE
8
BLACK
6
CONTINUOUS
10
128.4636089999999911
20
-53.2918529999999961
11
128.0287720000000036
21
-53.195451999999996
0
LINE
8
BLACK
6
CONTINUOUS
10
128.0287720000000036
20
-53.195451999999996
11
128.0287629999999979
21
-53.1954509999999985
0
LINE
8
BLACK
6
CONTINUOUS
10
128.0287629999999979
20
-53.1954509999999985
11
127.5871989999999983
21
-53.1373169999999959
0
LINE
8
BLACK
6
CONTINUOUS
10
127.5871989999999983
20
-53.1373169999999959
11
127.142240000000001
21
-53.1178910000000002
0
LINE
8
BLACK
6
CONTINUOUS
10
127.142240000000001
20
-53.1178910000000002
11
126.6972799999999921
21
-53.1373169999999959
0
LINE
8
BLACK
6
CONTINUOUS
10
126.6972799999999921
20
-53.1373169999999959
11
126.2557159999999925
21
-53.1954509999999985
0
LINE
8
BLACK
6
CONTINUOUS
10
126.2557159999999925
20
-53.1954509999999985
11
126.255707000000001
21
-53.195451999999996
0
LINE
8
BLACK
6
CONTINUOUS
10
126.255707000000001
20
-53.195451999999996
11
125.8208699999999993
21
-53.2918529999999961
0
LINE
8
BLACK
6
CONTINUOUS
10
125.8208699999999993
20
-53.2918529999999961
11
125.6863719999999915
21
-53.3342609999999979
0
LINE
8
BLACK
6
CONTINUOUS
10
125.6863719999999915
20
-53.3342609999999979
11
125.6490839999999878
21
-53.3399999999999963
0
LINE
8
BLACK
6
CONTINUOUS
10
125.6490839999999878
20
-53.3399999999999963
11
122.4474170000000015
21
-53.3399999999999963
0
LINE
8
BLACK
6
CONTINUOUS
10
122.4474170000000015
20
-53.3399999999999963
11
122.3803779999999932
21
-53.3203150000000008
0
LINE
8
BLACK
6
CONTINUOUS
10
122.3803779999999932
20
-53.3203150000000008
11
122.3346229999999935
21
-53.2675109999999989
0
LINE
8
BLACK
6
CONTINUOUS
10
122.3346229999999935
20
-53.2675109999999989
11
122.3246789999999891
21
-53.1983529999999973
0
LINE
8
BLACK
6
CONTINUOUS
10
122.3246789999999891
20
-53.1983529999999973
11
122.3429949999999877
21
-53.149127
0
LINE
8
BLACK
6
CONTINUOUS
10
122.3429949999999877
20
-53.149127
11
122.3881379999999979
21
-53.0786389999999955
0
LINE
8
BLACK
6
CONTINUOUS
10
122.3881379999999979
20
-53.0786389999999955
11
122.3904419999999931
21
-53.0751749999999944
0
LINE
8
BLACK
6
CONTINUOUS
10
122.3904419999999931
20
-53.0751749999999944
11
123.0253859999999975
21
-52.1552999999999969
0
LINE
8
BLACK
6
CONTINUOUS
10
123.0253859999999975
20
-52.1552999999999969
11
123.0278469999999942
21
-52.1518619999999942
0
LINE
8
BLACK
6
CONTINUOUS
10
123.0278469999999942
20
-52.1518619999999942
11
123.694147000000001
21
-51.2544739999999948
0
LINE
8
BLACK
6
CONTINUOUS
10
123.694147000000001
20
-51.2544739999999948
11
123.6967029999999994
21
-51.2511519999999976
0
LINE
8
BLACK
6
CONTINUOUS
10
123.6967029999999994
20
-51.2511519999999976
11
124.3935839999999899
21
-50.377289999999995
0
LINE
8
BLACK
6
CONTINUOUS
10
124.3935839999999899
20
-50.377289999999995
11
124.3962979999999874
21
-50.3740059999999943
0
LINE
8
BLACK
6
CONTINUOUS
10
124.3962979999999874
20
-50.3740059999999943
11
124.4664619999999928
21
-50.2919979999999995
0
LINE
8
BLACK
6
CONTINUOUS
10
124.4664619999999928
20
-50.2919979999999995
11
125.1229109999999878
21
-49.5247359999999972
0
LINE
8
BLACK
6
CONTINUOUS
10
125.1229109999999878
20
-49.5247359999999972
11
125.1257109999999955
21
-49.5215770000000006
0
LINE
8
BLACK
6
CONTINUOUS
10
125.1257109999999955
20
-49.5215770000000006
11
125.8812099999999958
21
-48.697887999999999
0
LINE
8
BLACK
6
CONTINUOUS
10
125.8812099999999958
20
-48.697887999999999
11
125.8841039999999936
21
-48.6948389999999947
0
LINE
8
BLACK
6
CONTINUOUS
10
125.8841039999999936
20
-48.6948389999999947
11
126.6676080000000013
21
-47.8976929999999967
0
LINE
8
BLACK
6
CONTINUOUS
10
126.6676080000000013
20
-47.8976929999999967
11
126.6705919999999992
21
-47.894759999999998
0
LINE
8
BLACK
6
CONTINUOUS
10
126.6705919999999992
20
-47.894759999999998
11
127.4811389999999989
21
-47.1251369999999952
0
LINE
8
BLACK
6
CONTINUOUS
10
127.4811389999999989
20
-47.1251369999999952
11
127.4842869999999948
21
-47.1222509999999986
0
LINE
8
BLACK
6
CONTINUOUS
10
127.4842869999999948
20
-47.1222509999999986
11
127.5457099999999997
21
-47.0678349999999952
0
LINE
8
BLACK
6
CONTINUOUS
10
127.5457099999999997
20
-47.0678349999999952
11
128.3208589999999845
21
-46.3811109999999971
0
LINE
8
BLACK
6
CONTINUOUS
10
128.3208589999999845
20
-46.3811109999999971
11
128.3240529999999922
21
-46.3783779999999979
0
LINE
8
BLACK
6
CONTINUOUS
10
128.3240529999999922
20
-46.3783779999999979
11
129.1857609999999852
21
-45.6665129999999948
0
LINE
8
BLACK
6
CONTINUOUS
10
129.1857609999999852
20
-45.6665129999999948
11
129.189077999999995
21
-45.6638680000000008
0
LINE
8
BLACK
6
CONTINUOUS
10
129.189077999999995
20
-45.6638680000000008
11
130.0748250000000041
21
-44.9821829999999991
0
LINE
8
BLACK
6
CONTINUOUS
10
130.0748250000000041
20
-44.9821829999999991
11
130.0782020000000045
21
-44.9796759999999978
0
LINE
8
BLACK
6
CONTINUOUS
10
130.0782020000000045
20
-44.9796759999999978
11
130.9869829999999808
21
-44.3289479999999969
0
LINE
8
BLACK
6
CONTINUOUS
10
130.9869829999999808
20
-44.3289479999999969
11
130.9904119999999921
21
-44.3265809999999973
0
LINE
8
BLACK
6
CONTINUOUS
10
130.9904119999999921
20
-44.3265809999999973
11
131.9211379999999849
21
-43.7075899999999962
0
LINE
8
BLACK
6
CONTINUOUS
10
131.9211379999999849
20
-43.7075899999999962
11
131.9246599999999887
21
-43.7053340000000006
0
LINE
8
BLACK
6
CONTINUOUS
10
131.9246599999999887
20
-43.7053340000000006
11
131.948174999999992
21
-43.6908400000000015
0
LINE
8
BLACK
6
CONTINUOUS
10
131.948174999999992
20
-43.6908400000000015
11
132.0155739999999867
21
-43.6724229999999949
0
LINE
8
BLACK
6
CONTINUOUS
10
132.0155739999999867
20
-43.6724229999999949
11
132.0822299999999814
21
-43.693366999999995
0
LINE
8
BLACK
6
CONTINUOUS
10
132.0822299999999814
20
-43.693366999999995
11
132.1269819999999982
21
-43.7470239999999961
0
LINE
8
BLACK
6
CONTINUOUS
10
132.1269819999999982
20
-43.7470239999999961
11
132.1353529999999807
21
-43.7748679999999979
0
LINE
8
BLACK
6
CONTINUOUS
10
132.1353529999999807
20
-43.7748679999999979
11
132.1715099999999836
21
-43.9799229999999994
0
LINE
8
BLACK
6
CONTINUOUS
10
132.1715099999999836
20
-43.9799229999999994
11
132.1715130000000045
21
-43.979935999999995
0
LINE
8
BLACK
6
CONTINUOUS
10
132.1715130000000045
20
-43.979935999999995
11
132.275480999999985
21
-44.3679539999999974
0
LINE
8
BLACK
6
CONTINUOUS
10
132.275480999999985
20
-44.3679539999999974
11
132.2754840000000058
21
-44.3679640000000006
0
LINE
8
BLACK
6
CONTINUOUS
10
132.2754840000000058
20
-44.3679640000000006
11
132.2754850000000033
21
-44.3679649999999981
0
LINE
8
BLACK
6
CONTINUOUS
10
132.2754850000000033
20
-44.3679649999999981
11
132.4128829999999937
21
-44.7454619999999963
0
LINE
8
BLACK
6
CONTINUOUS
10
132.4128829999999937
20
-44.7454619999999963
11
132.4128859999999861
21
-44.7454689999999999
0
LINE
8
BLACK
6
CONTINUOUS
10
132.4128859999999861
20
-44.7454689999999999
11
132.4128869999999836
21
-44.7454709999999949
0
LINE
8
BLACK
6
CONTINUOUS
10
132.4128869999999836
20
-44.7454709999999949
11
132.5826539999999909
21
-45.1095389999999981
0
LINE
8
BLACK
6
CONTINUOUS
10
132.5826539999999909
20
-45.1095389999999981
11
132.5826619999999991
21
-45.1095539999999957
0
LINE
8
BLACK
6
CONTINUOUS
10
132.5826619999999991
20
-45.1095539999999957
11
132.7835159999999917
21
-45.4574429999999978
0
LINE
8
BLACK
6
CONTINUOUS
10
132.7835159999999917
20
-45.4574429999999978
11
132.7835249999999974
21
-45.4574579999999955
0
LINE
8
BLACK
6
CONTINUOUS
10
132.7835249999999974
20
-45.4574579999999955
11
133.0139450000000068
21
-45.7865309999999965
0
LINE
8
BLACK
6
CONTINUOUS
10
133.0139450000000068
20
-45.7865309999999965
11
133.2109020000000044
21
-46.0212549999999965
0
LINE
8
BLACK
6
CONTINUOUS
10
133.2109020000000044
20
-46.0212549999999965
11
133.2721640000000036
21
-46.0942639999999955
0
LINE
8
BLACK
6
CONTINUOUS
10
133.2721640000000036
20
-46.0942639999999955
11
133.556225999999981
21
-46.3783260000000013
0
LINE
8
BLACK
6
CONTINUOUS
10
133.556225999999981
20
-46.3783260000000013
11
133.6655949999999962
21
-46.4700969999999955
0
LINE
8
BLACK
6
CONTINUOUS
10
133.6655949999999962
20
-46.4700969999999955
11
133.8639579999999967
21
-46.6365440000000007
0
LINE
8
BLACK
6
CONTINUOUS
10
133.8639579999999967
20
-46.6365440000000007
11
133.8639639999999815
21
-46.6365479999999977
0
LINE
8
BLACK
6
CONTINUOUS
10
133.8639639999999815
20
-46.6365479999999977
11
133.8639650000000074
21
-46.6365489999999951
0
LINE
8
BLACK
6
CONTINUOUS
10
133.8639650000000074
20
-46.6365489999999951
11
134.1930380000000014
21
-46.8669689999999974
0
LINE
8
BLACK
6
CONTINUOUS
10
134.1930380000000014
20
-46.8669689999999974
11
134.5190979999999854
21
-47.055219000000001
0
LINE
8
BLACK
6
CONTINUOUS
10
134.5190979999999854
20
-47.055219000000001
11
134.5409349999999904
21
-47.0678270000000012
0
LINE
8
BLACK
6
CONTINUOUS
10
134.5409349999999904
20
-47.0678270000000012
11
134.5409499999999809
21
-47.0678349999999952
0
LINE
8
BLACK
6
CONTINUOUS
10
134.5409499999999809
20
-47.0678349999999952
11
134.6576459999999997
21
-47.1222509999999986
0
LINE
8
BLACK
6
CONTINUOUS
10
134.6576459999999997
20
-47.1222509999999986
11
134.9050279999999873
21
-47.237606999999997
0
LINE
8
BLACK
6
CONTINUOUS
10
134.9050279999999873
20
-47.237606999999997
11
135.2825249999999926
21
-47.3750049999999945
0
LINE
8
BLACK
6
CONTINUOUS
10
135.2825249999999926
20
-47.3750049999999945
11
135.2825310000000059
21
-47.3750059999999991
0
LINE
8
BLACK
6
CONTINUOUS
10
135.2825310000000059
20
-47.3750059999999991
11
135.2825349999999958
21
-47.3750080000000011
0
LINE
8
BLACK
6
CONTINUOUS
10
135.2825349999999958
20
-47.3750080000000011
11
135.3882030000000043
21
-47.4033209999999983
0
LINE
8
BLACK
6
CONTINUOUS
10
135.3882030000000043
20
-47.4033209999999983
11
135.6705609999999922
21
-47.4789789999999954
0
LINE
8
BLACK
6
CONTINUOUS
10
135.6705609999999922
20
-47.4789789999999954
11
136.0661819999999977
21
-47.5487380000000002
0
LINE
8
BLACK
6
CONTINUOUS
10
136.0661819999999977
20
-47.5487380000000002
11
136.4663759999999968
21
-47.5837489999999974
0
LINE
8
BLACK
6
CONTINUOUS
10
136.4663759999999968
20
-47.5837489999999974
11
136.4663769999999943
21
-47.5837499999999949
0
LINE
8
BLACK
6
CONTINUOUS
10
136.4663769999999943
20
-47.5837499999999949
11
136.4663779999999917
21
-47.5837499999999949
0
LINE
8
BLACK
6
CONTINUOUS
10
136.4663779999999917
20
-47.5837499999999949
11
136.8681029999999907
21
-47.5837499999999949
0
LINE
8
BLACK
6
CONTINUOUS
10
136.8681029999999907
20
-47.5837499999999949
11
136.8681029999999907
21
-47.5837489999999974
0
LINE
8
BLACK
6
CONTINUOUS
10
136.8681029999999907
20
-47.5837489999999974
11
137.2682979999999873
21
-47.5487380000000002
0
LINE
8
BLACK
6
CONTINUOUS
10
137.2682979999999873
20
-47.5487380000000002
11
137.6639189999999928
21
-47.4789789999999954
0
LINE
8
BLACK
6
CONTINUOUS
10
137.6639189999999928
20
-47.4789789999999954
11
138.0519549999999924
21
-47.3750049999999945
0
LINE
8
BLACK
6
CONTINUOUS
10
138.0519549999999924
20
-47.3750049999999945
11
138.4294519999999977
21
-47.237606999999997
0
LINE
8
BLACK
6
CONTINUOUS
10
138.4294519999999977
20
-47.237606999999997
11
138.7935379999999839
21
-47.0678309999999982
0
LINE
8
BLACK
6
CONTINUOUS
10
138.7935379999999839
20
-47.0678309999999982
11
139.1414419999999836
21
-46.8669689999999974
0
LINE
8
BLACK
6
CONTINUOUS
10
139.1414419999999836
20
-46.8669689999999974
11
139.470515000000006
21
-46.6365489999999951
0
LINE
8
BLACK
6
CONTINUOUS
10
139.470515000000006
20
-46.6365489999999951
11
139.778254000000004
21
-46.3783260000000013
0
LINE
8
BLACK
6
CONTINUOUS
10
139.778254000000004
20
-46.3783260000000013
11
140.0623159999999814
21
-46.0942639999999955
0
LINE
8
BLACK
6
CONTINUOUS
10
140.0623159999999814
20
-46.0942639999999955
11
140.3205389999999966
21
-45.7865249999999975
0
LINE
8
BLACK
6
CONTINUOUS
10
140.3205389999999966
20
-45.7865249999999975
11
140.550959000000006
21
-45.4574519999999964
0
LINE
8
BLACK
6
CONTINUOUS
10
140.550959000000006
20
-45.4574519999999964
11
140.7518210000000067
21
-45.1095479999999966
0
LINE
8
BLACK
6
CONTINUOUS
10
140.7518210000000067
20
-45.1095479999999966
11
140.9215969999999913
21
-44.7454619999999963
0
LINE
8
BLACK
6
CONTINUOUS
10
140.9215969999999913
20
-44.7454619999999963
11
141.0589949999999817
21
-44.3679649999999981
0
LINE
8
BLACK
6
CONTINUOUS
10
141.0589949999999817
20
-44.3679649999999981
11
141.1629690000000039
21
-43.9799289999999985
0
LINE
8
BLACK
6
CONTINUOUS
10
141.1629690000000039
20
-43.9799289999999985
11
141.2327279999999803
21
-43.584308
0
LINE
8
BLACK
6
CONTINUOUS
10
141.2327279999999803
20
-43.584308
11
141.2677400000000034
21
-43.1841119999999989
0
LINE
8
BLACK
6
CONTINUOUS
10
141.2677400000000034
20
-43.1841119999999989
11
141.2677400000000034
21
-42.7823879999999974
0
LINE
8
BLACK
6
CONTINUOUS
10
141.2677400000000034
20
-42.7823879999999974
11
141.2327279999999803
21
-42.3821919999999963
0
LINE
8
BLACK
6
CONTINUOUS
10
141.2327279999999803
20
-42.3821919999999963
11
141.1629690000000039
21
-41.9865709999999979
0
LINE
8
BLACK
6
CONTINUOUS
10
141.1629690000000039
20
-41.9865709999999979
11
141.0589949999999817
21
-41.5985349999999983
0
LINE
8
BLACK
6
CONTINUOUS
10
141.0589949999999817
20
-41.5985349999999983
11
140.9215969999999913
21
-41.2210380000000001
0
LINE
8
BLACK
6
CONTINUOUS
10
140.9215969999999913
20
-41.2210380000000001
11
140.7740379999999902
21
-40.9045969999999954
0
LINE
8
BLACK
6
CONTINUOUS
10
140.7740379999999902
20
-40.9045969999999954
11
140.7518249999999966
21
-40.8569600000000008
0
LINE
8
BLACK
6
CONTINUOUS
10
140.7518249999999966
20
-40.8569600000000008
11
140.7518169999999884
21
-40.8569449999999961
0
LINE
8
BLACK
6
CONTINUOUS
10
140.7518169999999884
20
-40.8569449999999961
11
140.7392089999999882
21
-40.8351079999999982
0
LINE
8
BLACK
6
CONTINUOUS
10
140.7392089999999882
20
-40.8351079999999982
11
140.550959000000006
21
-40.5090479999999999
0
LINE
8
BLACK
6
CONTINUOUS
10
140.550959000000006
20
-40.5090479999999999
11
140.3205389999999966
21
-40.1799749999999989
0
LINE
8
BLACK
6
CONTINUOUS
10
140.3205389999999966
20
-40.1799749999999989
11
140.3205339999999808
21
-40.1799689999999998
0
LINE
8
BLACK
6
CONTINUOUS
10
140.3205339999999808
20
-40.1799689999999998
11
140.2453309999999931
21
-40.0903439999999947
0
LINE
8
BLACK
6
CONTINUOUS
10
140.2453309999999931
20
-40.0903439999999947
11
140.2173190000000034
21
-40.0263360000000006
0
LINE
8
BLACK
6
CONTINUOUS
10
140.2173190000000034
20
-40.0263360000000006
11
140.2283579999999859
21
-39.9573439999999991
0
LINE
8
BLACK
6
CONTINUOUS
10
140.2283579999999859
20
-39.9573439999999991
11
140.2749459999999999
21
-39.9052730000000011
0
LINE
8
BLACK
6
CONTINUOUS
10
140.2749459999999999
20
-39.9052730000000011
11
140.3065019999999947
21
-39.8913399999999996
0
LINE
8
BLACK
6
CONTINUOUS
10
140.3065019999999947
20
-39.8913399999999996
11
141.1273319999999956
21
-39.658693999999997
0
LINE
8
BLACK
6
CONTINUOUS
10
141.1273319999999956
20
-39.658693999999997
11
141.1314069999999958
21
-39.6576149999999998
0
LINE
8
BLACK
6
CONTINUOUS
10
141.1314069999999958
20
-39.6576149999999998
11
142.2166289999999833
21
-39.3901320000000013
0
LINE
8
BLACK
6
CONTINUOUS
10
142.2166289999999833
20
-39.3901320000000013
11
142.2207779999999957
21
-39.3891849999999977
0
LINE
8
BLACK
6
CONTINUOUS
10
142.2207779999999957
20
-39.3891849999999977
11
143.3145549999999844
21
-39.1593249999999955
0
LINE
8
BLACK
6
CONTINUOUS
10
143.3145549999999844
20
-39.1593249999999955
11
143.3187059999999917
21
-39.1585279999999969
0
LINE
8
BLACK
6
CONTINUOUS
10
143.3187059999999917
20
-39.1585279999999969
11
144.4198049999999967
21
-38.9665509999999955
0
LINE
8
BLACK
6
CONTINUOUS
10
144.4198049999999967
20
-38.9665509999999955
11
144.4239199999999812
21
-38.9659059999999968
0
LINE
8
BLACK
6
CONTINUOUS
10
144.4239199999999812
20
-38.9659059999999968
11
145.5310560000000066
21
-38.8120399999999961
0
LINE
8
BLACK
6
CONTINUOUS
10
145.5310560000000066
20
-38.8120399999999961
11
145.5351869999999792
21
-38.8115389999999962
0
LINE
8
BLACK
6
CONTINUOUS
10
145.5351869999999792
20
-38.8115389999999962
11
146.6469199999999944
21
-38.6959839999999957
0
LINE
8
BLACK
6
CONTINUOUS
10
146.6469199999999944
20
-38.6959839999999957
11
146.6511519999999962
21
-38.6956179999999961
0
LINE
8
BLACK
6
CONTINUOUS
10
146.6511519999999962
20
-38.6956179999999961
11
147.7661959999999794
21
-38.6185059999999964
0
LINE
8
BLACK
6
CONTINUOUS
10
147.7661959999999794
20
-38.6185059999999964
11
147.7704080000000033
21
-38.6182879999999997
0
LINE
8
BLACK
6
CONTINUOUS
10
147.7704080000000033
20
-38.6182879999999997
11
148.8873969999999929
21
-38.5797109999999961
0
LINE
8
BLACK
6
CONTINUOUS
10
148.8873969999999929
20
-38.5797109999999961
11
148.8916769999999872
21
-38.5796379999999957
0
LINE
8
BLACK
6
CONTINUOUS
10
148.8916769999999872
20
-38.5796379999999957
11
150.0093269999999848
21
-38.5796379999999957
0
LINE
8
BLACK
6
CONTINUOUS
10
150.0093269999999848
20
-38.5796379999999957
11
150.0136059999999816
21
-38.5797109999999961
0
LINE
8
BLACK
6
CONTINUOUS
10
149.4492390000000057
20
-49.7069550000000007
11
149.4492369999999823
21
-49.7069559999999981
0
LINE
8
BLACK
6
CONTINUOUS
10
149.4492369999999823
20
-49.7069559999999981
11
149.3031599999999912
21
-49.7674629999999993
0
LINE
8
BLACK
6
CONTINUOUS
10
149.3031599999999912
20
-49.7674629999999993
11
149.1777179999999987
21
-49.8637179999999987
0
LINE
8
BLACK
6
CONTINUOUS
10
149.1777179999999987
20
-49.8637179999999987
11
149.0814629999999852
21
-49.9891599999999983
0
LINE
8
BLACK
6
CONTINUOUS
10
149.0814629999999852
20
-49.9891599999999983
11
149.020955999999984
21
-50.1352369999999965
0
LINE
8
BLACK
6
CONTINUOUS
10
149.020955999999984
20
-50.1352369999999965
11
149.0209549999999865
21
-50.1352389999999986
0
LINE
8
BLACK
6
CONTINUOUS
10
149.0209549999999865
20
-50.1352389999999986
11
149.0003179999999929
21
-50.2919979999999995
0
LINE
8
BLACK
6
CONTINUOUS
10
149.0003179999999929
20
-50.2919979999999995
11
149.0003179999999929
21
-50.2920009999999991
0
LINE
8
BLACK
6
CONTINUOUS
10
149.0003179999999929
20
-50.2920009999999991
11
149.0209549999999865
21
-50.44876
0
LINE
8
BLACK
6
CONTINUOUS
10
149.0209549999999865
20
-50.44876
11
149.020955999999984
21
-50.448761999999995
0
LINE
8
BLACK
6
CONTINUOUS
10
149.020955999999984
20
-50.448761999999995
11
149.0612319999999897
21
-50.5459979999999973
0
LINE
8
BLACK
6
CONTINUOUS
10
149.0612319999999897
20
-50.5459979999999973
11
149.0814639999999827
21
-50.5948409999999953
0
LINE
8
BLACK
6
CONTINUOUS
10
149.0814639999999827
20
-50.5948409999999953
11
149.1777179999999987
21
-50.7202819999999974
0
LINE
8
BLACK
6
CONTINUOUS
10
149.1777179999999987
20
-50.7202819999999974
11
149.3031589999999937
21
-50.8165359999999993
0
LINE
8
BLACK
6
CONTINUOUS
10
149.3031589999999937
20
-50.8165359999999993
11
149.4492379999999798
21
-50.8770439999999979
0
LINE
8
BLACK
6
CONTINUOUS
10
149.4492379999999798
20
-50.8770439999999979
11
149.5243529999999907
21
-50.8869329999999991
0
LINE
8
BLACK
6
CONTINUOUS
10
149.5243529999999907
20
-50.8869329999999991
11
149.6059989999999971
21
-50.8976819999999961
0
LINE
8
BLACK
6
CONTINUOUS
10
149.6059989999999971
20
-50.8976819999999961
11
149.6059999999999945
21
-50.8976819999999961
0
LINE
8
BLACK
6
CONTINUOUS
10
149.6059999999999945
20
-50.8976819999999961
11
149.606000999999992
21
-50.8976819999999961
0
LINE
8
BLACK
6
CONTINUOUS
10
149.606000999999992
20
-50.8976819999999961
11
149.6876469999999983
21
-50.8869329999999991
0
LINE
8
BLACK
6
CONTINUOUS
10
149.6876469999999983
20
-50.8869329999999991
11
149.7627619999999808
21
-50.8770439999999979
0
LINE
8
BLACK
6
CONTINUOUS
10
149.7627619999999808
20
-50.8770439999999979
11
149.9088409999999953
21
-50.8165359999999993
0
LINE
8
BLACK
6
CONTINUOUS
10
149.9088409999999953
20
-50.8165359999999993
11
150.0342819999999904
21
-50.7202819999999974
0
LINE
8
BLACK
6
CONTINUOUS
10
150.0342819999999904
20
-50.7202819999999974
11
150.1305360000000064
21
-50.5948409999999953
0
LINE
8
BLACK
6
CONTINUOUS
10
150.1305360000000064
20
-50.5948409999999953
11
150.1507670000000019
21
-50.5459979999999973
0
LINE
8
BLACK
6
CONTINUOUS
10
150.1507670000000019
20
-50.5459979999999973
11
150.1910440000000051
21
-50.448761999999995
0
LINE
8
BLACK
6
CONTINUOUS
10
150.1910440000000051
20
-50.448761999999995
11
150.2116819999999962
21
-50.2919999999999945
0
LINE
8
BLACK
6
CONTINUOUS
10
150.2116819999999962
20
-50.2919999999999945
11
150.1910440000000051
21
-50.1352380000000011
0
LINE
8
BLACK
6
CONTINUOUS
10
150.1910440000000051
20
-50.1352380000000011
11
150.1305360000000064
21
-49.9891590000000008
0
LINE
8
BLACK
6
CONTINUOUS
10
150.1305360000000064
20
-49.9891590000000008
11
150.0342819999999904
21
-49.8637179999999987
0
LINE
8
BLACK
6
CONTINUOUS
10
150.0342819999999904
20
-49.8637179999999987
11
149.9088409999999953
21
-49.7674639999999968
0
LINE
8
BLACK
6
CONTINUOUS
10
149.9088409999999953
20
-49.7674639999999968
11
149.7627619999999808
21
-49.7069559999999981
0
LINE
8
BLACK
6
CONTINUOUS
10
149.7627619999999808
20
-49.7069559999999981
11
149.7627599999999859
21
-49.7069550000000007
0
LINE
8
BLACK
6
CONTINUOUS
10
149.7627599999999859
20
-49.7069550000000007
11
149.606000999999992
21
-49.686318
0
LINE
8
BLACK
6
CONTINUOUS
10
149.606000999999992
20
-49.686318
11
149.6059989999999971
21
-49.686318
0
LINE
8
BLACK
6
CONTINUOUS
10
149.6059989999999971
20
-49.686318
11
149.4492390000000057
21
-49.7069550000000007
0
LINE
8
BLACK
6
CONTINUOUS
10
160.4303179999999998
20
-50.5460009999999968
11
160.4509549999999933
21
-50.7027599999999978
0
LINE
8
BLACK
6
CONTINUOUS
10
160.4509549999999933
20
-50.7027599999999978
11
160.4509559999999908
21
-50.7027619999999999
0
LINE
8
BLACK
6
CONTINUOUS
10
160.4509559999999908
20
-50.7027619999999999
11
160.5114639999999895
21
-50.8488410000000002
0
LINE
8
BLACK
6
CONTINUOUS
10
160.5114639999999895
20
-50.8488410000000002
11
160.6077180000000055
21
-50.9742819999999952
0
LINE
8
BLACK
6
CONTINUOUS
10
160.6077180000000055
20
-50.9742819999999952
11
160.7331590000000006
21
-51.070535999999997
0
LINE
8
BLACK
6
CONTINUOUS
10
160.7331590000000006
20
-51.070535999999997
11
160.8792379999999866
21
-51.1310439999999957
0
LINE
8
BLACK
6
CONTINUOUS
10
160.8792379999999866
20
-51.1310439999999957
11
160.957618999999994
21
-51.1413629999999984
0
LINE
8
BLACK
6
CONTINUOUS
10
160.957618999999994
20
-51.1413629999999984
11
161.0359990000000039
21
-51.151682000000001
0
LINE
8
BLACK
6
CONTINUOUS
10
161.0359990000000039
20
-51.151682000000001
11
161.0360000000000014
21
-51.151682000000001
0
LINE
8
BLACK
6
CONTINUOUS
10
161.0360000000000014
20
-51.151682000000001
11
161.0360009999999988
21
-51.151682000000001
0
LINE
8
BLACK
6
CONTINUOUS
10
161.0360009999999988
20
-51.151682000000001
11
161.0882540000000063
21
-51.1448019999999985
0
LINE
8
BLACK
6
CONTINUOUS
10
161.0882540000000063
20
-51.1448019999999985
11
161.1927619999999877
21
-51.1310439999999957
0
LINE
8
BLACK
6
CONTINUOUS
10
161.1927619999999877
20
-51.1310439999999957
11
161.3388410000000022
21
-51.070535999999997
0
LINE
8
BLACK
6
CONTINUOUS
10
161.3388410000000022
20
-51.070535999999997
11
161.4642819999999972
21
-50.9742819999999952
0
LINE
8
BLACK
6
CONTINUOUS
10
161.4642819999999972
20
-50.9742819999999952
11
161.5605359999999848
21
-50.8488410000000002
0
LINE
8
BLACK
6
CONTINUOUS
10
161.5605359999999848
20
-50.8488410000000002
11
161.6210439999999835
21
-50.7027619999999999
0
LINE
8
BLACK
6
CONTINUOUS
10
161.6210439999999835
20
-50.7027619999999999
11
161.641682000000003
21
-50.5459999999999994
0
LINE
8
BLACK
6
CONTINUOUS
10
161.641682000000003
20
-50.5459999999999994
11
161.6210439999999835
21
-50.3892379999999989
0
LINE
8
BLACK
6
CONTINUOUS
10
161.6210439999999835
20
-50.3892379999999989
11
161.5605359999999848
21
-50.2431589999999986
0
LINE
8
BLACK
6
CONTINUOUS
10
161.5605359999999848
20
-50.2431589999999986
11
161.4642819999999972
21
-50.1177179999999964
0
LINE
8
BLACK
6
CONTINUOUS
10
161.4642819999999972
20
-50.1177179999999964
11
161.3388410000000022
21
-50.0214639999999946
0
LINE
8
BLACK
6
CONTINUOUS
10
161.3388410000000022
20
-50.0214639999999946
11
161.2608519999999999
21
-49.9891599999999983
0
LINE
8
BLACK
6
CONTINUOUS
10
161.2608519999999999
20
-49.9891599999999983
11
161.1927619999999877
21
-49.9609559999999959
0
LINE
8
BLACK
6
CONTINUOUS
10
161.1927619999999877
20
-49.9609559999999959
11
161.1927599999999927
21
-49.9609549999999984
0
LINE
8
BLACK
6
CONTINUOUS
10
161.1927599999999927
20
-49.9609549999999984
11
161.0360009999999988
21
-49.9403179999999978
0
LINE
8
BLACK
6
CONTINUOUS
10
161.0360009999999988
20
-49.9403179999999978
11
161.0359990000000039
21
-49.9403179999999978
0
LINE
8
BLACK
6
CONTINUOUS
10
161.0359990000000039
20
-49.9403179999999978
11
160.8792389999999841
21
-49.9609549999999984
0
LINE
8
BLACK
6
CONTINUOUS
10
160.8792389999999841
20
-49.9609549999999984
11
160.8792369999999892
21
-49.9609559999999959
0
LINE
8
BLACK
6
CONTINUOUS
10
160.8792369999999892
20
-49.9609559999999959
11
160.733159999999998
21
-50.0214629999999971
0
LINE
8
BLACK
6
CONTINUOUS
10
160.733159999999998
20
-50.0214629999999971
11
160.6077180000000055
21
-50.1177179999999964
0
LINE
8
BLACK
6
CONTINUOUS
10
160.6077180000000055
20
-50.1177179999999964
11
160.511462999999992
21
-50.243159999999996
0
LINE
8
BLACK
6
CONTINUOUS
10
160.511462999999992
20
-50.243159999999996
11
160.4509559999999908
21
-50.3892369999999943
0
LINE
8
BLACK
6
CONTINUOUS
10
160.4509559999999908
20
-50.3892369999999943
11
160.4509549999999933
21
-50.3892389999999963
0
LINE
8
BLACK
6
CONTINUOUS
10
160.4509549999999933
20
-50.3892389999999963
11
160.4303179999999998
21
-50.5459979999999973
0
LINE
8
BLACK
6
CONTINUOUS
10
160.4303179999999998
20
-50.5459979999999973
11
160.4303179999999998
21
-50.5460009999999968
0
LINE
8
BLACK
6
CONTINUOUS
10
149.7296069999999872
20
-53.4675769999999986
11
149.8411140000000046
21
-53.5243929999999963
0
LINE
8
BLACK
6
CONTINUOUS
10
149.8411140000000046
20
-53.5243929999999963
11
149.9296070000000043
21
-53.612885999999996
0
LINE
8
BLACK
6
CONTINUOUS
10
149.9296070000000043
20
-53.612885999999996
11
149.986423000000002
21
-53.7243929999999992
0
LINE
8
BLACK
6
CONTINUOUS
10
149.986423000000002
20
-53.7243929999999992
11
150.0060000000000002
21
-53.847999999999999
0
LINE
8
BLACK
6
CONTINUOUS
10
150.0060000000000002
20
-53.847999999999999
11
149.986423000000002
21
-53.9716069999999988
0
LINE
8
BLACK
6
CONTINUOUS
10
149.986423000000002
20
-53.9716069999999988
11
149.9296070000000043
21
-54.0831139999999948
0
LINE
8
BLACK
6
CONTINUOUS
10
149.9296070000000043
20
-54.0831139999999948
11
149.8411140000000046
21
-54.1716069999999945
0
LINE
8
BLACK
6
CONTINUOUS
10
149.8411140000000046
20
-54.1716069999999945
11
149.7296069999999872
21
-54.2284229999999994
0
LINE
8
BLACK
6
CONTINUOUS
10
149.7296069999999872
20
-54.2284229999999994
11
149.6059999999999945
21
-54.2479999999999976
0
LINE
8
BLACK
6
CONTINUOUS
10
149.6059999999999945
20
-54.2479999999999976
11
149.4823930000000018
21
-54.2284229999999994
0
LINE
8
BLACK
6
CONTINUOUS
10
149.4823930000000018
20
-54.2284229999999994
11
149.3708859999999845
21
-54.1716069999999945
0
LINE
8
BLACK
6
CONTINUOUS
10
149.3708859999999845
20
-54.1716069999999945
11
149.2823929999999848
21
-54.0831139999999948
0
LINE
8
BLACK
6
CONTINUOUS
10
149.2823929999999848
20
-54.0831139999999948
11
149.225576999999987
21
-53.9716069999999988
0
LINE
8
BLACK
6
CONTINUOUS
10
149.225576999999987
20
-53.9716069999999988
11
149.2059999999999889
21
-53.847999999999999
0
LINE
8
BLACK
6
CONTINUOUS
10
149.2059999999999889
20
-53.847999999999999
11
149.225576999999987
21
-53.7243929999999992
0
LINE
8
BLACK
6
CONTINUOUS
10
149.225576999999987
20
-53.7243929999999992
11
149.2823929999999848
21
-53.612885999999996
0
LINE
8
BLACK
6
CONTINUOUS
10
149.2823929999999848
20
-53.612885999999996
11
149.3708859999999845
21
-53.5243929999999963
0
LINE
8
BLACK
6
CONTINUOUS
10
149.3708859999999845
20
-53.5243929999999963
11
149.4823930000000018
21
-53.4675769999999986
0
LINE
8
BLACK
6
CONTINUOUS
10
149.4823930000000018
20
-53.4675769999999986
11
149.6059999999999945
21
-53.4480000000000004
0
LINE
8
BLACK
6
CONTINUOUS
10
149.6059999999999945
20
-53.4480000000000004
11
149.7296069999999872
21
-53.4675769999999986
0
CIRCLE
8
BLACK
10
180.0859999999999843
20
-77.7239999999999895
40
0.2
0
CIRCLE
8
BLACK
10
173.2279999999999802
20
-86.1059999999999945
40
0.2
0
CIRCLE
8
BLACK
10
173.2279999999999802
20
-78.7399999999999949
40
0.2
0
CIRCLE
8
BLACK
10
171.8309999999999889
20
-70.8659999999999997
40
0.2
0
CIRCLE
8
BLACK
10
174.2439999999999998
20
-79.2479999999999905
40
0.2
0
CIRCLE
8
BLACK
10
174.2439999999999998
20
-78.2319999999999993
40
0.2
0
CIRCLE
8
BLACK
10
174.2439999999999998
20
-80.2639999999999958
40
0.2
0
CIRCLE
8
BLACK
10
173.2279999999999802
20
-81.7879999999999967
40
0.2
0
CIRCLE
8
BLACK
10
173.2279999999999802
20
-84.8359999999999985
40
0.2
0
CIRCLE
8
BLACK
10
175.2599999999999909
20
-81.7879999999999967
40
0.2
0
CIRCLE
8
BLACK
10
165.4809999999999945
20
-67.0559999999999974
40
0.2
0
CIRCLE
8
BLACK
10
168.6560000000000059
20
-68.3259999999999934
40
0.2
0
CIRCLE
8
BLACK
10
174.2439999999999998
20
-82.2959999999999923
40
0.2
0
CIRCLE
8
BLACK
10
168.6560000000000059
20
-72.1359999999999957
40
0.2
0
CIRCLE
8
BLACK
10
176.275999999999982
20
-80.2639999999999958
40
0.2
0
CIRCLE
8
BLACK
10
168.6560000000000059
20
-67.0559999999999974
40
0.2
0
CIRCLE
8
BLACK
10
165.4809999999999945
20
-72.1359999999999957
40
0.2
0
CIRCLE
8
BLACK
10
168.6560000000000059
20
-70.8659999999999997
40
0.2
0
CIRCLE
8
BLACK
10
165.4809999999999945
20
-69.5960000000000036
40
0.2
0
CIRCLE
8
BLACK
10
168.6560000000000059
20
-69.5960000000000036
40
0.2
0
CIRCLE
8
BLACK
10
175.2599999999999909
20
-80.7719999999999914
40
0.2
0
CIRCLE
8
BLACK
10
165.4809999999999945
20
-73.4059999999999917
40
0.2
0
CIRCLE
8
BLACK
10
173.2279999999999802
20
-80.7719999999999914
40
0.2
0
CIRCLE
8
BLACK
10
171.8309999999999889
20
-65.7860000000000014
40
0.2
0
CIRCLE
8
BLACK
10
165.4809999999999945
20
-65.7860000000000014
40
0.2
0
CIRCLE
8
BLACK
10
174.2439999999999998
20
-81.2800000000000011
40
0.2
0
CIRCLE
8
BLACK
10
175.2599999999999909
20
-78.7399999999999949
40
0.2
0
CIRCLE
8
BLACK
10
171.8309999999999889
20
-69.5960000000000036
40
0.2
0
CIRCLE
8
BLACK
10
171.8309999999999889
20
-68.3259999999999934
40
0.2
0
CIRCLE
8
BLACK
10
176.275999999999982
20
-81.2800000000000011
40
0.2
0
CIRCLE
8
BLACK
10
174.2439999999999998
20
-83.3119999999999976
40
0.2
0
CIRCLE
8
BLACK
10
171.8309999999999889
20
-72.1359999999999957
40
0.2
0
CIRCLE
8
BLACK
10
171.8309999999999889
20
-73.4059999999999917
40
0.2
0
CIRCLE
8
BLACK
10
173.2279999999999802
20
-79.7560000000000002
40
0.2
0
CIRCLE
8
BLACK
10
175.2599999999999909
20
-79.7560000000000002
40
0.2
0
CIRCLE
8
BLACK
10
171.8309999999999889
20
-67.0559999999999974
40
0.2
0
CIRCLE
8
BLACK
10
173.2279999999999802
20
-82.804000000000002
40
0.2
0
CIRCLE
8
BLACK
10
173.2279999999999802
20
-83.8199999999999932
40
0.2
0
CIRCLE
8
BLACK
10
165.4809999999999945
20
-70.8659999999999997
40
0.2
0
CIRCLE
8
BLACK
10
165.4809999999999945
20
-68.3259999999999934
40
0.2
0
CIRCLE
8
BLACK
10
173.2279999999999802
20
-77.7239999999999895
40
0.2
0
CIRCLE
8
BLACK
10
159.1310000000000002
20
-65.5319999999999965
40
0.2
0
CIRCLE
8
BLACK
10
178.8160000000000025
20
-71.6280000000000001
40
0.2
0
CIRCLE
8
BLACK
10
178.8160000000000025
20
-69.0879999999999939
40
0.2
0
CIRCLE
8
BLACK
10
161.0360000000000014
20
-50.5459999999999994
40
0.2
0
CIRCLE
8
BLACK
10
140.7159999999999798
20
-53.0859999999999985
40
0.2
0
CIRCLE
8
BLACK
10
157.9879999999999995
20
-48.259999999999998
40
0.2
0
CIRCLE
8
BLACK
10
157.9879999999999995
20
-46.7359999999999971
40
0.2
0
CIRCLE
8
BLACK
10
145.7959999999999923
20
-56.2609999999999957
40
0.2
0
CIRCLE
8
BLACK
10
153.9240000000000066
20
-46.7359999999999971
40
0.2
0
CIRCLE
8
BLACK
10
144.525999999999982
20
-53.0859999999999985
40
0.2
0
CIRCLE
8
BLACK
10
143.2560000000000002
20
-49.9109999999999943
40
0.2
0
CIRCLE
8
BLACK
10
141.98599999999999
20
-49.9109999999999943
40
0.2
0
CIRCLE
8
BLACK
10
139.445999999999998
20
-56.2609999999999957
40
0.2
0
CIRCLE
8
BLACK
10
139.445999999999998
20
-49.9109999999999943
40
0.2
0
CIRCLE
8
BLACK
10
141.98599999999999
20
-53.0859999999999985
40
0.2
0
CIRCLE
8
BLACK
10
145.7959999999999923
20
-49.9109999999999943
40
0.2
0
CIRCLE
8
BLACK
10
157.4799999999999898
20
-47.4979999999999976
40
0.2
0
CIRCLE
8
BLACK
10
141.98599999999999
20
-56.2609999999999957
40
0.2
0
CIRCLE
8
BLACK
10
151.8919999999999959
20
-48.259999999999998
40
0.2
0
CIRCLE
8
BLACK
10
155.9559999999999889
20
-48.259999999999998
40
0.2
0
CIRCLE
8
BLACK
10
154.9399999999999977
20
-48.259999999999998
40
0.2
0
CIRCLE
8
BLACK
10
145.7959999999999923
20
-53.0859999999999985
40
0.2
0
CIRCLE
8
BLACK
10
144.525999999999982
20
-49.9109999999999943
40
0.2
0
CIRCLE
8
BLACK
10
158.4959999999999809
20
-47.4979999999999976
40
0.2
0
CIRCLE
8
BLACK
10
154.4319999999999879
20
-47.4979999999999976
40
0.2
0
CIRCLE
8
BLACK
10
152.4000000000000057
20
-47.4979999999999976
40
0.2
0
CIRCLE
8
BLACK
10
152.907999999999987
20
-46.7359999999999971
40
0.2
0
CIRCLE
8
BLACK
10
153.4159999999999968
20
-47.4979999999999976
40
0.2
0
CIRCLE
8
BLACK
10
140.7159999999999798
20
-56.2609999999999957
40
0.2
0
CIRCLE
8
BLACK
10
152.907999999999987
20
-48.259999999999998
40
0.2
0
CIRCLE
8
BLACK
10
156.97199999999998
20
-48.259999999999998
40
0.2
0
CIRCLE
8
BLACK
10
156.4639999999999986
20
-47.4979999999999976
40
0.2
0
CIRCLE
8
BLACK
10
143.2560000000000002
20
-56.2609999999999957
40
0.2
0
CIRCLE
8
BLACK
10
144.525999999999982
20
-56.2609999999999957
40
0.2
0
CIRCLE
8
BLACK
10
156.97199999999998
20
-46.7359999999999971
40
0.2
0
CIRCLE
8
BLACK
10
159.0039999999999907
20
-48.259999999999998
40
0.2
0
CIRCLE
8
BLACK
10
155.4479999999999791
20
-47.4979999999999976
40
0.2
0
CIRCLE
8
BLACK
10
140.7159999999999798
20
-49.9109999999999943
40
0.2
0
CIRCLE
8
BLACK
10
143.2560000000000002
20
-53.0859999999999985
40
0.2
0
CIRCLE
8
BLACK
10
178.8160000000000025
20
-70.3579999999999899
40
0.2
0
CIRCLE
8
BLACK
10
155.9559999999999889
20
-46.7359999999999971
40
0.2
0
CIRCLE
8
BLACK
10
147.0660000000000025
20
-56.2609999999999957
40
0.2
0
CIRCLE
8
BLACK
10
153.9240000000000066
20
-48.259999999999998
40
0.2
0
CIRCLE
8
BLACK
10
147.0660000000000025
20
-49.9109999999999943
40
0.2
0
CIRCLE
8
BLACK
10
154.9399999999999977
20
-46.7359999999999971
40
0.2
0
CIRCLE
8
BLACK
10
120.1419999999999959
20
-69.0879999999999939
40
0.2
0
CIRCLE
8
BLACK
10
139.0649999999999977
20
-62.6109999999999971
40
0.2
0
CIRCLE
8
BLACK
10
120.1419999999999959
20
-76.7079999999999984
40
0.2
0
CIRCLE
8
BLACK
10
125.9839999999999947
20
-77.7239999999999895
40
0.2
0
CIRCLE
8
BLACK
10
133.7309999999999945
20
-70.8659999999999997
40
0.2
0
CIRCLE
8
BLACK
10
124.9679999999999893
20
-85.597999999999999
40
0.2
0
CIRCLE
8
BLACK
10
133.7309999999999945
20
-69.5960000000000036
40
0.2
0
CIRCLE
8
BLACK
10
125.9839999999999947
20
-83.0579999999999927
40
0.2
0
CIRCLE
8
BLACK
10
125.9839999999999947
20
-78.9939999999999998
40
0.2
0
CIRCLE
8
BLACK
10
133.7309999999999945
20
-68.3259999999999934
40
0.2
0
CIRCLE
8
BLACK
10
123.9519999999999982
20
-80.0099999999999909
40
0.2
0
CIRCLE
8
BLACK
10
130.5559999999999832
20
-70.8659999999999997
40
0.2
0
CIRCLE
8
BLACK
10
125.9839999999999947
20
-85.0899999999999892
40
0.2
0
CIRCLE
8
BLACK
10
130.5559999999999832
20
-68.3259999999999934
40
0.2
0
CIRCLE
8
BLACK
10
125.9839999999999947
20
-82.0420000000000016
40
0.2
0
CIRCLE
8
BLACK
10
123.9519999999999982
20
-81.0259999999999962
40
0.2
0
CIRCLE
8
BLACK
10
123.9519999999999982
20
-86.1059999999999945
40
0.2
0
CIRCLE
8
BLACK
10
127.3810000000000002
20
-69.5960000000000036
40
0.2
0
CIRCLE
8
BLACK
10
124.9679999999999893
20
-84.5819999999999936
40
0.2
0
CIRCLE
8
BLACK
10
127.3810000000000002
20
-68.3259999999999934
40
0.2
0
CIRCLE
8
BLACK
10
123.9519999999999982
20
-85.0899999999999892
40
0.2
0
CIRCLE
8
BLACK
10
125.9839999999999947
20
-84.0739999999999981
40
0.2
0
CIRCLE
8
BLACK
10
127.3810000000000002
20
-72.1359999999999957
40
0.2
0
CIRCLE
8
BLACK
10
133.7309999999999945
20
-65.7860000000000014
40
0.2
0
CIRCLE
8
BLACK
10
124.9679999999999893
20
-82.5499999999999972
40
0.2
0
CIRCLE
8
BLACK
10
127.3810000000000002
20
-65.7860000000000014
40
0.2
0
CIRCLE
8
BLACK
10
127.3810000000000002
20
-67.0559999999999974
40
0.2
0
CIRCLE
8
BLACK
10
123.9519999999999982
20
-84.0739999999999981
40
0.2
0
CIRCLE
8
BLACK
10
123.9519999999999982
20
-83.0579999999999927
40
0.2
0
CIRCLE
8
BLACK
10
124.9679999999999893
20
-81.5339999999999918
40
0.2
0
CIRCLE
8
BLACK
10
133.7309999999999945
20
-67.0559999999999974
40
0.2
0
CIRCLE
8
BLACK
10
133.7309999999999945
20
-72.1359999999999957
40
0.2
0
CIRCLE
8
BLACK
10
130.5559999999999832
20
-69.5960000000000036
40
0.2
0
CIRCLE
8
BLACK
10
130.5559999999999832
20
-72.1359999999999957
40
0.2
0
CIRCLE
8
BLACK
10
124.9679999999999893
20
-83.5660000000000025
40
0.2
0
CIRCLE
8
BLACK
10
123.9519999999999982
20
-82.0420000000000016
40
0.2
0
CIRCLE
8
BLACK
10
127.3810000000000002
20
-73.4059999999999917
40
0.2
0
CIRCLE
8
BLACK
10
133.7309999999999945
20
-73.4059999999999917
40
0.2
0
CIRCLE
8
BLACK
10
125.9839999999999947
20
-86.1059999999999945
40
0.2
0
CIRCLE
8
BLACK
10
130.5559999999999832
20
-67.0559999999999974
40
0.2
0
CIRCLE
8
BLACK
10
125.9839999999999947
20
-80.0099999999999909
40
0.2
0
CIRCLE
8
BLACK
10
125.9839999999999947
20
-81.0259999999999962
40
0.2
0
CIRCLE
8
BLACK
10
127.3810000000000002
20
-70.8659999999999997
40
0.2
0
CIRCLE
8
BLACK
10
139.9540000000000077
20
-73.7869999999999919
40
0.2
0
CIRCLE
8
BLACK
10
120.1419999999999959
20
-71.6280000000000001
40
0.2
0
CIRCLE
8
BLACK
10
133.603999999999985
20
-105.4099999999999966
40
0.2
0
CIRCLE
8
BLACK
10
139.1920000000000073
20
-89.1539999999999964
40
0.2
0
CIRCLE
8
BLACK
10
142.7479999999999905
20
-90.1700000000000017
40
0.2
0
CIRCLE
8
BLACK
10
137.1599999999999966
20
-89.1539999999999964
40
0.2
0
CIRCLE
8
BLACK
10
145.0339999999999918
20
-110.4899999999999949
40
0.2
0
CIRCLE
8
BLACK
10
135.6359999999999957
20
-90.1700000000000017
40
0.2
0
CIRCLE
8
BLACK
10
133.603999999999985
20
-94.2339999999999947
40
0.2
0
CIRCLE
8
BLACK
10
145.0339999999999918
20
-108.4579999999999984
40
0.2
0
CIRCLE
8
BLACK
10
145.0339999999999918
20
-112.5219999999999914
40
0.2
0
CIRCLE
8
BLACK
10
143.7639999999999816
20
-90.1700000000000017
40
0.2
0
CIRCLE
8
BLACK
10
133.603999999999985
20
-107.4419999999999931
40
0.2
0
CIRCLE
8
BLACK
10
143.2560000000000002
20
-89.1539999999999964
40
0.2
0
CIRCLE
8
BLACK
10
133.603999999999985
20
-98.2980000000000018
40
0.2
0
CIRCLE
8
BLACK
10
133.603999999999985
20
-102.3619999999999948
40
0.2
0
CIRCLE
8
BLACK
10
133.603999999999985
20
-93.2179999999999893
40
0.2
0
CIRCLE
8
BLACK
10
133.603999999999985
20
-96.2659999999999911
40
0.2
0
CIRCLE
8
BLACK
10
144.7800000000000011
20
-88.137999999999991
40
0.2
0
CIRCLE
8
BLACK
10
133.603999999999985
20
-91.1859999999999928
40
0.2
0
CIRCLE
8
BLACK
10
144.2719999999999914
20
-89.1539999999999964
40
0.2
0
CIRCLE
8
BLACK
10
133.603999999999985
20
-106.4260000000000019
40
0.2
0
CIRCLE
8
BLACK
10
145.0339999999999918
20
-100.3299999999999983
40
0.2
0
CIRCLE
8
BLACK
10
145.0339999999999918
20
-96.2659999999999911
40
0.2
0
CIRCLE
8
BLACK
10
138.1759999999999877
20
-89.1539999999999964
40
0.2
0
CIRCLE
8
BLACK
10
140.2079999999999984
20
-89.1539999999999964
40
0.2
0
CIRCLE
8
BLACK
10
133.603999999999985
20
-101.3459999999999894
40
0.2
0
CIRCLE
8
BLACK
10
145.2879999999999825
20
-89.1539999999999964
40
0.2
0
CIRCLE
8
BLACK
10
145.0339999999999918
20
-92.2019999999999982
40
0.2
0
CIRCLE
8
BLACK
10
146.304000000000002
20
-89.1539999999999964
40
0.2
0
CIRCLE
8
BLACK
10
133.603999999999985
20
-109.4739999999999895
40
0.2
0
CIRCLE
8
BLACK
10
133.603999999999985
20
-108.4579999999999984
40
0.2
0
CIRCLE
8
BLACK
10
134.1119999999999948
20
-89.1539999999999964
40
0.2
0
CIRCLE
8
BLACK
10
133.603999999999985
20
-104.3939999999999912
40
0.2
0
CIRCLE
8
BLACK
10
145.0339999999999918
20
-114.5539999999999878
40
0.2
0
CIRCLE
8
BLACK
10
145.0339999999999918
20
-106.4260000000000019
40
0.2
0
CIRCLE
8
BLACK
10
133.603999999999985
20
-95.25
40
0.2
0
CIRCLE
8
BLACK
10
145.0339999999999918
20
-91.1859999999999928
40
0.2
0
CIRCLE
8
BLACK
10
134.6200000000000045
20
-90.1700000000000017
40
0.2
0
CIRCLE
8
BLACK
10
144.7800000000000011
20
-90.1700000000000017
40
0.2
0
CIRCLE
8
BLACK
10
136.6519999999999868
20
-90.1700000000000017
40
0.2
0
CIRCLE
8
BLACK
10
145.0339999999999918
20
-98.2980000000000018
40
0.2
0
CIRCLE
8
BLACK
10
135.1279999999999859
20
-89.1539999999999964
40
0.2
0
CIRCLE
8
BLACK
10
133.603999999999985
20
-99.313999999999993
40
0.2
0
CIRCLE
8
BLACK
10
133.603999999999985
20
-97.2819999999999965
40
0.2
0
CIRCLE
8
BLACK
10
145.0339999999999918
20
-104.3939999999999912
40
0.2
0
CIRCLE
8
BLACK
10
142.7479999999999905
20
-88.137999999999991
40
0.2
0
CIRCLE
8
BLACK
10
161.0360000000000014
20
-90.9320000000000022
40
0.2
0
CIRCLE
8
BLACK
10
133.603999999999985
20
-92.2019999999999982
40
0.2
0
CIRCLE
8
BLACK
10
164.5919999999999845
20
-108.965999999999994
40
0.2
0
CIRCLE
8
BLACK
10
145.0339999999999918
20
-102.3619999999999948
40
0.2
0
CIRCLE
8
BLACK
10
142.2399999999999807
20
-89.1539999999999964
40
0.2
0
CIRCLE
8
BLACK
10
145.0339999999999918
20
-94.2339999999999947
40
0.2
0
CIRCLE
8
BLACK
10
133.603999999999985
20
-90.1700000000000017
40
0.2
0
CIRCLE
8
BLACK
10
133.603999999999985
20
-110.4899999999999949
40
0.2
0
CIRCLE
8
BLACK
10
145.7959999999999923
20
-88.137999999999991
40
0.2
0
CIRCLE
8
BLACK
10
141.2239999999999895
20
-89.1539999999999964
40
0.2
0
CIRCLE
8
BLACK
10
133.603999999999985
20
-103.3780000000000001
40
0.2
0
CIRCLE
8
BLACK
10
141.7319999999999993
20
-88.137999999999991
40
0.2
0
CIRCLE
8
BLACK
10
145.7959999999999923
20
-90.1700000000000017
40
0.2
0
CIRCLE
8
BLACK
10
136.1440000000000055
20
-89.1539999999999964
40
0.2
0
CIRCLE
8
BLACK
10
133.603999999999985
20
-100.3299999999999983
40
0.2
0
CIRCLE
8
BLACK
10
143.7639999999999816
20
-88.137999999999991
40
0.2
0
CIRCLE
8
BLACK
10
149.8599999999999852
20
-79.5019999999999953
40
0.2
0
CIRCLE
8
BLACK
10
150.8760000000000048
20
-77.4699999999999989
40
0.2
0
CIRCLE
8
BLACK
10
156.4639999999999986
20
-82.5499999999999972
40
0.2
0
CIRCLE
8
BLACK
10
155.9559999999999889
20
-58.0389999999999944
40
0.2
0
CIRCLE
8
BLACK
10
132.7150000000000034
20
-85.597999999999999
40
0.2
0
CIRCLE
8
BLACK
10
163.5759999999999934
20
-82.0420000000000016
40
0.2
0
CIRCLE
8
BLACK
10
152.1459999999999866
20
-61.2139999999999986
40
0.2
0
CIRCLE
8
BLACK
10
148.8439999999999941
20
-77.4699999999999989
40
0.2
0
CIRCLE
8
BLACK
10
132.7150000000000034
20
-79.2479999999999905
40
0.2
0
CIRCLE
8
BLACK
10
154.4319999999999879
20
-80.5180000000000007
40
0.2
0
CIRCLE
8
BLACK
10
166.7510000000000048
20
-78.2319999999999993
40
0.2
0
CIRCLE
8
BLACK
10
155.9559999999999889
20
-79.5019999999999953
40
0.2
0
CIRCLE
8
BLACK
10
152.907999999999987
20
-77.4699999999999989
40
0.2
0
CIRCLE
8
BLACK
10
158.4959999999999809
20
-58.0389999999999944
40
0.2
0
CIRCLE
8
BLACK
10
157.2259999999999991
20
-61.2139999999999986
40
0.2
0
CIRCLE
8
BLACK
10
149.3520000000000039
20
-82.5499999999999972
40
0.2
0
CIRCLE
8
BLACK
10
151.3839999999999861
20
-82.5499999999999972
40
0.2
0
CIRCLE
8
BLACK
10
153.4159999999999968
20
-80.5180000000000007
40
0.2
0
CIRCLE
8
BLACK
10
160.400999999999982
20
-78.2319999999999993
40
0.2
0
CIRCLE
8
BLACK
10
150.8760000000000048
20
-72.262999999999991
40
0.2
0
CIRCLE
8
BLACK
10
155.9559999999999889
20
-54.8639999999999972
40
0.2
0
CIRCLE
8
BLACK
10
148.3359999999999843
20
-78.48599999999999
40
0.2
0
CIRCLE
8
BLACK
10
135.8899999999999864
20
-81.7879999999999967
40
0.2
0
CIRCLE
8
BLACK
10
152.907999999999987
20
-79.5019999999999953
40
0.2
0
CIRCLE
8
BLACK
10
163.5759999999999934
20
-84.5819999999999936
40
0.2
0
CIRCLE
8
BLACK
10
146.8119999999999834
20
-77.4699999999999989
40
0.2
0
CIRCLE
8
BLACK
10
149.6059999999999945
20
-72.262999999999991
40
0.2
0
CIRCLE
8
BLACK
10
151.3839999999999861
20
-80.5180000000000007
40
0.2
0
CIRCLE
8
BLACK
10
132.7150000000000034
20
-77.9779999999999944
40
0.2
0
CIRCLE
8
BLACK
10
150.367999999999995
20
-78.48599999999999
40
0.2
0
CIRCLE
8
BLACK
10
166.7510000000000048
20
-79.5019999999999953
40
0.2
0
CIRCLE
8
BLACK
10
143.2560000000000002
20
-82.5499999999999972
40
0.2
0
CIRCLE
8
BLACK
10
139.0649999999999977
20
-77.9779999999999944
40
0.2
0
CIRCLE
8
BLACK
10
135.8899999999999864
20
-79.2479999999999905
40
0.2
0
CIRCLE
8
BLACK
10
160.400999999999982
20
-84.5819999999999936
40
0.2
0
CIRCLE
8
BLACK
10
166.7510000000000048
20
-84.5819999999999936
40
0.2
0
CIRCLE
8
BLACK
10
132.7150000000000034
20
-83.0579999999999927
40
0.2
0
CIRCLE
8
BLACK
10
151.8919999999999959
20
-79.5019999999999953
40
0.2
0
CIRCLE
8
BLACK
10
148.3359999999999843
20
-74.421999999999997
40
0.2
0
CIRCLE
8
BLACK
10
154.686000000000007
20
-61.2139999999999986
40
0.2
0
CIRCLE
8
BLACK
10
139.0649999999999977
20
-85.597999999999999
40
0.2
0
CIRCLE
8
BLACK
10
144.7800000000000011
20
-81.5339999999999918
40
0.2
0
CIRCLE
8
BLACK
10
152.4000000000000057
20
-80.5180000000000007
40
0.2
0
CIRCLE
8
BLACK
10
149.3520000000000039
20
-80.5180000000000007
40
0.2
0
CIRCLE
8
BLACK
10
163.5759999999999934
20
-83.3119999999999976
40
0.2
0
CIRCLE
8
BLACK
10
151.3839999999999861
20
-78.48599999999999
40
0.2
0
CIRCLE
8
BLACK
10
149.6059999999999945
20
-74.421999999999997
40
0.2
0
CIRCLE
8
BLACK
10
149.3520000000000039
20
-78.48599999999999
40
0.2
0
CIRCLE
8
BLACK
10
145.2879999999999825
20
-82.5499999999999972
40
0.2
0
CIRCLE
8
BLACK
10
153.4159999999999968
20
-58.0389999999999944
40
0.2
0
CIRCLE
8
BLACK
10
151.8919999999999959
20
-77.4699999999999989
40
0.2
0
CIRCLE
8
BLACK
10
155.9559999999999889
20
-81.5339999999999918
40
0.2
0
CIRCLE
8
BLACK
10
153.9240000000000066
20
-79.5019999999999953
40
0.2
0
CIRCLE
8
BLACK
10
146.8119999999999834
20
-81.5339999999999918
40
0.2
0
CIRCLE
8
BLACK
10
139.0649999999999977
20
-81.7879999999999967
40
0.2
0
CIRCLE
8
BLACK
10
158.4959999999999809
20
-61.2139999999999986
40
0.2
0
CIRCLE
8
BLACK
10
154.4319999999999879
20
-82.5499999999999972
40
0.2
0
CIRCLE
8
BLACK
10
135.8899999999999864
20
-84.328000000000003
40
0.2
0
CIRCLE
8
BLACK
10
153.4159999999999968
20
-54.8639999999999972
40
0.2
0
CIRCLE
8
BLACK
10
154.686000000000007
20
-58.0389999999999944
40
0.2
0
CIRCLE
8
BLACK
10
158.4959999999999809
20
-54.8639999999999972
40
0.2
0
CIRCLE
8
BLACK
10
166.7510000000000048
20
-83.3119999999999976
40
0.2
0
CIRCLE
8
BLACK
10
160.400999999999982
20
-79.5019999999999953
40
0.2
0
CIRCLE
8
BLACK
10
151.5109999999999957
20
-73.4059999999999917
40
0.2
0
CIRCLE
8
BLACK
10
157.4799999999999898
20
-82.5499999999999972
40
0.2
0
CIRCLE
8
BLACK
10
152.1459999999999866
20
-54.8639999999999972
40
0.2
0
CIRCLE
8
BLACK
10
146.8119999999999834
20
-79.5019999999999953
40
0.2
0
CIRCLE
8
BLACK
10
152.907999999999987
20
-81.5339999999999918
40
0.2
0
CIRCLE
8
BLACK
10
132.7150000000000034
20
-84.328000000000003
40
0.2
0
CIRCLE
8
BLACK
10
156.4639999999999986
20
-80.5180000000000007
40
0.2
0
CIRCLE
8
BLACK
10
150.367999999999995
20
-80.5180000000000007
40
0.2
0
CIRCLE
8
BLACK
10
149.8599999999999852
20
-81.5339999999999918
40
0.2
0
CIRCLE
8
BLACK
10
150.8760000000000048
20
-79.5019999999999953
40
0.2
0
CIRCLE
8
BLACK
10
135.8899999999999864
20
-83.0579999999999927
40
0.2
0
CIRCLE
8
BLACK
10
139.0649999999999977
20
-83.0579999999999927
40
0.2
0
CIRCLE
8
BLACK
10
150.8760000000000048
20
-81.5339999999999918
40
0.2
0
CIRCLE
8
BLACK
10
154.9399999999999977
20
-81.5339999999999918
40
0.2
0
CIRCLE
8
BLACK
10
160.400999999999982
20
-82.0420000000000016
40
0.2
0
CIRCLE
8
BLACK
10
159.7659999999999911
20
-61.2139999999999986
40
0.2
0
CIRCLE
8
BLACK
10
147.3199999999999932
20
-78.48599999999999
40
0.2
0
CIRCLE
8
BLACK
10
157.2259999999999991
20
-58.0389999999999944
40
0.2
0
CIRCLE
8
BLACK
10
144.2719999999999914
20
-82.5499999999999972
40
0.2
0
CIRCLE
8
BLACK
10
154.9399999999999977
20
-79.5019999999999953
40
0.2
0
CIRCLE
8
BLACK
10
160.400999999999982
20
-85.8519999999999897
40
0.2
0
CIRCLE
8
BLACK
10
148.3359999999999843
20
-72.262999999999991
40
0.2
0
CIRCLE
8
BLACK
10
143.7639999999999816
20
-81.5339999999999918
40
0.2
0
CIRCLE
8
BLACK
10
150.367999999999995
20
-82.5499999999999972
40
0.2
0
CIRCLE
8
BLACK
10
146.304000000000002
20
-80.5180000000000007
40
0.2
0
CIRCLE
8
BLACK
10
147.3199999999999932
20
-80.5180000000000007
40
0.2
0
CIRCLE
8
BLACK
10
153.4159999999999968
20
-61.2139999999999986
40
0.2
0
CIRCLE
8
BLACK
10
151.8919999999999959
20
-81.5339999999999918
40
0.2
0
CIRCLE
8
BLACK
10
152.4000000000000057
20
-82.5499999999999972
40
0.2
0
CIRCLE
8
BLACK
10
148.8439999999999941
20
-79.5019999999999953
40
0.2
0
CIRCLE
8
BLACK
10
144.7800000000000011
20
-79.5019999999999953
40
0.2
0
CIRCLE
8
BLACK
10
145.7959999999999923
20
-81.5339999999999918
40
0.2
0
CIRCLE
8
BLACK
10
132.7150000000000034
20
-81.7879999999999967
40
0.2
0
CIRCLE
8
BLACK
10
155.4479999999999791
20
-80.5180000000000007
40
0.2
0
CIRCLE
8
BLACK
10
159.7659999999999911
20
-54.8639999999999972
40
0.2
0
CIRCLE
8
BLACK
10
166.7510000000000048
20
-85.8519999999999897
40
0.2
0
CIRCLE
8
BLACK
10
148.3359999999999843
20
-80.5180000000000007
40
0.2
0
CIRCLE
8
BLACK
10
160.400999999999982
20
-80.7719999999999914
40
0.2
0
CIRCLE
8
BLACK
10
147.828000000000003
20
-77.4699999999999989
40
0.2
0
CIRCLE
8
BLACK
10
150.2409999999999854
20
-71.2469999999999999
40
0.2
0
CIRCLE
8
BLACK
10
153.4159999999999968
20
-82.5499999999999972
40
0.2
0
CIRCLE
8
BLACK
10
145.2879999999999825
20
-80.5180000000000007
40
0.2
0
CIRCLE
8
BLACK
10
146.304000000000002
20
-82.5499999999999972
40
0.2
0
CIRCLE
8
BLACK
10
148.3359999999999843
20
-82.5499999999999972
40
0.2
0
CIRCLE
8
BLACK
10
139.0649999999999977
20
-79.2479999999999905
40
0.2
0
CIRCLE
8
BLACK
10
157.2259999999999991
20
-54.8639999999999972
40
0.2
0
CIRCLE
8
BLACK
10
148.8439999999999941
20
-81.5339999999999918
40
0.2
0
CIRCLE
8
BLACK
10
139.0649999999999977
20
-84.328000000000003
40
0.2
0
CIRCLE
8
BLACK
10
135.8899999999999864
20
-80.5180000000000007
40
0.2
0
CIRCLE
8
BLACK
10
152.1459999999999866
20
-72.262999999999991
40
0.2
0
CIRCLE
8
BLACK
10
148.9710000000000036
20
-71.2469999999999999
40
0.2
0
CIRCLE
8
BLACK
10
150.8760000000000048
20
-74.421999999999997
40
0.2
0
CIRCLE
8
BLACK
10
152.4000000000000057
20
-78.48599999999999
40
0.2
0
CIRCLE
8
BLACK
10
147.828000000000003
20
-79.5019999999999953
40
0.2
0
CIRCLE
8
BLACK
10
163.5759999999999934
20
-80.7719999999999914
40
0.2
0
CIRCLE
8
BLACK
10
160.400999999999982
20
-83.3119999999999976
40
0.2
0
CIRCLE
8
BLACK
10
145.7959999999999923
20
-79.5019999999999953
40
0.2
0
CIRCLE
8
BLACK
10
148.9710000000000036
20
-73.4059999999999917
40
0.2
0
CIRCLE
8
BLACK
10
163.5759999999999934
20
-79.5019999999999953
40
0.2
0
CIRCLE
8
BLACK
10
154.686000000000007
20
-54.8639999999999972
40
0.2
0
CIRCLE
8
BLACK
10
152.1459999999999866
20
-74.421999999999997
40
0.2
0
CIRCLE
8
BLACK
10
132.7150000000000034
20
-80.5180000000000007
40
0.2
0
CIRCLE
8
BLACK
10
149.8599999999999852
20
-77.4699999999999989
40
0.2
0
CIRCLE
8
BLACK
10
153.9240000000000066
20
-81.5339999999999918
40
0.2
0
CIRCLE
8
BLACK
10
151.5109999999999957
20
-71.2469999999999999
40
0.2
0
CIRCLE
8
BLACK
10
144.2719999999999914
20
-80.5180000000000007
40
0.2
0
CIRCLE
8
BLACK
10
155.4479999999999791
20
-82.5499999999999972
40
0.2
0
CIRCLE
8
BLACK
10
147.3199999999999932
20
-82.5499999999999972
40
0.2
0
CIRCLE
8
BLACK
10
156.97199999999998
20
-81.5339999999999918
40
0.2
0
CIRCLE
8
BLACK
10
166.7510000000000048
20
-80.7719999999999914
40
0.2
0
CIRCLE
8
BLACK
10
166.7510000000000048
20
-82.0420000000000016
40
0.2
0
CIRCLE
8
BLACK
10
150.2409999999999854
20
-73.4059999999999917
40
0.2
0
CIRCLE
8
BLACK
10
139.0649999999999977
20
-80.5180000000000007
40
0.2
0
CIRCLE
8
BLACK
10
155.9559999999999889
20
-61.2139999999999986
40
0.2
0
CIRCLE
8
BLACK
10
147.828000000000003
20
-81.5339999999999918
40
0.2
0
CIRCLE
8
BLACK
10
143.5099999999999909
20
-68.3259999999999934
40
0.2
0
CIRCLE
8
BLACK
10
154.5496259999999893
20
-67.4369999999999976
40
0.2
0
CIRCLE
8
BLACK
10
150.8760000000000048
20
-95.25
40
0.2
0
CIRCLE
8
BLACK
10
150.8760000000000048
20
-100.3299999999999983
40
0.2
0
CIRCLE
8
BLACK
10
153.4159999999999968
20
-99.313999999999993
40
0.2
0
CIRCLE
8
BLACK
10
145.414999999999992
20
-69.2150000000000034
40
0.2
0
CIRCLE
8
BLACK
10
156.4639999999999986
20
-64.769999999999996
40
0.2
0
CIRCLE
8
BLACK
10
157.9879999999999995
20
-98.2980000000000018
40
0.2
0
CIRCLE
8
BLACK
10
120.1419999999999959
20
-72.8979999999999961
40
0.2
0
CIRCLE
8
BLACK
10
142.2399999999999807
20
-72.0090000000000003
40
0.2
0
CIRCLE
8
BLACK
10
145.414999999999992
20
-72.7710000000000008
40
0.2
0
CIRCLE
8
BLACK
10
144.1449999999999818
20
-65.6589999999999918
40
0.2
0
CIRCLE
8
BLACK
10
155.1939999999999884
20
-64.769999999999996
40
0.2
0
CIRCLE
8
BLACK
10
136.4000000000000057
20
-75.5259999999999962
40
0.2
0
CIRCLE
8
BLACK
10
139.445999999999998
20
-108.4579999999999984
40
0.2
0
CIRCLE
8
BLACK
10
144.7800000000000011
20
-66.5480000000000018
40
0.2
0
CIRCLE
8
BLACK
10
143.5099999999999909
20
-70.1039999999999992
40
0.2
0
CIRCLE
8
BLACK
10
145.414999999999992
20
-70.992999999999995
40
0.2
0
CIRCLE
8
BLACK
10
157.0989999999999895
20
-70.992999999999995
40
0.2
0
CIRCLE
8
BLACK
10
141.
20
-70.0999999999999943
40
0.2
0
CIRCLE
8
BLACK
10
157.0989999999999895
20
-65.6589999999999918
40
0.2
0
CIRCLE
8
BLACK
10
144.7800000000000011
20
-64.769999999999996
40
0.2
0
CIRCLE
8
BLACK
10
142.875
20
-69.2150000000000034
40
0.2
0
CIRCLE
8
BLACK
10
153.9240000000000066
20
-98.2980000000000018
40
0.2
0
CIRCLE
8
BLACK
10
156.97199999999998
20
-98.2980000000000018
40
0.2
0
CIRCLE
8
BLACK
10
142.2399999999999807
20
-68.3259999999999934
40
0.2
0
CIRCLE
8
BLACK
10
142.875
20
-70.992999999999995
40
0.2
0
CIRCLE
8
BLACK
10
157.7339999999999804
20
-71.8819999999999908
40
0.2
0
CIRCLE
8
BLACK
10
157.7339999999999804
20
-70.1039999999999992
40
0.2
0
CIRCLE
8
BLACK
10
156.4639999999999986
20
-99.313999999999993
40
0.2
0
CIRCLE
8
BLACK
10
150.8760000000000048
20
-112.5219999999999914
40
0.2
0
CIRCLE
8
BLACK
10
155.9559999999999889
20
-100.3299999999999983
40
0.2
0
CIRCLE
8
BLACK
10
150.8760000000000048
20
-99.313999999999993
40
0.2
0
CIRCLE
8
BLACK
10
150.8760000000000048
20
-101.3459999999999894
40
0.2
0
CIRCLE
8
BLACK
10
155.8289999999999793
20
-70.992999999999995
40
0.2
0
CIRCLE
8
BLACK
10
141.6049999999999898
20
-65.6589999999999918
40
0.2
0
CIRCLE
8
BLACK
10
154.9399999999999977
20
-100.3299999999999983
40
0.2
0
CIRCLE
8
BLACK
10
157.7339999999999804
20
-64.769999999999996
40
0.2
0
CIRCLE
8
BLACK
10
145.414999999999992
20
-65.6589999999999918
40
0.2
0
CIRCLE
8
BLACK
10
150.8760000000000048
20
-109.4739999999999895
40
0.2
0
CIRCLE
8
BLACK
10
141.6049999999999898
20
-69.2150000000000034
40
0.2
0
CIRCLE
8
BLACK
10
157.9879999999999995
20
-100.3299999999999983
40
0.2
0
CIRCLE
8
BLACK
10
150.8760000000000048
20
-96.2659999999999911
40
0.2
0
CIRCLE
8
BLACK
10
178.8160000000000025
20
-72.8979999999999961
40
0.2
0
CIRCLE
8
BLACK
10
150.8760000000000048
20
-102.3619999999999948
40
0.2
0
CIRCLE
8
BLACK
10
150.8760000000000048
20
-97.2819999999999965
40
0.2
0
CIRCLE
8
BLACK
10
160.5279999999999916
20
-99.313999999999993
40
0.2
0
CIRCLE
8
BLACK
10
150.8760000000000048
20
-106.4260000000000019
40
0.2
0
CIRCLE
8
BLACK
10
144.7800000000000011
20
-71.8819999999999908
40
0.2
0
CIRCLE
8
BLACK
10
162.9410000000000025
20
-63.8810000000000002
40
0.2
0
CIRCLE
8
BLACK
10
155.4479999999999791
20
-99.313999999999993
40
0.2
0
CIRCLE
8
BLACK
10
156.4639999999999986
20
-68.3259999999999934
40
0.2
0
CIRCLE
8
BLACK
10
139.445999999999998
20
-92.2019999999999982
40
0.2
0
CIRCLE
8
BLACK
10
157.7339999999999804
20
-66.5480000000000018
40
0.2
0
CIRCLE
8
BLACK
10
155.1939999999999884
20
-68.3259999999999934
40
0.2
0
CIRCLE
8
BLACK
10
154.9399999999999977
20
-98.2980000000000018
40
0.2
0
CIRCLE
8
BLACK
10
150.8760000000000048
20
-91.1859999999999928
40
0.2
0
CIRCLE
8
BLACK
10
154.5589999999999975
20
-65.6589999999999918
40
0.2
0
CIRCLE
8
BLACK
10
154.5589999999999975
20
-70.992999999999995
40
0.2
0
CIRCLE
8
BLACK
10
157.0896259999999813
20
-67.4369999999999976
40
0.2
0
CIRCLE
8
BLACK
10
160.0199999999999818
20
-98.2980000000000018
40
0.2
0
CIRCLE
8
BLACK
10
139.445999999999998
20
-106.4260000000000019
40
0.2
0
CIRCLE
8
BLACK
10
157.0989999999999895
20
-72.7710000000000008
40
0.2
0
CIRCLE
8
BLACK
10
150.8760000000000048
20
-107.4419999999999931
40
0.2
0
CIRCLE
8
BLACK
10
157.0989999999999895
20
-69.2150000000000034
40
0.2
0
CIRCLE
8
BLACK
10
160.0199999999999818
20
-100.3299999999999983
40
0.2
0
CIRCLE
8
BLACK
10
157.7339999999999804
20
-68.3259999999999934
40
0.2
0
CIRCLE
8
BLACK
10
150.8760000000000048
20
-93.2179999999999893
40
0.2
0
CIRCLE
8
BLACK
10
155.1939999999999884
20
-70.1039999999999992
40
0.2
0
CIRCLE
8
BLACK
10
150.8760000000000048
20
-98.2980000000000018
40
0.2
0
CIRCLE
8
BLACK
10
153.9240000000000066
20
-100.3299999999999983
40
0.2
0
CIRCLE
8
BLACK
10
155.8196259999999995
20
-67.4369999999999976
40
0.2
0
CIRCLE
8
BLACK
10
156.4639999999999986
20
-71.8819999999999908
40
0.2
0
CIRCLE
8
BLACK
10
141.5999999999999943
20
-71.
40
0.2
0
CIRCLE
8
BLACK
10
142.875
20
-67.4369999999999976
40
0.2
0
CIRCLE
8
BLACK
10
144.7800000000000011
20
-68.3259999999999934
40
0.2
0
CIRCLE
8
BLACK
10
137.4000000000000057
20
-58.6999999999999957
40
0.2
0
CIRCLE
8
BLACK
10
157.4799999999999898
20
-99.313999999999993
40
0.2
0
CIRCLE
8
BLACK
10
142.875
20
-65.6589999999999918
40
0.2
0
CIRCLE
8
BLACK
10
155.8289999999999793
20
-65.6589999999999918
40
0.2
0
CIRCLE
8
BLACK
10
144.1449999999999818
20
-67.4369999999999976
40
0.2
0
CIRCLE
8
BLACK
10
142.2399999999999807
20
-70.1039999999999992
40
0.2
0
CIRCLE
8
BLACK
10
150.8760000000000048
20
-92.2019999999999982
40
0.2
0
CIRCLE
8
BLACK
10
120.1419999999999959
20
-70.3579999999999899
40
0.2
0
CIRCLE
8
BLACK
10
158.4959999999999809
20
-99.313999999999993
40
0.2
0
CIRCLE
8
BLACK
10
152.907999999999987
20
-98.2980000000000018
40
0.2
0
CIRCLE
8
BLACK
10
139.445999999999998
20
-110.4899999999999949
40
0.2
0
CIRCLE
8
BLACK
10
159.0039999999999907
20
-100.3299999999999983
40
0.2
0
CIRCLE
8
BLACK
10
139.445999999999998
20
-96.2659999999999911
40
0.2
0
CIRCLE
8
BLACK
10
155.1939999999999884
20
-66.5480000000000018
40
0.2
0
CIRCLE
8
BLACK
10
159.5120000000000005
20
-99.313999999999993
40
0.2
0
CIRCLE
8
BLACK
10
145.414999999999992
20
-67.4369999999999976
40
0.2
0
CIRCLE
8
BLACK
10
154.5589999999999975
20
-69.2150000000000034
40
0.2
0
CIRCLE
8
BLACK
10
156.97199999999998
20
-100.3299999999999983
40
0.2
0
CIRCLE
8
BLACK
10
156.4639999999999986
20
-66.5480000000000018
40
0.2
0
CIRCLE
8
BLACK
10
152.907999999999987
20
-100.3299999999999983
40
0.2
0
CIRCLE
8
BLACK
10
154.4319999999999879
20
-99.313999999999993
40
0.2
0
CIRCLE
8
BLACK
10
155.8289999999999793
20
-72.7710000000000008
40
0.2
0
CIRCLE
8
BLACK
10
141.6049999999999898
20
-67.4369999999999976
40
0.2
0
CIRCLE
8
BLACK
10
139.445999999999998
20
-91.1859999999999928
40
0.2
0
CIRCLE
8
BLACK
10
156.4639999999999986
20
-70.1039999999999992
40
0.2
0
CIRCLE
8
BLACK
10
143.5099999999999909
20
-64.769999999999996
40
0.2
0
CIRCLE
8
BLACK
10
142.2399999999999807
20
-66.5480000000000018
40
0.2
0
CIRCLE
8
BLACK
10
159.0039999999999907
20
-98.2980000000000018
40
0.2
0
CIRCLE
8
BLACK
10
158.3689999999999998
20
-72.7710000000000008
40
0.2
0
CIRCLE
8
BLACK
10
150.8760000000000048
20
-103.3780000000000001
40
0.2
0
CIRCLE
8
BLACK
10
155.8289999999999793
20
-69.2150000000000034
40
0.2
0
CIRCLE
8
BLACK
10
154.5589999999999975
20
-72.7710000000000008
40
0.2
0
CIRCLE
8
BLACK
10
150.8760000000000048
20
-114.5539999999999878
40
0.2
0
CIRCLE
8
BLACK
10
144.1449999999999818
20
-70.992999999999995
40
0.2
0
CIRCLE
8
BLACK
10
150.8760000000000048
20
-104.3939999999999912
40
0.2
0
CIRCLE
8
BLACK
10
139.445999999999998
20
-112.5219999999999914
40
0.2
0
CIRCLE
8
BLACK
10
155.9559999999999889
20
-98.2980000000000018
40
0.2
0
CIRCLE
8
BLACK
10
143.5099999999999909
20
-66.5480000000000018
40
0.2
0
CIRCLE
8
BLACK
10
139.445999999999998
20
-100.3299999999999983
40
0.2
0
CIRCLE
8
BLACK
10
150.8760000000000048
20
-105.4099999999999966
40
0.2
0
CIRCLE
8
BLACK
10
144.1449999999999818
20
-69.2150000000000034
40
0.2
0
CIRCLE
8
BLACK
10
142.2399999999999807
20
-64.769999999999996
40
0.2
0
CIRCLE
8
BLACK
10
150.8760000000000048
20
-110.4899999999999949
40
0.2
0
CIRCLE
8
BLACK
10
150.8760000000000048
20
-111.5060000000000002
40
0.2
0
CIRCLE
8
BLACK
10
139.445999999999998
20
-104.3939999999999912
40
0.2
0
CIRCLE
8
BLACK
10
150.8760000000000048
20
-94.2339999999999947
40
0.2
0
CIRCLE
8
BLACK
10
150.8760000000000048
20
-108.4579999999999984
40
0.2
0
CIRCLE
8
BLACK
10
139.445999999999998
20
-98.2980000000000018
40
0.2
0
CIRCLE
8
BLACK
10
139.445999999999998
20
-94.2339999999999947
40
0.2
0
CIRCLE
8
BLACK
10
155.1939999999999884
20
-71.8819999999999908
40
0.2
0
CIRCLE
8
BLACK
10
144.1449999999999818
20
-72.7710000000000008
40
0.2
0
CIRCLE
8
BLACK
10
144.7800000000000011
20
-70.1039999999999992
40
0.2
0
CIRCLE
8
BLACK
10
139.445999999999998
20
-102.3619999999999948
40
0.2
0
CIRCLE
8
BLACK
10
139.445999999999998
20
-114.5539999999999878
40
0.2
0
CIRCLE
8
BLACK
10
150.8760000000000048
20
-113.5379999999999967
40
0.2
0
CIRCLE
8
BLACK
10
169.4180000000000064
20
-76.1089999999999947
40
0.2
0
CIRCLE
8
BLACK
10
179.0476689999999849
20
-75.2759789999999924
40
0.2
0
CIRCLE
8
BLACK
10
173.0168639999999982
20
-76.0259789999999924
40
0.2
0
CIRCLE
8
BLACK
10
180.3400000000000034
20
-75.1839999999999975
40
0.2
0
CIRCLE
8
BLACK
10
149.6059999999999945
20
-50.2919999999999945
40
0.2
0
CIRCLE
8
BLACK
10
178.8160000000000025
20
-66.5480000000000018
40
0.2
0
CIRCLE
8
BLACK
10
149.6059999999999945
20
-53.847999999999999
40
0.2
0
CIRCLE
8
BLACK
10
178.8160000000000025
20
-67.8179999999999978
40
0.2
0
CIRCLE
8
BLACK
10
126.2379999999999995
20
-75.945999999999998
40
0.2
0
CIRCLE
8
BLACK
10
120.1419999999999959
20
-74.1679999999999922
40
0.2
0
CIRCLE
8
BLACK
10
129.7939999999999827
20
-75.945999999999998
40
0.2
0
CIRCLE
8
BLACK
10
120.1419999999999959
20
-75.4380000000000024
40
0.2
0
LINE
8
BLACK
6
CONTINUOUS
10
130.4277569999999855
20
-128.0266239999999982
11
144.9787049999999908
21
-128.0236050000000034
0
ARC
8
BLACK
10
149.4505000000000052
20
-128.526600000000002
40
4.4999949435582698
50
6.40235640
51
173.58224999
0
ARC
8
BLACK
10
170.3171600000000012
20
-114.8904099999999886
40
4.5159206772543072
50
-265.04763905
51
-94.95235110
0
ARC
8
BLACK
10
168.4277999999999906
20
-126.5267999999999944
40
1.4999570007363543
50
-90.00164253
51
0.00179532
0
LINE
8
BLACK
6
CONTINUOUS
10
169.9273129999999981
20
-119.3894719999999978
11
169.9277569999999855
21
-126.5267529999999994
0
ARC
8
BLACK
10
149.4505000000000052
20
-71.0742999999999938
40
33.5000020000002365
50
-49.60704630
51
0.00000684
0
ARC
8
BLACK
10
125.5849999999999937
20
-99.3549999999999898
40
3.5048711172739289
50
-0.02610700
51
49.79220904
0
LINE
8
BLACK
6
CONTINUOUS
10
128.9277569999999855
20
-126.5266239999999982
11
128.9277569999999855
21
-119.3739649999999983
0
ARC
8
BLACK
10
128.5432199999999909
20
-114.866579999999999
40
4.5237586549705542
50
-85.12375200
51
83.05956922
0
ARC
8
BLACK
10
130.4276999999999873
20
-126.5265999999999877
40
1.5000240010829826
50
-179.99908323
51
-89.99782280
0
ARC
8
BLACK
10
173.4277999999999906
20
-99.2544999999999931
40
3.5004870000022854
50
-229.60648353
51
-179.99993453
0
LINE
8
BLACK
6
CONTINUOUS
10
169.9273129999999981
20
-99.2545039999999972
11
169.9273129999999981
21
-110.3913569999999993
0
LINE
8
BLACK
6
CONTINUOUS
10
129.0898589999999899
20
-99.3565969999999936
11
129.0898589999999899
21
-110.3759699999999953
0
ARC
8
BLACK
10
149.4505000000000052
20
-71.0742999999999938
40
33.4999958740311001
50
-180.00000684
51
-130.15536454
0
ARC
8
BLACK
10
149.4505020000000002
20
-71.0742959999999897
40
33.5
50
0.00000000
51
180.00000000
0
LINE
8
BLACK
6
CONTINUOUS
10
153.9224339999999813
20
-128.0248059999999839
11
168.4277569999999855
21
-128.0267529999999851
  0
ENDSEC
  0
EOF
