  0
SECTION
  2
HEADER
  9
$ANGBASE
  50
0.0
  9
$ANGDIR
  70
1
  9
$MEASUREMENT
  70
1
  0
ENDSEC
  0
SECTION
  2
TABLES
  0
TABLE
  2
LTYPE
  70
4
  0
LTYPE
  5
40F
  2
CONTINUOUS
  70
0
  3
Solid line
  72
65
  73
0
  40
0.0
  0
LTYPE
  5
410
  2
DASHDOT
 70
0
  3
Dash Dot ____ _ ____ _
 72
65
 73
4
 40
2.0
 49
1.25
 49
-0.25
 49
0.25
 49
-0.25
  0
LTYPE
  5
411
  2
DASHED
 70
0
  3
Dashed __ __ __ __ __
 72
65
 73
2
 40
0.75
 49
0.5
 49
-0.25
  0
LTYPE
  5
43B
  2
DOTTED
 70
0
  3
Dotted .  .  .  .
 72
65
 73
2
 40
0.2
 49
0.0
 49
-0.2
  0
ENDTAB
  0
TABLE
  2
STYLE
  70
4
  0
STYLE
  2
KICAD
  70
0
  40
0
  41
1
  42
1
  50
0
  71
0
  3
isocp.shx
  0
STYLE
  2
KICADB
  70
0
  40
0
  41
1
  42
1
  50
0
  71
0
  3
isocp.shx
  0
STYLE
  2
KICADI
  70
0
  40
0
  41
1
  42
1
  50
15
  71
0
  3
isocp.shx
  0
STYLE
  2
KICADBI
  70
0
  40
0
  41
1
  42
1
  50
15
  71
0
  3
isocp.shx
  0
ENDTAB
  0
TABLE
  2
LAYER
  70
1
  0
LAYER
  2
BLACK
  70
0
  62
7
  6
CONTINUOUS
  0
ENDTAB
  0
ENDSEC
  0
SECTION
  2
ENTITIES
0
LINE
8
BLACK
6
CONTINUOUS
10
134.6576709999999935
20
-121.4500299999999982
11
134.7387769999999989
21
-121.5042229999999961
0
LINE
8
BLACK
6
CONTINUOUS
10
134.7387769999999989
20
-121.5042229999999961
11
134.7929699999999968
21
-121.5853290000000015
0
LINE
8
BLACK
6
CONTINUOUS
10
134.7929699999999968
20
-121.5853290000000015
11
134.8119999999999834
21
-121.6809999999999974
0
LINE
8
BLACK
6
CONTINUOUS
10
134.8119999999999834
20
-121.6809999999999974
11
134.8119999999999834
21
-122.3582499999999982
0
LINE
8
BLACK
6
CONTINUOUS
10
134.8119999999999834
20
-122.3582499999999982
11
138.7022399999999891
21
-122.3582499999999982
0
LINE
8
BLACK
6
CONTINUOUS
10
138.7022399999999891
20
-122.3582499999999982
11
138.7692789999999832
21
-122.3779349999999937
0
LINE
8
BLACK
6
CONTINUOUS
10
138.7692789999999832
20
-122.3779349999999937
11
138.8150339999999971
21
-122.4307389999999884
0
LINE
8
BLACK
6
CONTINUOUS
10
138.8150339999999971
20
-122.4307389999999884
11
138.8262399999999843
21
-122.4822499999999934
0
LINE
8
BLACK
6
CONTINUOUS
10
138.8262399999999843
20
-122.4822499999999934
11
138.8262399999999843
21
-124.390310999999997
0
LINE
8
BLACK
6
CONTINUOUS
10
138.8262399999999843
20
-124.390310999999997
11
138.8611199999999997
21
-124.4555669999999878
0
LINE
8
BLACK
6
CONTINUOUS
10
138.8611199999999997
20
-124.4555669999999878
11
138.9180250000000001
21
-124.6431599999999946
0
LINE
8
BLACK
6
CONTINUOUS
10
138.9180250000000001
20
-124.6431599999999946
11
138.9372400000000027
21
-124.8382499999999879
0
LINE
8
BLACK
6
CONTINUOUS
10
138.9372400000000027
20
-124.8382499999999879
11
138.9180250000000001
21
-125.0333399999999955
0
LINE
8
BLACK
6
CONTINUOUS
10
138.9180250000000001
20
-125.0333399999999955
11
138.8611199999999997
21
-125.2209329999999881
0
LINE
8
BLACK
6
CONTINUOUS
10
138.8611199999999997
20
-125.2209329999999881
11
138.8262399999999843
21
-125.2861879999999957
0
LINE
8
BLACK
6
CONTINUOUS
10
138.8262399999999843
20
-125.2861879999999957
11
138.8262399999999843
21
-126.9004059999999896
0
LINE
8
BLACK
6
CONTINUOUS
10
138.8262399999999843
20
-126.9004059999999896
11
138.806555000000003
21
-126.9674449999999979
0
LINE
8
BLACK
6
CONTINUOUS
10
138.806555000000003
20
-126.9674449999999979
11
138.7537509999999941
21
-127.0131999999999977
0
LINE
8
BLACK
6
CONTINUOUS
10
138.7537509999999941
20
-127.0131999999999977
11
138.7022659999999803
21
-127.024405999999999
0
LINE
8
BLACK
6
CONTINUOUS
10
138.7022659999999803
20
-127.024405999999999
11
133.531959999999998
21
-127.0254779999999926
0
LINE
8
BLACK
6
CONTINUOUS
10
133.531959999999998
20
-127.0254779999999926
11
133.2866879999999981
21
-127.1603179999999895
0
LINE
8
BLACK
6
CONTINUOUS
10
133.2866879999999981
20
-127.1603179999999895
11
132.9947819999999865
21
-127.2758909999999872
0
LINE
8
BLACK
6
CONTINUOUS
10
132.9947819999999865
20
-127.2758909999999872
11
132.6906929999999818
21
-127.3539679999999947
0
LINE
8
BLACK
6
CONTINUOUS
10
132.6906929999999818
20
-127.3539679999999947
11
132.3792159999999853
21
-127.3933169999999961
0
LINE
8
BLACK
6
CONTINUOUS
10
132.3792159999999853
20
-127.3933169999999961
11
132.0652639999999849
21
-127.3933169999999961
0
LINE
8
BLACK
6
CONTINUOUS
10
132.0652639999999849
20
-127.3933169999999961
11
131.7537869999999884
21
-127.3539679999999947
0
LINE
8
BLACK
6
CONTINUOUS
10
131.7537869999999884
20
-127.3539679999999947
11
131.4496979999999837
21
-127.2758909999999872
0
LINE
8
BLACK
6
CONTINUOUS
10
131.4496979999999837
20
-127.2758909999999872
11
131.1577920000000006
21
-127.1603179999999895
0
LINE
8
BLACK
6
CONTINUOUS
10
131.1577920000000006
20
-127.1603179999999895
11
130.9135069999999814
21
-127.0260210000000001
0
LINE
8
BLACK
6
CONTINUOUS
10
130.9135069999999814
20
-127.0260210000000001
11
130.4346879999999942
21
-127.0261209999999892
0
LINE
8
BLACK
6
CONTINUOUS
10
130.4346879999999942
20
-127.0261209999999892
11
130.4207839999999976
21
-127.0253419999999949
0
LINE
8
BLACK
6
CONTINUOUS
10
130.4207839999999976
20
-127.0253419999999949
11
130.3304489999999873
21
-127.0151679999999885
0
LINE
8
BLACK
6
CONTINUOUS
10
130.3304489999999873
20
-127.0151679999999885
11
130.3033749999999884
21
-127.0089889999999997
0
LINE
8
BLACK
6
CONTINUOUS
10
130.3033749999999884
20
-127.0089889999999997
11
130.2241649999999993
21
-126.9812739999999991
0
LINE
8
BLACK
6
CONTINUOUS
10
130.2241649999999993
20
-126.9812739999999991
11
130.1991490000000056
21
-126.9692280000000011
0
LINE
8
BLACK
6
CONTINUOUS
10
130.1991490000000056
20
-126.9692280000000011
11
130.1280909999999835
21
-126.9245829999999984
0
LINE
8
BLACK
6
CONTINUOUS
10
130.1280909999999835
20
-126.9245829999999984
11
130.1063809999999989
21
-126.9072709999999944
0
LINE
8
BLACK
6
CONTINUOUS
10
130.1063809999999989
20
-126.9072709999999944
11
130.0995159999999942
21
-126.9004059999999896
0
LINE
8
BLACK
6
CONTINUOUS
10
130.0995159999999942
20
-126.9004059999999896
11
130.0470399999999813
21
-126.8479329999999976
0
LINE
8
BLACK
6
CONTINUOUS
10
130.0470399999999813
20
-126.8479329999999976
11
130.0297329999999931
21
-126.8262319999999903
0
LINE
8
BLACK
6
CONTINUOUS
10
130.0297329999999931
20
-126.8262319999999903
11
129.9850820000000056
21
-126.7551739999999967
0
LINE
8
BLACK
6
CONTINUOUS
10
129.9850820000000056
20
-126.7551739999999967
11
129.9730349999999817
21
-126.7301599999999979
0
LINE
8
BLACK
6
CONTINUOUS
10
129.9730349999999817
20
-126.7301599999999979
11
129.9453159999999912
21
-126.6509489999999971
0
LINE
8
BLACK
6
CONTINUOUS
10
129.9453159999999912
20
-126.6509489999999971
11
129.9391369999999881
21
-126.6238769999999931
0
LINE
8
BLACK
6
CONTINUOUS
10
129.9391369999999881
20
-126.6238769999999931
11
129.9290369999999939
21
-126.5342469999999935
0
LINE
8
BLACK
6
CONTINUOUS
10
129.9290369999999939
20
-126.5342469999999935
11
129.9282570000000021
21
-126.5203619999999916
0
LINE
8
BLACK
6
CONTINUOUS
10
129.9282570000000021
20
-126.5203619999999916
11
129.9282570000000021
21
-125.8832869999999957
0
LINE
8
BLACK
6
CONTINUOUS
10
129.9282570000000021
20
-125.8832869999999957
11
129.897798999999992
21
-125.8185609999999883
0
LINE
8
BLACK
6
CONTINUOUS
10
129.897798999999992
20
-125.8185609999999883
11
129.8007819999999981
21
-125.5199749999999881
0
LINE
8
BLACK
6
CONTINUOUS
10
129.8007819999999981
20
-125.5199749999999881
11
129.7419529999999952
21
-125.2115829999999903
0
LINE
8
BLACK
6
CONTINUOUS
10
129.7419529999999952
20
-125.2115829999999903
11
129.7222399999999993
21
-124.8982499999999902
0
LINE
8
BLACK
6
CONTINUOUS
10
129.7222399999999993
20
-124.8982499999999902
11
129.7419529999999952
21
-124.5849169999999901
0
LINE
8
BLACK
6
CONTINUOUS
10
129.7419529999999952
20
-124.5849169999999901
11
129.8007819999999981
21
-124.2765249999999924
0
LINE
8
BLACK
6
CONTINUOUS
10
129.8007819999999981
20
-124.2765249999999924
11
129.897798999999992
21
-123.9779389999999921
0
LINE
8
BLACK
6
CONTINUOUS
10
129.897798999999992
20
-123.9779389999999921
11
129.9282570000000021
21
-123.9132120000000015
0
LINE
8
BLACK
6
CONTINUOUS
10
129.9282570000000021
20
-123.9132120000000015
11
129.9282570000000021
21
-122.4822499999999934
0
LINE
8
BLACK
6
CONTINUOUS
10
129.9282570000000021
20
-122.4822499999999934
11
129.9479419999999834
21
-122.4152109999999993
0
LINE
8
BLACK
6
CONTINUOUS
10
129.9479419999999834
20
-122.4152109999999993
11
130.0007459999999924
21
-122.3694559999999996
0
LINE
8
BLACK
6
CONTINUOUS
10
130.0007459999999924
20
-122.3694559999999996
11
130.0522569999999973
21
-122.3582499999999982
0
LINE
8
BLACK
6
CONTINUOUS
10
130.0522569999999973
20
-122.3582499999999982
11
133.4120000000000061
21
-122.3582499999999982
0
LINE
8
BLACK
6
CONTINUOUS
10
133.4120000000000061
20
-122.3582499999999982
11
133.4120000000000061
21
-121.6809999999999974
0
LINE
8
BLACK
6
CONTINUOUS
10
133.4120000000000061
20
-121.6809999999999974
11
133.4310299999999927
21
-121.5853290000000015
0
LINE
8
BLACK
6
CONTINUOUS
10
133.4310299999999927
20
-121.5853290000000015
11
133.4852229999999906
21
-121.5042229999999961
0
LINE
8
BLACK
6
CONTINUOUS
10
133.4852229999999906
20
-121.5042229999999961
11
133.5663289999999961
21
-121.4500299999999982
0
LINE
8
BLACK
6
CONTINUOUS
10
133.5663289999999961
20
-121.4500299999999982
11
133.6620000000000061
21
-121.4309999999999974
0
LINE
8
BLACK
6
CONTINUOUS
10
133.6620000000000061
20
-121.4309999999999974
11
134.5619999999999834
21
-121.4309999999999974
0
LINE
8
BLACK
6
CONTINUOUS
10
134.5619999999999834
20
-121.4309999999999974
11
134.6576709999999935
21
-121.4500299999999982
0
LINE
8
BLACK
6
CONTINUOUS
10
165.1376709999999832
20
-121.4500299999999982
11
165.2187769999999887
21
-121.5042229999999961
0
LINE
8
BLACK
6
CONTINUOUS
10
165.2187769999999887
20
-121.5042229999999961
11
165.2729699999999866
21
-121.5853290000000015
0
LINE
8
BLACK
6
CONTINUOUS
10
165.2729699999999866
20
-121.5853290000000015
11
165.2920000000000016
21
-121.6809999999999974
0
LINE
8
BLACK
6
CONTINUOUS
10
165.2920000000000016
20
-121.6809999999999974
11
165.2920000000000016
21
-122.3582499999999982
0
LINE
8
BLACK
6
CONTINUOUS
10
165.2920000000000016
20
-122.3582499999999982
11
168.8030059999999821
21
-122.3582499999999982
0
LINE
8
BLACK
6
CONTINUOUS
10
168.8030059999999821
20
-122.3582499999999982
11
168.8700450000000046
21
-122.3779349999999937
0
LINE
8
BLACK
6
CONTINUOUS
10
168.8700450000000046
20
-122.3779349999999937
11
168.9157999999999902
21
-122.4307389999999884
0
LINE
8
BLACK
6
CONTINUOUS
10
168.9157999999999902
20
-122.4307389999999884
11
168.9270049999999799
21
-122.4822379999999953
0
LINE
8
BLACK
6
CONTINUOUS
10
168.9270049999999799
20
-122.4822379999999953
11
168.92704599999999
21
-123.1468629999999962
0
LINE
8
BLACK
6
CONTINUOUS
10
168.92704599999999
20
-123.1468629999999962
11
168.9696619999999996
21
-123.1868819999999971
0
LINE
8
BLACK
6
CONTINUOUS
10
168.9696619999999996
20
-123.1868819999999971
11
169.1697819999999979
21
-123.4287869999999998
0
LINE
8
BLACK
6
CONTINUOUS
10
169.1697819999999979
20
-123.4287869999999998
11
169.3380070000000046
21
-123.6938659999999999
0
LINE
8
BLACK
6
CONTINUOUS
10
169.3380070000000046
20
-123.6938659999999999
11
169.4716809999999896
21
-123.9779389999999921
0
LINE
8
BLACK
6
CONTINUOUS
10
169.4716809999999896
20
-123.9779389999999921
11
169.5686979999999835
21
-124.2765249999999924
0
LINE
8
BLACK
6
CONTINUOUS
10
169.5686979999999835
20
-124.2765249999999924
11
169.6275269999999864
21
-124.5849169999999901
0
LINE
8
BLACK
6
CONTINUOUS
10
169.6275269999999864
20
-124.5849169999999901
11
169.6472399999999823
21
-124.8982499999999902
0
LINE
8
BLACK
6
CONTINUOUS
10
169.6472399999999823
20
-124.8982499999999902
11
169.6275269999999864
21
-125.2115829999999903
0
LINE
8
BLACK
6
CONTINUOUS
10
169.6275269999999864
20
-125.2115829999999903
11
169.5686979999999835
21
-125.5199749999999881
0
LINE
8
BLACK
6
CONTINUOUS
10
169.5686979999999835
20
-125.5199749999999881
11
169.4716809999999896
21
-125.8185609999999883
0
LINE
8
BLACK
6
CONTINUOUS
10
169.4716809999999896
20
-125.8185609999999883
11
169.3380070000000046
21
-126.1026339999999948
0
LINE
8
BLACK
6
CONTINUOUS
10
169.3380070000000046
20
-126.1026339999999948
11
169.1697819999999979
21
-126.3677129999999948
0
LINE
8
BLACK
6
CONTINUOUS
10
169.1697819999999979
20
-126.3677129999999948
11
168.9696619999999996
21
-126.6096179999999976
0
LINE
8
BLACK
6
CONTINUOUS
10
168.9696619999999996
20
-126.6096179999999976
11
168.902610999999979
21
-126.6725819999999914
0
LINE
8
BLACK
6
CONTINUOUS
10
168.902610999999979
20
-126.6725819999999914
11
168.8824139999999829
21
-126.7303079999999937
0
LINE
8
BLACK
6
CONTINUOUS
10
168.8824139999999829
20
-126.7303079999999937
11
168.8703649999999925
21
-126.755328999999989
0
LINE
8
BLACK
6
CONTINUOUS
10
168.8703649999999925
20
-126.755328999999989
11
168.8257229999999822
21
-126.8263769999999937
0
LINE
8
BLACK
6
CONTINUOUS
10
168.8257229999999822
20
-126.8263769999999937
11
168.8084099999999808
21
-126.848085999999995
0
LINE
8
BLACK
6
CONTINUOUS
10
168.8084099999999808
20
-126.848085999999995
11
168.7490860000000055
21
-126.9074099999999987
0
LINE
8
BLACK
6
CONTINUOUS
10
168.7490860000000055
20
-126.9074099999999987
11
168.7273759999999925
21
-126.9247230000000002
0
LINE
8
BLACK
6
CONTINUOUS
10
168.7273759999999925
20
-126.9247230000000002
11
168.6563289999999995
21
-126.9693639999999988
0
LINE
8
BLACK
6
CONTINUOUS
10
168.6563289999999995
20
-126.9693639999999988
11
168.6313109999999824
21
-126.9814119999999917
0
LINE
8
BLACK
6
CONTINUOUS
10
168.6313109999999824
20
-126.9814119999999917
11
168.5521190000000047
21
-127.0091209999999933
0
LINE
8
BLACK
6
CONTINUOUS
10
168.5521190000000047
20
-127.0091209999999933
11
168.5250470000000007
21
-127.0152999999999963
0
LINE
8
BLACK
6
CONTINUOUS
10
168.5250470000000007
20
-127.0152999999999963
11
168.4626999999999839
21
-127.0223219999999884
0
LINE
8
BLACK
6
CONTINUOUS
10
168.4626999999999839
20
-127.0223219999999884
11
168.211687999999981
21
-127.1603179999999895
0
LINE
8
BLACK
6
CONTINUOUS
10
168.211687999999981
20
-127.1603179999999895
11
167.9197819999999979
21
-127.2758909999999872
0
LINE
8
BLACK
6
CONTINUOUS
10
167.9197819999999979
20
-127.2758909999999872
11
167.6156929999999932
21
-127.3539679999999947
0
LINE
8
BLACK
6
CONTINUOUS
10
167.6156929999999932
20
-127.3539679999999947
11
167.3042159999999967
21
-127.3933169999999961
0
LINE
8
BLACK
6
CONTINUOUS
10
167.3042159999999967
20
-127.3933169999999961
11
166.9902639999999963
21
-127.3933169999999961
0
LINE
8
BLACK
6
CONTINUOUS
10
166.9902639999999963
20
-127.3933169999999961
11
166.6787869999999998
21
-127.3539679999999947
0
LINE
8
BLACK
6
CONTINUOUS
10
166.6787869999999998
20
-127.3539679999999947
11
166.3746979999999951
21
-127.2758909999999872
0
LINE
8
BLACK
6
CONTINUOUS
10
166.3746979999999951
20
-127.2758909999999872
11
166.0827919999999835
21
-127.1603179999999895
0
LINE
8
BLACK
6
CONTINUOUS
10
166.0827919999999835
20
-127.1603179999999895
11
165.8382939999999905
21
-127.025903999999997
0
LINE
8
BLACK
6
CONTINUOUS
10
165.8382939999999905
20
-127.025903999999997
11
160.0322229999999877
21
-127.0251249999999885
0
LINE
8
BLACK
6
CONTINUOUS
10
160.0322229999999877
20
-127.0251249999999885
11
159.965186999999986
21
-127.0054309999999873
0
LINE
8
BLACK
6
CONTINUOUS
10
159.965186999999986
20
-127.0054309999999873
11
159.9194389999999828
21
-126.9526209999999935
0
LINE
8
BLACK
6
CONTINUOUS
10
159.9194389999999828
20
-126.9526209999999935
11
159.9082400000000064
21
-126.9011249999999933
0
LINE
8
BLACK
6
CONTINUOUS
10
159.9082400000000064
20
-126.9011249999999933
11
159.9082400000000064
21
-125.2861879999999957
0
LINE
8
BLACK
6
CONTINUOUS
10
159.9082400000000064
20
-125.2861879999999957
11
159.873359999999991
21
-125.2209329999999881
0
LINE
8
BLACK
6
CONTINUOUS
10
159.873359999999991
20
-125.2209329999999881
11
159.8164549999999906
21
-125.0333399999999955
0
LINE
8
BLACK
6
CONTINUOUS
10
159.8164549999999906
20
-125.0333399999999955
11
159.797239999999988
21
-124.8382499999999879
0
LINE
8
BLACK
6
CONTINUOUS
10
159.797239999999988
20
-124.8382499999999879
11
159.8164549999999906
21
-124.6431599999999946
0
LINE
8
BLACK
6
CONTINUOUS
10
159.8164549999999906
20
-124.6431599999999946
11
159.873359999999991
21
-124.4555669999999878
0
LINE
8
BLACK
6
CONTINUOUS
10
159.873359999999991
20
-124.4555669999999878
11
159.9082400000000064
21
-124.390310999999997
0
LINE
8
BLACK
6
CONTINUOUS
10
159.9082400000000064
20
-124.390310999999997
11
159.9082400000000064
21
-122.4822499999999934
0
LINE
8
BLACK
6
CONTINUOUS
10
159.9082400000000064
20
-122.4822499999999934
11
159.9279249999999877
21
-122.4152109999999993
0
LINE
8
BLACK
6
CONTINUOUS
10
159.9279249999999877
20
-122.4152109999999993
11
159.9807289999999966
21
-122.3694559999999996
0
LINE
8
BLACK
6
CONTINUOUS
10
159.9807289999999966
20
-122.3694559999999996
11
160.0322400000000016
21
-122.3582499999999982
0
LINE
8
BLACK
6
CONTINUOUS
10
160.0322400000000016
20
-122.3582499999999982
11
163.8919999999999959
21
-122.3582499999999982
0
LINE
8
BLACK
6
CONTINUOUS
10
163.8919999999999959
20
-122.3582499999999982
11
163.8919999999999959
21
-121.6809999999999974
0
LINE
8
BLACK
6
CONTINUOUS
10
163.8919999999999959
20
-121.6809999999999974
11
163.9110299999999825
21
-121.5853290000000015
0
LINE
8
BLACK
6
CONTINUOUS
10
163.9110299999999825
20
-121.5853290000000015
11
163.9652229999999804
21
-121.5042229999999961
0
LINE
8
BLACK
6
CONTINUOUS
10
163.9652229999999804
20
-121.5042229999999961
11
164.0463289999999859
21
-121.4500299999999982
0
LINE
8
BLACK
6
CONTINUOUS
10
164.0463289999999859
20
-121.4500299999999982
11
164.1419999999999959
21
-121.4309999999999974
0
LINE
8
BLACK
6
CONTINUOUS
10
164.1419999999999959
20
-121.4309999999999974
11
165.0420000000000016
21
-121.4309999999999974
0
LINE
8
BLACK
6
CONTINUOUS
10
165.0420000000000016
20
-121.4309999999999974
11
165.1376709999999832
21
-121.4500299999999982
0
LINE
8
BLACK
6
CONTINUOUS
10
139.4836509999999805
20
-90.7919629999999955
11
139.5002629999999897
21
-90.7937089999999927
0
LINE
8
BLACK
6
CONTINUOUS
10
139.5002629999999897
20
-90.7937089999999927
11
139.5166169999999966
21
-90.7971840000000014
0
LINE
8
BLACK
6
CONTINUOUS
10
139.5166169999999966
20
-90.7971840000000014
11
139.5696069999999906
21
-90.8055769999999995
0
LINE
8
BLACK
6
CONTINUOUS
10
139.5696069999999906
20
-90.8055769999999995
11
139.6174049999999909
21
-90.829931000000002
0
LINE
8
BLACK
6
CONTINUOUS
10
139.6174049999999909
20
-90.829931000000002
11
139.6890349999999899
21
-90.8618239999999986
0
LINE
8
BLACK
6
CONTINUOUS
10
139.6890349999999899
20
-90.8618239999999986
11
139.6890379999999823
21
-90.8618249999999961
0
LINE
8
BLACK
6
CONTINUOUS
10
139.6890379999999823
20
-90.8618249999999961
11
139.7284070000000042
21
-90.87741299999999
0
LINE
8
BLACK
6
CONTINUOUS
10
139.7284070000000042
20
-90.87741299999999
11
139.7363579999999956
21
-90.8801809999999932
0
LINE
8
BLACK
6
CONTINUOUS
10
139.7363579999999956
20
-90.8801809999999932
11
139.7480170000000044
21
-90.8842410000000029
0
LINE
8
BLACK
6
CONTINUOUS
10
139.7480170000000044
20
-90.8842410000000029
11
139.7885959999999841
21
-90.89649
0
LINE
8
BLACK
6
CONTINUOUS
10
139.7885959999999841
20
-90.89649
11
139.9316309999999817
21
-90.9120580000000018
0
LINE
8
BLACK
6
CONTINUOUS
10
139.9316309999999817
20
-90.9120580000000018
11
140.0014589999999828
21
-90.9096559999999982
0
LINE
8
BLACK
6
CONTINUOUS
10
140.0014589999999828
20
-90.9096559999999982
11
140.1430839999999876
21
-90.8842969999999895
0
LINE
8
BLACK
6
CONTINUOUS
10
140.1430839999999876
20
-90.8842969999999895
11
140.1557599999999866
21
-90.8800959999999947
0
LINE
8
BLACK
6
CONTINUOUS
10
140.1557599999999866
20
-90.8800959999999947
11
140.1693290000000047
21
-90.8710299999999904
0
LINE
8
BLACK
6
CONTINUOUS
10
140.1693290000000047
20
-90.8710299999999904
11
140.2038210000000049
21
-90.8641689999999898
0
LINE
8
BLACK
6
CONTINUOUS
10
140.2038210000000049
20
-90.8641689999999898
11
140.2057590000000005
21
-90.8635269999999906
0
LINE
8
BLACK
6
CONTINUOUS
10
140.2057590000000005
20
-90.8635269999999906
11
140.2321900000000028
21
-90.8578729999999979
0
LINE
8
BLACK
6
CONTINUOUS
10
140.2321900000000028
20
-90.8578729999999979
11
140.2344989999999996
21
-90.8576369999999969
0
LINE
8
BLACK
6
CONTINUOUS
10
140.2344989999999996
20
-90.8576369999999969
11
140.2374010000000055
21
-90.8574890000000011
0
LINE
8
BLACK
6
CONTINUOUS
10
140.2374010000000055
20
-90.8574890000000011
11
140.2649999999999864
21
-90.8519999999999897
0
LINE
8
BLACK
6
CONTINUOUS
10
140.2649999999999864
20
-90.8519999999999897
11
141.0900000000000034
21
-90.8519999999999897
0
LINE
8
BLACK
6
CONTINUOUS
10
141.0900000000000034
20
-90.8519999999999897
11
141.185670999999985
21
-90.8710299999999904
0
LINE
8
BLACK
6
CONTINUOUS
10
141.185670999999985
20
-90.8710299999999904
11
141.2667769999999905
21
-90.9252230000000026
0
LINE
8
BLACK
6
CONTINUOUS
10
141.2667769999999905
20
-90.9252230000000026
11
141.3209699999999884
21
-91.0063289999999938
0
LINE
8
BLACK
6
CONTINUOUS
10
141.3209699999999884
20
-91.0063289999999938
11
141.3400000000000034
21
-91.1019999999999897
0
LINE
8
BLACK
6
CONTINUOUS
10
141.3400000000000034
20
-91.1019999999999897
11
141.3400000000000034
21
-93.3019999999999925
0
LINE
8
BLACK
6
CONTINUOUS
10
141.3400000000000034
20
-93.3019999999999925
11
141.3209699999999884
21
-93.3976710000000026
0
LINE
8
BLACK
6
CONTINUOUS
10
141.3209699999999884
20
-93.3976710000000026
11
141.2667769999999905
21
-93.4787769999999938
0
LINE
8
BLACK
6
CONTINUOUS
10
141.2667769999999905
20
-93.4787769999999938
11
141.2088269999999852
21
-93.5174969999999917
0
LINE
8
BLACK
6
CONTINUOUS
10
141.2088269999999852
20
-93.5174969999999917
11
141.2043149999999798
21
-93.532865000000001
0
LINE
8
BLACK
6
CONTINUOUS
10
141.2043149999999798
20
-93.532865000000001
11
141.196550000000002
21
-93.5436339999999973
0
LINE
8
BLACK
6
CONTINUOUS
10
141.196550000000002
20
-93.5436339999999973
11
141.135799999999989
21
-93.619016000000002
0
LINE
8
BLACK
6
CONTINUOUS
10
141.135799999999989
20
-93.619016000000002
11
141.107293999999996
21
-93.6633709999999979
0
LINE
8
BLACK
6
CONTINUOUS
10
141.107293999999996
20
-93.6633709999999979
11
141.0589200000000005
21
-93.760011999999989
0
LINE
8
BLACK
6
CONTINUOUS
10
141.0589200000000005
20
-93.760011999999989
11
141.0589159999999822
21
-93.7600229999999897
0
LINE
8
BLACK
6
CONTINUOUS
10
141.0589159999999822
20
-93.7600229999999897
11
141.0283369999999934
21
-93.9005949999999956
0
LINE
8
BLACK
6
CONTINUOUS
10
141.0283369999999934
20
-93.9005949999999956
11
141.0283359999999959
21
-93.9006069999999937
0
LINE
8
BLACK
6
CONTINUOUS
10
141.0283359999999959
20
-93.9006069999999937
11
141.0233519999999885
21
-93.9702970000000022
0
LINE
8
BLACK
6
CONTINUOUS
10
141.0233519999999885
20
-93.9702970000000022
11
141.0233519999999885
21
-93.9702999999999946
0
LINE
8
BLACK
6
CONTINUOUS
10
141.0233519999999885
20
-93.9702999999999946
11
141.02473999999998
21
-93.9897009999999966
0
LINE
8
BLACK
6
CONTINUOUS
10
141.02473999999998
20
-93.9897009999999966
11
141.033615999999995
21
-94.1138100000000009
0
LINE
8
BLACK
6
CONTINUOUS
10
141.033615999999995
20
-94.1138100000000009
11
141.0838980000000049
21
-94.2486189999999908
0
LINE
8
BLACK
6
CONTINUOUS
10
141.0838980000000049
20
-94.2486189999999908
11
141.1062849999999855
21
-94.2896179999999902
0
LINE
8
BLACK
6
CONTINUOUS
10
141.1062849999999855
20
-94.2896179999999902
11
141.1173809999999946
21
-94.309939
0
LINE
8
BLACK
6
CONTINUOUS
10
141.1173809999999946
20
-94.309939
11
141.1992669999999919
21
-94.4193250000000006
0
LINE
8
BLACK
6
CONTINUOUS
10
141.1992669999999919
20
-94.4193250000000006
11
141.2076069999999959
21
-94.4416870000000017
0
LINE
8
BLACK
6
CONTINUOUS
10
141.2076069999999959
20
-94.4416870000000017
11
141.2667769999999905
21
-94.481223
0
LINE
8
BLACK
6
CONTINUOUS
10
141.2667769999999905
20
-94.481223
11
141.3209699999999884
21
-94.5623289999999912
0
LINE
8
BLACK
6
CONTINUOUS
10
141.3209699999999884
20
-94.5623289999999912
11
141.3400000000000034
21
-94.6580000000000013
0
LINE
8
BLACK
6
CONTINUOUS
10
141.3400000000000034
20
-94.6580000000000013
11
141.3400000000000034
21
-96.8579999999999899
0
LINE
8
BLACK
6
CONTINUOUS
10
141.3400000000000034
20
-96.8579999999999899
11
141.3209699999999884
21
-96.9536709999999999
0
LINE
8
BLACK
6
CONTINUOUS
10
141.3209699999999884
20
-96.9536709999999999
11
141.2667769999999905
21
-97.0347769999999912
0
LINE
8
BLACK
6
CONTINUOUS
10
141.2667769999999905
20
-97.0347769999999912
11
141.2088269999999852
21
-97.073496999999989
0
LINE
8
BLACK
6
CONTINUOUS
10
141.2088269999999852
20
-97.073496999999989
11
141.2043149999999798
21
-97.0888649999999984
0
LINE
8
BLACK
6
CONTINUOUS
10
141.2043149999999798
20
-97.0888649999999984
11
141.196550000000002
21
-97.0996339999999947
0
LINE
8
BLACK
6
CONTINUOUS
10
141.196550000000002
20
-97.0996339999999947
11
141.135799999999989
21
-97.1750159999999994
0
LINE
8
BLACK
6
CONTINUOUS
10
141.135799999999989
20
-97.1750159999999994
11
141.107293999999996
21
-97.2193709999999953
0
LINE
8
BLACK
6
CONTINUOUS
10
141.107293999999996
20
-97.2193709999999953
11
141.0589200000000005
21
-97.3160120000000006
0
LINE
8
BLACK
6
CONTINUOUS
10
141.0589200000000005
20
-97.3160120000000006
11
141.0589159999999822
21
-97.3160230000000013
0
LINE
8
BLACK
6
CONTINUOUS
10
141.0589159999999822
20
-97.3160230000000013
11
141.0283369999999934
21
-97.456594999999993
0
LINE
8
BLACK
6
CONTINUOUS
10
141.0283369999999934
20
-97.456594999999993
11
141.0283359999999959
21
-97.4566069999999911
0
LINE
8
BLACK
6
CONTINUOUS
10
141.0283359999999959
20
-97.4566069999999911
11
141.0251829999999984
21
-97.5007019999999898
0
LINE
8
BLACK
6
CONTINUOUS
10
141.0251829999999984
20
-97.5007019999999898
11
141.0233519999999885
21
-97.5262989999999945
0
LINE
8
BLACK
6
CONTINUOUS
10
141.0233519999999885
20
-97.5262989999999945
11
141.033615999999995
21
-97.6698099999999982
0
LINE
8
BLACK
6
CONTINUOUS
10
141.033615999999995
20
-97.6698099999999982
11
141.0838980000000049
21
-97.8046190000000024
0
LINE
8
BLACK
6
CONTINUOUS
10
141.0838980000000049
20
-97.8046190000000024
11
141.0976589999999931
21
-97.829819999999998
0
LINE
8
BLACK
6
CONTINUOUS
10
141.0976589999999931
20
-97.829819999999998
11
141.1173809999999946
21
-97.8659389999999973
0
LINE
8
BLACK
6
CONTINUOUS
10
141.1173809999999946
20
-97.8659389999999973
11
141.1992669999999919
21
-97.975324999999998
0
LINE
8
BLACK
6
CONTINUOUS
10
141.1992669999999919
20
-97.975324999999998
11
141.2076069999999959
21
-97.9976869999999991
0
LINE
8
BLACK
6
CONTINUOUS
10
141.2076069999999959
20
-97.9976869999999991
11
141.2667769999999905
21
-98.0372229999999973
0
LINE
8
BLACK
6
CONTINUOUS
10
141.2667769999999905
20
-98.0372229999999973
11
141.3209699999999884
21
-98.1183289999999886
0
LINE
8
BLACK
6
CONTINUOUS
10
141.3209699999999884
20
-98.1183289999999886
11
141.3400000000000034
21
-98.2139999999999986
0
LINE
8
BLACK
6
CONTINUOUS
10
141.3400000000000034
20
-98.2139999999999986
11
141.3400000000000034
21
-100.4140000000000015
0
LINE
8
BLACK
6
CONTINUOUS
10
141.3400000000000034
20
-100.4140000000000015
11
141.3209699999999884
21
-100.5096709999999973
0
LINE
8
BLACK
6
CONTINUOUS
10
141.3209699999999884
20
-100.5096709999999973
11
141.2667769999999905
21
-100.5907769999999886
0
LINE
8
BLACK
6
CONTINUOUS
10
141.2667769999999905
20
-100.5907769999999886
11
141.2075169999999957
21
-100.6303719999999942
0
LINE
8
BLACK
6
CONTINUOUS
10
141.2075169999999957
20
-100.6303719999999942
11
141.2043149999999798
21
-100.6412779999999998
0
LINE
8
BLACK
6
CONTINUOUS
10
141.2043149999999798
20
-100.6412779999999998
11
141.1947609999999997
21
-100.6537569999999988
0
LINE
8
BLACK
6
CONTINUOUS
10
141.1947609999999997
20
-100.6537569999999988
11
141.1862050000000011
21
-100.6653909999999996
0
LINE
8
BLACK
6
CONTINUOUS
10
141.1862050000000011
20
-100.6653909999999996
11
141.1727819999999838
21
-100.6756159999999909
0
LINE
8
BLACK
6
CONTINUOUS
10
141.1727819999999838
20
-100.6756159999999909
11
141.1485189999999932
21
-100.7080270000000013
0
LINE
8
BLACK
6
CONTINUOUS
10
141.1485189999999932
20
-100.7080270000000013
11
141.1484879999999862
21
-100.7080679999999973
0
LINE
8
BLACK
6
CONTINUOUS
10
141.1484879999999862
20
-100.7080679999999973
11
141.1178879999999936
21
-100.748905999999991
0
LINE
8
BLACK
6
CONTINUOUS
10
141.1178879999999936
20
-100.748905999999991
11
141.1177700000000073
21
-100.7491019999999935
0
LINE
8
BLACK
6
CONTINUOUS
10
141.1177700000000073
20
-100.7491019999999935
11
141.1082480000000032
21
-100.7618219999999951
0
LINE
8
BLACK
6
CONTINUOUS
10
141.1082480000000032
20
-100.7618219999999951
11
141.1073039999999992
21
-100.7630419999999987
0
LINE
8
BLACK
6
CONTINUOUS
10
141.1073039999999992
20
-100.7630419999999987
11
141.107057999999995
21
-100.7634109999999907
0
LINE
8
BLACK
6
CONTINUOUS
10
141.107057999999995
20
-100.7634109999999907
11
141.0381009999999833
21
-100.8896979999999957
0
LINE
8
BLACK
6
CONTINUOUS
10
141.0381009999999833
20
-100.8896979999999957
11
141.0075199999999995
21
-101.0302819999999997
0
LINE
8
BLACK
6
CONTINUOUS
10
141.0075199999999995
20
-101.0302819999999997
11
141.0075190000000021
21
-101.0302899999999937
0
LINE
8
BLACK
6
CONTINUOUS
10
141.0075190000000021
20
-101.0302899999999937
11
141.0025349999999946
21
-101.0999819999999971
0
LINE
8
BLACK
6
CONTINUOUS
10
141.0025349999999946
20
-101.0999819999999971
11
141.0127990000000011
21
-101.2434930000000008
0
LINE
8
BLACK
6
CONTINUOUS
10
141.0127990000000011
20
-101.2434930000000008
11
141.0630809999999826
21
-101.3783019999999908
0
LINE
8
BLACK
6
CONTINUOUS
10
141.0630809999999826
20
-101.3783019999999908
11
141.0965659999999957
21
-101.4396249999999924
0
LINE
8
BLACK
6
CONTINUOUS
10
141.0965659999999957
20
-101.4396249999999924
11
141.1827899999999829
21
-101.5548059999999992
0
LINE
8
BLACK
6
CONTINUOUS
10
141.1827899999999829
20
-101.5548059999999992
11
141.1876769999999794
21
-101.5596929999999958
0
LINE
8
BLACK
6
CONTINUOUS
10
141.1876769999999794
20
-101.5596929999999958
11
141.1931820000000073
21
-101.5697729999999979
0
LINE
8
BLACK
6
CONTINUOUS
10
141.1931820000000073
20
-101.5697729999999979
11
141.2282769999999914
21
-101.5932229999999947
0
LINE
8
BLACK
6
CONTINUOUS
10
141.2282769999999914
20
-101.5932229999999947
11
141.2824699999999893
21
-101.6743290000000002
0
LINE
8
BLACK
6
CONTINUOUS
10
141.2824699999999893
20
-101.6743290000000002
11
141.3015000000000043
21
-101.769999999999996
0
LINE
8
BLACK
6
CONTINUOUS
10
141.3015000000000043
20
-101.769999999999996
11
141.3015000000000043
21
-103.9699999999999989
0
LINE
8
BLACK
6
CONTINUOUS
10
141.3015000000000043
20
-103.9699999999999989
11
141.2824699999999893
21
-104.0656709999999947
0
LINE
8
BLACK
6
CONTINUOUS
10
141.2824699999999893
20
-104.0656709999999947
11
141.2282769999999914
21
-104.1467770000000002
0
LINE
8
BLACK
6
CONTINUOUS
10
141.2282769999999914
20
-104.1467770000000002
11
141.198853999999983
21
-104.1664359999999903
0
LINE
8
BLACK
6
CONTINUOUS
10
141.198853999999983
20
-104.1664359999999903
11
141.1876809999999978
21
-104.1803019999999975
0
LINE
8
BLACK
6
CONTINUOUS
10
141.1876809999999978
20
-104.1803019999999975
11
141.1651139999999884
21
-104.2028679999999952
0
LINE
8
BLACK
6
CONTINUOUS
10
141.1651139999999884
20
-104.2028679999999952
11
141.1650980000000004
21
-104.2028859999999924
0
LINE
8
BLACK
6
CONTINUOUS
10
141.1650980000000004
20
-104.2028859999999924
11
141.0973060000000032
21
-104.2870089999999976
0
LINE
8
BLACK
6
CONTINUOUS
10
141.0973060000000032
20
-104.2870089999999976
11
141.0973019999999849
21
-104.2870139999999992
0
LINE
8
BLACK
6
CONTINUOUS
10
141.0973019999999849
20
-104.2870139999999992
11
141.0687939999999969
21
-104.3313709999999901
0
LINE
8
BLACK
6
CONTINUOUS
10
141.0687939999999969
20
-104.3313709999999901
11
141.0204200000000014
21
-104.4280119999999954
0
LINE
8
BLACK
6
CONTINUOUS
10
141.0204200000000014
20
-104.4280119999999954
11
141.0204159999999831
21
-104.428022999999996
0
LINE
8
BLACK
6
CONTINUOUS
10
141.0204159999999831
20
-104.428022999999996
11
140.9898369999999943
21
-104.568595000000002
0
LINE
8
BLACK
6
CONTINUOUS
10
140.9898369999999943
20
-104.568595000000002
11
140.9898359999999968
21
-104.5686070000000001
0
LINE
8
BLACK
6
CONTINUOUS
10
140.9898359999999968
20
-104.5686070000000001
11
140.9848519999999894
21
-104.6382969999999943
0
LINE
8
BLACK
6
CONTINUOUS
10
140.9848519999999894
20
-104.6382969999999943
11
140.9848519999999894
21
-104.638300000000001
0
LINE
8
BLACK
6
CONTINUOUS
10
140.9848519999999894
20
-104.638300000000001
11
140.9862399999999809
21
-104.6577009999999888
0
LINE
8
BLACK
6
CONTINUOUS
10
140.9862399999999809
20
-104.6577009999999888
11
140.9951159999999959
21
-104.781809999999993
0
LINE
8
BLACK
6
CONTINUOUS
10
140.9951159999999959
20
-104.781809999999993
11
141.0453980000000058
21
-104.9166189999999972
0
LINE
8
BLACK
6
CONTINUOUS
10
141.0453980000000058
20
-104.9166189999999972
11
141.0788829999999905
21
-104.9779419999999988
0
LINE
8
BLACK
6
CONTINUOUS
10
141.0788829999999905
20
-104.9779419999999988
11
141.1651070000000061
21
-105.0931229999999914
0
LINE
8
BLACK
6
CONTINUOUS
10
141.1651070000000061
20
-105.0931229999999914
11
141.1876809999999978
21
-105.1156969999999973
0
LINE
8
BLACK
6
CONTINUOUS
10
141.1876809999999978
20
-105.1156969999999973
11
141.1931840000000022
21
-105.1257739999999927
0
LINE
8
BLACK
6
CONTINUOUS
10
141.1931840000000022
20
-105.1257739999999927
11
141.2282769999999914
21
-105.1492229999999921
0
LINE
8
BLACK
6
CONTINUOUS
10
141.2282769999999914
20
-105.1492229999999921
11
141.2824699999999893
21
-105.2303289999999976
0
LINE
8
BLACK
6
CONTINUOUS
10
141.2824699999999893
20
-105.2303289999999976
11
141.3015000000000043
21
-105.3259999999999934
0
LINE
8
BLACK
6
CONTINUOUS
10
141.3015000000000043
20
-105.3259999999999934
11
141.3015000000000043
21
-107.5259999999999962
0
LINE
8
BLACK
6
CONTINUOUS
10
141.3015000000000043
20
-107.5259999999999962
11
141.2824699999999893
21
-107.6216709999999921
0
LINE
8
BLACK
6
CONTINUOUS
10
141.2824699999999893
20
-107.6216709999999921
11
141.2282769999999914
21
-107.7027769999999975
0
LINE
8
BLACK
6
CONTINUOUS
10
141.2282769999999914
20
-107.7027769999999975
11
141.198853999999983
21
-107.7224360000000019
0
LINE
8
BLACK
6
CONTINUOUS
10
141.198853999999983
20
-107.7224360000000019
11
141.1876809999999978
21
-107.7363019999999949
0
LINE
8
BLACK
6
CONTINUOUS
10
141.1876809999999978
20
-107.7363019999999949
11
141.1651139999999884
21
-107.7588679999999925
0
LINE
8
BLACK
6
CONTINUOUS
10
141.1651139999999884
20
-107.7588679999999925
11
141.1650980000000004
21
-107.7588859999999897
0
LINE
8
BLACK
6
CONTINUOUS
10
141.1650980000000004
20
-107.7588859999999897
11
141.0973060000000032
21
-107.843008999999995
0
LINE
8
BLACK
6
CONTINUOUS
10
141.0973060000000032
20
-107.843008999999995
11
141.0973019999999849
21
-107.8430139999999966
0
LINE
8
BLACK
6
CONTINUOUS
10
141.0973019999999849
20
-107.8430139999999966
11
141.0687939999999969
21
-107.8873710000000017
0
LINE
8
BLACK
6
CONTINUOUS
10
141.0687939999999969
20
-107.8873710000000017
11
141.0204200000000014
21
-107.9840119999999928
0
LINE
8
BLACK
6
CONTINUOUS
10
141.0204200000000014
20
-107.9840119999999928
11
141.0204159999999831
21
-107.9840229999999934
0
LINE
8
BLACK
6
CONTINUOUS
10
141.0204159999999831
20
-107.9840229999999934
11
140.9898369999999943
21
-108.1245949999999993
0
LINE
8
BLACK
6
CONTINUOUS
10
140.9898369999999943
20
-108.1245949999999993
11
140.9898359999999968
21
-108.1246069999999975
0
LINE
8
BLACK
6
CONTINUOUS
10
140.9898359999999968
20
-108.1246069999999975
11
140.9848519999999894
21
-108.1942969999999917
0
LINE
8
BLACK
6
CONTINUOUS
10
140.9848519999999894
20
-108.1942969999999917
11
140.9848519999999894
21
-108.1942999999999984
0
LINE
8
BLACK
6
CONTINUOUS
10
140.9848519999999894
20
-108.1942999999999984
11
140.9862399999999809
21
-108.2137010000000004
0
LINE
8
BLACK
6
CONTINUOUS
10
140.9862399999999809
20
-108.2137010000000004
11
140.9951159999999959
21
-108.3378099999999904
0
LINE
8
BLACK
6
CONTINUOUS
10
140.9951159999999959
20
-108.3378099999999904
11
141.0453980000000058
21
-108.4726189999999946
0
LINE
8
BLACK
6
CONTINUOUS
10
141.0453980000000058
20
-108.4726189999999946
11
141.0788829999999905
21
-108.5339419999999961
0
LINE
8
BLACK
6
CONTINUOUS
10
141.0788829999999905
20
-108.5339419999999961
11
141.1651070000000061
21
-108.6491229999999888
0
LINE
8
BLACK
6
CONTINUOUS
10
141.1651070000000061
20
-108.6491229999999888
11
141.1876809999999978
21
-108.6716969999999947
0
LINE
8
BLACK
6
CONTINUOUS
10
141.1876809999999978
20
-108.6716969999999947
11
141.1931840000000022
21
-108.6817739999999901
0
LINE
8
BLACK
6
CONTINUOUS
10
141.1931840000000022
20
-108.6817739999999901
11
141.2282769999999914
21
-108.7052229999999895
0
LINE
8
BLACK
6
CONTINUOUS
10
141.2282769999999914
20
-108.7052229999999895
11
141.2824699999999893
21
-108.7863289999999949
0
LINE
8
BLACK
6
CONTINUOUS
10
141.2824699999999893
20
-108.7863289999999949
11
141.3015000000000043
21
-108.8819999999999908
0
LINE
8
BLACK
6
CONTINUOUS
10
141.3015000000000043
20
-108.8819999999999908
11
141.3015000000000043
21
-111.0819999999999936
0
LINE
8
BLACK
6
CONTINUOUS
10
141.3015000000000043
20
-111.0819999999999936
11
141.2824699999999893
21
-111.1776709999999895
0
LINE
8
BLACK
6
CONTINUOUS
10
141.2824699999999893
20
-111.1776709999999895
11
141.2282769999999914
21
-111.2587769999999949
0
LINE
8
BLACK
6
CONTINUOUS
10
141.2282769999999914
20
-111.2587769999999949
11
141.198853999999983
21
-111.2784359999999992
0
LINE
8
BLACK
6
CONTINUOUS
10
141.198853999999983
20
-111.2784359999999992
11
141.1876809999999978
21
-111.2923019999999923
0
LINE
8
BLACK
6
CONTINUOUS
10
141.1876809999999978
20
-111.2923019999999923
11
141.1651139999999884
21
-111.3148679999999899
0
LINE
8
BLACK
6
CONTINUOUS
10
141.1651139999999884
20
-111.3148679999999899
11
141.1650980000000004
21
-111.3148860000000013
0
LINE
8
BLACK
6
CONTINUOUS
10
141.1650980000000004
20
-111.3148860000000013
11
141.0973060000000032
21
-111.3990089999999924
0
LINE
8
BLACK
6
CONTINUOUS
10
141.0973060000000032
20
-111.3990089999999924
11
141.0973019999999849
21
-111.399013999999994
0
LINE
8
BLACK
6
CONTINUOUS
10
141.0973019999999849
20
-111.399013999999994
11
141.0687939999999969
21
-111.4433709999999991
0
LINE
8
BLACK
6
CONTINUOUS
10
141.0687939999999969
20
-111.4433709999999991
11
141.0204200000000014
21
-111.5400119999999902
0
LINE
8
BLACK
6
CONTINUOUS
10
141.0204200000000014
20
-111.5400119999999902
11
141.0204159999999831
21
-111.5400229999999908
0
LINE
8
BLACK
6
CONTINUOUS
10
141.0204159999999831
20
-111.5400229999999908
11
140.9898369999999943
21
-111.6805949999999967
0
LINE
8
BLACK
6
CONTINUOUS
10
140.9898369999999943
20
-111.6805949999999967
11
140.9898359999999968
21
-111.6806069999999949
0
LINE
8
BLACK
6
CONTINUOUS
10
140.9898359999999968
20
-111.6806069999999949
11
140.9848519999999894
21
-111.7502969999999891
0
LINE
8
BLACK
6
CONTINUOUS
10
140.9848519999999894
20
-111.7502969999999891
11
140.9848519999999894
21
-111.7502999999999957
0
LINE
8
BLACK
6
CONTINUOUS
10
140.9848519999999894
20
-111.7502999999999957
11
140.9899589999999989
21
-111.821708000000001
0
LINE
8
BLACK
6
CONTINUOUS
10
140.9899589999999989
20
-111.821708000000001
11
140.9951159999999959
21
-111.893810000000002
0
LINE
8
BLACK
6
CONTINUOUS
10
140.9951159999999959
20
-111.893810000000002
11
141.0453980000000058
21
-112.028618999999992
0
LINE
8
BLACK
6
CONTINUOUS
10
141.0453980000000058
20
-112.028618999999992
11
141.0533499999999947
21
-112.0431820000000016
0
LINE
8
BLACK
6
CONTINUOUS
10
141.0533499999999947
20
-112.0431820000000016
11
141.078171999999995
21
-112.0886409999999955
0
LINE
8
BLACK
6
CONTINUOUS
10
141.078171999999995
20
-112.0886409999999955
11
141.0788829999999905
21
-112.0899419999999935
0
LINE
8
BLACK
6
CONTINUOUS
10
141.0788829999999905
20
-112.0899419999999935
11
141.1651070000000061
21
-112.2051230000000004
0
LINE
8
BLACK
6
CONTINUOUS
10
141.1651070000000061
20
-112.2051230000000004
11
141.1876809999999978
21
-112.227696999999992
0
LINE
8
BLACK
6
CONTINUOUS
10
141.1876809999999978
20
-112.227696999999992
11
141.1931840000000022
21
-112.2377740000000017
0
LINE
8
BLACK
6
CONTINUOUS
10
141.1931840000000022
20
-112.2377740000000017
11
141.2282769999999914
21
-112.2612230000000011
0
LINE
8
BLACK
6
CONTINUOUS
10
141.2282769999999914
20
-112.2612230000000011
11
141.2824699999999893
21
-112.3423289999999923
0
LINE
8
BLACK
6
CONTINUOUS
10
141.2824699999999893
20
-112.3423289999999923
11
141.3015000000000043
21
-112.4379999999999882
0
LINE
8
BLACK
6
CONTINUOUS
10
141.3015000000000043
20
-112.4379999999999882
11
141.3015000000000043
21
-114.637999999999991
0
LINE
8
BLACK
6
CONTINUOUS
10
141.3015000000000043
20
-114.637999999999991
11
141.2824699999999893
21
-114.7336710000000011
0
LINE
8
BLACK
6
CONTINUOUS
10
141.2824699999999893
20
-114.7336710000000011
11
141.2282769999999914
21
-114.8147769999999923
0
LINE
8
BLACK
6
CONTINUOUS
10
141.2282769999999914
20
-114.8147769999999923
11
141.147170999999986
21
-114.8689699999999903
0
LINE
8
BLACK
6
CONTINUOUS
10
141.147170999999986
20
-114.8689699999999903
11
141.0515000000000043
21
-114.887999999999991
0
LINE
8
BLACK
6
CONTINUOUS
10
141.0515000000000043
20
-114.887999999999991
11
140.2264999999999873
21
-114.887999999999991
0
LINE
8
BLACK
6
CONTINUOUS
10
140.2264999999999873
20
-114.887999999999991
11
140.1308290000000056
21
-114.8689699999999903
0
LINE
8
BLACK
6
CONTINUOUS
10
140.1308290000000056
20
-114.8689699999999903
11
140.0497230000000002
21
-114.8147769999999923
0
LINE
8
BLACK
6
CONTINUOUS
10
140.0497230000000002
20
-114.8147769999999923
11
140.0451950000000068
21
-114.8079999999999927
0
LINE
8
BLACK
6
CONTINUOUS
10
140.0451950000000068
20
-114.8079999999999927
11
139.7507209999999986
21
-114.8079999999999927
0
LINE
8
BLACK
6
CONTINUOUS
10
139.7507209999999986
20
-114.8079999999999927
11
139.6811139999999796
21
-114.8776069999999976
0
LINE
8
BLACK
6
CONTINUOUS
10
139.6811139999999796
20
-114.8776069999999976
11
139.5696069999999906
21
-114.9344229999999953
0
LINE
8
BLACK
6
CONTINUOUS
10
139.5696069999999906
20
-114.9344229999999953
11
139.445999999999998
21
-114.9539999999999935
0
LINE
8
BLACK
6
CONTINUOUS
10
139.445999999999998
20
-114.9539999999999935
11
139.3223930000000053
21
-114.9344229999999953
0
LINE
8
BLACK
6
CONTINUOUS
10
139.3223930000000053
20
-114.9344229999999953
11
139.2108859999999879
21
-114.8776069999999976
0
LINE
8
BLACK
6
CONTINUOUS
10
139.2108859999999879
20
-114.8776069999999976
11
139.1412789999999973
21
-114.8079999999999927
0
LINE
8
BLACK
6
CONTINUOUS
10
139.1412789999999973
20
-114.8079999999999927
11
138.769804999999991
21
-114.8079999999999927
0
LINE
8
BLACK
6
CONTINUOUS
10
138.769804999999991
20
-114.8079999999999927
11
138.7652769999999975
21
-114.8147769999999923
0
LINE
8
BLACK
6
CONTINUOUS
10
138.7652769999999975
20
-114.8147769999999923
11
138.6841709999999921
21
-114.8689699999999903
0
LINE
8
BLACK
6
CONTINUOUS
10
138.6841709999999921
20
-114.8689699999999903
11
138.588499999999982
21
-114.887999999999991
0
LINE
8
BLACK
6
CONTINUOUS
10
138.588499999999982
20
-114.887999999999991
11
137.7634999999999934
21
-114.887999999999991
0
LINE
8
BLACK
6
CONTINUOUS
10
137.7634999999999934
20
-114.887999999999991
11
137.6678289999999834
21
-114.8689699999999903
0
LINE
8
BLACK
6
CONTINUOUS
10
137.6678289999999834
20
-114.8689699999999903
11
137.5867230000000063
21
-114.8147769999999923
0
LINE
8
BLACK
6
CONTINUOUS
10
137.5867230000000063
20
-114.8147769999999923
11
137.53252999999998
21
-114.7336710000000011
0
LINE
8
BLACK
6
CONTINUOUS
10
137.53252999999998
20
-114.7336710000000011
11
137.5134999999999934
21
-114.637999999999991
0
LINE
8
BLACK
6
CONTINUOUS
10
137.5134999999999934
20
-114.637999999999991
11
137.5134999999999934
21
-112.4379999999999882
0
LINE
8
BLACK
6
CONTINUOUS
10
137.5134999999999934
20
-112.4379999999999882
11
137.53252999999998
21
-112.3423289999999923
0
LINE
8
BLACK
6
CONTINUOUS
10
137.53252999999998
20
-112.3423289999999923
11
137.5867230000000063
21
-112.2612230000000011
0
LINE
8
BLACK
6
CONTINUOUS
10
137.5867230000000063
20
-112.2612230000000011
11
137.6678289999999834
21
-112.2070299999999889
0
LINE
8
BLACK
6
CONTINUOUS
10
137.6678289999999834
20
-112.2070299999999889
11
137.6759229999999832
21
-112.205418999999992
0
LINE
8
BLACK
6
CONTINUOUS
10
137.6759229999999832
20
-112.205418999999992
11
137.6876849999999877
21
-112.1653649999999942
0
LINE
8
BLACK
6
CONTINUOUS
10
137.6876849999999877
20
-112.1653649999999942
11
137.7018779999999936
21
-112.1477429999999913
0
LINE
8
BLACK
6
CONTINUOUS
10
137.7018779999999936
20
-112.1477429999999913
11
137.7018079999999998
21
-112.147681999999989
0
LINE
8
BLACK
6
CONTINUOUS
10
137.7018079999999998
20
-112.147681999999989
11
137.7035359999999855
21
-112.1456850000000003
0
LINE
8
BLACK
6
CONTINUOUS
10
137.7035359999999855
20
-112.1456850000000003
11
137.7042820000000063
21
-112.1447599999999909
0
LINE
8
BLACK
6
CONTINUOUS
10
137.7042820000000063
20
-112.1447599999999909
11
137.7047000000000025
21
-112.1443409999999972
0
LINE
8
BLACK
6
CONTINUOUS
10
137.7047000000000025
20
-112.1443409999999972
11
137.7046990000000051
21
-112.1443409999999972
0
LINE
8
BLACK
6
CONTINUOUS
10
137.7046990000000051
20
-112.1443409999999972
11
137.7047059999999874
21
-112.1443349999999981
0
LINE
8
BLACK
6
CONTINUOUS
10
137.7047059999999874
20
-112.1443349999999981
11
137.7052369999999826
21
-112.1436250000000001
0
LINE
8
BLACK
6
CONTINUOUS
10
137.7052369999999826
20
-112.1436250000000001
11
137.7052359999999851
21
-112.1436239999999884
0
LINE
8
BLACK
6
CONTINUOUS
10
137.7052359999999851
20
-112.1436239999999884
11
137.745980000000003
21
-112.0891999999999911
0
LINE
8
BLACK
6
CONTINUOUS
10
137.745980000000003
20
-112.0891999999999911
11
137.7464049999999816
21
-112.0886409999999955
0
LINE
8
BLACK
6
CONTINUOUS
10
137.7464049999999816
20
-112.0886409999999955
11
137.7464410000000044
21
-112.0885859999999923
0
LINE
8
BLACK
6
CONTINUOUS
10
137.7464410000000044
20
-112.0885859999999923
11
137.7464410000000044
21
-112.0885849999999948
0
LINE
8
BLACK
6
CONTINUOUS
10
137.7464410000000044
20
-112.0885849999999948
11
137.7464439999999968
21
-112.0885819999999882
0
LINE
8
BLACK
6
CONTINUOUS
10
137.7464439999999968
20
-112.0885819999999882
11
137.8153969999999902
21
-111.9623009999999965
0
LINE
8
BLACK
6
CONTINUOUS
10
137.8153969999999902
20
-111.9623009999999965
11
137.8459799999999973
21
-111.8217089999999985
0
LINE
8
BLACK
6
CONTINUOUS
10
137.8459799999999973
20
-111.8217089999999985
11
137.8509640000000047
21
-111.7520169999999951
0
LINE
8
BLACK
6
CONTINUOUS
10
137.8509640000000047
20
-111.7520169999999951
11
137.8406999999999982
21
-111.6085059999999913
0
LINE
8
BLACK
6
CONTINUOUS
10
137.8406999999999982
20
-111.6085059999999913
11
137.7904179999999883
21
-111.4736970000000014
0
LINE
8
BLACK
6
CONTINUOUS
10
137.7904179999999883
20
-111.4736970000000014
11
137.7569330000000036
21
-111.4123739999999998
0
LINE
8
BLACK
6
CONTINUOUS
10
137.7569330000000036
20
-111.4123739999999998
11
137.7469279999999969
21
-111.3990089999999924
0
LINE
8
BLACK
6
CONTINUOUS
10
137.7469279999999969
20
-111.3990089999999924
11
137.692733000000004
21
-111.3266119999999972
0
LINE
8
BLACK
6
CONTINUOUS
10
137.692733000000004
20
-111.3266119999999972
11
137.6814420000000041
21
-111.2963409999999982
0
LINE
8
BLACK
6
CONTINUOUS
10
137.6814420000000041
20
-111.2963409999999982
11
137.6252230000000054
21
-111.2587769999999949
0
LINE
8
BLACK
6
CONTINUOUS
10
137.6252230000000054
20
-111.2587769999999949
11
137.5710300000000075
21
-111.1776709999999895
0
LINE
8
BLACK
6
CONTINUOUS
10
137.5710300000000075
20
-111.1776709999999895
11
137.5519999999999925
21
-111.0819999999999936
0
LINE
8
BLACK
6
CONTINUOUS
10
137.5519999999999925
20
-111.0819999999999936
11
137.5519999999999925
21
-108.8819999999999908
0
LINE
8
BLACK
6
CONTINUOUS
10
137.5519999999999925
20
-108.8819999999999908
11
137.5710300000000075
21
-108.7863289999999949
0
LINE
8
BLACK
6
CONTINUOUS
10
137.5710300000000075
20
-108.7863289999999949
11
137.6252230000000054
21
-108.7052229999999895
0
LINE
8
BLACK
6
CONTINUOUS
10
137.6252230000000054
20
-108.7052229999999895
11
137.6831719999999848
21
-108.6665019999999942
0
LINE
8
BLACK
6
CONTINUOUS
10
137.6831719999999848
20
-108.6665019999999942
11
137.6876849999999877
21
-108.6511349999999965
0
LINE
8
BLACK
6
CONTINUOUS
10
137.6876849999999877
20
-108.6511349999999965
11
137.6954439999999806
21
-108.6403729999999968
0
LINE
8
BLACK
6
CONTINUOUS
10
137.6954439999999806
20
-108.6403729999999968
11
137.7562010000000043
21
-108.5649809999999889
0
LINE
8
BLACK
6
CONTINUOUS
10
137.7562010000000043
20
-108.5649809999999889
11
137.7847019999999816
21
-108.5206340000000012
0
LINE
8
BLACK
6
CONTINUOUS
10
137.7847019999999816
20
-108.5206340000000012
11
137.8330809999999929
21
-108.4239850000000018
0
LINE
8
BLACK
6
CONTINUOUS
10
137.8330809999999929
20
-108.4239850000000018
11
137.863664
21
-108.2833929999999896
0
LINE
8
BLACK
6
CONTINUOUS
10
137.863664
20
-108.2833929999999896
11
137.8686480000000074
21
-108.2137010000000004
0
LINE
8
BLACK
6
CONTINUOUS
10
137.8686480000000074
20
-108.2137010000000004
11
137.8583840000000009
21
-108.0701899999999966
0
LINE
8
BLACK
6
CONTINUOUS
10
137.8583840000000009
20
-108.0701899999999966
11
137.808101999999991
21
-107.9353809999999925
0
LINE
8
BLACK
6
CONTINUOUS
10
137.808101999999991
20
-107.9353809999999925
11
137.7746170000000063
21
-107.8740579999999909
0
LINE
8
BLACK
6
CONTINUOUS
10
137.7746170000000063
20
-107.8740579999999909
11
137.774614999999983
21
-107.8740549999999985
0
LINE
8
BLACK
6
CONTINUOUS
10
137.774614999999983
20
-107.8740549999999985
11
137.692733000000004
21
-107.7646730000000019
0
LINE
8
BLACK
6
CONTINUOUS
10
137.692733000000004
20
-107.7646730000000019
11
137.684393
21
-107.7423119999999983
0
LINE
8
BLACK
6
CONTINUOUS
10
137.684393
20
-107.7423119999999983
11
137.6252230000000054
21
-107.7027769999999975
0
LINE
8
BLACK
6
CONTINUOUS
10
137.6252230000000054
20
-107.7027769999999975
11
137.5710300000000075
21
-107.6216709999999921
0
LINE
8
BLACK
6
CONTINUOUS
10
137.5710300000000075
20
-107.6216709999999921
11
137.5519999999999925
21
-107.5259999999999962
0
LINE
8
BLACK
6
CONTINUOUS
10
137.5519999999999925
20
-107.5259999999999962
11
137.5519999999999925
21
-105.3259999999999934
0
LINE
8
BLACK
6
CONTINUOUS
10
137.5519999999999925
20
-105.3259999999999934
11
137.5710300000000075
21
-105.2303289999999976
0
LINE
8
BLACK
6
CONTINUOUS
10
137.5710300000000075
20
-105.2303289999999976
11
137.6252230000000054
21
-105.1492229999999921
0
LINE
8
BLACK
6
CONTINUOUS
10
137.6252230000000054
20
-105.1492229999999921
11
137.6831719999999848
21
-105.1105019999999968
0
LINE
8
BLACK
6
CONTINUOUS
10
137.6831719999999848
20
-105.1105019999999968
11
137.6876849999999877
21
-105.0951349999999991
0
LINE
8
BLACK
6
CONTINUOUS
10
137.6876849999999877
20
-105.0951349999999991
11
137.6954439999999806
21
-105.0843729999999994
0
LINE
8
BLACK
6
CONTINUOUS
10
137.6954439999999806
20
-105.0843729999999994
11
137.7562010000000043
21
-105.0089809999999915
0
LINE
8
BLACK
6
CONTINUOUS
10
137.7562010000000043
20
-105.0089809999999915
11
137.7847019999999816
21
-104.9646339999999896
0
LINE
8
BLACK
6
CONTINUOUS
10
137.7847019999999816
20
-104.9646339999999896
11
137.8330809999999929
21
-104.8679849999999902
0
LINE
8
BLACK
6
CONTINUOUS
10
137.8330809999999929
20
-104.8679849999999902
11
137.863664
21
-104.7273929999999922
0
LINE
8
BLACK
6
CONTINUOUS
10
137.863664
20
-104.7273929999999922
11
137.8686480000000074
21
-104.6577009999999888
0
LINE
8
BLACK
6
CONTINUOUS
10
137.8686480000000074
20
-104.6577009999999888
11
137.8583840000000009
21
-104.5141899999999993
0
LINE
8
BLACK
6
CONTINUOUS
10
137.8583840000000009
20
-104.5141899999999993
11
137.808101999999991
21
-104.3793809999999951
0
LINE
8
BLACK
6
CONTINUOUS
10
137.808101999999991
20
-104.3793809999999951
11
137.7746170000000063
21
-104.3180579999999935
0
LINE
8
BLACK
6
CONTINUOUS
10
137.7746170000000063
20
-104.3180579999999935
11
137.774614999999983
21
-104.3180550000000011
0
LINE
8
BLACK
6
CONTINUOUS
10
137.774614999999983
20
-104.3180550000000011
11
137.692733000000004
21
-104.2086729999999903
0
LINE
8
BLACK
6
CONTINUOUS
10
137.692733000000004
20
-104.2086729999999903
11
137.684393
21
-104.1863120000000009
0
LINE
8
BLACK
6
CONTINUOUS
10
137.684393
20
-104.1863120000000009
11
137.6252230000000054
21
-104.1467770000000002
0
LINE
8
BLACK
6
CONTINUOUS
10
137.6252230000000054
20
-104.1467770000000002
11
137.5710300000000075
21
-104.0656709999999947
0
LINE
8
BLACK
6
CONTINUOUS
10
137.5710300000000075
20
-104.0656709999999947
11
137.5519999999999925
21
-103.9699999999999989
0
LINE
8
BLACK
6
CONTINUOUS
10
137.5519999999999925
20
-103.9699999999999989
11
137.5519999999999925
21
-101.769999999999996
0
LINE
8
BLACK
6
CONTINUOUS
10
137.5519999999999925
20
-101.769999999999996
11
137.5710300000000075
21
-101.6743290000000002
0
LINE
8
BLACK
6
CONTINUOUS
10
137.5710300000000075
20
-101.6743290000000002
11
137.6252230000000054
21
-101.5932229999999947
0
LINE
8
BLACK
6
CONTINUOUS
10
137.6252230000000054
20
-101.5932229999999947
11
137.6839290000000062
21
-101.5539969999999954
0
LINE
8
BLACK
6
CONTINUOUS
10
137.6839290000000062
20
-101.5539969999999954
11
137.6876849999999877
21
-101.5412059999999883
0
LINE
8
BLACK
6
CONTINUOUS
10
137.6876849999999877
20
-101.5412059999999883
11
137.7023709999999994
21
-101.5225559999999945
0
LINE
8
BLACK
6
CONTINUOUS
10
137.7023709999999994
20
-101.5225559999999945
11
137.7030100000000061
21
-101.521885999999995
0
LINE
8
BLACK
6
CONTINUOUS
10
137.7030100000000061
20
-101.521885999999995
11
137.7052769999999953
21
-101.5195159999999959
0
LINE
8
BLACK
6
CONTINUOUS
10
137.7052769999999953
20
-101.5195159999999959
11
137.7127969999999948
21
-101.5112869999999958
0
LINE
8
BLACK
6
CONTINUOUS
10
137.7127969999999948
20
-101.5112869999999958
11
137.7277430000000038
21
-101.494175999999996
0
LINE
8
BLACK
6
CONTINUOUS
10
137.7277430000000038
20
-101.494175999999996
11
137.7613900000000058
21
-101.439622
0
LINE
8
BLACK
6
CONTINUOUS
10
137.7613900000000058
20
-101.439622
11
137.8032690000000002
21
-101.3717219999999912
0
LINE
8
BLACK
6
CONTINUOUS
10
137.8032690000000002
20
-101.3717219999999912
11
137.8032729999999901
21
-101.3717139999999972
0
LINE
8
BLACK
6
CONTINUOUS
10
137.8032729999999901
20
-101.3717139999999972
11
137.8297869999999818
21
-101.310687999999999
0
LINE
8
BLACK
6
CONTINUOUS
10
137.8297869999999818
20
-101.310687999999999
11
137.8306699999999978
21
-101.3087949999999893
0
LINE
8
BLACK
6
CONTINUOUS
10
137.8306699999999978
20
-101.3087949999999893
11
137.8311149999999827
21
-101.3076319999999981
0
LINE
8
BLACK
6
CONTINUOUS
10
137.8311149999999827
20
-101.3076319999999981
11
137.8486639999999852
21
-101.2434930000000008
0
LINE
8
BLACK
6
CONTINUOUS
10
137.8486639999999852
20
-101.2434930000000008
11
137.8690859999999816
21
-101.168849999999992
0
LINE
8
BLACK
6
CONTINUOUS
10
137.8690859999999816
20
-101.168849999999992
11
137.8664179999999817
21
-101.0249939999999924
0
LINE
8
BLACK
6
CONTINUOUS
10
137.8664179999999817
20
-101.0249939999999924
11
137.8551939999999831
21
-100.9560319999999933
0
LINE
8
BLACK
6
CONTINUOUS
10
137.8551939999999831
20
-100.9560319999999933
11
137.8121069999999975
21
-100.8187580000000025
0
LINE
8
BLACK
6
CONTINUOUS
10
137.8121069999999975
20
-100.8187580000000025
11
137.732089000000002
21
-100.6991809999999958
0
LINE
8
BLACK
6
CONTINUOUS
10
137.732089000000002
20
-100.6991809999999958
11
137.7179759999999931
21
-100.6834909999999894
0
LINE
8
BLACK
6
CONTINUOUS
10
137.7179759999999931
20
-100.6834909999999894
11
137.6998069999999927
21
-100.663291000000001
0
LINE
8
BLACK
6
CONTINUOUS
10
137.6998069999999927
20
-100.663291000000001
11
137.674443999999994
21
-100.6103710000000007
0
LINE
8
BLACK
6
CONTINUOUS
10
137.674443999999994
20
-100.6103710000000007
11
137.6548290000000065
21
-100.6064700000000016
0
LINE
8
BLACK
6
CONTINUOUS
10
137.6548290000000065
20
-100.6064700000000016
11
137.5737230000000011
21
-100.5522769999999895
0
LINE
8
BLACK
6
CONTINUOUS
10
137.5737230000000011
20
-100.5522769999999895
11
137.5195300000000032
21
-100.4711709999999982
0
LINE
8
BLACK
6
CONTINUOUS
10
137.5195300000000032
20
-100.4711709999999982
11
137.5004999999999882
21
-100.3755000000000024
0
LINE
8
BLACK
6
CONTINUOUS
10
137.5004999999999882
20
-100.3755000000000024
11
137.5004999999999882
21
-98.1754999999999995
0
LINE
8
BLACK
6
CONTINUOUS
10
137.5004999999999882
20
-98.1754999999999995
11
137.5195300000000032
21
-98.0798289999999895
0
LINE
8
BLACK
6
CONTINUOUS
10
137.5195300000000032
20
-98.0798289999999895
11
137.5737230000000011
21
-97.9987229999999983
0
LINE
8
BLACK
6
CONTINUOUS
10
137.5737230000000011
20
-97.9987229999999983
11
137.6548290000000065
21
-97.9445300000000003
0
LINE
8
BLACK
6
CONTINUOUS
10
137.6548290000000065
20
-97.9445300000000003
11
137.670314999999988
21
-97.9414489999999915
0
LINE
8
BLACK
6
CONTINUOUS
10
137.670314999999988
20
-97.9414489999999915
11
137.6876849999999877
21
-97.8822949999999992
0
LINE
8
BLACK
6
CONTINUOUS
10
137.6876849999999877
20
-97.8822949999999992
11
137.6954499999999939
21
-97.8715259999999887
0
LINE
8
BLACK
6
CONTINUOUS
10
137.6954499999999939
20
-97.8715259999999887
11
137.6999500000000012
21
-97.8659419999999898
0
LINE
8
BLACK
6
CONTINUOUS
10
137.6999500000000012
20
-97.8659419999999898
11
137.7112009999999884
21
-97.851980999999995
0
LINE
8
BLACK
6
CONTINUOUS
10
137.7112009999999884
20
-97.851980999999995
11
137.7397019999999941
21
-97.8076339999999931
0
LINE
8
BLACK
6
CONTINUOUS
10
137.7397019999999941
20
-97.8076339999999931
11
137.7880810000000054
21
-97.7109849999999938
0
LINE
8
BLACK
6
CONTINUOUS
10
137.7880810000000054
20
-97.7109849999999938
11
137.8186639999999841
21
-97.5703929999999957
0
LINE
8
BLACK
6
CONTINUOUS
10
137.8186639999999841
20
-97.5703929999999957
11
137.8236479999999915
21
-97.5007009999999923
0
LINE
8
BLACK
6
CONTINUOUS
10
137.8236479999999915
20
-97.5007009999999923
11
137.813383999999985
21
-97.3571899999999886
0
LINE
8
BLACK
6
CONTINUOUS
10
137.813383999999985
20
-97.3571899999999886
11
137.7631020000000035
21
-97.2223809999999986
0
LINE
8
BLACK
6
CONTINUOUS
10
137.7631020000000035
20
-97.2223809999999986
11
137.7296169999999904
21
-97.161057999999997
0
LINE
8
BLACK
6
CONTINUOUS
10
137.7296169999999904
20
-97.161057999999997
11
137.7296149999999955
21
-97.1610549999999904
0
LINE
8
BLACK
6
CONTINUOUS
10
137.7296149999999955
20
-97.1610549999999904
11
137.692733000000004
21
-97.1117859999999951
0
LINE
8
BLACK
6
CONTINUOUS
10
137.692733000000004
20
-97.1117859999999951
11
137.6768849999999986
21
-97.0692959999999943
0
LINE
8
BLACK
6
CONTINUOUS
10
137.6768849999999986
20
-97.0692959999999943
11
137.6252230000000054
21
-97.0347769999999912
0
LINE
8
BLACK
6
CONTINUOUS
10
137.6252230000000054
20
-97.0347769999999912
11
137.5710300000000075
21
-96.9536709999999999
0
LINE
8
BLACK
6
CONTINUOUS
10
137.5710300000000075
20
-96.9536709999999999
11
137.5519999999999925
21
-96.8579999999999899
0
LINE
8
BLACK
6
CONTINUOUS
10
137.5519999999999925
20
-96.8579999999999899
11
137.5519999999999925
21
-94.6580000000000013
0
LINE
8
BLACK
6
CONTINUOUS
10
137.5519999999999925
20
-94.6580000000000013
11
137.5710300000000075
21
-94.5623289999999912
0
LINE
8
BLACK
6
CONTINUOUS
10
137.5710300000000075
20
-94.5623289999999912
11
137.6252230000000054
21
-94.481223
0
LINE
8
BLACK
6
CONTINUOUS
10
137.6252230000000054
20
-94.481223
11
137.6831719999999848
21
-94.4425019999999904
0
LINE
8
BLACK
6
CONTINUOUS
10
137.6831719999999848
20
-94.4425019999999904
11
137.6876849999999877
21
-94.4271349999999927
0
LINE
8
BLACK
6
CONTINUOUS
10
137.6876849999999877
20
-94.4271349999999927
11
137.6954439999999806
21
-94.416372999999993
0
LINE
8
BLACK
6
CONTINUOUS
10
137.6954439999999806
20
-94.416372999999993
11
137.7562010000000043
21
-94.3409809999999993
0
LINE
8
BLACK
6
CONTINUOUS
10
137.7562010000000043
20
-94.3409809999999993
11
137.7847019999999816
21
-94.2966339999999974
0
LINE
8
BLACK
6
CONTINUOUS
10
137.7847019999999816
20
-94.2966339999999974
11
137.8330809999999929
21
-94.1999849999999981
0
LINE
8
BLACK
6
CONTINUOUS
10
137.8330809999999929
20
-94.1999849999999981
11
137.863664
21
-94.059393
0
LINE
8
BLACK
6
CONTINUOUS
10
137.863664
20
-94.059393
11
137.8686480000000074
21
-93.9897009999999966
0
LINE
8
BLACK
6
CONTINUOUS
10
137.8686480000000074
20
-93.9897009999999966
11
137.8583840000000009
21
-93.8461899999999929
0
LINE
8
BLACK
6
CONTINUOUS
10
137.8583840000000009
20
-93.8461899999999929
11
137.808101999999991
21
-93.7113809999999887
0
LINE
8
BLACK
6
CONTINUOUS
10
137.808101999999991
20
-93.7113809999999887
11
137.7746170000000063
21
-93.6500580000000014
0
LINE
8
BLACK
6
CONTINUOUS
10
137.7746170000000063
20
-93.6500580000000014
11
137.774614999999983
21
-93.6500549999999947
0
LINE
8
BLACK
6
CONTINUOUS
10
137.774614999999983
20
-93.6500549999999947
11
137.692733000000004
21
-93.5406729999999982
0
LINE
8
BLACK
6
CONTINUOUS
10
137.692733000000004
20
-93.5406729999999982
11
137.684393
21
-93.5183119999999946
0
LINE
8
BLACK
6
CONTINUOUS
10
137.684393
20
-93.5183119999999946
11
137.6252230000000054
21
-93.4787769999999938
0
LINE
8
BLACK
6
CONTINUOUS
10
137.6252230000000054
20
-93.4787769999999938
11
137.5710300000000075
21
-93.3976710000000026
0
LINE
8
BLACK
6
CONTINUOUS
10
137.5710300000000075
20
-93.3976710000000026
11
137.5519999999999925
21
-93.3019999999999925
0
LINE
8
BLACK
6
CONTINUOUS
10
137.5519999999999925
20
-93.3019999999999925
11
137.5519999999999925
21
-91.1019999999999897
0
LINE
8
BLACK
6
CONTINUOUS
10
137.5519999999999925
20
-91.1019999999999897
11
137.5710300000000075
21
-91.0063289999999938
0
LINE
8
BLACK
6
CONTINUOUS
10
137.5710300000000075
20
-91.0063289999999938
11
137.6252230000000054
21
-90.9252230000000026
0
LINE
8
BLACK
6
CONTINUOUS
10
137.6252230000000054
20
-90.9252230000000026
11
137.7063289999999824
21
-90.8710299999999904
0
LINE
8
BLACK
6
CONTINUOUS
10
137.7063289999999824
20
-90.8710299999999904
11
137.8019999999999925
21
-90.8519999999999897
0
LINE
8
BLACK
6
CONTINUOUS
10
137.8019999999999925
20
-90.8519999999999897
11
138.6269999999999811
21
-90.8519999999999897
0
LINE
8
BLACK
6
CONTINUOUS
10
138.6269999999999811
20
-90.8519999999999897
11
138.6545979999999929
21
-90.8574890000000011
0
LINE
8
BLACK
6
CONTINUOUS
10
138.6545979999999929
20
-90.8574890000000011
11
138.6574849999999799
21
-90.8576359999999994
0
LINE
8
BLACK
6
CONTINUOUS
10
138.6574849999999799
20
-90.8576359999999994
11
138.6598050000000057
21
-90.8578729999999979
0
LINE
8
BLACK
6
CONTINUOUS
10
138.6598050000000057
20
-90.8578729999999979
11
138.6862359999999796
21
-90.8635269999999906
0
LINE
8
BLACK
6
CONTINUOUS
10
138.6862359999999796
20
-90.8635269999999906
11
138.6881659999999954
21
-90.8641659999999973
0
LINE
8
BLACK
6
CONTINUOUS
10
138.6881659999999954
20
-90.8641659999999973
11
138.7226709999999912
21
-90.8710299999999904
0
LINE
8
BLACK
6
CONTINUOUS
10
138.7226709999999912
20
-90.8710299999999904
11
138.7362410000000068
21
-90.8800969999999921
0
LINE
8
BLACK
6
CONTINUOUS
10
138.7362410000000068
20
-90.8800969999999921
11
138.7489039999999818
21
-90.884293999999997
0
LINE
8
BLACK
6
CONTINUOUS
10
138.7489039999999818
20
-90.884293999999997
11
138.7489170000000058
21
-90.8842969999999895
0
LINE
8
BLACK
6
CONTINUOUS
10
138.7489170000000058
20
-90.8842969999999895
11
138.7489180000000033
21
-90.8842980000000011
0
LINE
8
BLACK
6
CONTINUOUS
10
138.7489180000000033
20
-90.8842980000000011
11
138.7896580000000029
21
-90.8959270000000004
0
LINE
8
BLACK
6
CONTINUOUS
10
138.7896580000000029
20
-90.8959270000000004
11
138.8098469999999907
21
-90.9007849999999991
0
LINE
8
BLACK
6
CONTINUOUS
10
138.8098469999999907
20
-90.9007849999999991
11
138.8514099999999871
21
-90.9089609999999908
0
LINE
8
BLACK
6
CONTINUOUS
10
138.8514099999999871
20
-90.9089609999999908
11
138.9569170000000042
21
-90.9099640000000022
0
LINE
8
BLACK
6
CONTINUOUS
10
138.9569170000000042
20
-90.9099640000000022
11
138.9952799999999797
21
-90.9103300000000019
0
LINE
8
BLACK
6
CONTINUOUS
10
138.9952799999999797
20
-90.9103300000000019
11
138.9952799999999797
21
-90.9103289999999902
0
LINE
8
BLACK
6
CONTINUOUS
10
138.9952799999999797
20
-90.9103289999999902
11
138.9952839999999981
21
-90.9103300000000019
0
LINE
8
BLACK
6
CONTINUOUS
10
138.9952839999999981
20
-90.9103300000000019
11
139.0563300000000027
21
-90.9021439999999927
0
LINE
8
BLACK
6
CONTINUOUS
10
139.0563300000000027
20
-90.9021439999999927
11
139.0568779999999833
21
-90.9021079999999984
0
LINE
8
BLACK
6
CONTINUOUS
10
139.0568779999999833
20
-90.9021079999999984
11
139.0644130000000018
21
-90.9010609999999986
0
LINE
8
BLACK
6
CONTINUOUS
10
139.0644130000000018
20
-90.9010609999999986
11
139.0645339999999806
21
-90.9010449999999963
0
LINE
8
BLACK
6
CONTINUOUS
10
139.0645339999999806
20
-90.9010449999999963
11
139.0645350000000064
21
-90.9010449999999963
0
LINE
8
BLACK
6
CONTINUOUS
10
139.0645350000000064
20
-90.9010449999999963
11
139.2029660000000035
21
-90.8618239999999986
0
LINE
8
BLACK
6
CONTINUOUS
10
139.2029660000000035
20
-90.8618239999999986
11
139.2745999999999924
21
-90.8299279999999953
0
LINE
8
BLACK
6
CONTINUOUS
10
139.2745999999999924
20
-90.8299279999999953
11
139.3223930000000053
21
-90.8055769999999995
0
LINE
8
BLACK
6
CONTINUOUS
10
139.3223930000000053
20
-90.8055769999999995
11
139.3753749999999911
21
-90.7971849999999989
0
LINE
8
BLACK
6
CONTINUOUS
10
139.3753749999999911
20
-90.7971849999999989
11
139.3917359999999803
21
-90.7937089999999927
0
LINE
8
BLACK
6
CONTINUOUS
10
139.3917359999999803
20
-90.7937089999999927
11
139.4083499999999844
21
-90.7919629999999955
0
LINE
8
BLACK
6
CONTINUOUS
10
139.4083499999999844
20
-90.7919629999999955
11
139.445999999999998
21
-90.7860000000000014
0
LINE
8
BLACK
6
CONTINUOUS
10
139.445999999999998
20
-90.7860000000000014
11
139.4836509999999805
21
-90.7919629999999955
0
LINE
8
BLACK
6
CONTINUOUS
10
145.564060999999981
20
-83.8205969999999922
11
145.7409409999999923
21
-83.838017999999991
0
LINE
8
BLACK
6
CONTINUOUS
10
145.7409409999999923
20
-83.838017999999991
11
145.7647690000000011
21
-83.8427569999999918
0
LINE
8
BLACK
6
CONTINUOUS
10
145.7647690000000011
20
-83.8427569999999918
11
145.9290009999999995
21
-83.8925759999999912
0
LINE
8
BLACK
6
CONTINUOUS
10
145.9290009999999995
20
-83.8925759999999912
11
145.9514529999999866
21
-83.9018769999999989
0
LINE
8
BLACK
6
CONTINUOUS
10
145.9514529999999866
20
-83.9018769999999989
11
145.9909719999999993
21
-83.9230000000000018
0
LINE
8
BLACK
6
CONTINUOUS
10
145.9909719999999993
20
-83.9230000000000018
11
146.4980009999999879
21
-83.9230000000000018
0
LINE
8
BLACK
6
CONTINUOUS
10
146.4980009999999879
20
-83.9230000000000018
11
146.5936710000000005
21
-83.9420300000000026
0
LINE
8
BLACK
6
CONTINUOUS
10
146.5936710000000005
20
-83.9420300000000026
11
146.674777000000006
21
-83.9962230000000005
0
LINE
8
BLACK
6
CONTINUOUS
10
146.674777000000006
20
-83.9962230000000005
11
146.7289700000000039
21
-84.0773289999999918
0
LINE
8
BLACK
6
CONTINUOUS
10
146.7289700000000039
20
-84.0773289999999918
11
146.747998999999993
21
-84.1730000000000018
0
LINE
8
BLACK
6
CONTINUOUS
10
146.747998999999993
20
-84.1730000000000018
11
146.747998999999993
21
-85.4979999999999905
0
LINE
8
BLACK
6
CONTINUOUS
10
146.747998999999993
20
-85.4979999999999905
11
148.3359999999999843
21
-85.4979999999999905
0
LINE
8
BLACK
6
CONTINUOUS
10
148.3359999999999843
20
-85.4979999999999905
11
148.3555089999999836
21
-85.4999210000000005
0
LINE
8
BLACK
6
CONTINUOUS
10
148.3555089999999836
20
-85.4999210000000005
11
148.3915570000000059
21
-85.5148530000000022
0
LINE
8
BLACK
6
CONTINUOUS
10
148.3915570000000059
20
-85.5148530000000022
11
148.4067110000000014
21
-85.5272889999999961
0
LINE
8
BLACK
6
CONTINUOUS
10
148.4067110000000014
20
-85.5272889999999961
11
148.9437109999999791
21
-86.0642899999999997
0
LINE
8
BLACK
6
CONTINUOUS
10
148.9437109999999791
20
-86.0642899999999997
11
148.9561469999999872
21
-86.0794429999999977
0
LINE
8
BLACK
6
CONTINUOUS
10
148.9561469999999872
20
-86.0794429999999977
11
148.9710790000000031
21
-86.1154909999999916
0
LINE
8
BLACK
6
CONTINUOUS
10
148.9710790000000031
20
-86.1154909999999916
11
148.9729999999999848
21
-86.1349999999999909
0
LINE
8
BLACK
6
CONTINUOUS
10
148.9729999999999848
20
-86.1349999999999909
11
148.9729999999999848
21
-87.1737779999999987
0
LINE
8
BLACK
6
CONTINUOUS
10
148.9729999999999848
20
-87.1737779999999987
11
155.1422220000000038
21
-93.3429999999999893
0
LINE
8
BLACK
6
CONTINUOUS
10
155.1422220000000038
20
-93.3429999999999893
11
157.7387769999999989
21
-93.3429999999999893
0
LINE
8
BLACK
6
CONTINUOUS
10
157.7387769999999989
20
-93.3429999999999893
11
158.6164890000000014
21
-92.4652889999999985
0
LINE
8
BLACK
6
CONTINUOUS
10
158.6164890000000014
20
-92.4652889999999985
11
158.6316419999999994
21
-92.4528529999999904
0
LINE
8
BLACK
6
CONTINUOUS
10
158.6316419999999994
20
-92.4528529999999904
11
158.6676899999999932
21
-92.4379210000000029
0
LINE
8
BLACK
6
CONTINUOUS
10
158.6676899999999932
20
-92.4379210000000029
11
158.6871989999999926
21
-92.4359999999999928
0
LINE
8
BLACK
6
CONTINUOUS
10
158.6871989999999926
20
-92.4359999999999928
11
159.313999999999993
21
-92.4359999999999928
0
LINE
8
BLACK
6
CONTINUOUS
10
159.313999999999993
20
-92.4359999999999928
11
159.313999999999993
21
-91.6359999999999957
0
LINE
8
BLACK
6
CONTINUOUS
10
159.313999999999993
20
-91.6359999999999957
11
159.9639999999999986
21
-91.6359999999999957
0
LINE
8
BLACK
6
CONTINUOUS
10
159.9639999999999986
20
-91.6359999999999957
11
159.9639999999999986
21
-93.4359999999999928
0
LINE
8
BLACK
6
CONTINUOUS
10
159.9639999999999986
20
-93.4359999999999928
11
159.313999999999993
21
-93.4359999999999928
0
LINE
8
BLACK
6
CONTINUOUS
10
159.313999999999993
20
-93.4359999999999928
11
159.313999999999993
21
-92.6359999999999957
0
LINE
8
BLACK
6
CONTINUOUS
10
159.313999999999993
20
-92.6359999999999957
11
158.7286200000000065
21
-92.6359999999999957
0
LINE
8
BLACK
6
CONTINUOUS
10
158.7286200000000065
20
-92.6359999999999957
11
157.8509099999999989
21
-93.5137110000000007
0
LINE
8
BLACK
6
CONTINUOUS
10
157.8509099999999989
20
-93.5137110000000007
11
157.8357560000000035
21
-93.5261469999999946
0
LINE
8
BLACK
6
CONTINUOUS
10
157.8357560000000035
20
-93.5261469999999946
11
157.7997079999999812
21
-93.5410789999999963
0
LINE
8
BLACK
6
CONTINUOUS
10
157.7997079999999812
20
-93.5410789999999963
11
157.7801989999999819
21
-93.5429999999999922
0
LINE
8
BLACK
6
CONTINUOUS
10
157.7801989999999819
20
-93.5429999999999922
11
155.1007999999999925
21
-93.5429999999999922
0
LINE
8
BLACK
6
CONTINUOUS
10
155.1007999999999925
20
-93.5429999999999922
11
155.0812909999999931
21
-93.5410789999999963
0
LINE
8
BLACK
6
CONTINUOUS
10
155.0812909999999931
20
-93.5410789999999963
11
155.055800000000005
21
-93.5305199999999957
0
LINE
8
BLACK
6
CONTINUOUS
10
155.055800000000005
20
-93.5305199999999957
11
155.0452420000000018
21
-93.5261469999999946
0
LINE
8
BLACK
6
CONTINUOUS
10
155.0452420000000018
20
-93.5261469999999946
11
155.0300890000000038
21
-93.5137110000000007
0
LINE
8
BLACK
6
CONTINUOUS
10
155.0300890000000038
20
-93.5137110000000007
11
148.8022890000000018
21
-87.2859109999999987
0
LINE
8
BLACK
6
CONTINUOUS
10
148.8022890000000018
20
-87.2859109999999987
11
148.7898529999999937
21
-87.270756999999989
0
LINE
8
BLACK
6
CONTINUOUS
10
148.7898529999999937
20
-87.270756999999989
11
148.7749210000000062
21
-87.2347089999999952
0
LINE
8
BLACK
6
CONTINUOUS
10
148.7749210000000062
20
-87.2347089999999952
11
148.7729999999999961
21
-87.2151999999999958
0
LINE
8
BLACK
6
CONTINUOUS
10
148.7729999999999961
20
-87.2151999999999958
11
148.7729999999999961
21
-86.1764209999999906
0
LINE
8
BLACK
6
CONTINUOUS
10
148.7729999999999961
20
-86.1764209999999906
11
148.2945780000000013
21
-85.6979999999999933
0
LINE
8
BLACK
6
CONTINUOUS
10
148.2945780000000013
20
-85.6979999999999933
11
146.7479999999999905
21
-85.6979999999999933
0
LINE
8
BLACK
6
CONTINUOUS
10
146.7479999999999905
20
-85.6979999999999933
11
146.7479999999999905
21
-87.0230009999999936
0
LINE
8
BLACK
6
CONTINUOUS
10
146.7479999999999905
20
-87.0230009999999936
11
146.7289700000000039
21
-87.118670999999992
0
LINE
8
BLACK
6
CONTINUOUS
10
146.7289700000000039
20
-87.118670999999992
11
146.674777000000006
21
-87.1997769999999974
0
LINE
8
BLACK
6
CONTINUOUS
10
146.674777000000006
20
-87.1997769999999974
11
146.5936710000000005
21
-87.2539699999999954
0
LINE
8
BLACK
6
CONTINUOUS
10
146.5936710000000005
20
-87.2539699999999954
11
146.5579999999999927
21
-87.2610639999999904
0
LINE
8
BLACK
6
CONTINUOUS
10
146.5579999999999927
20
-87.2610639999999904
11
146.5579999999999927
21
-87.8840000000000003
0
LINE
8
BLACK
6
CONTINUOUS
10
146.5579999999999927
20
-87.8840000000000003
11
146.8119999999999834
21
-87.8840000000000003
0
LINE
8
BLACK
6
CONTINUOUS
10
146.8119999999999834
20
-87.8840000000000003
11
146.8850109999999916
21
-87.8985229999999973
0
LINE
8
BLACK
6
CONTINUOUS
10
146.8850109999999916
20
-87.8985229999999973
11
146.9297090000000026
21
-87.9170369999999934
0
LINE
8
BLACK
6
CONTINUOUS
10
146.9297090000000026
20
-87.9170369999999934
11
146.9710959999999886
21
-87.9446909999999917
0
LINE
8
BLACK
6
CONTINUOUS
10
146.9710959999999886
20
-87.9446909999999917
11
147.0053089999999827
21
-87.978904
0
LINE
8
BLACK
6
CONTINUOUS
10
147.0053089999999827
20
-87.978904
11
147.0329619999999977
21
-88.0202910000000003
0
LINE
8
BLACK
6
CONTINUOUS
10
147.0329619999999977
20
-88.0202910000000003
11
147.0514759999999796
21
-88.0649870000000021
0
LINE
8
BLACK
6
CONTINUOUS
10
147.0514759999999796
20
-88.0649870000000021
11
147.0636169999999936
21
-88.1260189999999994
0
LINE
8
BLACK
6
CONTINUOUS
10
147.0636169999999936
20
-88.1260189999999994
11
147.0660000000000025
21
-88.1502119999999962
0
LINE
8
BLACK
6
CONTINUOUS
10
147.0660000000000025
20
-88.1502119999999962
11
147.0660000000000025
21
-90.8966399999999908
0
LINE
8
BLACK
6
CONTINUOUS
10
147.0660000000000025
20
-90.8966399999999908
11
147.1087770000000035
21
-90.9252230000000026
0
LINE
8
BLACK
6
CONTINUOUS
10
147.1087770000000035
20
-90.9252230000000026
11
147.1629700000000014
21
-91.0063289999999938
0
LINE
8
BLACK
6
CONTINUOUS
10
147.1629700000000014
20
-91.0063289999999938
11
147.1819999999999879
21
-91.1019999999999897
0
LINE
8
BLACK
6
CONTINUOUS
10
147.1819999999999879
20
-91.1019999999999897
11
147.1819999999999879
21
-93.3019999999999925
0
LINE
8
BLACK
6
CONTINUOUS
10
147.1819999999999879
20
-93.3019999999999925
11
147.1629700000000014
21
-93.3976710000000026
0
LINE
8
BLACK
6
CONTINUOUS
10
147.1629700000000014
20
-93.3976710000000026
11
147.1087770000000035
21
-93.4787769999999938
0
LINE
8
BLACK
6
CONTINUOUS
10
147.1087770000000035
20
-93.4787769999999938
11
147.0660000000000025
21
-93.5073589999999939
0
LINE
8
BLACK
6
CONTINUOUS
10
147.0660000000000025
20
-93.5073589999999939
11
147.0660000000000025
21
-94.4526400000000024
0
LINE
8
BLACK
6
CONTINUOUS
10
147.0660000000000025
20
-94.4526400000000024
11
147.1087770000000035
21
-94.481223
0
LINE
8
BLACK
6
CONTINUOUS
10
147.1087770000000035
20
-94.481223
11
147.1629700000000014
21
-94.5623289999999912
0
LINE
8
BLACK
6
CONTINUOUS
10
147.1629700000000014
20
-94.5623289999999912
11
147.1819999999999879
21
-94.6580000000000013
0
LINE
8
BLACK
6
CONTINUOUS
10
147.1819999999999879
20
-94.6580000000000013
11
147.1819999999999879
21
-96.8579999999999899
0
LINE
8
BLACK
6
CONTINUOUS
10
147.1819999999999879
20
-96.8579999999999899
11
147.1629700000000014
21
-96.9536709999999999
0
LINE
8
BLACK
6
CONTINUOUS
10
147.1629700000000014
20
-96.9536709999999999
11
147.1087770000000035
21
-97.0347769999999912
0
LINE
8
BLACK
6
CONTINUOUS
10
147.1087770000000035
20
-97.0347769999999912
11
147.0660000000000025
21
-97.0633589999999913
0
LINE
8
BLACK
6
CONTINUOUS
10
147.0660000000000025
20
-97.0633589999999913
11
147.0660000000000025
21
-98.0086399999999998
0
LINE
8
BLACK
6
CONTINUOUS
10
147.0660000000000025
20
-98.0086399999999998
11
147.1087770000000035
21
-98.0372229999999973
0
LINE
8
BLACK
6
CONTINUOUS
10
147.1087770000000035
20
-98.0372229999999973
11
147.1629700000000014
21
-98.1183289999999886
0
LINE
8
BLACK
6
CONTINUOUS
10
147.1629700000000014
20
-98.1183289999999886
11
147.1819999999999879
21
-98.2139999999999986
0
LINE
8
BLACK
6
CONTINUOUS
10
147.1819999999999879
20
-98.2139999999999986
11
147.1819999999999879
21
-100.4140000000000015
0
LINE
8
BLACK
6
CONTINUOUS
10
147.1819999999999879
20
-100.4140000000000015
11
147.1629700000000014
21
-100.5096709999999973
0
LINE
8
BLACK
6
CONTINUOUS
10
147.1629700000000014
20
-100.5096709999999973
11
147.1087770000000035
21
-100.5907769999999886
0
LINE
8
BLACK
6
CONTINUOUS
10
147.1087770000000035
20
-100.5907769999999886
11
147.0660000000000025
21
-100.6193589999999887
0
LINE
8
BLACK
6
CONTINUOUS
10
147.0660000000000025
20
-100.6193589999999887
11
147.0660000000000025
21
-101.5903649999999914
0
LINE
8
BLACK
6
CONTINUOUS
10
147.0660000000000025
20
-101.5903649999999914
11
147.0702770000000044
21
-101.5932229999999947
0
LINE
8
BLACK
6
CONTINUOUS
10
147.0702770000000044
20
-101.5932229999999947
11
147.1244700000000023
21
-101.6743290000000002
0
LINE
8
BLACK
6
CONTINUOUS
10
147.1244700000000023
20
-101.6743290000000002
11
147.1434999999999889
21
-101.769999999999996
0
LINE
8
BLACK
6
CONTINUOUS
10
147.1434999999999889
20
-101.769999999999996
11
147.1434999999999889
21
-103.9699999999999989
0
LINE
8
BLACK
6
CONTINUOUS
10
147.1434999999999889
20
-103.9699999999999989
11
147.1244700000000023
21
-104.0656709999999947
0
LINE
8
BLACK
6
CONTINUOUS
10
147.1244700000000023
20
-104.0656709999999947
11
147.0702770000000044
21
-104.1467770000000002
0
LINE
8
BLACK
6
CONTINUOUS
10
147.0702770000000044
20
-104.1467770000000002
11
147.0660000000000025
21
-104.1496339999999918
0
LINE
8
BLACK
6
CONTINUOUS
10
147.0660000000000025
20
-104.1496339999999918
11
147.0660000000000025
21
-105.1463649999999888
0
LINE
8
BLACK
6
CONTINUOUS
10
147.0660000000000025
20
-105.1463649999999888
11
147.0702770000000044
21
-105.1492229999999921
0
LINE
8
BLACK
6
CONTINUOUS
10
147.0702770000000044
20
-105.1492229999999921
11
147.1244700000000023
21
-105.2303289999999976
0
LINE
8
BLACK
6
CONTINUOUS
10
147.1244700000000023
20
-105.2303289999999976
11
147.1434999999999889
21
-105.3259999999999934
0
LINE
8
BLACK
6
CONTINUOUS
10
147.1434999999999889
20
-105.3259999999999934
11
147.1434999999999889
21
-107.5259999999999962
0
LINE
8
BLACK
6
CONTINUOUS
10
147.1434999999999889
20
-107.5259999999999962
11
147.1244700000000023
21
-107.6216709999999921
0
LINE
8
BLACK
6
CONTINUOUS
10
147.1244700000000023
20
-107.6216709999999921
11
147.0702770000000044
21
-107.7027769999999975
0
LINE
8
BLACK
6
CONTINUOUS
10
147.0702770000000044
20
-107.7027769999999975
11
147.0660000000000025
21
-107.7056339999999892
0
LINE
8
BLACK
6
CONTINUOUS
10
147.0660000000000025
20
-107.7056339999999892
11
147.0660000000000025
21
-108.7023650000000004
0
LINE
8
BLACK
6
CONTINUOUS
10
147.0660000000000025
20
-108.7023650000000004
11
147.0702770000000044
21
-108.7052229999999895
0
LINE
8
BLACK
6
CONTINUOUS
10
147.0702770000000044
20
-108.7052229999999895
11
147.1244700000000023
21
-108.7863289999999949
0
LINE
8
BLACK
6
CONTINUOUS
10
147.1244700000000023
20
-108.7863289999999949
11
147.1434999999999889
21
-108.8819999999999908
0
LINE
8
BLACK
6
CONTINUOUS
10
147.1434999999999889
20
-108.8819999999999908
11
147.1434999999999889
21
-111.0819999999999936
0
LINE
8
BLACK
6
CONTINUOUS
10
147.1434999999999889
20
-111.0819999999999936
11
147.1244700000000023
21
-111.1776709999999895
0
LINE
8
BLACK
6
CONTINUOUS
10
147.1244700000000023
20
-111.1776709999999895
11
147.0702770000000044
21
-111.2587769999999949
0
LINE
8
BLACK
6
CONTINUOUS
10
147.0702770000000044
20
-111.2587769999999949
11
147.0660000000000025
21
-111.2616340000000008
0
LINE
8
BLACK
6
CONTINUOUS
10
147.0660000000000025
20
-111.2616340000000008
11
147.0660000000000025
21
-112.2583649999999977
0
LINE
8
BLACK
6
CONTINUOUS
10
147.0660000000000025
20
-112.2583649999999977
11
147.0702770000000044
21
-112.2612230000000011
0
LINE
8
BLACK
6
CONTINUOUS
10
147.0702770000000044
20
-112.2612230000000011
11
147.1244700000000023
21
-112.3423289999999923
0
LINE
8
BLACK
6
CONTINUOUS
10
147.1244700000000023
20
-112.3423289999999923
11
147.1434999999999889
21
-112.4379999999999882
0
LINE
8
BLACK
6
CONTINUOUS
10
147.1434999999999889
20
-112.4379999999999882
11
147.1434999999999889
21
-114.637999999999991
0
LINE
8
BLACK
6
CONTINUOUS
10
147.1434999999999889
20
-114.637999999999991
11
147.1244700000000023
21
-114.7336710000000011
0
LINE
8
BLACK
6
CONTINUOUS
10
147.1244700000000023
20
-114.7336710000000011
11
147.0748049999999978
21
-114.8079999999999927
0
LINE
8
BLACK
6
CONTINUOUS
10
147.0748049999999978
20
-114.8079999999999927
11
147.3199999999999932
21
-114.8079999999999927
0
LINE
8
BLACK
6
CONTINUOUS
10
147.3199999999999932
20
-114.8079999999999927
11
147.3930110000000013
21
-114.8225229999999897
0
LINE
8
BLACK
6
CONTINUOUS
10
147.3930110000000013
20
-114.8225229999999897
11
147.4377089999999839
21
-114.841037
0
LINE
8
BLACK
6
CONTINUOUS
10
147.4377089999999839
20
-114.841037
11
147.4790959999999984
21
-114.8686909999999983
0
LINE
8
BLACK
6
CONTINUOUS
10
147.4790959999999984
20
-114.8686909999999983
11
147.5133089999999925
21
-114.9029039999999924
0
LINE
8
BLACK
6
CONTINUOUS
10
147.5133089999999925
20
-114.9029039999999924
11
147.5409620000000075
21
-114.9442909999999927
0
LINE
8
BLACK
6
CONTINUOUS
10
147.5409620000000075
20
-114.9442909999999927
11
147.5594759999999894
21
-114.9889869999999945
0
LINE
8
BLACK
6
CONTINUOUS
10
147.5594759999999894
20
-114.9889869999999945
11
147.5716170000000034
21
-115.0500189999999918
0
LINE
8
BLACK
6
CONTINUOUS
10
147.5716170000000034
20
-115.0500189999999918
11
147.5739999999999839
21
-115.0742119999999886
0
LINE
8
BLACK
6
CONTINUOUS
10
147.5739999999999839
20
-115.0742119999999886
11
147.5739999999999839
21
-118.7549069999999887
0
LINE
8
BLACK
6
CONTINUOUS
10
147.5739999999999839
20
-118.7549069999999887
11
147.5734029999999848
21
-118.7670609999999982
0
LINE
8
BLACK
6
CONTINUOUS
10
147.5734029999999848
20
-118.7670609999999982
11
147.5559820000000002
21
-118.9439339999999987
0
LINE
8
BLACK
6
CONTINUOUS
10
147.5559820000000002
20
-118.9439339999999987
11
147.5512400000000071
21
-118.9677749999999889
0
LINE
8
BLACK
6
CONTINUOUS
10
147.5512400000000071
20
-118.9677749999999889
11
147.5014239999999859
21
-119.1319979999999958
0
LINE
8
BLACK
6
CONTINUOUS
10
147.5014239999999859
20
-119.1319979999999958
11
147.4921209999999974
21
-119.1544559999999962
0
LINE
8
BLACK
6
CONTINUOUS
10
147.4921209999999974
20
-119.1544559999999962
11
147.4112269999999967
21
-119.3057979999999958
0
LINE
8
BLACK
6
CONTINUOUS
10
147.4112269999999967
20
-119.3057979999999958
11
147.3977219999999875
21
-119.3260099999999966
0
LINE
8
BLACK
6
CONTINUOUS
10
147.3977219999999875
20
-119.3260099999999966
11
147.2888539999999864
21
-119.4586659999999938
0
LINE
8
BLACK
6
CONTINUOUS
10
147.2888539999999864
20
-119.4586659999999938
11
147.2859749999999792
21
-119.4615439999999893
0
LINE
8
BLACK
6
CONTINUOUS
10
147.2859749999999792
20
-119.4615439999999893
11
147.2872399999999971
21
-119.4832499999999982
0
LINE
8
BLACK
6
CONTINUOUS
10
147.2872399999999971
20
-119.4832499999999982
11
147.2669549999999958
21
-119.8315289999999891
0
LINE
8
BLACK
6
CONTINUOUS
10
147.2669549999999958
20
-119.8315289999999891
11
147.20637499999998
21
-120.1750979999999913
0
LINE
8
BLACK
6
CONTINUOUS
10
147.20637499999998
20
-120.1750979999999913
11
147.1063179999999875
21
-120.5093099999999993
0
LINE
8
BLACK
6
CONTINUOUS
10
147.1063179999999875
20
-120.5093099999999993
11
146.968137999999982
21
-120.8296479999999917
0
LINE
8
BLACK
6
CONTINUOUS
10
146.968137999999982
20
-120.8296479999999917
11
146.7937029999999936
21
-121.1317769999999996
0
LINE
8
BLACK
6
CONTINUOUS
10
146.7937029999999936
20
-121.1317769999999996
11
146.5853730000000041
21
-121.4116129999999885
0
LINE
8
BLACK
6
CONTINUOUS
10
146.5853730000000041
20
-121.4116129999999885
11
146.3459650000000067
21
-121.6653709999999933
0
LINE
8
BLACK
6
CONTINUOUS
10
146.3459650000000067
20
-121.6653709999999933
11
146.0787159999999858
21
-121.8896199999999936
0
LINE
8
BLACK
6
CONTINUOUS
10
146.0787159999999858
20
-121.8896199999999936
11
145.7872399999999971
21
-122.08132599999999
0
LINE
8
BLACK
6
CONTINUOUS
10
145.7872399999999971
20
-122.08132599999999
11
145.4754790000000071
21
-122.2378980000000013
0
LINE
8
BLACK
6
CONTINUOUS
10
145.4754790000000071
20
-122.2378980000000013
11
145.1476499999999987
21
-122.3572190000000006
0
LINE
8
BLACK
6
CONTINUOUS
10
145.1476499999999987
20
-122.3572190000000006
11
144.8081849999999804
21
-122.4376729999999895
0
LINE
8
BLACK
6
CONTINUOUS
10
144.8081849999999804
20
-122.4376729999999895
11
144.4616739999999879
21
-122.4781739999999957
0
LINE
8
BLACK
6
CONTINUOUS
10
144.4616739999999879
20
-122.4781739999999957
11
144.1128060000000062
21
-122.4781739999999957
0
LINE
8
BLACK
6
CONTINUOUS
10
144.1128060000000062
20
-122.4781739999999957
11
143.7662949999999853
21
-122.4376729999999895
0
LINE
8
BLACK
6
CONTINUOUS
10
143.7662949999999853
20
-122.4376729999999895
11
143.4268299999999954
21
-122.3572190000000006
0
LINE
8
BLACK
6
CONTINUOUS
10
143.4268299999999954
20
-122.3572190000000006
11
143.099000999999987
21
-122.2378980000000013
0
LINE
8
BLACK
6
CONTINUOUS
10
143.099000999999987
20
-122.2378980000000013
11
142.7872399999999971
21
-122.08132599999999
0
LINE
8
BLACK
6
CONTINUOUS
10
142.7872399999999971
20
-122.08132599999999
11
142.4957639999999799
21
-121.8896199999999936
0
LINE
8
BLACK
6
CONTINUOUS
10
142.4957639999999799
20
-121.8896199999999936
11
142.2285149999999874
21
-121.6653709999999933
0
LINE
8
BLACK
6
CONTINUOUS
10
142.2285149999999874
20
-121.6653709999999933
11
141.98910699999999
21
-121.4116129999999885
0
LINE
8
BLACK
6
CONTINUOUS
10
141.98910699999999
20
-121.4116129999999885
11
141.7807770000000005
21
-121.1317769999999996
0
LINE
8
BLACK
6
CONTINUOUS
10
141.7807770000000005
20
-121.1317769999999996
11
141.6063419999999837
21
-120.8296479999999917
0
LINE
8
BLACK
6
CONTINUOUS
10
141.6063419999999837
20
-120.8296479999999917
11
141.4681620000000066
21
-120.5093099999999993
0
LINE
8
BLACK
6
CONTINUOUS
10
141.4681620000000066
20
-120.5093099999999993
11
141.3681049999999857
21
-120.1750979999999913
0
LINE
8
BLACK
6
CONTINUOUS
10
141.3681049999999857
20
-120.1750979999999913
11
141.3075249999999983
21
-119.8315289999999891
0
LINE
8
BLACK
6
CONTINUOUS
10
141.3075249999999983
20
-119.8315289999999891
11
141.3034169999999961
21
-119.7609999999999957
0
LINE
8
BLACK
6
CONTINUOUS
10
141.3034169999999961
20
-119.7609999999999957
11
134.8119999999999834
21
-119.7609999999999957
0
LINE
8
BLACK
6
CONTINUOUS
10
134.8119999999999834
20
-119.7609999999999957
11
134.8119999999999834
21
-120.3810000000000002
0
LINE
8
BLACK
6
CONTINUOUS
10
134.8119999999999834
20
-120.3810000000000002
11
134.7929699999999968
21
-120.4766709999999961
0
LINE
8
BLACK
6
CONTINUOUS
10
134.7929699999999968
20
-120.4766709999999961
11
134.7387769999999989
21
-120.5577770000000015
0
LINE
8
BLACK
6
CONTINUOUS
10
134.7387769999999989
20
-120.5577770000000015
11
134.6576709999999935
21
-120.6119699999999995
0
LINE
8
BLACK
6
CONTINUOUS
10
134.6576709999999935
20
-120.6119699999999995
11
134.5619999999999834
21
-120.6310000000000002
0
LINE
8
BLACK
6
CONTINUOUS
10
134.5619999999999834
20
-120.6310000000000002
11
133.6620000000000061
21
-120.6310000000000002
0
LINE
8
BLACK
6
CONTINUOUS
10
133.6620000000000061
20
-120.6310000000000002
11
133.5663289999999961
21
-120.6119699999999995
0
LINE
8
BLACK
6
CONTINUOUS
10
133.5663289999999961
20
-120.6119699999999995
11
133.4852229999999906
21
-120.5577770000000015
0
LINE
8
BLACK
6
CONTINUOUS
10
133.4852229999999906
20
-120.5577770000000015
11
133.4310299999999927
21
-120.4766709999999961
0
LINE
8
BLACK
6
CONTINUOUS
10
133.4310299999999927
20
-120.4766709999999961
11
133.4120000000000061
21
-120.3810000000000002
0
LINE
8
BLACK
6
CONTINUOUS
10
133.4120000000000061
20
-120.3810000000000002
11
133.4120000000000061
21
-119.7609999999999957
0
LINE
8
BLACK
6
CONTINUOUS
10
133.4120000000000061
20
-119.7609999999999957
11
131.5701839999999834
21
-119.7609999999999957
0
LINE
8
BLACK
6
CONTINUOUS
10
131.5701839999999834
20
-119.7609999999999957
11
131.5031449999999893
21
-119.7413150000000002
0
LINE
8
BLACK
6
CONTINUOUS
10
131.5031449999999893
20
-119.7413150000000002
11
131.4573900000000037
21
-119.6885109999999912
0
LINE
8
BLACK
6
CONTINUOUS
10
131.4573900000000037
20
-119.6885109999999912
11
131.4474459999999851
21
-119.6193529999999896
0
LINE
8
BLACK
6
CONTINUOUS
10
131.4474459999999851
20
-119.6193529999999896
11
131.4764710000000036
21
-119.5557969999999983
0
LINE
8
BLACK
6
CONTINUOUS
10
131.4764710000000036
20
-119.5557969999999983
11
131.5013699999999801
21
-119.5338469999999944
0
LINE
8
BLACK
6
CONTINUOUS
10
131.5013699999999801
20
-119.5338469999999944
11
131.7464200000000005
21
-119.3703709999999916
0
LINE
8
BLACK
6
CONTINUOUS
10
131.7464200000000005
20
-119.3703709999999916
11
131.8017529999999908
21
-119.3334579999999931
0
LINE
8
BLACK
6
CONTINUOUS
10
131.8017529999999908
20
-119.3334579999999931
11
132.1644849999999849
21
-119.044793999999996
0
LINE
8
BLACK
6
CONTINUOUS
10
132.1644849999999849
20
-119.044793999999996
11
132.5017619999999852
21
-118.7267590000000013
0
LINE
8
BLACK
6
CONTINUOUS
10
132.5017619999999852
20
-118.7267590000000013
11
132.8112119999999834
21
-118.3815879999999936
0
LINE
8
BLACK
6
CONTINUOUS
10
132.8112119999999834
20
-118.3815879999999936
11
133.0906589999999881
21
-118.0117089999999962
0
LINE
8
BLACK
6
CONTINUOUS
10
133.0906589999999881
20
-118.0117089999999962
11
133.3381399999999815
21
-117.6197200000000009
0
LINE
8
BLACK
6
CONTINUOUS
10
133.3381399999999815
20
-117.6197200000000009
11
133.5519139999999823
21
-117.2083779999999962
0
LINE
8
BLACK
6
CONTINUOUS
10
133.5519139999999823
20
-117.2083779999999962
11
133.73048
21
-116.7805740000000014
0
LINE
8
BLACK
6
CONTINUOUS
10
133.73048
20
-116.7805740000000014
11
133.8725809999999967
21
-116.3393159999999966
0
LINE
8
BLACK
6
CONTINUOUS
10
133.8725809999999967
20
-116.3393159999999966
11
133.977218999999991
21
-115.8877039999999994
0
LINE
8
BLACK
6
CONTINUOUS
10
133.977218999999991
20
-115.8877039999999994
11
134.0436579999999935
21
-115.4289149999999893
0
LINE
8
BLACK
6
CONTINUOUS
10
134.0436579999999935
20
-115.4289149999999893
11
134.0714309999999898
21
-114.9661729999999977
0
LINE
8
BLACK
6
CONTINUOUS
10
134.0714309999999898
20
-114.9661729999999977
11
134.0603429999999889
21
-114.5027299999999997
0
LINE
8
BLACK
6
CONTINUOUS
10
134.0603429999999889
20
-114.5027299999999997
11
134.060340999999994
21
-114.5027099999999933
0
LINE
8
BLACK
6
CONTINUOUS
10
134.060340999999994
20
-114.5027099999999933
11
134.0104749999999854
21
-114.0418659999999988
0
LINE
8
BLACK
6
CONTINUOUS
10
134.0104749999999854
20
-114.0418659999999988
11
134.0104719999999929
21
-114.0418480000000017
0
LINE
8
BLACK
6
CONTINUOUS
10
134.0104719999999929
20
-114.0418480000000017
11
134.0104719999999929
21
-114.041844999999995
0
LINE
8
BLACK
6
CONTINUOUS
10
134.0104719999999929
20
-114.041844999999995
11
133.9221689999999967
21
-113.586757999999989
0
LINE
8
BLACK
6
CONTINUOUS
10
133.9221689999999967
20
-113.586757999999989
11
133.796053999999998
21
-113.1406679999999909
0
LINE
8
BLACK
6
CONTINUOUS
10
133.796053999999998
20
-113.1406679999999909
11
133.6330130000000054
21
-112.7067100000000011
0
LINE
8
BLACK
6
CONTINUOUS
10
133.6330130000000054
20
-112.7067100000000011
11
133.4341939999999909
21
-112.2879349999999903
0
LINE
8
BLACK
6
CONTINUOUS
10
133.4341939999999909
20
-112.2879349999999903
11
133.2009929999999827
21
-111.8872859999999889
0
LINE
8
BLACK
6
CONTINUOUS
10
133.2009929999999827
20
-111.8872859999999889
11
133.1918859999999825
21
-111.8742839999999887
0
LINE
8
BLACK
6
CONTINUOUS
10
133.1918859999999825
20
-111.8742839999999887
11
133.1070699999999931
21
-111.7531859999999995
0
LINE
8
BLACK
6
CONTINUOUS
10
133.1070699999999931
20
-111.7531859999999995
11
132.9350489999999922
21
-111.5075810000000018
0
LINE
8
BLACK
6
CONTINUOUS
10
132.9350489999999922
20
-111.5075810000000018
11
132.9337309999999945
21
-111.5060000000000002
0
LINE
8
BLACK
6
CONTINUOUS
10
132.9337309999999945
20
-111.5060000000000002
11
132.6382399999999961
21
-111.1514959999999945
0
LINE
8
BLACK
6
CONTINUOUS
10
132.6382399999999961
20
-111.1514959999999945
11
132.6382240000000081
21
-111.1514789999999948
0
LINE
8
BLACK
6
CONTINUOUS
10
132.6382240000000081
20
-111.1514789999999948
11
132.3126309999999819
21
-110.821511000000001
0
LINE
8
BLACK
6
CONTINUOUS
10
132.3126309999999819
20
-110.821511000000001
11
132.0809099999999887
21
-110.6230639999999994
0
LINE
8
BLACK
6
CONTINUOUS
10
132.0809099999999887
20
-110.6230639999999994
11
131.9605310000000031
21
-110.5199700000000007
0
LINE
8
BLACK
6
CONTINUOUS
10
131.9605310000000031
20
-110.5199700000000007
11
131.9605239999999924
21
-110.5199640000000016
0
LINE
8
BLACK
6
CONTINUOUS
10
131.9605239999999924
20
-110.5199640000000016
11
131.9605080000000044
21
-110.5199519999999893
0
LINE
8
BLACK
6
CONTINUOUS
10
131.9605080000000044
20
-110.5199519999999893
11
131.5844299999999976
21
-110.2489959999999911
0
LINE
8
BLACK
6
CONTINUOUS
10
131.5844299999999976
20
-110.2489959999999911
11
131.5844189999999969
21
-110.2489899999999921
0
LINE
8
BLACK
6
CONTINUOUS
10
131.5844189999999969
20
-110.2489899999999921
11
131.584417000000002
21
-110.2489879999999971
0
LINE
8
BLACK
6
CONTINUOUS
10
131.584417000000002
20
-110.2489879999999971
11
131.5844089999999937
21
-110.2489829999999955
0
LINE
8
BLACK
6
CONTINUOUS
10
131.5844089999999937
20
-110.2489829999999955
11
131.3636740000000032
21
-110.1165259999999932
0
LINE
8
BLACK
6
CONTINUOUS
10
131.3636740000000032
20
-110.1165259999999932
11
131.1869109999999807
21
-110.0104559999999907
0
LINE
8
BLACK
6
CONTINUOUS
10
131.1869109999999807
20
-110.0104559999999907
11
130.7708179999999913
21
-109.8060619999999972
0
LINE
8
BLACK
6
CONTINUOUS
10
130.7708179999999913
20
-109.8060619999999972
11
130.5678539999999828
21
-109.7267009999999914
0
LINE
8
BLACK
6
CONTINUOUS
10
130.5678539999999828
20
-109.7267009999999914
11
130.3390799999999956
21
-109.6372470000000021
0
LINE
8
BLACK
6
CONTINUOUS
10
130.3390799999999956
20
-109.6372470000000021
11
130.3390719999999874
21
-109.6372439999999955
0
LINE
8
BLACK
6
CONTINUOUS
10
130.3390719999999874
20
-109.6372439999999955
11
130.3390599999999893
21
-109.6372399999999914
0
LINE
8
BLACK
6
CONTINUOUS
10
130.3390599999999893
20
-109.6372399999999914
11
130.1790349999999989
21
-109.5896839999999912
0
LINE
8
BLACK
6
CONTINUOUS
10
130.1790349999999989
20
-109.5896839999999912
11
130.1203809999999805
21
-109.5517179999999939
0
LINE
8
BLACK
6
CONTINUOUS
10
130.1203809999999805
20
-109.5517179999999939
11
130.0915640000000053
21
-109.4880679999999984
0
LINE
8
BLACK
6
CONTINUOUS
10
130.0915640000000053
20
-109.4880679999999984
11
130.0903590000000065
21
-109.4708219999999983
0
LINE
8
BLACK
6
CONTINUOUS
10
130.0903590000000065
20
-109.4708219999999983
11
130.0903590000000065
21
-99.3773419999999987
0
LINE
8
BLACK
6
CONTINUOUS
10
130.0903590000000065
20
-99.3773419999999987
11
130.0904909999999859
21
-99.1610689999999977
0
LINE
8
BLACK
6
CONTINUOUS
10
130.0904909999999859
20
-99.1610689999999977
11
130.0904899999999884
21
-99.1610399999999998
0
LINE
8
BLACK
6
CONTINUOUS
10
130.0904899999999884
20
-99.1610399999999998
11
130.0566289999999867
21
-98.7705469999999934
0
LINE
8
BLACK
6
CONTINUOUS
10
130.0566289999999867
20
-98.7705469999999934
11
130.0566279999999892
21
-98.7705349999999953
0
LINE
8
BLACK
6
CONTINUOUS
10
130.0566279999999892
20
-98.7705349999999953
11
129.9889809999999954
21
-98.3844270000000023
0
LINE
8
BLACK
6
CONTINUOUS
10
129.9889809999999954
20
-98.3844270000000023
11
129.9199879999999894
21
-98.1254829999999885
0
LINE
8
BLACK
6
CONTINUOUS
10
129.9199879999999894
20
-98.1254829999999885
11
129.8880599999999959
21
-98.0056529999999952
0
LINE
8
BLACK
6
CONTINUOUS
10
129.8880599999999959
20
-98.0056529999999952
11
129.7546269999999993
21
-97.6370730000000009
0
LINE
8
BLACK
6
CONTINUOUS
10
129.7546269999999993
20
-97.6370730000000009
11
129.6914510000000007
21
-97.5008669999999995
0
LINE
8
BLACK
6
CONTINUOUS
10
129.6914510000000007
20
-97.5008669999999995
11
129.5896979999999985
21
-97.2814869999999985
0
LINE
8
BLACK
6
CONTINUOUS
10
129.5896979999999985
20
-97.2814869999999985
11
129.5896919999999852
21
-97.2814759999999978
0
LINE
8
BLACK
6
CONTINUOUS
10
129.5896919999999852
20
-97.2814759999999978
11
129.5896909999999878
21
-97.2814729999999912
0
LINE
8
BLACK
6
CONTINUOUS
10
129.5896909999999878
20
-97.2814729999999912
11
129.476602999999983
21
-97.0845289999999892
0
LINE
8
BLACK
6
CONTINUOUS
10
129.476602999999983
20
-97.0845289999999892
11
129.3945009999999911
21
-96.9415460000000024
0
LINE
8
BLACK
6
CONTINUOUS
10
129.3945009999999911
20
-96.9415460000000024
11
129.3944979999999987
21
-96.9415419999999983
0
LINE
8
BLACK
6
CONTINUOUS
10
129.3944979999999987
20
-96.9415419999999983
11
129.3711559999999849
21
-96.9080159999999893
0
LINE
8
BLACK
6
CONTINUOUS
10
129.3711559999999849
20
-96.9080159999999893
11
129.1705220000000054
21
-96.6198409999999939
0
LINE
8
BLACK
6
CONTINUOUS
10
129.1705220000000054
20
-96.6198409999999939
11
129.1705210000000079
21
-96.6198399999999964
0
LINE
8
BLACK
6
CONTINUOUS
10
129.1705210000000079
20
-96.6198399999999964
11
129.1705169999999896
21
-96.6198339999999973
0
LINE
8
BLACK
6
CONTINUOUS
10
129.1705169999999896
20
-96.6198339999999973
11
128.9194589999999891
21
-96.3188119999999941
0
LINE
8
BLACK
6
CONTINUOUS
10
128.9194589999999891
20
-96.3188119999999941
11
128.9194499999999834
21
-96.3188009999999935
0
LINE
8
BLACK
6
CONTINUOUS
10
128.9194499999999834
20
-96.3188009999999935
11
128.6432089999999846
21
-96.0407249999999948
0
LINE
8
BLACK
6
CONTINUOUS
10
128.6432089999999846
20
-96.0407249999999948
11
128.643195999999989
21
-96.0407129999999967
0
LINE
8
BLACK
6
CONTINUOUS
10
128.643195999999989
20
-96.0407129999999967
11
128.5685369999999921
21
-95.9776229999999941
0
LINE
8
BLACK
6
CONTINUOUS
10
128.5685369999999921
20
-95.9776229999999941
11
128.5673749999999984
21
-95.976545999999999
0
LINE
8
BLACK
6
CONTINUOUS
10
128.5673749999999984
20
-95.976545999999999
11
128.493583000000001
21
-95.914283999999995
0
LINE
8
BLACK
6
CONTINUOUS
10
128.493583000000001
20
-95.914283999999995
11
128.4920099999999934
21
-95.9129339999999928
0
LINE
8
BLACK
6
CONTINUOUS
10
128.4920099999999934
20
-95.9129339999999928
11
127.6751319999999907
21
-95.1999759999999924
0
LINE
8
BLACK
6
CONTINUOUS
10
127.6751319999999907
20
-95.1999759999999924
11
127.6720519999999937
21
-95.197195999999991
0
LINE
8
BLACK
6
CONTINUOUS
10
127.6720519999999937
20
-95.197195999999991
11
127.0347790000000003
21
-94.6022839999999974
0
LINE
8
BLACK
6
CONTINUOUS
10
127.0347790000000003
20
-94.6022839999999974
11
126.8802249999999958
21
-94.4580029999999908
0
LINE
8
BLACK
6
CONTINUOUS
10
126.8802249999999958
20
-94.4580029999999908
11
126.8772499999999894
21
-94.4551319999999919
0
LINE
8
BLACK
6
CONTINUOUS
10
126.8772499999999894
20
-94.4551319999999919
11
126.8443139999999971
21
-94.4222559999999902
0
LINE
8
BLACK
6
CONTINUOUS
10
126.8443139999999971
20
-94.4222559999999902
11
126.3578440000000001
21
-93.9366660000000024
0
LINE
8
BLACK
6
CONTINUOUS
10
126.3578440000000001
20
-93.9366660000000024
11
126.1105909999999994
21
-93.6898609999999934
0
LINE
8
BLACK
6
CONTINUOUS
10
126.1105909999999994
20
-93.6898609999999934
11
126.1077039999999982
21
-93.6868809999999996
0
LINE
8
BLACK
6
CONTINUOUS
10
126.1077039999999982
20
-93.6868809999999996
11
125.3670739999999881
21
-92.8963880000000017
0
LINE
8
BLACK
6
CONTINUOUS
10
125.3670739999999881
20
-92.8963880000000017
11
125.3642889999999994
21
-92.893312999999992
0
LINE
8
BLACK
6
CONTINUOUS
10
125.3642889999999994
20
-92.893312999999992
11
125.2037109999999984
21
-92.7099999999999937
0
LINE
8
BLACK
6
CONTINUOUS
10
125.2037109999999984
20
-92.7099999999999937
11
124.6505219999999952
21
-92.0784900000000022
0
LINE
8
BLACK
6
CONTINUOUS
10
124.6505219999999952
20
-92.0784900000000022
11
124.647878999999989
21
-92.0753699999999924
0
LINE
8
BLACK
6
CONTINUOUS
10
124.647878999999989
20
-92.0753699999999924
11
124.1224729999999994
21
-91.4334629999999891
0
LINE
8
BLACK
6
CONTINUOUS
10
124.1224729999999994
20
-91.4334629999999891
11
123.9617629999999906
21
-91.2371179999999953
0
LINE
8
BLACK
6
CONTINUOUS
10
123.9617629999999906
20
-91.2371179999999953
11
123.959188999999995
21
-91.233863999999997
0
LINE
8
BLACK
6
CONTINUOUS
10
123.959188999999995
20
-91.233863999999997
11
123.6412100000000009
21
-90.8177159999999901
0
LINE
8
BLACK
6
CONTINUOUS
10
123.6412100000000009
20
-90.8177159999999901
11
123.3014999999999901
21
-90.3731279999999941
0
LINE
8
BLACK
6
CONTINUOUS
10
123.3014999999999901
20
-90.3731279999999941
11
123.2990759999999995
21
-90.3698440000000005
0
LINE
8
BLACK
6
CONTINUOUS
10
123.2990759999999995
20
-90.3698440000000005
11
122.6705199999999962
21
-89.4875459999999947
0
LINE
8
BLACK
6
CONTINUOUS
10
122.6705199999999962
20
-89.4875459999999947
11
122.6681739999999934
21
-89.4841329999999999
0
LINE
8
BLACK
6
CONTINUOUS
10
122.6681739999999934
20
-89.4841329999999999
11
122.0695419999999984
21
-88.5813859999999949
0
LINE
8
BLACK
6
CONTINUOUS
10
122.0695419999999984
20
-88.5813859999999949
11
122.0673069999999996
21
-88.5778899999999965
0
LINE
8
BLACK
6
CONTINUOUS
10
122.0673069999999996
20
-88.5778899999999965
11
121.9127849999999995
21
-88.3270330000000001
0
LINE
8
BLACK
6
CONTINUOUS
10
121.9127849999999995
20
-88.3270330000000001
11
121.8943859999999972
21
-88.2596300000000014
0
LINE
8
BLACK
6
CONTINUOUS
10
121.8943859999999972
20
-88.2596300000000014
11
121.9153479999999945
21
-88.192978999999994
0
LINE
8
BLACK
6
CONTINUOUS
10
121.9153479999999945
20
-88.192978999999994
11
121.9690169999999938
21
-88.1482419999999962
0
LINE
8
BLACK
6
CONTINUOUS
10
121.9690169999999938
20
-88.1482419999999962
11
122.0183629999999937
21
-88.137999999999991
0
LINE
8
BLACK
6
CONTINUOUS
10
122.0183629999999937
20
-88.137999999999991
11
140.2239969999999971
21
-88.137999999999991
0
LINE
8
BLACK
6
CONTINUOUS
10
140.2239969999999971
20
-88.137999999999991
11
140.2239999999999895
21
-88.137999999999991
0
LINE
8
BLACK
6
CONTINUOUS
10
140.2239999999999895
20
-88.137999999999991
11
141.2239999999999895
21
-88.137999999999991
0
LINE
8
BLACK
6
CONTINUOUS
10
141.2239999999999895
20
-88.137999999999991
11
141.2239999999999895
21
-84.8260920000000027
0
LINE
8
BLACK
6
CONTINUOUS
10
141.2239999999999895
20
-84.8260920000000027
11
141.2245969999999886
21
-84.8139379999999932
0
LINE
8
BLACK
6
CONTINUOUS
10
141.2245969999999886
20
-84.8139379999999932
11
141.2420180000000016
21
-84.6370560000000012
0
LINE
8
BLACK
6
CONTINUOUS
10
141.2420180000000016
20
-84.6370560000000012
11
141.2467570000000023
21
-84.6132319999999964
0
LINE
8
BLACK
6
CONTINUOUS
10
141.2467570000000023
20
-84.6132319999999964
11
141.296576999999985
21
-84.448993999999999
0
LINE
8
BLACK
6
CONTINUOUS
10
141.296576999999985
20
-84.448993999999999
11
141.3058749999999861
21
-84.4265489999999943
0
LINE
8
BLACK
6
CONTINUOUS
10
141.3058749999999861
20
-84.4265489999999943
11
141.3867750000000001
21
-84.2751949999999965
0
LINE
8
BLACK
6
CONTINUOUS
10
141.3867750000000001
20
-84.2751949999999965
11
141.4002720000000011
21
-84.2549949999999939
0
LINE
8
BLACK
6
CONTINUOUS
10
141.4002720000000011
20
-84.2549949999999939
11
141.5091489999999794
21
-84.122327999999996
0
LINE
8
BLACK
6
CONTINUOUS
10
141.5091489999999794
20
-84.122327999999996
11
141.5263280000000066
21
-84.1051489999999973
0
LINE
8
BLACK
6
CONTINUOUS
10
141.5263280000000066
20
-84.1051489999999973
11
141.6589950000000044
21
-83.9962719999999905
0
LINE
8
BLACK
6
CONTINUOUS
10
141.6589950000000044
20
-83.9962719999999905
11
141.6791949999999929
21
-83.9827749999999895
0
LINE
8
BLACK
6
CONTINUOUS
10
141.6791949999999929
20
-83.9827749999999895
11
141.8305489999999907
21
-83.9018749999999898
0
LINE
8
BLACK
6
CONTINUOUS
10
141.8305489999999907
20
-83.9018749999999898
11
141.8529939999999954
21
-83.8925770000000028
0
LINE
8
BLACK
6
CONTINUOUS
10
141.8529939999999954
20
-83.8925770000000028
11
142.017232000000007
21
-83.8427569999999918
0
LINE
8
BLACK
6
CONTINUOUS
10
142.017232000000007
20
-83.8427569999999918
11
142.0410559999999975
21
-83.838017999999991
0
LINE
8
BLACK
6
CONTINUOUS
10
142.0410559999999975
20
-83.838017999999991
11
142.2179390000000012
21
-83.8205969999999922
0
LINE
8
BLACK
6
CONTINUOUS
10
142.2179390000000012
20
-83.8205969999999922
11
142.2300929999999823
21
-83.8199999999999932
0
LINE
8
BLACK
6
CONTINUOUS
10
142.2300929999999823
20
-83.8199999999999932
11
145.5519069999999999
21
-83.8199999999999932
0
LINE
8
BLACK
6
CONTINUOUS
10
145.5519069999999999
20
-83.8199999999999932
11
145.564060999999981
21
-83.8205969999999922
0
LINE
8
BLACK
6
CONTINUOUS
10
139.3188969999999927
20
-90.2923979999999915
11
139.1661969999999826
21
-90.3248549999999994
0
LINE
8
BLACK
6
CONTINUOUS
10
139.1661969999999826
20
-90.3248549999999994
11
139.1661919999999952
21
-90.3248569999999944
0
LINE
8
BLACK
6
CONTINUOUS
10
139.1661919999999952
20
-90.3248569999999944
11
138.9973579999999913
21
-90.4000279999999918
0
LINE
8
BLACK
6
CONTINUOUS
10
138.9973579999999913
20
-90.4000279999999918
11
138.9281079999999804
21
-90.4093129999999974
0
LINE
8
BLACK
6
CONTINUOUS
10
138.9281079999999804
20
-90.4093129999999974
11
138.9079189999999926
21
-90.4044549999999987
0
LINE
8
BLACK
6
CONTINUOUS
10
138.9079189999999926
20
-90.4044549999999987
11
138.779798999999997
21
-90.3620009999999922
0
LINE
8
BLACK
6
CONTINUOUS
10
138.779798999999997
20
-90.3620009999999922
11
138.7797950000000071
21
-90.3619999999999948
0
LINE
8
BLACK
6
CONTINUOUS
10
138.7797950000000071
20
-90.3619999999999948
11
138.6770099999999957
21
-90.3515000000000015
0
LINE
8
BLACK
6
CONTINUOUS
10
138.6770099999999957
20
-90.3515000000000015
11
137.7519979999999862
21
-90.3515000000000015
0
LINE
8
BLACK
6
CONTINUOUS
10
137.7519979999999862
20
-90.3515000000000015
11
137.7519800000000032
21
-90.351500999999999
0
LINE
8
BLACK
6
CONTINUOUS
10
137.7519800000000032
20
-90.351500999999999
11
137.649203
21
-90.3619999999999948
0
LINE
8
BLACK
6
CONTINUOUS
10
137.649203
20
-90.3619999999999948
11
137.6492000000000075
21
-90.3620009999999922
0
LINE
8
BLACK
6
CONTINUOUS
10
137.6492000000000075
20
-90.3620009999999922
11
137.4826679999999897
21
-90.4171849999999893
0
LINE
8
BLACK
6
CONTINUOUS
10
137.4826679999999897
20
-90.4171849999999893
11
137.4826630000000023
21
-90.4171869999999984
0
LINE
8
BLACK
6
CONTINUOUS
10
137.4826630000000023
20
-90.4171869999999984
11
137.3333419999999876
21
-90.5092889999999954
0
LINE
8
BLACK
6
CONTINUOUS
10
137.3333419999999876
20
-90.5092889999999954
11
137.2092889999999841
21
-90.633341999999999
0
LINE
8
BLACK
6
CONTINUOUS
10
137.2092889999999841
20
-90.633341999999999
11
137.1171870000000013
21
-90.7826629999999994
0
LINE
8
BLACK
6
CONTINUOUS
10
137.1171870000000013
20
-90.7826629999999994
11
137.1171850000000063
21
-90.782668000000001
0
LINE
8
BLACK
6
CONTINUOUS
10
137.1171850000000063
20
-90.782668000000001
11
137.0893489999999986
21
-90.8666699999999992
0
LINE
8
BLACK
6
CONTINUOUS
10
137.0893489999999986
20
-90.8666699999999992
11
137.0620009999999809
21
-90.9492029999999971
0
LINE
8
BLACK
6
CONTINUOUS
10
137.0620009999999809
20
-90.9492029999999971
11
137.0620009999999809
21
-90.9492039999999946
0
LINE
8
BLACK
6
CONTINUOUS
10
137.0620009999999809
20
-90.9492039999999946
11
137.0619999999999834
21
-90.9492039999999946
0
LINE
8
BLACK
6
CONTINUOUS
10
137.0619999999999834
20
-90.9492039999999946
11
137.0515000000000043
21
-91.0519829999999928
0
LINE
8
BLACK
6
CONTINUOUS
10
137.0515000000000043
20
-91.0519829999999928
11
137.0515000000000043
21
-93.3520010000000013
0
LINE
8
BLACK
6
CONTINUOUS
10
137.0515000000000043
20
-93.3520010000000013
11
137.0515010000000018
21
-93.3520180000000011
0
LINE
8
BLACK
6
CONTINUOUS
10
137.0515010000000018
20
-93.3520180000000011
11
137.0619999999999834
21
-93.4547960000000018
0
LINE
8
BLACK
6
CONTINUOUS
10
137.0619999999999834
20
-93.4547960000000018
11
137.0620009999999809
21
-93.4547989999999942
0
LINE
8
BLACK
6
CONTINUOUS
10
137.0620009999999809
20
-93.4547989999999942
11
137.1079629999999838
21
-93.5935009999999892
0
LINE
8
BLACK
6
CONTINUOUS
10
137.1079629999999838
20
-93.5935009999999892
11
137.1171860000000038
21
-93.6213339999999903
0
LINE
8
BLACK
6
CONTINUOUS
10
137.1171860000000038
20
-93.6213339999999903
11
137.1576149999999927
21
-93.6868809999999996
0
LINE
8
BLACK
6
CONTINUOUS
10
137.1576149999999927
20
-93.6868809999999996
11
137.2092889999999841
21
-93.7706569999999999
0
LINE
8
BLACK
6
CONTINUOUS
10
137.2092889999999841
20
-93.7706569999999999
11
137.3309509999999989
21
-93.8923190000000005
0
LINE
8
BLACK
6
CONTINUOUS
10
137.3309509999999989
20
-93.8923190000000005
11
137.3644359999999836
21
-93.9536420000000021
0
LINE
8
BLACK
6
CONTINUOUS
10
137.3644359999999836
20
-93.9536420000000021
11
137.3594520000000045
21
-94.0233339999999913
0
LINE
8
BLACK
6
CONTINUOUS
10
137.3594520000000045
20
-94.0233339999999913
11
137.3309509999999989
21
-94.0676809999999932
0
LINE
8
BLACK
6
CONTINUOUS
10
137.3309509999999989
20
-94.0676809999999932
11
137.2092889999999841
21
-94.1893419999999963
0
LINE
8
BLACK
6
CONTINUOUS
10
137.2092889999999841
20
-94.1893419999999963
11
137.1171870000000013
21
-94.3386629999999968
0
LINE
8
BLACK
6
CONTINUOUS
10
137.1171870000000013
20
-94.3386629999999968
11
137.1171860000000038
21
-94.3386659999999893
0
LINE
8
BLACK
6
CONTINUOUS
10
137.1171860000000038
20
-94.3386659999999893
11
137.0620009999999809
21
-94.5052029999999945
0
LINE
8
BLACK
6
CONTINUOUS
10
137.0620009999999809
20
-94.5052029999999945
11
137.0620009999999809
21
-94.505203999999992
0
LINE
8
BLACK
6
CONTINUOUS
10
137.0620009999999809
20
-94.505203999999992
11
137.0619999999999834
21
-94.505203999999992
0
LINE
8
BLACK
6
CONTINUOUS
10
137.0619999999999834
20
-94.505203999999992
11
137.0515000000000043
21
-94.6079829999999902
0
LINE
8
BLACK
6
CONTINUOUS
10
137.0515000000000043
20
-94.6079829999999902
11
137.0515000000000043
21
-96.9080009999999987
0
LINE
8
BLACK
6
CONTINUOUS
10
137.0515000000000043
20
-96.9080009999999987
11
137.0515010000000018
21
-96.9080179999999984
0
LINE
8
BLACK
6
CONTINUOUS
10
137.0515010000000018
20
-96.9080179999999984
11
137.0619999999999834
21
-97.0107959999999991
0
LINE
8
BLACK
6
CONTINUOUS
10
137.0619999999999834
20
-97.0107959999999991
11
137.0620009999999809
21
-97.0107989999999916
0
LINE
8
BLACK
6
CONTINUOUS
10
137.0620009999999809
20
-97.0107989999999916
11
137.1171850000000063
21
-97.1773309999999952
0
LINE
8
BLACK
6
CONTINUOUS
10
137.1171850000000063
20
-97.1773309999999952
11
137.1171870000000013
21
-97.1773359999999968
0
LINE
8
BLACK
6
CONTINUOUS
10
137.1171870000000013
20
-97.1773359999999968
11
137.2092889999999841
21
-97.3266569999999973
0
LINE
8
BLACK
6
CONTINUOUS
10
137.2092889999999841
20
-97.3266569999999973
11
137.285950999999983
21
-97.4033189999999962
0
LINE
8
BLACK
6
CONTINUOUS
10
137.285950999999983
20
-97.4033189999999962
11
137.3194359999999961
21
-97.4646419999999978
0
LINE
8
BLACK
6
CONTINUOUS
10
137.3194359999999961
20
-97.4646419999999978
11
137.3144519999999886
21
-97.5343340000000012
0
LINE
8
BLACK
6
CONTINUOUS
10
137.3144519999999886
20
-97.5343340000000012
11
137.285950999999983
21
-97.5786809999999889
0
LINE
8
BLACK
6
CONTINUOUS
10
137.285950999999983
20
-97.5786809999999889
11
137.1577889999999798
21
-97.7068419999999946
0
LINE
8
BLACK
6
CONTINUOUS
10
137.1577889999999798
20
-97.7068419999999946
11
137.0656869999999969
21
-97.8561629999999951
0
LINE
8
BLACK
6
CONTINUOUS
10
137.0656869999999969
20
-97.8561629999999951
11
137.065685000000002
21
-97.8561679999999967
0
LINE
8
BLACK
6
CONTINUOUS
10
137.065685000000002
20
-97.8561679999999967
11
137.0413139999999999
21
-97.9297159999999991
0
LINE
8
BLACK
6
CONTINUOUS
10
137.0413139999999999
20
-97.9297159999999991
11
137.010501000000005
21
-98.0227029999999928
0
LINE
8
BLACK
6
CONTINUOUS
10
137.010501000000005
20
-98.0227029999999928
11
137.010501000000005
21
-98.0227039999999903
0
LINE
8
BLACK
6
CONTINUOUS
10
137.010501000000005
20
-98.0227039999999903
11
137.0105000000000075
21
-98.0227039999999903
0
LINE
8
BLACK
6
CONTINUOUS
10
137.0105000000000075
20
-98.0227039999999903
11
137.
21
-98.1254829999999885
0
LINE
8
BLACK
6
CONTINUOUS
10
137.
20
-98.1254829999999885
11
137.
21
-100.425500999999997
0
LINE
8
BLACK
6
CONTINUOUS
10
137.
20
-100.425500999999997
11
137.0000009999999975
21
-100.4255179999999967
0
LINE
8
BLACK
6
CONTINUOUS
10
137.0000009999999975
20
-100.4255179999999967
11
137.0105000000000075
21
-100.5282959999999974
0
LINE
8
BLACK
6
CONTINUOUS
10
137.0105000000000075
20
-100.5282959999999974
11
137.010501000000005
21
-100.5282989999999899
0
LINE
8
BLACK
6
CONTINUOUS
10
137.010501000000005
20
-100.5282989999999899
11
137.065685000000002
21
-100.6948309999999935
0
LINE
8
BLACK
6
CONTINUOUS
10
137.065685000000002
20
-100.6948309999999935
11
137.0656869999999969
21
-100.6948359999999951
0
LINE
8
BLACK
6
CONTINUOUS
10
137.0656869999999969
20
-100.6948359999999951
11
137.1577889999999798
21
-100.8441569999999956
0
LINE
8
BLACK
6
CONTINUOUS
10
137.1577889999999798
20
-100.8441569999999956
11
137.2818450000000041
21
-100.9682129999999916
0
LINE
8
BLACK
6
CONTINUOUS
10
137.2818450000000041
20
-100.9682129999999916
11
137.2925219999999911
21
-100.9747979999999927
0
LINE
8
BLACK
6
CONTINUOUS
10
137.2925219999999911
20
-100.9747979999999927
11
137.3095339999999851
21
-100.9852909999999895
0
LINE
8
BLACK
6
CONTINUOUS
10
137.3095339999999851
20
-100.9852909999999895
11
137.3562589999999943
21
-101.0372369999999904
0
LINE
8
BLACK
6
CONTINUOUS
10
137.3562589999999943
20
-101.0372369999999904
11
137.3674829999999929
21
-101.1061989999999895
0
LINE
8
BLACK
6
CONTINUOUS
10
137.3674829999999929
20
-101.1061989999999895
11
137.3396410000000003
21
-101.1702820000000003
0
LINE
8
BLACK
6
CONTINUOUS
10
137.3396410000000003
20
-101.1702820000000003
11
137.3321210000000008
21
-101.1785110000000003
0
LINE
8
BLACK
6
CONTINUOUS
10
137.3321210000000008
20
-101.1785110000000003
11
137.2092869999999891
21
-101.3013449999999978
0
LINE
8
BLACK
6
CONTINUOUS
10
137.2092869999999891
20
-101.3013449999999978
11
137.1171870000000013
21
-101.4506629999999916
0
LINE
8
BLACK
6
CONTINUOUS
10
137.1171870000000013
20
-101.4506629999999916
11
137.1171850000000063
21
-101.4506679999999932
0
LINE
8
BLACK
6
CONTINUOUS
10
137.1171850000000063
20
-101.4506679999999932
11
137.0894869999999912
21
-101.5342559999999992
0
LINE
8
BLACK
6
CONTINUOUS
10
137.0894869999999912
20
-101.5342559999999992
11
137.0620009999999809
21
-101.6172029999999893
0
LINE
8
BLACK
6
CONTINUOUS
10
137.0620009999999809
20
-101.6172029999999893
11
137.0620009999999809
21
-101.617204000000001
0
LINE
8
BLACK
6
CONTINUOUS
10
137.0620009999999809
20
-101.617204000000001
11
137.0619999999999834
21
-101.617204000000001
0
LINE
8
BLACK
6
CONTINUOUS
10
137.0619999999999834
20
-101.617204000000001
11
137.0515000000000043
21
-101.7199829999999992
0
LINE
8
BLACK
6
CONTINUOUS
10
137.0515000000000043
20
-101.7199829999999992
11
137.0515000000000043
21
-104.0200009999999935
0
LINE
8
BLACK
6
CONTINUOUS
10
137.0515000000000043
20
-104.0200009999999935
11
137.0515010000000018
21
-104.0200179999999932
0
LINE
8
BLACK
6
CONTINUOUS
10
137.0515010000000018
20
-104.0200179999999932
11
137.0619999999999834
21
-104.1227959999999939
0
LINE
8
BLACK
6
CONTINUOUS
10
137.0619999999999834
20
-104.1227959999999939
11
137.0620009999999809
21
-104.1227990000000005
0
LINE
8
BLACK
6
CONTINUOUS
10
137.0620009999999809
20
-104.1227990000000005
11
137.1171850000000063
21
-104.28933099999999
0
LINE
8
BLACK
6
CONTINUOUS
10
137.1171850000000063
20
-104.28933099999999
11
137.1171870000000013
21
-104.2893359999999916
0
LINE
8
BLACK
6
CONTINUOUS
10
137.1171870000000013
20
-104.2893359999999916
11
137.2092889999999841
21
-104.4386569999999921
0
LINE
8
BLACK
6
CONTINUOUS
10
137.2092889999999841
20
-104.4386569999999921
11
137.3309509999999989
21
-104.5603189999999927
0
LINE
8
BLACK
6
CONTINUOUS
10
137.3309509999999989
20
-104.5603189999999927
11
137.3644359999999836
21
-104.6216419999999943
0
LINE
8
BLACK
6
CONTINUOUS
10
137.3644359999999836
20
-104.6216419999999943
11
137.3594520000000045
21
-104.6913339999999977
0
LINE
8
BLACK
6
CONTINUOUS
10
137.3594520000000045
20
-104.6913339999999977
11
137.3309509999999989
21
-104.7356809999999996
0
LINE
8
BLACK
6
CONTINUOUS
10
137.3309509999999989
20
-104.7356809999999996
11
137.2092889999999841
21
-104.8573419999999885
0
LINE
8
BLACK
6
CONTINUOUS
10
137.2092889999999841
20
-104.8573419999999885
11
137.1171870000000013
21
-105.006662999999989
0
LINE
8
BLACK
6
CONTINUOUS
10
137.1171870000000013
20
-105.006662999999989
11
137.1171850000000063
21
-105.0066679999999906
0
LINE
8
BLACK
6
CONTINUOUS
10
137.1171850000000063
20
-105.0066679999999906
11
137.0893489999999986
21
-105.0906699999999887
0
LINE
8
BLACK
6
CONTINUOUS
10
137.0893489999999986
20
-105.0906699999999887
11
137.0620009999999809
21
-105.1732030000000009
0
LINE
8
BLACK
6
CONTINUOUS
10
137.0620009999999809
20
-105.1732030000000009
11
137.0620009999999809
21
-105.1732039999999984
0
LINE
8
BLACK
6
CONTINUOUS
10
137.0620009999999809
20
-105.1732039999999984
11
137.0619999999999834
21
-105.1732039999999984
0
LINE
8
BLACK
6
CONTINUOUS
10
137.0619999999999834
20
-105.1732039999999984
11
137.0515000000000043
21
-105.2759829999999965
0
LINE
8
BLACK
6
CONTINUOUS
10
137.0515000000000043
20
-105.2759829999999965
11
137.0515000000000043
21
-107.5760009999999909
0
LINE
8
BLACK
6
CONTINUOUS
10
137.0515000000000043
20
-107.5760009999999909
11
137.0515010000000018
21
-107.5760179999999906
0
LINE
8
BLACK
6
CONTINUOUS
10
137.0515010000000018
20
-107.5760179999999906
11
137.0619999999999834
21
-107.6787959999999913
0
LINE
8
BLACK
6
CONTINUOUS
10
137.0619999999999834
20
-107.6787959999999913
11
137.0620009999999809
21
-107.6787989999999979
0
LINE
8
BLACK
6
CONTINUOUS
10
137.0620009999999809
20
-107.6787989999999979
11
137.1171850000000063
21
-107.8453310000000016
0
LINE
8
BLACK
6
CONTINUOUS
10
137.1171850000000063
20
-107.8453310000000016
11
137.1171870000000013
21
-107.845335999999989
0
LINE
8
BLACK
6
CONTINUOUS
10
137.1171870000000013
20
-107.845335999999989
11
137.2092889999999841
21
-107.9946569999999895
0
LINE
8
BLACK
6
CONTINUOUS
10
137.2092889999999841
20
-107.9946569999999895
11
137.3309509999999989
21
-108.1163189999999901
0
LINE
8
BLACK
6
CONTINUOUS
10
137.3309509999999989
20
-108.1163189999999901
11
137.3644359999999836
21
-108.1776419999999916
0
LINE
8
BLACK
6
CONTINUOUS
10
137.3644359999999836
20
-108.1776419999999916
11
137.3594520000000045
21
-108.2473339999999951
0
LINE
8
BLACK
6
CONTINUOUS
10
137.3594520000000045
20
-108.2473339999999951
11
137.3309509999999989
21
-108.291680999999997
0
LINE
8
BLACK
6
CONTINUOUS
10
137.3309509999999989
20
-108.291680999999997
11
137.2092889999999841
21
-108.4133420000000001
0
LINE
8
BLACK
6
CONTINUOUS
10
137.2092889999999841
20
-108.4133420000000001
11
137.1171870000000013
21
-108.5626630000000006
0
LINE
8
BLACK
6
CONTINUOUS
10
137.1171870000000013
20
-108.5626630000000006
11
137.1171860000000038
21
-108.562665999999993
0
LINE
8
BLACK
6
CONTINUOUS
10
137.1171860000000038
20
-108.562665999999993
11
137.0620009999999809
21
-108.7292029999999983
0
LINE
8
BLACK
6
CONTINUOUS
10
137.0620009999999809
20
-108.7292029999999983
11
137.0620009999999809
21
-108.7292039999999957
0
LINE
8
BLACK
6
CONTINUOUS
10
137.0620009999999809
20
-108.7292039999999957
11
137.0619999999999834
21
-108.7292039999999957
0
LINE
8
BLACK
6
CONTINUOUS
10
137.0619999999999834
20
-108.7292039999999957
11
137.0515000000000043
21
-108.8319829999999939
0
LINE
8
BLACK
6
CONTINUOUS
10
137.0515000000000043
20
-108.8319829999999939
11
137.0515000000000043
21
-111.1320009999999883
0
LINE
8
BLACK
6
CONTINUOUS
10
137.0515000000000043
20
-111.1320009999999883
11
137.0515010000000018
21
-111.132017999999988
0
LINE
8
BLACK
6
CONTINUOUS
10
137.0515010000000018
20
-111.132017999999988
11
137.0619999999999834
21
-111.2347959999999887
0
LINE
8
BLACK
6
CONTINUOUS
10
137.0619999999999834
20
-111.2347959999999887
11
137.0620009999999809
21
-111.2347989999999953
0
LINE
8
BLACK
6
CONTINUOUS
10
137.0620009999999809
20
-111.2347989999999953
11
137.1171850000000063
21
-111.401330999999999
0
LINE
8
BLACK
6
CONTINUOUS
10
137.1171850000000063
20
-111.401330999999999
11
137.1171870000000013
21
-111.4013360000000006
0
LINE
8
BLACK
6
CONTINUOUS
10
137.1171870000000013
20
-111.4013360000000006
11
137.2092889999999841
21
-111.5506570000000011
0
LINE
8
BLACK
6
CONTINUOUS
10
137.2092889999999841
20
-111.5506570000000011
11
137.3132669999999962
21
-111.654634999999999
0
LINE
8
BLACK
6
CONTINUOUS
10
137.3132669999999962
20
-111.654634999999999
11
137.3467519999999809
21
-111.7159580000000005
0
LINE
8
BLACK
6
CONTINUOUS
10
137.3467519999999809
20
-111.7159580000000005
11
137.3417680000000018
21
-111.7856499999999897
0
LINE
8
BLACK
6
CONTINUOUS
10
137.3417680000000018
20
-111.7856499999999897
11
137.3004929999999888
21
-111.8407839999999993
0
LINE
8
BLACK
6
CONTINUOUS
10
137.3004929999999888
20
-111.8407839999999993
11
137.3005110000000002
21
-111.8408069999999981
0
LINE
8
BLACK
6
CONTINUOUS
10
137.3005110000000002
20
-111.8408069999999981
11
137.3004269999999849
21
-111.840873000000002
0
LINE
8
BLACK
6
CONTINUOUS
10
137.3004269999999849
20
-111.840873000000002
11
137.2998959999999897
21
-111.841583
0
LINE
8
BLACK
6
CONTINUOUS
10
137.2998959999999897
20
-111.841583
11
137.2972619999999893
21
-111.8433749999999947
0
LINE
8
BLACK
6
CONTINUOUS
10
137.2972619999999893
20
-111.8433749999999947
11
137.294842999999986
21
-111.8452879999999965
0
LINE
8
BLACK
6
CONTINUOUS
10
137.294842999999986
20
-111.8452879999999965
11
137.170788999999985
21
-111.9693419999999975
0
LINE
8
BLACK
6
CONTINUOUS
10
137.170788999999985
20
-111.9693419999999975
11
137.0786870000000022
21
-112.118662999999998
0
LINE
8
BLACK
6
CONTINUOUS
10
137.0786870000000022
20
-112.118662999999998
11
137.0786850000000072
21
-112.1186679999999996
0
LINE
8
BLACK
6
CONTINUOUS
10
137.0786850000000072
20
-112.1186679999999996
11
137.0508489999999995
21
-112.2026699999999977
0
LINE
8
BLACK
6
CONTINUOUS
10
137.0508489999999995
20
-112.2026699999999977
11
137.0235009999999818
21
-112.2852029999999957
0
LINE
8
BLACK
6
CONTINUOUS
10
137.0235009999999818
20
-112.2852029999999957
11
137.0235009999999818
21
-112.2852039999999931
0
LINE
8
BLACK
6
CONTINUOUS
10
137.0235009999999818
20
-112.2852039999999931
11
137.0234999999999843
21
-112.2852039999999931
0
LINE
8
BLACK
6
CONTINUOUS
10
137.0234999999999843
20
-112.2852039999999931
11
137.0130000000000052
21
-112.3879829999999913
0
LINE
8
BLACK
6
CONTINUOUS
10
137.0130000000000052
20
-112.3879829999999913
11
137.0130000000000052
21
-114.6880009999999999
0
LINE
8
BLACK
6
CONTINUOUS
10
137.0130000000000052
20
-114.6880009999999999
11
137.0130010000000027
21
-114.6880179999999996
0
LINE
8
BLACK
6
CONTINUOUS
10
137.0130010000000027
20
-114.6880179999999996
11
137.0234999999999843
21
-114.7907960000000003
0
LINE
8
BLACK
6
CONTINUOUS
10
137.0234999999999843
20
-114.7907960000000003
11
137.0235009999999818
21
-114.7907989999999927
0
LINE
8
BLACK
6
CONTINUOUS
10
137.0235009999999818
20
-114.7907989999999927
11
137.0786850000000072
21
-114.9573309999999964
0
LINE
8
BLACK
6
CONTINUOUS
10
137.0786850000000072
20
-114.9573309999999964
11
137.0786870000000022
21
-114.957335999999998
0
LINE
8
BLACK
6
CONTINUOUS
10
137.0786870000000022
20
-114.957335999999998
11
137.0841429999999832
21
-114.9661809999999917
0
LINE
8
BLACK
6
CONTINUOUS
10
137.0841429999999832
20
-114.9661809999999917
11
137.1707879999999875
21
-115.106656000000001
0
LINE
8
BLACK
6
CONTINUOUS
10
137.1707879999999875
20
-115.106656000000001
11
137.2948439999999835
21
-115.2307119999999969
0
LINE
8
BLACK
6
CONTINUOUS
10
137.2948439999999835
20
-115.2307119999999969
11
137.4441659999999956
21
-115.3228139999999939
0
LINE
8
BLACK
6
CONTINUOUS
10
137.4441659999999956
20
-115.3228139999999939
11
137.6107030000000009
21
-115.3779989999999884
0
LINE
8
BLACK
6
CONTINUOUS
10
137.6107030000000009
20
-115.3779989999999884
11
137.7134910000000048
21
-115.3884999999999934
0
LINE
8
BLACK
6
CONTINUOUS
10
137.7134910000000048
20
-115.3884999999999934
11
138.6385080000000016
21
-115.3884989999999959
0
LINE
8
BLACK
6
CONTINUOUS
10
138.6385080000000016
20
-115.3884989999999959
11
138.6385159999999814
21
-115.3884979999999985
0
LINE
8
BLACK
6
CONTINUOUS
10
138.6385159999999814
20
-115.3884979999999985
11
138.6385190000000023
21
-115.3884979999999985
0
LINE
8
BLACK
6
CONTINUOUS
10
138.6385190000000023
20
-115.3884979999999985
11
138.6948019999999815
21
-115.3827479999999923
0
LINE
8
BLACK
6
CONTINUOUS
10
138.6948019999999815
20
-115.3827479999999923
11
138.741297000000003
21
-115.3779989999999884
0
LINE
8
BLACK
6
CONTINUOUS
10
138.741297000000003
20
-115.3779989999999884
11
138.8924219999999821
21
-115.3279199999999918
0
LINE
8
BLACK
6
CONTINUOUS
10
138.8924219999999821
20
-115.3279199999999918
11
138.9622479999999882
21
-115.3255189999999999
0
LINE
8
BLACK
6
CONTINUOUS
10
138.9622479999999882
20
-115.3255189999999999
11
138.9872409999999832
21
-115.3357159999999908
0
LINE
8
BLACK
6
CONTINUOUS
10
138.9872409999999832
20
-115.3357159999999908
11
138.9873340000000042
21
-115.3355079999999901
0
LINE
8
BLACK
6
CONTINUOUS
10
138.9873340000000042
20
-115.3355079999999901
11
139.1661919999999952
21
-115.4151419999999888
0
LINE
8
BLACK
6
CONTINUOUS
10
139.1661919999999952
20
-115.4151419999999888
11
139.1661969999999826
21
-115.415143999999998
0
LINE
8
BLACK
6
CONTINUOUS
10
139.1661969999999826
20
-115.415143999999998
11
139.3513539999999864
21
-115.4544999999999959
0
LINE
8
BLACK
6
CONTINUOUS
10
139.3513539999999864
20
-115.4544999999999959
11
139.3513549999999839
21
-115.4544999999999959
0
LINE
8
BLACK
6
CONTINUOUS
10
139.3513549999999839
20
-115.4544999999999959
11
139.5406439999999861
21
-115.4544999999999959
0
LINE
8
BLACK
6
CONTINUOUS
10
139.5406439999999861
20
-115.4544999999999959
11
139.5406459999999811
21
-115.4544999999999959
0
LINE
8
BLACK
6
CONTINUOUS
10
139.5406459999999811
20
-115.4544999999999959
11
139.7258029999999849
21
-115.415143999999998
0
LINE
8
BLACK
6
CONTINUOUS
10
139.7258029999999849
20
-115.415143999999998
11
139.8782149999999831
21
-115.3472849999999994
0
LINE
8
BLACK
6
CONTINUOUS
10
139.8782149999999831
20
-115.3472849999999994
11
139.947464999999994
21
-115.3379999999999939
0
LINE
8
BLACK
6
CONTINUOUS
10
139.947464999999994
20
-115.3379999999999939
11
139.9676550000000077
21
-115.3428579999999926
0
LINE
8
BLACK
6
CONTINUOUS
10
139.9676550000000077
20
-115.3428579999999926
11
140.0737029999999947
21
-115.3779989999999884
0
LINE
8
BLACK
6
CONTINUOUS
10
140.0737029999999947
20
-115.3779989999999884
11
140.1764909999999986
21
-115.3884999999999934
0
LINE
8
BLACK
6
CONTINUOUS
10
140.1764909999999986
20
-115.3884999999999934
11
141.1015079999999955
21
-115.3884989999999959
0
LINE
8
BLACK
6
CONTINUOUS
10
141.1015079999999955
20
-115.3884989999999959
11
141.1015160000000037
21
-115.3884979999999985
0
LINE
8
BLACK
6
CONTINUOUS
10
141.1015160000000037
20
-115.3884979999999985
11
141.1015189999999961
21
-115.3884979999999985
0
LINE
8
BLACK
6
CONTINUOUS
10
141.1015189999999961
20
-115.3884979999999985
11
141.1578020000000038
21
-115.3827479999999923
0
LINE
8
BLACK
6
CONTINUOUS
10
141.1578020000000038
20
-115.3827479999999923
11
141.2042969999999968
21
-115.3779989999999884
0
LINE
8
BLACK
6
CONTINUOUS
10
141.2042969999999968
20
-115.3779989999999884
11
141.3708340000000021
21
-115.3228139999999939
0
LINE
8
BLACK
6
CONTINUOUS
10
141.3708340000000021
20
-115.3228139999999939
11
141.5201559999999859
21
-115.2307119999999969
0
LINE
8
BLACK
6
CONTINUOUS
10
141.5201559999999859
20
-115.2307119999999969
11
141.6442119999999818
21
-115.106656000000001
0
LINE
8
BLACK
6
CONTINUOUS
10
141.6442119999999818
20
-115.106656000000001
11
141.736313999999993
21
-114.9573339999999888
0
LINE
8
BLACK
6
CONTINUOUS
10
141.736313999999993
20
-114.9573339999999888
11
141.7914989999999875
21
-114.7907969999999978
0
LINE
8
BLACK
6
CONTINUOUS
10
141.7914989999999875
20
-114.7907969999999978
11
141.8019999999999925
21
-114.6880089999999939
0
LINE
8
BLACK
6
CONTINUOUS
10
141.8019999999999925
20
-114.6880089999999939
11
141.801998999999995
21
-112.387991999999997
0
LINE
8
BLACK
6
CONTINUOUS
10
141.801998999999995
20
-112.387991999999997
11
141.7914989999999875
21
-112.2852029999999957
0
LINE
8
BLACK
6
CONTINUOUS
10
141.7914989999999875
20
-112.2852029999999957
11
141.736313999999993
21
-112.1186659999999904
0
LINE
8
BLACK
6
CONTINUOUS
10
141.736313999999993
20
-112.1186659999999904
11
141.6442119999999818
21
-111.9693439999999924
0
LINE
8
BLACK
6
CONTINUOUS
10
141.6442119999999818
20
-111.9693439999999924
11
141.5225489999999979
21
-111.8476809999999944
0
LINE
8
BLACK
6
CONTINUOUS
10
141.5225489999999979
20
-111.8476809999999944
11
141.4890639999999848
21
-111.7863579999999928
0
LINE
8
BLACK
6
CONTINUOUS
10
141.4890639999999848
20
-111.7863579999999928
11
141.4940479999999923
21
-111.7166659999999894
0
LINE
8
BLACK
6
CONTINUOUS
10
141.4940479999999923
20
-111.7166659999999894
11
141.5225489999999979
21
-111.6723190000000017
0
LINE
8
BLACK
6
CONTINUOUS
10
141.5225489999999979
20
-111.6723190000000017
11
141.5733679999999879
21
-111.6214999999999975
0
LINE
8
BLACK
6
CONTINUOUS
10
141.5733679999999879
20
-111.6214999999999975
11
141.6442119999999818
21
-111.5506559999999894
0
LINE
8
BLACK
6
CONTINUOUS
10
141.6442119999999818
20
-111.5506559999999894
11
141.736313999999993
21
-111.4013339999999914
0
LINE
8
BLACK
6
CONTINUOUS
10
141.736313999999993
20
-111.4013339999999914
11
141.7914989999999875
21
-111.2347970000000004
0
LINE
8
BLACK
6
CONTINUOUS
10
141.7914989999999875
20
-111.2347970000000004
11
141.8019999999999925
21
-111.1320089999999965
0
LINE
8
BLACK
6
CONTINUOUS
10
141.8019999999999925
20
-111.1320089999999965
11
141.801998999999995
21
-108.8319919999999996
0
LINE
8
BLACK
6
CONTINUOUS
10
141.801998999999995
20
-108.8319919999999996
11
141.7914989999999875
21
-108.7292029999999983
0
LINE
8
BLACK
6
CONTINUOUS
10
141.7914989999999875
20
-108.7292029999999983
11
141.736313999999993
21
-108.562665999999993
0
LINE
8
BLACK
6
CONTINUOUS
10
141.736313999999993
20
-108.562665999999993
11
141.6442119999999818
21
-108.413343999999995
0
LINE
8
BLACK
6
CONTINUOUS
10
141.6442119999999818
20
-108.413343999999995
11
141.5225489999999979
21
-108.291680999999997
0
LINE
8
BLACK
6
CONTINUOUS
10
141.5225489999999979
20
-108.291680999999997
11
141.4890639999999848
21
-108.2303579999999954
0
LINE
8
BLACK
6
CONTINUOUS
10
141.4890639999999848
20
-108.2303579999999954
11
141.4940479999999923
21
-108.160665999999992
0
LINE
8
BLACK
6
CONTINUOUS
10
141.4940479999999923
20
-108.160665999999992
11
141.5225489999999979
21
-108.1163189999999901
0
LINE
8
BLACK
6
CONTINUOUS
10
141.5225489999999979
20
-108.1163189999999901
11
141.5491519999999923
21
-108.0897159999999957
0
LINE
8
BLACK
6
CONTINUOUS
10
141.5491519999999923
20
-108.0897159999999957
11
141.6442119999999818
21
-107.994655999999992
0
LINE
8
BLACK
6
CONTINUOUS
10
141.6442119999999818
20
-107.994655999999992
11
141.736313999999993
21
-107.845333999999994
0
LINE
8
BLACK
6
CONTINUOUS
10
141.736313999999993
20
-107.845333999999994
11
141.7914989999999875
21
-107.6787969999999888
0
LINE
8
BLACK
6
CONTINUOUS
10
141.7914989999999875
20
-107.6787969999999888
11
141.8019999999999925
21
-107.5760089999999991
0
LINE
8
BLACK
6
CONTINUOUS
10
141.8019999999999925
20
-107.5760089999999991
11
141.801998999999995
21
-105.2759920000000022
0
LINE
8
BLACK
6
CONTINUOUS
10
141.801998999999995
20
-105.2759920000000022
11
141.7914989999999875
21
-105.1732030000000009
0
LINE
8
BLACK
6
CONTINUOUS
10
141.7914989999999875
20
-105.1732030000000009
11
141.736313999999993
21
-105.0066659999999956
0
LINE
8
BLACK
6
CONTINUOUS
10
141.736313999999993
20
-105.0066659999999956
11
141.6442119999999818
21
-104.8573439999999977
0
LINE
8
BLACK
6
CONTINUOUS
10
141.6442119999999818
20
-104.8573439999999977
11
141.5225489999999979
21
-104.7356809999999996
0
LINE
8
BLACK
6
CONTINUOUS
10
141.5225489999999979
20
-104.7356809999999996
11
141.4890639999999848
21
-104.674357999999998
0
LINE
8
BLACK
6
CONTINUOUS
10
141.4890639999999848
20
-104.674357999999998
11
141.4940479999999923
21
-104.6046659999999946
0
LINE
8
BLACK
6
CONTINUOUS
10
141.4940479999999923
20
-104.6046659999999946
11
141.5225489999999979
21
-104.5603189999999927
0
LINE
8
BLACK
6
CONTINUOUS
10
141.5225489999999979
20
-104.5603189999999927
11
141.6442119999999818
21
-104.4386559999999946
0
LINE
8
BLACK
6
CONTINUOUS
10
141.6442119999999818
20
-104.4386559999999946
11
141.736313999999993
21
-104.2893339999999966
0
LINE
8
BLACK
6
CONTINUOUS
10
141.736313999999993
20
-104.2893339999999966
11
141.7914989999999875
21
-104.1227969999999914
0
LINE
8
BLACK
6
CONTINUOUS
10
141.7914989999999875
20
-104.1227969999999914
11
141.8019999999999925
21
-104.0200090000000017
0
LINE
8
BLACK
6
CONTINUOUS
10
141.8019999999999925
20
-104.0200090000000017
11
141.801998999999995
21
-101.7199919999999906
0
LINE
8
BLACK
6
CONTINUOUS
10
141.801998999999995
20
-101.7199919999999906
11
141.7914989999999875
21
-101.6172029999999893
0
LINE
8
BLACK
6
CONTINUOUS
10
141.7914989999999875
20
-101.6172029999999893
11
141.736313999999993
21
-101.4506659999999982
0
LINE
8
BLACK
6
CONTINUOUS
10
141.736313999999993
20
-101.4506659999999982
11
141.6442119999999818
21
-101.3013440000000003
0
LINE
8
BLACK
6
CONTINUOUS
10
141.6442119999999818
20
-101.3013440000000003
11
141.5402320000000032
21
-101.1973639999999932
0
LINE
8
BLACK
6
CONTINUOUS
10
141.5402320000000032
20
-101.1973639999999932
11
141.5067469999999901
21
-101.1360409999999916
0
LINE
8
BLACK
6
CONTINUOUS
10
141.5067469999999901
20
-101.1360409999999916
11
141.5117309999999975
21
-101.0663490000000024
0
LINE
8
BLACK
6
CONTINUOUS
10
141.5117309999999975
20
-101.0663490000000024
11
141.5530049999999846
21
-101.0112139999999954
0
LINE
8
BLACK
6
CONTINUOUS
10
141.5530049999999846
20
-101.0112139999999954
11
141.5529889999999966
21
-101.0111929999999916
0
LINE
8
BLACK
6
CONTINUOUS
10
141.5529889999999966
20
-101.0111929999999916
11
141.5530679999999961
21
-101.0111299999999943
0
LINE
8
BLACK
6
CONTINUOUS
10
141.5530679999999961
20
-101.0111299999999943
11
141.5536029999999812
21
-101.0104159999999922
0
LINE
8
BLACK
6
CONTINUOUS
10
141.5536029999999812
20
-101.0104159999999922
11
141.5562419999999975
21
-101.0086199999999934
0
LINE
8
BLACK
6
CONTINUOUS
10
141.5562419999999975
20
-101.0086199999999934
11
141.5586500000000001
21
-101.0067149999999998
0
LINE
8
BLACK
6
CONTINUOUS
10
141.5586500000000001
20
-101.0067149999999998
11
141.5586559999999849
21
-101.0067119999999932
0
LINE
8
BLACK
6
CONTINUOUS
10
141.5586559999999849
20
-101.0067119999999932
11
141.6827119999999809
21
-100.8826559999999972
0
LINE
8
BLACK
6
CONTINUOUS
10
141.6827119999999809
20
-100.8826559999999972
11
141.7748139999999921
21
-100.7333339999999993
0
LINE
8
BLACK
6
CONTINUOUS
10
141.7748139999999921
20
-100.7333339999999993
11
141.8299989999999866
21
-100.566796999999994
0
LINE
8
BLACK
6
CONTINUOUS
10
141.8299989999999866
20
-100.566796999999994
11
141.8404999999999916
21
-100.4640089999999901
0
LINE
8
BLACK
6
CONTINUOUS
10
141.8404999999999916
20
-100.4640089999999901
11
141.8404989999999941
21
-98.1639919999999933
0
LINE
8
BLACK
6
CONTINUOUS
10
141.8404989999999941
20
-98.1639919999999933
11
141.8299989999999866
21
-98.0612029999999919
0
LINE
8
BLACK
6
CONTINUOUS
10
141.8299989999999866
20
-98.0612029999999919
11
141.7748139999999921
21
-97.8946660000000008
0
LINE
8
BLACK
6
CONTINUOUS
10
141.7748139999999921
20
-97.8946660000000008
11
141.6827119999999809
21
-97.7453439999999887
0
LINE
8
BLACK
6
CONTINUOUS
10
141.6827119999999809
20
-97.7453439999999887
11
141.561048999999997
21
-97.6236809999999906
0
LINE
8
BLACK
6
CONTINUOUS
10
141.561048999999997
20
-97.6236809999999906
11
141.5275639999999839
21
-97.562357999999989
0
LINE
8
BLACK
6
CONTINUOUS
10
141.5275639999999839
20
-97.562357999999989
11
141.5325479999999914
21
-97.4926659999999998
0
LINE
8
BLACK
6
CONTINUOUS
10
141.5325479999999914
20
-97.4926659999999998
11
141.561048999999997
21
-97.4483189999999979
0
LINE
8
BLACK
6
CONTINUOUS
10
141.561048999999997
20
-97.4483189999999979
11
141.611867999999987
21
-97.3974999999999937
0
LINE
8
BLACK
6
CONTINUOUS
10
141.611867999999987
20
-97.3974999999999937
11
141.6827119999999809
21
-97.3266559999999998
0
LINE
8
BLACK
6
CONTINUOUS
10
141.6827119999999809
20
-97.3266559999999998
11
141.7748139999999921
21
-97.1773340000000019
0
LINE
8
BLACK
6
CONTINUOUS
10
141.7748139999999921
20
-97.1773340000000019
11
141.8299989999999866
21
-97.0107969999999966
0
LINE
8
BLACK
6
CONTINUOUS
10
141.8299989999999866
20
-97.0107969999999966
11
141.8404999999999916
21
-96.9080089999999927
0
LINE
8
BLACK
6
CONTINUOUS
10
141.8404999999999916
20
-96.9080089999999927
11
141.8404989999999941
21
-94.6079919999999959
0
LINE
8
BLACK
6
CONTINUOUS
10
141.8404989999999941
20
-94.6079919999999959
11
141.8299989999999866
21
-94.5052029999999945
0
LINE
8
BLACK
6
CONTINUOUS
10
141.8299989999999866
20
-94.5052029999999945
11
141.7748139999999921
21
-94.3386659999999893
0
LINE
8
BLACK
6
CONTINUOUS
10
141.7748139999999921
20
-94.3386659999999893
11
141.6827119999999809
21
-94.1893439999999913
0
LINE
8
BLACK
6
CONTINUOUS
10
141.6827119999999809
20
-94.1893439999999913
11
141.561048999999997
21
-94.0676809999999932
0
LINE
8
BLACK
6
CONTINUOUS
10
141.561048999999997
20
-94.0676809999999932
11
141.5275639999999839
21
-94.0063579999999916
0
LINE
8
BLACK
6
CONTINUOUS
10
141.5275639999999839
20
-94.0063579999999916
11
141.5325479999999914
21
-93.9366660000000024
0
LINE
8
BLACK
6
CONTINUOUS
10
141.5325479999999914
20
-93.9366660000000024
11
141.561048999999997
21
-93.8923190000000005
0
LINE
8
BLACK
6
CONTINUOUS
10
141.561048999999997
20
-93.8923190000000005
11
141.5876519999999914
21
-93.8657159999999919
0
LINE
8
BLACK
6
CONTINUOUS
10
141.5876519999999914
20
-93.8657159999999919
11
141.6827119999999809
21
-93.7706560000000025
0
LINE
8
BLACK
6
CONTINUOUS
10
141.6827119999999809
20
-93.7706560000000025
11
141.7748139999999921
21
-93.6213339999999903
0
LINE
8
BLACK
6
CONTINUOUS
10
141.7748139999999921
20
-93.6213339999999903
11
141.8299989999999866
21
-93.4547969999999992
0
LINE
8
BLACK
6
CONTINUOUS
10
141.8299989999999866
20
-93.4547969999999992
11
141.8404999999999916
21
-93.3520089999999954
0
LINE
8
BLACK
6
CONTINUOUS
10
141.8404999999999916
20
-93.3520089999999954
11
141.8404989999999941
21
-91.0519919999999985
0
LINE
8
BLACK
6
CONTINUOUS
10
141.8404989999999941
20
-91.0519919999999985
11
141.8299989999999866
21
-90.9492029999999971
0
LINE
8
BLACK
6
CONTINUOUS
10
141.8299989999999866
20
-90.9492029999999971
11
141.7748139999999921
21
-90.7826659999999919
0
LINE
8
BLACK
6
CONTINUOUS
10
141.7748139999999921
20
-90.7826659999999919
11
141.6827119999999809
21
-90.6333439999999939
0
LINE
8
BLACK
6
CONTINUOUS
10
141.6827119999999809
20
-90.6333439999999939
11
141.5586559999999849
21
-90.509287999999998
0
LINE
8
BLACK
6
CONTINUOUS
10
141.5586559999999849
20
-90.509287999999998
11
141.4551689999999837
21
-90.4454569999999904
0
LINE
8
BLACK
6
CONTINUOUS
10
141.4551689999999837
20
-90.4454569999999904
11
141.4093359999999961
21
-90.4171869999999984
0
LINE
8
BLACK
6
CONTINUOUS
10
141.4093359999999961
20
-90.4171869999999984
11
141.4093309999999803
21
-90.4171849999999893
0
LINE
8
BLACK
6
CONTINUOUS
10
141.4093309999999803
20
-90.4171849999999893
11
141.363049999999987
21
-90.4018489999999986
0
LINE
8
BLACK
6
CONTINUOUS
10
141.363049999999987
20
-90.4018489999999986
11
141.2427969999999959
21
-90.3620009999999922
0
LINE
8
BLACK
6
CONTINUOUS
10
141.2427969999999959
20
-90.3620009999999922
11
141.242795000000001
21
-90.3619999999999948
0
LINE
8
BLACK
6
CONTINUOUS
10
141.242795000000001
20
-90.3619999999999948
11
141.1400099999999895
21
-90.3515000000000015
0
LINE
8
BLACK
6
CONTINUOUS
10
141.1400099999999895
20
-90.3515000000000015
11
140.21499799999998
21
-90.3515000000000015
0
LINE
8
BLACK
6
CONTINUOUS
10
140.21499799999998
20
-90.3515000000000015
11
140.2149799999999971
21
-90.351500999999999
0
LINE
8
BLACK
6
CONTINUOUS
10
140.2149799999999971
20
-90.351500999999999
11
140.1122029999999938
21
-90.3619999999999948
0
LINE
8
BLACK
6
CONTINUOUS
10
140.1122029999999938
20
-90.3619999999999948
11
140.1121959999999831
21
-90.3620019999999897
0
LINE
8
BLACK
6
CONTINUOUS
10
140.1121959999999831
20
-90.3620019999999897
11
139.9840810000000033
21
-90.4044549999999987
0
LINE
8
BLACK
6
CONTINUOUS
10
139.9840810000000033
20
-90.4044549999999987
11
139.9142530000000022
21
-90.4068570000000022
0
LINE
8
BLACK
6
CONTINUOUS
10
139.9142530000000022
20
-90.4068570000000022
11
139.8946420000000046
21
-90.4000279999999918
0
LINE
8
BLACK
6
CONTINUOUS
10
139.8946420000000046
20
-90.4000279999999918
11
139.7258070000000032
21
-90.3248569999999944
0
LINE
8
BLACK
6
CONTINUOUS
10
139.7258070000000032
20
-90.3248569999999944
11
139.7258019999999874
21
-90.3248549999999994
0
LINE
8
BLACK
6
CONTINUOUS
10
139.7258019999999874
20
-90.3248549999999994
11
139.5800009999999816
21
-90.2938649999999967
0
LINE
8
BLACK
6
CONTINUOUS
10
139.5800009999999816
20
-90.2938649999999967
11
139.5406459999999811
21
-90.285499999999999
0
LINE
8
BLACK
6
CONTINUOUS
10
139.5406459999999811
20
-90.285499999999999
11
139.3513539999999864
21
-90.285499999999999
0
LINE
8
BLACK
6
CONTINUOUS
10
139.3513539999999864
20
-90.285499999999999
11
139.3188969999999927
21
-90.2923979999999915
0
LINE
8
BLACK
6
CONTINUOUS
10
165.1529109999999889
20
-107.3460299999999989
11
165.2340169999999944
21
-107.4002229999999969
0
LINE
8
BLACK
6
CONTINUOUS
10
165.2340169999999944
20
-107.4002229999999969
11
165.2882099999999923
21
-107.4813289999999881
0
LINE
8
BLACK
6
CONTINUOUS
10
165.2882099999999923
20
-107.4813289999999881
11
165.3072399999999789
21
-107.5769999999999982
0
LINE
8
BLACK
6
CONTINUOUS
10
165.3072399999999789
20
-107.5769999999999982
11
165.3072399999999789
21
-108.277000000000001
0
LINE
8
BLACK
6
CONTINUOUS
10
165.3072399999999789
20
-108.277000000000001
11
165.2882099999999923
21
-108.3726709999999969
0
LINE
8
BLACK
6
CONTINUOUS
10
165.2882099999999923
20
-108.3726709999999969
11
165.2340169999999944
21
-108.4537769999999881
0
LINE
8
BLACK
6
CONTINUOUS
10
165.2340169999999944
20
-108.4537769999999881
11
165.1529109999999889
21
-108.5079700000000003
0
LINE
8
BLACK
6
CONTINUOUS
10
165.1529109999999889
20
-108.5079700000000003
11
165.0572399999999789
21
-108.527000000000001
0
LINE
8
BLACK
6
CONTINUOUS
10
165.0572399999999789
20
-108.527000000000001
11
164.8572399999999902
21
-108.527000000000001
0
LINE
8
BLACK
6
CONTINUOUS
10
164.8572399999999902
20
-108.527000000000001
11
164.8572399999999902
21
-108.6725189999999941
0
LINE
8
BLACK
6
CONTINUOUS
10
164.8572399999999902
20
-108.6725189999999941
11
164.9156069999999943
21
-108.7308859999999981
0
LINE
8
BLACK
6
CONTINUOUS
10
164.9156069999999943
20
-108.7308859999999981
11
164.972422999999992
21
-108.8423930000000013
0
LINE
8
BLACK
6
CONTINUOUS
10
164.972422999999992
20
-108.8423930000000013
11
164.9919999999999902
21
-108.965999999999994
0
LINE
8
BLACK
6
CONTINUOUS
10
164.9919999999999902
20
-108.965999999999994
11
164.972422999999992
21
-109.0896070000000009
0
LINE
8
BLACK
6
CONTINUOUS
10
164.972422999999992
20
-109.0896070000000009
11
164.9156069999999943
21
-109.2011139999999898
0
LINE
8
BLACK
6
CONTINUOUS
10
164.9156069999999943
20
-109.2011139999999898
11
164.8271139999999946
21
-109.2896069999999895
0
LINE
8
BLACK
6
CONTINUOUS
10
164.8271139999999946
20
-109.2896069999999895
11
164.7156070000000057
21
-109.3464230000000015
0
LINE
8
BLACK
6
CONTINUOUS
10
164.7156070000000057
20
-109.3464230000000015
11
164.5919999999999845
21
-109.3659999999999997
0
LINE
8
BLACK
6
CONTINUOUS
10
164.5919999999999845
20
-109.3659999999999997
11
164.4683929999999918
21
-109.3464230000000015
0
LINE
8
BLACK
6
CONTINUOUS
10
164.4683929999999918
20
-109.3464230000000015
11
164.3568860000000029
21
-109.2896069999999895
0
LINE
8
BLACK
6
CONTINUOUS
10
164.3568860000000029
20
-109.2896069999999895
11
164.2683930000000032
21
-109.2011139999999898
0
LINE
8
BLACK
6
CONTINUOUS
10
164.2683930000000032
20
-109.2011139999999898
11
164.2115770000000055
21
-109.0896070000000009
0
LINE
8
BLACK
6
CONTINUOUS
10
164.2115770000000055
20
-109.0896070000000009
11
164.1919999999999789
21
-108.965999999999994
0
LINE
8
BLACK
6
CONTINUOUS
10
164.1919999999999789
20
-108.965999999999994
11
164.2115770000000055
21
-108.8423930000000013
0
LINE
8
BLACK
6
CONTINUOUS
10
164.2115770000000055
20
-108.8423930000000013
11
164.2683930000000032
21
-108.7308859999999981
0
LINE
8
BLACK
6
CONTINUOUS
10
164.2683930000000032
20
-108.7308859999999981
11
164.3568860000000029
21
-108.6423929999999984
0
LINE
8
BLACK
6
CONTINUOUS
10
164.3568860000000029
20
-108.6423929999999984
11
164.3572399999999902
21
-108.6422120000000007
0
LINE
8
BLACK
6
CONTINUOUS
10
164.3572399999999902
20
-108.6422120000000007
11
164.3572399999999902
21
-108.527000000000001
0
LINE
8
BLACK
6
CONTINUOUS
10
164.3572399999999902
20
-108.527000000000001
11
164.1572400000000016
21
-108.527000000000001
0
LINE
8
BLACK
6
CONTINUOUS
10
164.1572400000000016
20
-108.527000000000001
11
164.0615689999999915
21
-108.5079700000000003
0
LINE
8
BLACK
6
CONTINUOUS
10
164.0615689999999915
20
-108.5079700000000003
11
163.9804629999999861
21
-108.4537769999999881
0
LINE
8
BLACK
6
CONTINUOUS
10
163.9804629999999861
20
-108.4537769999999881
11
163.9262699999999882
21
-108.3726709999999969
0
LINE
8
BLACK
6
CONTINUOUS
10
163.9262699999999882
20
-108.3726709999999969
11
163.9072400000000016
21
-108.277000000000001
0
LINE
8
BLACK
6
CONTINUOUS
10
163.9072400000000016
20
-108.277000000000001
11
163.9072400000000016
21
-107.5769999999999982
0
LINE
8
BLACK
6
CONTINUOUS
10
163.9072400000000016
20
-107.5769999999999982
11
163.9262699999999882
21
-107.4813289999999881
0
LINE
8
BLACK
6
CONTINUOUS
10
163.9262699999999882
20
-107.4813289999999881
11
163.9804629999999861
21
-107.4002229999999969
0
LINE
8
BLACK
6
CONTINUOUS
10
163.9804629999999861
20
-107.4002229999999969
11
164.0615689999999915
21
-107.3460299999999989
0
LINE
8
BLACK
6
CONTINUOUS
10
164.0615689999999915
20
-107.3460299999999989
11
164.1572400000000016
21
-107.3269999999999982
0
LINE
8
BLACK
6
CONTINUOUS
10
164.1572400000000016
20
-107.3269999999999982
11
165.0572399999999789
21
-107.3269999999999982
0
LINE
8
BLACK
6
CONTINUOUS
10
165.0572399999999789
20
-107.3269999999999982
11
165.1529109999999889
21
-107.3460299999999989
0
LINE
8
BLACK
6
CONTINUOUS
10
163.729454000000004
20
-105.1756850000000014
11
163.7752089999999896
21
-105.2284889999999962
0
LINE
8
BLACK
6
CONTINUOUS
10
163.7752089999999896
20
-105.2284889999999962
11
163.7851529999999798
21
-105.2976469999999978
0
LINE
8
BLACK
6
CONTINUOUS
10
163.7851529999999798
20
-105.2976469999999978
11
163.7621849999999881
21
-105.3536339999999996
0
LINE
8
BLACK
6
CONTINUOUS
10
163.7621849999999881
20
-105.3536339999999996
11
163.754446999999999
21
-105.3641169999999931
0
LINE
8
BLACK
6
CONTINUOUS
10
163.754446999999999
20
-105.3641169999999931
11
163.7544460000000015
21
-105.3641190000000023
0
LINE
8
BLACK
6
CONTINUOUS
10
163.7544460000000015
20
-105.3641190000000023
11
163.7095929999999839
21
-105.492297999999991
0
LINE
8
BLACK
6
CONTINUOUS
10
163.7095929999999839
20
-105.492297999999991
11
163.7095929999999839
21
-105.4923000000000002
0
LINE
8
BLACK
6
CONTINUOUS
10
163.7095929999999839
20
-105.4923000000000002
11
163.7067399999999964
21
-105.5227299999999957
0
LINE
8
BLACK
6
CONTINUOUS
10
163.7067399999999964
20
-105.5227299999999957
11
163.7067399999999964
21
-106.3312689999999918
0
LINE
8
BLACK
6
CONTINUOUS
10
163.7067399999999964
20
-106.3312689999999918
11
163.7095929999999839
21
-106.3616990000000015
0
LINE
8
BLACK
6
CONTINUOUS
10
163.7095929999999839
20
-106.3616990000000015
11
163.7095929999999839
21
-106.3617009999999965
0
LINE
8
BLACK
6
CONTINUOUS
10
163.7095929999999839
20
-106.3617009999999965
11
163.7544460000000015
21
-106.4898799999999994
0
LINE
8
BLACK
6
CONTINUOUS
10
163.7544460000000015
20
-106.4898799999999994
11
163.754446999999999
21
-106.4898819999999944
0
LINE
8
BLACK
6
CONTINUOUS
10
163.754446999999999
20
-106.4898819999999944
11
163.8350899999999797
21
-106.5991499999999945
0
LINE
8
BLACK
6
CONTINUOUS
10
163.8350899999999797
20
-106.5991499999999945
11
163.944357999999994
21
-106.6797929999999894
0
LINE
8
BLACK
6
CONTINUOUS
10
163.944357999999994
20
-106.6797929999999894
11
163.9870849999999791
21
-106.694744
0
LINE
8
BLACK
6
CONTINUOUS
10
163.9870849999999791
20
-106.694744
11
164.0725390000000061
21
-106.7246459999999928
0
LINE
8
BLACK
6
CONTINUOUS
10
164.0725390000000061
20
-106.7246459999999928
11
164.1029699999999991
21
-106.727499999999992
0
LINE
8
BLACK
6
CONTINUOUS
10
164.1029699999999991
20
-106.727499999999992
11
164.102973999999989
21
-106.727499999999992
0
LINE
8
BLACK
6
CONTINUOUS
10
164.102973999999989
20
-106.727499999999992
11
165.1115099999999813
21
-106.727499999999992
0
LINE
8
BLACK
6
CONTINUOUS
10
165.1115099999999813
20
-106.727499999999992
11
165.1419389999999794
21
-106.7246459999999928
0
LINE
8
BLACK
6
CONTINUOUS
10
165.1419389999999794
20
-106.7246459999999928
11
165.1419410000000028
21
-106.7246459999999928
0
LINE
8
BLACK
6
CONTINUOUS
10
165.1419410000000028
20
-106.7246459999999928
11
165.2060299999999984
21
-106.7022189999999995
0
LINE
8
BLACK
6
CONTINUOUS
10
165.2060299999999984
20
-106.7022189999999995
11
165.2701219999999864
21
-106.6797929999999894
0
LINE
8
BLACK
6
CONTINUOUS
10
165.2701219999999864
20
-106.6797929999999894
11
165.3793900000000008
21
-106.5991499999999945
0
LINE
8
BLACK
6
CONTINUOUS
10
165.3793900000000008
20
-106.5991499999999945
11
165.4600329999999815
21
-106.4898819999999944
0
LINE
8
BLACK
6
CONTINUOUS
10
165.4600329999999815
20
-106.4898819999999944
11
165.4824590000000057
21
-106.4257899999999921
0
LINE
8
BLACK
6
CONTINUOUS
10
165.4824590000000057
20
-106.4257899999999921
11
165.5048859999999991
21
-106.3617009999999965
0
LINE
8
BLACK
6
CONTINUOUS
10
165.5048859999999991
20
-106.3617009999999965
11
165.5048859999999991
21
-106.3616990000000015
0
LINE
8
BLACK
6
CONTINUOUS
10
165.5048859999999991
20
-106.3616990000000015
11
165.5077399999999841
21
-106.3312689999999918
0
LINE
8
BLACK
6
CONTINUOUS
10
165.5077399999999841
20
-106.3312689999999918
11
165.5077399999999841
21
-105.5227299999999957
0
LINE
8
BLACK
6
CONTINUOUS
10
165.5077399999999841
20
-105.5227299999999957
11
165.5048859999999991
21
-105.4923000000000002
0
LINE
8
BLACK
6
CONTINUOUS
10
165.5048859999999991
20
-105.4923000000000002
11
165.5048859999999991
21
-105.492297999999991
0
LINE
8
BLACK
6
CONTINUOUS
10
165.5048859999999991
20
-105.492297999999991
11
165.4600329999999815
21
-105.3641190000000023
0
LINE
8
BLACK
6
CONTINUOUS
10
165.4600329999999815
20
-105.3641190000000023
11
165.460031999999984
21
-105.3641169999999931
0
LINE
8
BLACK
6
CONTINUOUS
10
165.460031999999984
20
-105.3641169999999931
11
165.4522949999999923
21
-105.3536339999999996
0
LINE
8
BLACK
6
CONTINUOUS
10
165.4522949999999923
20
-105.3536339999999996
11
165.4283240000000035
21
-105.2880059999999958
0
LINE
8
BLACK
6
CONTINUOUS
10
165.4283240000000035
20
-105.2880059999999958
11
165.4436389999999903
21
-105.2198349999999891
0
LINE
8
BLACK
6
CONTINUOUS
10
165.4436389999999903
20
-105.2198349999999891
11
165.4933790000000045
21
-105.1707669999999979
0
LINE
8
BLACK
6
CONTINUOUS
10
165.4933790000000045
20
-105.1707669999999979
11
165.5520649999999989
21
-105.1559999999999917
0
LINE
8
BLACK
6
CONTINUOUS
10
165.5520649999999989
20
-105.1559999999999917
11
168.8028129999999862
21
-105.1559999999999917
0
LINE
8
BLACK
6
CONTINUOUS
10
168.8028129999999862
20
-105.1559999999999917
11
168.8698519999999803
21
-105.1756850000000014
0
LINE
8
BLACK
6
CONTINUOUS
10
168.8698519999999803
20
-105.1756850000000014
11
168.9156069999999943
21
-105.2284889999999962
0
LINE
8
BLACK
6
CONTINUOUS
10
168.9156069999999943
20
-105.2284889999999962
11
168.9268129999999815
21
-105.2800000000000011
0
LINE
8
BLACK
6
CONTINUOUS
10
168.9268129999999815
20
-105.2800000000000011
11
168.9268129999999815
21
-109.4558359999999908
0
LINE
8
BLACK
6
CONTINUOUS
10
168.9268129999999815
20
-109.4558359999999908
11
168.9071280000000002
21
-109.5228749999999991
0
LINE
8
BLACK
6
CONTINUOUS
10
168.9071280000000002
20
-109.5228749999999991
11
168.8543239999999912
21
-109.5686299999999989
0
LINE
8
BLACK
6
CONTINUOUS
10
168.8543239999999912
20
-109.5686299999999989
11
168.8336559999999906
21
-109.5759389999999911
0
LINE
8
BLACK
6
CONTINUOUS
10
168.8336559999999906
20
-109.5759389999999911
11
168.7778160000000014
21
-109.5902779999999979
0
LINE
8
BLACK
6
CONTINUOUS
10
168.7778160000000014
20
-109.5902779999999979
11
168.724648000000002
21
-109.6039320000000004
0
LINE
8
BLACK
6
CONTINUOUS
10
168.724648000000002
20
-109.6039320000000004
11
168.5866609999999923
21
-109.6517860000000013
0
LINE
8
BLACK
6
CONTINUOUS
10
168.5866609999999923
20
-109.6517860000000013
11
168.2946019999999976
21
-109.7530749999999955
0
LINE
8
BLACK
6
CONTINUOUS
10
168.2946019999999976
20
-109.7530749999999955
11
167.8783179999999788
21
-109.9371280000000013
0
LINE
8
BLACK
6
CONTINUOUS
10
167.8783179999999788
20
-109.9371280000000013
11
167.8783049999999832
21
-109.9371349999999978
0
LINE
8
BLACK
6
CONTINUOUS
10
167.8783049999999832
20
-109.9371349999999978
11
167.4785969999999793
21
-110.1548509999999936
0
LINE
8
BLACK
6
CONTINUOUS
10
167.4785969999999793
20
-110.1548509999999936
11
167.4785909999999944
21
-110.1548549999999977
0
LINE
8
BLACK
6
CONTINUOUS
10
167.4785909999999944
20
-110.1548549999999977
11
167.0981720000000053
21
-110.404759999999996
0
LINE
8
BLACK
6
CONTINUOUS
10
167.0981720000000053
20
-110.404759999999996
11
167.0981589999999812
21
-110.4047699999999992
0
LINE
8
BLACK
6
CONTINUOUS
10
167.0981589999999812
20
-110.4047699999999992
11
166.7396209999999996
21
-110.6851549999999946
0
LINE
8
BLACK
6
CONTINUOUS
10
166.7396209999999996
20
-110.6851549999999946
11
166.7396019999999908
21
-110.6851719999999943
0
LINE
8
BLACK
6
CONTINUOUS
10
166.7396019999999908
20
-110.6851719999999943
11
166.4053909999999803
21
-110.9941269999999918
0
LINE
8
BLACK
6
CONTINUOUS
10
166.4053909999999803
20
-110.9941269999999918
11
166.4053799999999796
21
-110.9941389999999899
0
LINE
8
BLACK
6
CONTINUOUS
10
166.4053799999999796
20
-110.9941389999999899
11
166.0977499999999907
21
-111.3295759999999888
0
LINE
8
BLACK
6
CONTINUOUS
10
166.0977499999999907
20
-111.3295759999999888
11
166.09773899999999
21
-111.3295899999999961
0
LINE
8
BLACK
6
CONTINUOUS
10
166.09773899999999
20
-111.3295899999999961
11
166.0038140000000055
21
-111.4506820000000005
0
LINE
8
BLACK
6
CONTINUOUS
10
166.0038140000000055
20
-111.4506820000000005
11
165.8187680000000057
21
-111.6892519999999962
0
LINE
8
BLACK
6
CONTINUOUS
10
165.8187680000000057
20
-111.6892519999999962
11
165.6072769999999821
21
-112.0139999999999958
0
LINE
8
BLACK
6
CONTINUOUS
10
165.6072769999999821
20
-112.0139999999999958
11
165.5703689999999995
21
-112.0706729999999993
0
LINE
8
BLACK
6
CONTINUOUS
10
165.5703689999999995
20
-112.0706729999999993
11
165.3542410000000018
21
-112.4712399999999946
0
LINE
8
BLACK
6
CONTINUOUS
10
165.3542410000000018
20
-112.4712399999999946
11
165.3542389999999784
21
-112.4712449999999961
0
LINE
8
BLACK
6
CONTINUOUS
10
165.3542389999999784
20
-112.4712449999999961
11
165.1718329999999924
21
-112.8882709999999889
0
LINE
8
BLACK
6
CONTINUOUS
10
165.1718329999999924
20
-112.8882709999999889
11
165.0243999999999858
21
-113.3189039999999892
0
LINE
8
BLACK
6
CONTINUOUS
10
165.0243999999999858
20
-113.3189039999999892
11
164.9129379999999969
21
-113.7602169999999973
0
LINE
8
BLACK
6
CONTINUOUS
10
164.9129379999999969
20
-113.7602169999999973
11
164.912936000000002
21
-113.7602259999999887
0
LINE
8
BLACK
6
CONTINUOUS
10
164.912936000000002
20
-113.7602259999999887
11
164.8382110000000011
21
-114.2091849999999909
0
LINE
8
BLACK
6
CONTINUOUS
10
164.8382110000000011
20
-114.2091849999999909
11
164.8382090000000062
21
-114.2091999999999956
0
LINE
8
BLACK
6
CONTINUOUS
10
164.8382090000000062
20
-114.2091999999999956
11
164.8382090000000062
21
-114.2092039999999997
0
LINE
8
BLACK
6
CONTINUOUS
10
164.8382090000000062
20
-114.2092039999999997
11
164.8007169999999917
21
-114.6628259999999955
0
LINE
8
BLACK
6
CONTINUOUS
10
164.8007169999999917
20
-114.6628259999999955
11
164.8007169999999917
21
-115.1179949999999934
0
LINE
8
BLACK
6
CONTINUOUS
10
164.8007169999999917
20
-115.1179949999999934
11
164.8382090000000062
21
-115.5716129999999993
0
LINE
8
BLACK
6
CONTINUOUS
10
164.8382090000000062
20
-115.5716129999999993
11
164.8382110000000011
21
-115.5716350000000006
0
LINE
8
BLACK
6
CONTINUOUS
10
164.8382110000000011
20
-115.5716350000000006
11
164.912936000000002
21
-116.0205939999999885
0
LINE
8
BLACK
6
CONTINUOUS
10
164.912936000000002
20
-116.0205939999999885
11
164.9129379999999969
21
-116.0206029999999942
0
LINE
8
BLACK
6
CONTINUOUS
10
164.9129379999999969
20
-116.0206029999999942
11
164.9129399999999919
21
-116.0206089999999932
0
LINE
8
BLACK
6
CONTINUOUS
10
164.9129399999999919
20
-116.0206089999999932
11
165.0244009999999832
21
-116.4619199999999921
0
LINE
8
BLACK
6
CONTINUOUS
10
165.0244009999999832
20
-116.4619199999999921
11
165.1718339999999898
21
-116.89255
0
LINE
8
BLACK
6
CONTINUOUS
10
165.1718339999999898
20
-116.89255
11
165.354237999999981
21
-117.3095719999999886
0
LINE
8
BLACK
6
CONTINUOUS
10
165.354237999999981
20
-117.3095719999999886
11
165.3542400000000043
21
-117.3095749999999953
0
LINE
8
BLACK
6
CONTINUOUS
10
165.3542400000000043
20
-117.3095749999999953
11
165.3542419999999993
21
-117.3095799999999969
0
LINE
8
BLACK
6
CONTINUOUS
10
165.3542419999999993
20
-117.3095799999999969
11
165.4777430000000038
21
-117.5384739999999937
0
LINE
8
BLACK
6
CONTINUOUS
10
165.4777430000000038
20
-117.5384739999999937
11
165.5703719999999919
21
-117.7101519999999937
0
LINE
8
BLACK
6
CONTINUOUS
10
165.5703719999999919
20
-117.7101519999999937
11
165.8187680000000057
21
-118.0915679999999952
0
LINE
8
BLACK
6
CONTINUOUS
10
165.8187680000000057
20
-118.0915679999999952
11
166.0700259999999844
21
-118.415498999999997
0
LINE
8
BLACK
6
CONTINUOUS
10
166.0700259999999844
20
-118.415498999999997
11
166.0977399999999875
21
-118.4512289999999979
0
LINE
8
BLACK
6
CONTINUOUS
10
166.0977399999999875
20
-118.4512289999999979
11
166.0977509999999882
21
-118.451242999999991
0
LINE
8
BLACK
6
CONTINUOUS
10
166.0977509999999882
20
-118.451242999999991
11
166.2735219999999856
21
-118.6429019999999923
0
LINE
8
BLACK
6
CONTINUOUS
10
166.2735219999999856
20
-118.6429019999999923
11
166.4053849999999954
21
-118.7866849999999914
0
LINE
8
BLACK
6
CONTINUOUS
10
166.4053849999999954
20
-118.7866849999999914
11
166.4053879999999879
21
-118.7866879999999981
0
LINE
8
BLACK
6
CONTINUOUS
10
166.4053879999999879
20
-118.7866879999999981
11
166.4053920000000062
21
-118.786691999999988
0
LINE
8
BLACK
6
CONTINUOUS
10
166.4053920000000062
20
-118.786691999999988
11
166.7396039999999857
21
-119.0956489999999945
0
LINE
8
BLACK
6
CONTINUOUS
10
166.7396039999999857
20
-119.0956489999999945
11
166.7396139999999889
21
-119.0956569999999886
0
LINE
8
BLACK
6
CONTINUOUS
10
166.7396139999999889
20
-119.0956569999999886
11
166.7396190000000047
21
-119.0956619999999901
0
LINE
8
BLACK
6
CONTINUOUS
10
166.7396190000000047
20
-119.0956619999999901
11
166.7563409999999919
21
-119.1087389999999999
0
LINE
8
BLACK
6
CONTINUOUS
10
166.7563409999999919
20
-119.1087389999999999
11
167.0981629999999996
21
-119.3760539999999963
0
LINE
8
BLACK
6
CONTINUOUS
10
167.0981629999999996
20
-119.3760539999999963
11
167.0981730000000027
21
-119.3760609999999929
0
LINE
8
BLACK
6
CONTINUOUS
10
167.0981730000000027
20
-119.3760609999999929
11
167.1442989999999895
21
-119.4063620000000014
0
LINE
8
BLACK
6
CONTINUOUS
10
167.1442989999999895
20
-119.4063620000000014
11
167.1895219999999824
21
-119.459621999999996
0
LINE
8
BLACK
6
CONTINUOUS
10
167.1895219999999824
20
-119.459621999999996
11
167.1987719999999911
21
-119.5288759999999968
0
LINE
8
BLACK
6
CONTINUOUS
10
167.1987719999999911
20
-119.5288759999999968
11
167.1691109999999867
21
-119.5921379999999914
0
LINE
8
BLACK
6
CONTINUOUS
10
167.1691109999999867
20
-119.5921379999999914
11
167.109958000000006
21
-119.6293209999999902
0
LINE
8
BLACK
6
CONTINUOUS
10
167.109958000000006
20
-119.6293209999999902
11
167.0762169999999855
21
-119.6340000000000003
0
LINE
8
BLACK
6
CONTINUOUS
10
167.0762169999999855
20
-119.6340000000000003
11
165.2826509999999871
21
-119.6340000000000003
0
LINE
8
BLACK
6
CONTINUOUS
10
165.2826509999999871
20
-119.6340000000000003
11
165.2920000000000016
21
-119.6809999999999974
0
LINE
8
BLACK
6
CONTINUOUS
10
165.2920000000000016
20
-119.6809999999999974
11
165.2920000000000016
21
-120.3810000000000002
0
LINE
8
BLACK
6
CONTINUOUS
10
165.2920000000000016
20
-120.3810000000000002
11
165.2729699999999866
21
-120.4766709999999961
0
LINE
8
BLACK
6
CONTINUOUS
10
165.2729699999999866
20
-120.4766709999999961
11
165.2187769999999887
21
-120.5577770000000015
0
LINE
8
BLACK
6
CONTINUOUS
10
165.2187769999999887
20
-120.5577770000000015
11
165.1376709999999832
21
-120.6119699999999995
0
LINE
8
BLACK
6
CONTINUOUS
10
165.1376709999999832
20
-120.6119699999999995
11
165.0420000000000016
21
-120.6310000000000002
0
LINE
8
BLACK
6
CONTINUOUS
10
165.0420000000000016
20
-120.6310000000000002
11
164.1419999999999959
21
-120.6310000000000002
0
LINE
8
BLACK
6
CONTINUOUS
10
164.1419999999999959
20
-120.6310000000000002
11
164.0463289999999859
21
-120.6119699999999995
0
LINE
8
BLACK
6
CONTINUOUS
10
164.0463289999999859
20
-120.6119699999999995
11
163.9652229999999804
21
-120.5577770000000015
0
LINE
8
BLACK
6
CONTINUOUS
10
163.9652229999999804
20
-120.5577770000000015
11
163.9110299999999825
21
-120.4766709999999961
0
LINE
8
BLACK
6
CONTINUOUS
10
163.9110299999999825
20
-120.4766709999999961
11
163.8919999999999959
21
-120.3810000000000002
0
LINE
8
BLACK
6
CONTINUOUS
10
163.8919999999999959
20
-120.3810000000000002
11
163.8919999999999959
21
-119.6809999999999974
0
LINE
8
BLACK
6
CONTINUOUS
10
163.8919999999999959
20
-119.6809999999999974
11
163.901348999999982
21
-119.6340000000000003
0
LINE
8
BLACK
6
CONTINUOUS
10
163.901348999999982
20
-119.6340000000000003
11
157.4384599999999921
21
-119.6340000000000003
0
LINE
8
BLACK
6
CONTINUOUS
10
157.4384599999999921
20
-119.6340000000000003
11
157.4269549999999924
21
-119.8315289999999891
0
LINE
8
BLACK
6
CONTINUOUS
10
157.4269549999999924
20
-119.8315289999999891
11
157.366375000000005
21
-120.1750979999999913
0
LINE
8
BLACK
6
CONTINUOUS
10
157.366375000000005
20
-120.1750979999999913
11
157.2663179999999841
21
-120.5093099999999993
0
LINE
8
BLACK
6
CONTINUOUS
10
157.2663179999999841
20
-120.5093099999999993
11
157.128138000000007
21
-120.8296479999999917
0
LINE
8
BLACK
6
CONTINUOUS
10
157.128138000000007
20
-120.8296479999999917
11
156.9537029999999902
21
-121.1317769999999996
0
LINE
8
BLACK
6
CONTINUOUS
10
156.9537029999999902
20
-121.1317769999999996
11
156.7453730000000007
21
-121.4116129999999885
0
LINE
8
BLACK
6
CONTINUOUS
10
156.7453730000000007
20
-121.4116129999999885
11
156.5059650000000033
21
-121.6653709999999933
0
LINE
8
BLACK
6
CONTINUOUS
10
156.5059650000000033
20
-121.6653709999999933
11
156.2387159999999824
21
-121.8896199999999936
0
LINE
8
BLACK
6
CONTINUOUS
10
156.2387159999999824
20
-121.8896199999999936
11
155.9472399999999936
21
-122.08132599999999
0
LINE
8
BLACK
6
CONTINUOUS
10
155.9472399999999936
20
-122.08132599999999
11
155.6354790000000037
21
-122.2378980000000013
0
LINE
8
BLACK
6
CONTINUOUS
10
155.6354790000000037
20
-122.2378980000000013
11
155.3076499999999953
21
-122.3572190000000006
0
LINE
8
BLACK
6
CONTINUOUS
10
155.3076499999999953
20
-122.3572190000000006
11
154.9681850000000054
21
-122.4376729999999895
0
LINE
8
BLACK
6
CONTINUOUS
10
154.9681850000000054
20
-122.4376729999999895
11
154.6216739999999845
21
-122.4781739999999957
0
LINE
8
BLACK
6
CONTINUOUS
10
154.6216739999999845
20
-122.4781739999999957
11
154.2728060000000028
21
-122.4781739999999957
0
LINE
8
BLACK
6
CONTINUOUS
10
154.2728060000000028
20
-122.4781739999999957
11
153.9262949999999819
21
-122.4376729999999895
0
LINE
8
BLACK
6
CONTINUOUS
10
153.9262949999999819
20
-122.4376729999999895
11
153.586829999999992
21
-122.3572190000000006
0
LINE
8
BLACK
6
CONTINUOUS
10
153.586829999999992
20
-122.3572190000000006
11
153.2590009999999836
21
-122.2378980000000013
0
LINE
8
BLACK
6
CONTINUOUS
10
153.2590009999999836
20
-122.2378980000000013
11
152.9472399999999936
21
-122.08132599999999
0
LINE
8
BLACK
6
CONTINUOUS
10
152.9472399999999936
20
-122.08132599999999
11
152.6557640000000049
21
-121.8896199999999936
0
LINE
8
BLACK
6
CONTINUOUS
10
152.6557640000000049
20
-121.8896199999999936
11
152.388514999999984
21
-121.6653709999999933
0
LINE
8
BLACK
6
CONTINUOUS
10
152.388514999999984
20
-121.6653709999999933
11
152.1491069999999866
21
-121.4116129999999885
0
LINE
8
BLACK
6
CONTINUOUS
10
152.1491069999999866
20
-121.4116129999999885
11
151.9407769999999971
21
-121.1317769999999996
0
LINE
8
BLACK
6
CONTINUOUS
10
151.9407769999999971
20
-121.1317769999999996
11
151.7663419999999803
21
-120.8296479999999917
0
LINE
8
BLACK
6
CONTINUOUS
10
151.7663419999999803
20
-120.8296479999999917
11
151.6281620000000032
21
-120.5093099999999993
0
LINE
8
BLACK
6
CONTINUOUS
10
151.6281620000000032
20
-120.5093099999999993
11
151.5281049999999823
21
-120.1750979999999913
0
LINE
8
BLACK
6
CONTINUOUS
10
151.5281049999999823
20
-120.1750979999999913
11
151.4675249999999949
21
-119.8315289999999891
0
LINE
8
BLACK
6
CONTINUOUS
10
151.4675249999999949
20
-119.8315289999999891
11
151.4472399999999936
21
-119.4832499999999982
0
LINE
8
BLACK
6
CONTINUOUS
10
151.4472399999999936
20
-119.4832499999999982
11
151.4675249999999949
21
-119.1349709999999931
0
LINE
8
BLACK
6
CONTINUOUS
10
151.4675249999999949
20
-119.1349709999999931
11
151.5281049999999823
21
-118.7914019999999908
0
LINE
8
BLACK
6
CONTINUOUS
10
151.5281049999999823
20
-118.7914019999999908
11
151.6281620000000032
21
-118.4571899999999971
0
LINE
8
BLACK
6
CONTINUOUS
10
151.6281620000000032
20
-118.4571899999999971
11
151.7663419999999803
21
-118.1368519999999904
0
LINE
8
BLACK
6
CONTINUOUS
10
151.7663419999999803
20
-118.1368519999999904
11
151.9407769999999971
21
-117.8347229999999968
0
LINE
8
BLACK
6
CONTINUOUS
10
151.9407769999999971
20
-117.8347229999999968
11
152.1491069999999866
21
-117.5548869999999937
0
LINE
8
BLACK
6
CONTINUOUS
10
152.1491069999999866
20
-117.5548869999999937
11
152.388514999999984
21
-117.3011289999999889
0
LINE
8
BLACK
6
CONTINUOUS
10
152.388514999999984
20
-117.3011289999999889
11
152.4000000000000057
21
-117.2914909999999935
0
LINE
8
BLACK
6
CONTINUOUS
10
152.4000000000000057
20
-117.2914909999999935
11
152.4000000000000057
21
-114.2409999999999997
0
LINE
8
BLACK
6
CONTINUOUS
10
152.4000000000000057
20
-114.2409999999999997
11
151.9372400000000027
21
-114.2409999999999997
0
LINE
8
BLACK
6
CONTINUOUS
10
151.9372400000000027
20
-114.2409999999999997
11
151.9372400000000027
21
-112.6909999999999883
0
LINE
8
BLACK
6
CONTINUOUS
10
151.9372400000000027
20
-112.6909999999999883
11
152.4000000000000057
21
-112.6909999999999883
0
LINE
8
BLACK
6
CONTINUOUS
10
152.4000000000000057
20
-112.6909999999999883
11
152.4000000000000057
21
-109.9409999999999883
0
LINE
8
BLACK
6
CONTINUOUS
10
152.4000000000000057
20
-109.9409999999999883
11
152.1372399999999914
21
-109.9409999999999883
0
LINE
8
BLACK
6
CONTINUOUS
10
152.1372399999999914
20
-109.9409999999999883
11
152.1372399999999914
21
-106.2409999999999997
0
LINE
8
BLACK
6
CONTINUOUS
10
152.1372399999999914
20
-106.2409999999999997
11
152.4000000000000057
21
-106.2409999999999997
0
LINE
8
BLACK
6
CONTINUOUS
10
152.4000000000000057
20
-106.2409999999999997
11
152.4000000000000057
21
-106.1620920000000012
0
LINE
8
BLACK
6
CONTINUOUS
10
152.4000000000000057
20
-106.1620920000000012
11
152.4005970000000048
21
-106.1499379999999917
0
LINE
8
BLACK
6
CONTINUOUS
10
152.4005970000000048
20
-106.1499379999999917
11
152.4180179999999893
21
-105.9730559999999997
0
LINE
8
BLACK
6
CONTINUOUS
10
152.4180179999999893
20
-105.9730559999999997
11
152.4227569999999901
21
-105.949231999999995
0
LINE
8
BLACK
6
CONTINUOUS
10
152.4227569999999901
20
-105.949231999999995
11
152.4725770000000011
21
-105.7849939999999975
0
LINE
8
BLACK
6
CONTINUOUS
10
152.4725770000000011
20
-105.7849939999999975
11
152.4818750000000023
21
-105.7625489999999928
0
LINE
8
BLACK
6
CONTINUOUS
10
152.4818750000000023
20
-105.7625489999999928
11
152.5627749999999878
21
-105.611194999999995
0
LINE
8
BLACK
6
CONTINUOUS
10
152.5627749999999878
20
-105.611194999999995
11
152.5762719999999888
21
-105.5909949999999924
0
LINE
8
BLACK
6
CONTINUOUS
10
152.5762719999999888
20
-105.5909949999999924
11
152.6851489999999956
21
-105.4583279999999945
0
LINE
8
BLACK
6
CONTINUOUS
10
152.6851489999999956
20
-105.4583279999999945
11
152.7023279999999943
21
-105.4411489999999958
0
LINE
8
BLACK
6
CONTINUOUS
10
152.7023279999999943
20
-105.4411489999999958
11
152.8349949999999922
21
-105.332271999999989
0
LINE
8
BLACK
6
CONTINUOUS
10
152.8349949999999922
20
-105.332271999999989
11
152.8551949999999806
21
-105.3187750000000023
0
LINE
8
BLACK
6
CONTINUOUS
10
152.8551949999999806
20
-105.3187750000000023
11
153.0065490000000068
21
-105.2378749999999883
0
LINE
8
BLACK
6
CONTINUOUS
10
153.0065490000000068
20
-105.2378749999999883
11
153.0289939999999831
21
-105.2285770000000014
0
LINE
8
BLACK
6
CONTINUOUS
10
153.0289939999999831
20
-105.2285770000000014
11
153.1932319999999947
21
-105.1787569999999903
0
LINE
8
BLACK
6
CONTINUOUS
10
153.1932319999999947
20
-105.1787569999999903
11
153.2170559999999853
21
-105.1740179999999896
0
LINE
8
BLACK
6
CONTINUOUS
10
153.2170559999999853
20
-105.1740179999999896
11
153.3939389999999889
21
-105.1565969999999908
0
LINE
8
BLACK
6
CONTINUOUS
10
153.3939389999999889
20
-105.1565969999999908
11
153.4060929999999985
21
-105.1559999999999917
0
LINE
8
BLACK
6
CONTINUOUS
10
153.4060929999999985
20
-105.1559999999999917
11
163.6624149999999815
21
-105.1559999999999917
0
LINE
8
BLACK
6
CONTINUOUS
10
163.6624149999999815
20
-105.1559999999999917
11
163.729454000000004
21
-105.1756850000000014
0
LINE
8
BLACK
6
CONTINUOUS
10
164.0725400000000036
20
-107.1293529999999947
11
164.0725379999999802
21
-107.1293529999999947
0
LINE
8
BLACK
6
CONTINUOUS
10
164.0725379999999802
20
-107.1293529999999947
11
163.9443589999999915
21
-107.1742059999999981
0
LINE
8
BLACK
6
CONTINUOUS
10
163.9443589999999915
20
-107.1742059999999981
11
163.9443569999999966
21
-107.1742069999999956
0
LINE
8
BLACK
6
CONTINUOUS
10
163.9443569999999966
20
-107.1742069999999956
11
163.8350899999999797
21
-107.2548499999999905
0
LINE
8
BLACK
6
CONTINUOUS
10
163.8350899999999797
20
-107.2548499999999905
11
163.754446999999999
21
-107.3641169999999931
0
LINE
8
BLACK
6
CONTINUOUS
10
163.754446999999999
20
-107.3641169999999931
11
163.7544460000000015
21
-107.3641189999999881
0
LINE
8
BLACK
6
CONTINUOUS
10
163.7544460000000015
20
-107.3641189999999881
11
163.7095929999999839
21
-107.492297999999991
0
LINE
8
BLACK
6
CONTINUOUS
10
163.7095929999999839
20
-107.492297999999991
11
163.7095929999999839
21
-107.4923000000000002
0
LINE
8
BLACK
6
CONTINUOUS
10
163.7095929999999839
20
-107.4923000000000002
11
163.7067399999999964
21
-107.5227299999999957
0
LINE
8
BLACK
6
CONTINUOUS
10
163.7067399999999964
20
-107.5227299999999957
11
163.7067399999999964
21
-108.3312689999999918
0
LINE
8
BLACK
6
CONTINUOUS
10
163.7067399999999964
20
-108.3312689999999918
11
163.7095929999999839
21
-108.3616990000000015
0
LINE
8
BLACK
6
CONTINUOUS
10
163.7095929999999839
20
-108.3616990000000015
11
163.7095929999999839
21
-108.3617009999999965
0
LINE
8
BLACK
6
CONTINUOUS
10
163.7095929999999839
20
-108.3617009999999965
11
163.7544460000000015
21
-108.4898799999999994
0
LINE
8
BLACK
6
CONTINUOUS
10
163.7544460000000015
20
-108.4898799999999994
11
163.754446999999999
21
-108.4898819999999944
0
LINE
8
BLACK
6
CONTINUOUS
10
163.754446999999999
20
-108.4898819999999944
11
163.8350899999999797
21
-108.5991499999999945
0
LINE
8
BLACK
6
CONTINUOUS
10
163.8350899999999797
20
-108.5991499999999945
11
163.9298939999999902
21
-108.6691179999999974
0
LINE
8
BLACK
6
CONTINUOUS
10
163.9298939999999902
20
-108.6691179999999974
11
163.9518349999999884
21
-108.6853109999999987
0
LINE
8
BLACK
6
CONTINUOUS
10
163.9518349999999884
20
-108.6853109999999987
11
163.9507349999999803
21
-108.686799999999991
0
LINE
8
BLACK
6
CONTINUOUS
10
163.9507349999999803
20
-108.686799999999991
11
163.9926299999999912
21
-108.727564000000001
0
LINE
8
BLACK
6
CONTINUOUS
10
163.9926299999999912
20
-108.727564000000001
11
164.0084129999999902
21
-108.7956279999999936
0
LINE
8
BLACK
6
CONTINUOUS
10
164.0084129999999902
20
-108.7956279999999936
11
164.0075589999999863
21
-108.8046579999999892
0
LINE
8
BLACK
6
CONTINUOUS
10
164.0075589999999863
20
-108.8046579999999892
11
163.9863179999999829
21
-108.965997999999999
0
LINE
8
BLACK
6
CONTINUOUS
10
163.9863179999999829
20
-108.965997999999999
11
163.9863179999999829
21
-108.9660009999999914
0
LINE
8
BLACK
6
CONTINUOUS
10
163.9863179999999829
20
-108.9660009999999914
11
164.0069550000000049
21
-109.1227599999999995
0
LINE
8
BLACK
6
CONTINUOUS
10
164.0069550000000049
20
-109.1227599999999995
11
164.0069560000000024
21
-109.1227619999999945
0
LINE
8
BLACK
6
CONTINUOUS
10
164.0069560000000024
20
-109.1227619999999945
11
164.0674640000000011
21
-109.2688409999999948
0
LINE
8
BLACK
6
CONTINUOUS
10
164.0674640000000011
20
-109.2688409999999948
11
164.1637179999999887
21
-109.3942819999999898
0
LINE
8
BLACK
6
CONTINUOUS
10
164.1637179999999887
20
-109.3942819999999898
11
164.2891589999999837
21
-109.4905359999999916
0
LINE
8
BLACK
6
CONTINUOUS
10
164.2891589999999837
20
-109.4905359999999916
11
164.4352379999999982
21
-109.5510439999999903
0
LINE
8
BLACK
6
CONTINUOUS
10
164.4352379999999982
20
-109.5510439999999903
11
164.5136190000000056
21
-109.5613630000000001
0
LINE
8
BLACK
6
CONTINUOUS
10
164.5136190000000056
20
-109.5613630000000001
11
164.5919989999999871
21
-109.5716819999999956
0
LINE
8
BLACK
6
CONTINUOUS
10
164.5919989999999871
20
-109.5716819999999956
11
164.5919999999999845
21
-109.5716819999999956
0
LINE
8
BLACK
6
CONTINUOUS
10
164.5919999999999845
20
-109.5716819999999956
11
164.592000999999982
21
-109.5716819999999956
0
LINE
8
BLACK
6
CONTINUOUS
10
164.592000999999982
20
-109.5716819999999956
11
164.6442539999999894
21
-109.5648020000000002
0
LINE
8
BLACK
6
CONTINUOUS
10
164.6442539999999894
20
-109.5648020000000002
11
164.7487619999999993
21
-109.5510439999999903
0
LINE
8
BLACK
6
CONTINUOUS
10
164.7487619999999993
20
-109.5510439999999903
11
164.8948409999999853
21
-109.4905359999999916
0
LINE
8
BLACK
6
CONTINUOUS
10
164.8948409999999853
20
-109.4905359999999916
11
165.0202819999999804
21
-109.3942819999999898
0
LINE
8
BLACK
6
CONTINUOUS
10
165.0202819999999804
20
-109.3942819999999898
11
165.1165359999999964
21
-109.2688409999999948
0
LINE
8
BLACK
6
CONTINUOUS
10
165.1165359999999964
20
-109.2688409999999948
11
165.1770439999999951
21
-109.1227619999999945
0
LINE
8
BLACK
6
CONTINUOUS
10
165.1770439999999951
20
-109.1227619999999945
11
165.1976819999999861
21
-108.965999999999994
0
LINE
8
BLACK
6
CONTINUOUS
10
165.1976819999999861
20
-108.965999999999994
11
165.1780080000000055
21
-108.8165619999999905
0
LINE
8
BLACK
6
CONTINUOUS
10
165.1780080000000055
20
-108.8165619999999905
11
165.1887729999999976
21
-108.7475290000000001
0
LINE
8
BLACK
6
CONTINUOUS
10
165.1887729999999976
20
-108.7475290000000001
11
165.2351529999999968
21
-108.6952730000000003
0
LINE
8
BLACK
6
CONTINUOUS
10
165.2351529999999968
20
-108.6952730000000003
11
165.2599950000000035
21
-108.6833369999999945
0
LINE
8
BLACK
6
CONTINUOUS
10
165.2599950000000035
20
-108.6833369999999945
11
165.2701179999999965
21
-108.6797949999999986
0
LINE
8
BLACK
6
CONTINUOUS
10
165.2701179999999965
20
-108.6797949999999986
11
165.270118999999994
21
-108.6797929999999894
0
LINE
8
BLACK
6
CONTINUOUS
10
165.270118999999994
20
-108.6797929999999894
11
165.2701219999999864
21
-108.6797929999999894
0
LINE
8
BLACK
6
CONTINUOUS
10
165.2701219999999864
20
-108.6797929999999894
11
165.3793900000000008
21
-108.5991499999999945
0
LINE
8
BLACK
6
CONTINUOUS
10
165.3793900000000008
20
-108.5991499999999945
11
165.4600329999999815
21
-108.4898819999999944
0
LINE
8
BLACK
6
CONTINUOUS
10
165.4600329999999815
20
-108.4898819999999944
11
165.4824590000000057
21
-108.4257899999999921
0
LINE
8
BLACK
6
CONTINUOUS
10
165.4824590000000057
20
-108.4257899999999921
11
165.5048859999999991
21
-108.3617009999999965
0
LINE
8
BLACK
6
CONTINUOUS
10
165.5048859999999991
20
-108.3617009999999965
11
165.5048859999999991
21
-108.3616990000000015
0
LINE
8
BLACK
6
CONTINUOUS
10
165.5048859999999991
20
-108.3616990000000015
11
165.5077399999999841
21
-108.3312689999999918
0
LINE
8
BLACK
6
CONTINUOUS
10
165.5077399999999841
20
-108.3312689999999918
11
165.5077399999999841
21
-107.5227299999999957
0
LINE
8
BLACK
6
CONTINUOUS
10
165.5077399999999841
20
-107.5227299999999957
11
165.5048859999999991
21
-107.4923000000000002
0
LINE
8
BLACK
6
CONTINUOUS
10
165.5048859999999991
20
-107.4923000000000002
11
165.5048859999999991
21
-107.492297999999991
0
LINE
8
BLACK
6
CONTINUOUS
10
165.5048859999999991
20
-107.492297999999991
11
165.4600329999999815
21
-107.3641189999999881
0
LINE
8
BLACK
6
CONTINUOUS
10
165.4600329999999815
20
-107.3641189999999881
11
165.460031999999984
21
-107.3641169999999931
0
LINE
8
BLACK
6
CONTINUOUS
10
165.460031999999984
20
-107.3641169999999931
11
165.3793900000000008
21
-107.2548499999999905
0
LINE
8
BLACK
6
CONTINUOUS
10
165.3793900000000008
20
-107.2548499999999905
11
165.2701219999999864
21
-107.1742069999999956
0
LINE
8
BLACK
6
CONTINUOUS
10
165.2701219999999864
20
-107.1742069999999956
11
165.2701199999999915
21
-107.1742059999999981
0
LINE
8
BLACK
6
CONTINUOUS
10
165.2701199999999915
20
-107.1742059999999981
11
165.1419400000000053
21
-107.1293529999999947
0
LINE
8
BLACK
6
CONTINUOUS
10
165.1419400000000053
20
-107.1293529999999947
11
165.1115099999999813
21
-107.126499999999993
0
LINE
8
BLACK
6
CONTINUOUS
10
165.1115099999999813
20
-107.126499999999993
11
165.1115059999999914
21
-107.126499999999993
0
LINE
8
BLACK
6
CONTINUOUS
10
165.1115059999999914
20
-107.126499999999993
11
164.102973999999989
21
-107.126499999999993
0
LINE
8
BLACK
6
CONTINUOUS
10
164.102973999999989
20
-107.126499999999993
11
164.1029699999999991
21
-107.126499999999993
0
LINE
8
BLACK
6
CONTINUOUS
10
164.1029699999999991
20
-107.126499999999993
11
164.0725400000000036
21
-107.1293529999999947
0
LINE
8
BLACK
6
CONTINUOUS
10
161.2339999999999804
20
-90.5894819999999896
11
161.271113999999983
21
-90.6083929999999924
0
LINE
8
BLACK
6
CONTINUOUS
10
161.271113999999983
20
-90.6083929999999924
11
161.3596069999999827
21
-90.6968859999999921
0
LINE
8
BLACK
6
CONTINUOUS
10
161.3596069999999827
20
-90.6968859999999921
11
161.4164229999999804
21
-90.8083929999999953
0
LINE
8
BLACK
6
CONTINUOUS
10
161.4164229999999804
20
-90.8083929999999953
11
161.4359999999999786
21
-90.9320000000000022
0
LINE
8
BLACK
6
CONTINUOUS
10
161.4359999999999786
20
-90.9320000000000022
11
161.4164229999999804
21
-91.0556069999999949
0
LINE
8
BLACK
6
CONTINUOUS
10
161.4164229999999804
20
-91.0556069999999949
11
161.3596069999999827
21
-91.167113999999998
0
LINE
8
BLACK
6
CONTINUOUS
10
161.3596069999999827
20
-91.167113999999998
11
161.271113999999983
21
-91.2556069999999977
0
LINE
8
BLACK
6
CONTINUOUS
10
161.271113999999983
20
-91.2556069999999977
11
161.1596069999999941
21
-91.3124229999999955
0
LINE
8
BLACK
6
CONTINUOUS
10
161.1596069999999941
20
-91.3124229999999955
11
161.0360000000000014
21
-91.3319999999999936
0
LINE
8
BLACK
6
CONTINUOUS
10
161.0360000000000014
20
-91.3319999999999936
11
160.9123929999999802
21
-91.3124229999999955
0
LINE
8
BLACK
6
CONTINUOUS
10
160.9123929999999802
20
-91.3124229999999955
11
160.8008859999999913
21
-91.2556069999999977
0
LINE
8
BLACK
6
CONTINUOUS
10
160.8008859999999913
20
-91.2556069999999977
11
160.7123929999999916
21
-91.167113999999998
0
LINE
8
BLACK
6
CONTINUOUS
10
160.7123929999999916
20
-91.167113999999998
11
160.6555769999999939
21
-91.0556069999999949
0
LINE
8
BLACK
6
CONTINUOUS
10
160.6555769999999939
20
-91.0556069999999949
11
160.6359999999999957
21
-90.9320000000000022
0
LINE
8
BLACK
6
CONTINUOUS
10
160.6359999999999957
20
-90.9320000000000022
11
160.6555769999999939
21
-90.8083929999999953
0
LINE
8
BLACK
6
CONTINUOUS
10
160.6555769999999939
20
-90.8083929999999953
11
160.6589999999999918
21
-90.8016749999999888
0
LINE
8
BLACK
6
CONTINUOUS
10
160.6589999999999918
20
-90.8016749999999888
11
160.6589999999999918
21
-90.73599999999999
0
LINE
8
BLACK
6
CONTINUOUS
10
160.6589999999999918
20
-90.73599999999999
11
160.5840000000000032
21
-90.73599999999999
0
LINE
8
BLACK
6
CONTINUOUS
10
160.5840000000000032
20
-90.73599999999999
11
160.5840000000000032
21
-88.9359999999999928
0
LINE
8
BLACK
6
CONTINUOUS
10
160.5840000000000032
20
-88.9359999999999928
11
161.2339999999999804
21
-88.9359999999999928
0
LINE
8
BLACK
6
CONTINUOUS
10
161.2339999999999804
20
-88.9359999999999928
11
161.2339999999999804
21
-90.5894819999999896
0
LINE
8
BLACK
6
CONTINUOUS
10
152.4000000000000057
20
-88.137999999999991
11
176.8835909999999956
21
-88.137999999999991
0
LINE
8
BLACK
6
CONTINUOUS
10
176.8835909999999956
20
-88.137999999999991
11
176.9506299999999896
21
-88.1576850000000007
0
LINE
8
BLACK
6
CONTINUOUS
10
176.9506299999999896
20
-88.1576850000000007
11
176.9963850000000036
21
-88.2104889999999955
0
LINE
8
BLACK
6
CONTINUOUS
10
176.9963850000000036
20
-88.2104889999999955
11
177.0063289999999938
21
-88.2796469999999971
0
LINE
8
BLACK
6
CONTINUOUS
10
177.0063289999999938
20
-88.2796469999999971
11
176.9893390000000011
21
-88.3267559999999889
0
LINE
8
BLACK
6
CONTINUOUS
10
176.9893390000000011
20
-88.3267559999999889
11
176.8810679999999991
21
-88.5035669999999897
0
LINE
8
BLACK
6
CONTINUOUS
10
176.8810679999999991
20
-88.5035669999999897
11
176.8788539999999898
21
-88.5070509999999899
0
LINE
8
BLACK
6
CONTINUOUS
10
176.8788539999999898
20
-88.5070509999999899
11
176.2855579999999804
21
-89.4071950000000015
0
LINE
8
BLACK
6
CONTINUOUS
10
176.2855579999999804
20
-89.4071950000000015
11
176.2832279999999798
21
-89.4106049999999897
0
LINE
8
BLACK
6
CONTINUOUS
10
176.2832279999999798
20
-89.4106049999999897
11
175.6603049999999939
21
-90.2904779999999931
0
LINE
8
BLACK
6
CONTINUOUS
10
175.6603049999999939
20
-90.2904779999999931
11
175.6578639999999893
21
-90.293807000000001
0
LINE
8
BLACK
6
CONTINUOUS
10
175.6578639999999893
20
-90.293807000000001
11
175.005993999999987
21
-91.1524489999999901
0
LINE
8
BLACK
6
CONTINUOUS
10
175.005993999999987
20
-91.1524489999999901
11
175.0034430000000043
21
-91.1556959999999918
0
LINE
8
BLACK
6
CONTINUOUS
10
175.0034430000000043
20
-91.1556959999999918
11
174.3233339999999885
21
-91.9921739999999915
0
LINE
8
BLACK
6
CONTINUOUS
10
174.3233339999999885
20
-91.9921739999999915
11
174.3206759999999917
21
-91.9953339999999997
0
LINE
8
BLACK
6
CONTINUOUS
10
174.3206759999999917
20
-91.9953339999999997
11
173.6131019999999978
21
-92.8086959999999976
0
LINE
8
BLACK
6
CONTINUOUS
10
173.6131019999999978
20
-92.8086959999999976
11
173.6103399999999795
21
-92.8117659999999915
0
LINE
8
BLACK
6
CONTINUOUS
10
173.6103399999999795
20
-92.8117659999999915
11
172.8760839999999916
21
-93.6011139999999955
0
LINE
8
BLACK
6
CONTINUOUS
10
172.8760839999999916
20
-93.6011139999999955
11
172.8732219999999984
21
-93.6040899999999993
0
LINE
8
BLACK
6
CONTINUOUS
10
172.8732219999999984
20
-93.6040899999999993
11
172.1130799999999965
21
-94.3685669999999988
0
LINE
8
BLACK
6
CONTINUOUS
10
172.1130799999999965
20
-94.3685669999999988
11
172.1101199999999949
21
-94.3714459999999917
0
LINE
8
BLACK
6
CONTINUOUS
10
172.1101199999999949
20
-94.3714459999999917
11
171.3249589999999785
21
-95.1101769999999931
0
LINE
8
BLACK
6
CONTINUOUS
10
171.3249589999999785
20
-95.1101769999999931
11
171.3219049999999868
21
-95.1129559999999969
0
LINE
8
BLACK
6
CONTINUOUS
10
171.3219049999999868
20
-95.1129559999999969
11
170.512707000000006
21
-95.825027999999989
0
LINE
8
BLACK
6
CONTINUOUS
10
170.512707000000006
20
-95.825027999999989
11
170.5111709999999903
21
-95.826357999999999
0
LINE
8
BLACK
6
CONTINUOUS
10
170.5111709999999903
20
-95.826357999999999
11
170.505486999999988
21
-95.8311959999999914
0
LINE
8
BLACK
6
CONTINUOUS
10
170.505486999999988
20
-95.8311959999999914
11
170.4599469999999997
21
-95.869963999999996
0
LINE
8
BLACK
6
CONTINUOUS
10
170.4599469999999997
20
-95.869963999999996
11
170.4599439999999788
21
-95.8699670000000026
0
LINE
8
BLACK
6
CONTINUOUS
10
170.4599439999999788
20
-95.8699670000000026
11
170.4367979999999818
21
-95.8896620000000013
0
LINE
8
BLACK
6
CONTINUOUS
10
170.4367979999999818
20
-95.8896620000000013
11
170.4366739999999822
21
-95.8897759999999977
0
LINE
8
BLACK
6
CONTINUOUS
10
170.4366739999999822
20
-95.8897759999999977
11
170.3625559999999837
21
-95.9528749999999917
0
LINE
8
BLACK
6
CONTINUOUS
10
170.3625559999999837
20
-95.9528749999999917
11
170.3625549999999862
21
-95.9528759999999892
0
LINE
8
BLACK
6
CONTINUOUS
10
170.3625549999999862
20
-95.9528759999999892
11
170.0885370000000023
21
-96.2303029999999922
0
LINE
8
BLACK
6
CONTINUOUS
10
170.0885370000000023
20
-96.2303029999999922
11
169.8395309999999938
21
-96.5303880000000021
0
LINE
8
BLACK
6
CONTINUOUS
10
169.8395309999999938
20
-96.5303880000000021
11
169.6174220000000048
21
-96.8508629999999897
0
LINE
8
BLACK
6
CONTINUOUS
10
169.6174220000000048
20
-96.8508629999999897
11
169.4238440000000026
21
-97.1893630000000002
0
LINE
8
BLACK
6
CONTINUOUS
10
169.4238440000000026
20
-97.1893630000000002
11
169.2602729999999838
21
-97.5433099999999911
0
LINE
8
BLACK
6
CONTINUOUS
10
169.2602729999999838
20
-97.5433099999999911
11
169.260265000000004
21
-97.543329
0
LINE
8
BLACK
6
CONTINUOUS
10
169.260265000000004
20
-97.543329
11
169.1279129999999782
21
-97.9100969999999933
0
LINE
8
BLACK
6
CONTINUOUS
10
169.1279129999999782
20
-97.9100969999999933
11
169.1279069999999933
21
-97.9101129999999955
0
LINE
8
BLACK
6
CONTINUOUS
10
169.1279069999999933
20
-97.9101129999999955
11
169.0277639999999906
21
-98.2869599999999934
0
LINE
8
BLACK
6
CONTINUOUS
10
169.0277639999999906
20
-98.2869599999999934
11
168.9980209999999943
21
-98.4570069999999902
0
LINE
8
BLACK
6
CONTINUOUS
10
168.9980209999999943
20
-98.4570069999999902
11
168.9605799999999931
21
-98.6710649999999987
0
LINE
8
BLACK
6
CONTINUOUS
10
168.9605799999999931
20
-98.6710649999999987
11
168.9333780000000047
21
-98.9844700000000017
0
LINE
8
BLACK
6
CONTINUOUS
10
168.9333780000000047
20
-98.9844700000000017
11
168.9268619999999999
21
-99.0595399999999984
0
LINE
8
BLACK
6
CONTINUOUS
10
168.9268619999999999
20
-99.0595399999999984
11
168.9268380000000036
21
-99.1498419999999925
0
LINE
8
BLACK
6
CONTINUOUS
10
168.9268380000000036
20
-99.1498419999999925
11
168.9268129999999815
21
-99.1503790000000009
0
LINE
8
BLACK
6
CONTINUOUS
10
168.9268129999999815
20
-99.1503790000000009
11
168.9268129999999815
21
-104.269999999999996
0
LINE
8
BLACK
6
CONTINUOUS
10
168.9268129999999815
20
-104.269999999999996
11
168.9071280000000002
21
-104.3370389999999901
0
LINE
8
BLACK
6
CONTINUOUS
10
168.9071280000000002
20
-104.3370389999999901
11
168.8543239999999912
21
-104.3827939999999899
0
LINE
8
BLACK
6
CONTINUOUS
10
168.8543239999999912
20
-104.3827939999999899
11
168.8028129999999862
21
-104.3939999999999912
0
LINE
8
BLACK
6
CONTINUOUS
10
168.8028129999999862
20
-104.3939999999999912
11
165.5110090000000014
21
-104.3939999999999912
0
LINE
8
BLACK
6
CONTINUOUS
10
165.5110090000000014
20
-104.3939999999999912
11
165.4439699999999789
21
-104.3743149999999957
0
LINE
8
BLACK
6
CONTINUOUS
10
165.4439699999999789
20
-104.3743149999999957
11
165.3982149999999933
21
-104.321511000000001
0
LINE
8
BLACK
6
CONTINUOUS
10
165.3982149999999933
20
-104.321511000000001
11
165.3882710000000031
21
-104.2523529999999994
0
LINE
8
BLACK
6
CONTINUOUS
10
165.3882710000000031
20
-104.2523529999999994
11
165.3912799999999947
21
-104.2394149999999939
0
LINE
8
BLACK
6
CONTINUOUS
10
165.3912799999999947
20
-104.2394149999999939
11
165.4077399999999898
21
-104.1354929999999968
0
LINE
8
BLACK
6
CONTINUOUS
10
165.4077399999999898
20
-104.1354929999999968
11
165.4077399999999898
21
-103.6185059999999964
0
LINE
8
BLACK
6
CONTINUOUS
10
165.4077399999999898
20
-103.6185059999999964
11
165.3919599999999832
21
-103.5188780000000008
0
LINE
8
BLACK
6
CONTINUOUS
10
165.3919599999999832
20
-103.5188780000000008
11
165.3919589999999857
21
-103.5188759999999917
0
LINE
8
BLACK
6
CONTINUOUS
10
165.3919589999999857
20
-103.5188759999999917
11
165.3919589999999857
21
-103.5188739999999967
0
LINE
8
BLACK
6
CONTINUOUS
10
165.3919589999999857
20
-103.5188739999999967
11
165.3307680000000062
21
-103.3987800000000021
0
LINE
8
BLACK
6
CONTINUOUS
10
165.3307680000000062
20
-103.3987800000000021
11
165.3307659999999828
21
-103.398777999999993
0
LINE
8
BLACK
6
CONTINUOUS
10
165.3307659999999828
20
-103.398777999999993
11
165.3307629999999904
21
-103.3987739999999889
0
LINE
8
BLACK
6
CONTINUOUS
10
165.3307629999999904
20
-103.3987739999999889
11
165.2354650000000049
21
-103.3034759999999892
0
LINE
8
BLACK
6
CONTINUOUS
10
165.2354650000000049
20
-103.3034759999999892
11
165.2354609999999866
21
-103.3034729999999968
0
LINE
8
BLACK
6
CONTINUOUS
10
165.2354609999999866
20
-103.3034729999999968
11
165.2354599999999891
21
-103.3034719999999993
0
LINE
8
BLACK
6
CONTINUOUS
10
165.2354599999999891
20
-103.3034719999999993
11
165.1153659999999945
21
-103.2422809999999913
0
LINE
8
BLACK
6
CONTINUOUS
10
165.1153659999999945
20
-103.2422809999999913
11
165.1153639999999996
21
-103.2422799999999938
0
LINE
8
BLACK
6
CONTINUOUS
10
165.1153639999999996
20
-103.2422799999999938
11
165.1153609999999787
21
-103.2422789999999964
0
LINE
8
BLACK
6
CONTINUOUS
10
165.1153609999999787
20
-103.2422789999999964
11
165.0157329999999831
21
-103.2265000000000015
0
LINE
8
BLACK
6
CONTINUOUS
10
165.0157329999999831
20
-103.2265000000000015
11
165.0157279999999957
21
-103.2265000000000015
0
LINE
8
BLACK
6
CONTINUOUS
10
165.0157279999999957
20
-103.2265000000000015
11
164.6452060000000017
21
-103.2265000000000015
0
LINE
8
BLACK
6
CONTINUOUS
10
164.6452060000000017
20
-103.2265000000000015
11
164.5781669999999792
21
-103.2068149999999918
0
LINE
8
BLACK
6
CONTINUOUS
10
164.5781669999999792
20
-103.2068149999999918
11
164.5575249999999983
21
-103.1901809999999955
0
LINE
8
BLACK
6
CONTINUOUS
10
164.5575249999999983
20
-103.1901809999999955
11
163.4938559999999939
21
-102.1265129999999886
0
LINE
8
BLACK
6
CONTINUOUS
10
163.4938559999999939
20
-102.1265129999999886
11
163.4938539999999989
21
-102.1265109999999936
0
LINE
8
BLACK
6
CONTINUOUS
10
163.4938539999999989
20
-102.1265109999999936
11
163.4424899999999923
21
-102.0968559999999883
0
LINE
8
BLACK
6
CONTINUOUS
10
163.4424899999999923
20
-102.0968559999999883
11
163.3911279999999806
21
-102.0672009999999972
0
LINE
8
BLACK
6
CONTINUOUS
10
163.3911279999999806
20
-102.0672009999999972
11
163.379019999999997
21
-102.063957000000002
0
LINE
8
BLACK
6
CONTINUOUS
10
163.379019999999997
20
-102.063957000000002
11
163.3669129999999825
21
-102.0607129999999927
0
LINE
8
BLACK
6
CONTINUOUS
10
163.3669129999999825
20
-102.0607129999999927
11
163.3669099999999901
21
-102.0607119999999952
0
LINE
8
BLACK
6
CONTINUOUS
10
163.3669099999999901
20
-102.0607119999999952
11
163.3287179999999807
21
-102.0504779999999982
0
LINE
8
BLACK
6
CONTINUOUS
10
163.3287179999999807
20
-102.0504779999999982
11
163.2765489999999886
21
-102.0364999999999895
0
LINE
8
BLACK
6
CONTINUOUS
10
163.2765489999999886
20
-102.0364999999999895
11
163.2765479999999911
21
-102.0364999999999895
0
LINE
8
BLACK
6
CONTINUOUS
10
163.2765479999999911
20
-102.0364999999999895
11
161.9617399999999918
21
-102.0364999999999895
0
LINE
8
BLACK
6
CONTINUOUS
10
161.9617399999999918
20
-102.0364999999999895
11
161.8947009999999977
21
-102.016814999999994
0
LINE
8
BLACK
6
CONTINUOUS
10
161.8947009999999977
20
-102.016814999999994
11
161.8489459999999838
21
-101.9640109999999993
0
LINE
8
BLACK
6
CONTINUOUS
10
161.8489459999999838
20
-101.9640109999999993
11
161.8377399999999966
21
-101.9124999999999943
0
LINE
8
BLACK
6
CONTINUOUS
10
161.8377399999999966
20
-101.9124999999999943
11
161.8377399999999966
21
-101.1962489999999946
0
LINE
8
BLACK
6
CONTINUOUS
10
161.8377399999999966
20
-101.1962489999999946
11
161.8377389999999991
21
-101.1962469999999996
0
LINE
8
BLACK
6
CONTINUOUS
10
161.8377389999999991
20
-101.1962469999999996
11
161.8261080000000049
21
-101.1377699999999891
0
LINE
8
BLACK
6
CONTINUOUS
10
161.8261080000000049
20
-101.1377699999999891
11
161.8261069999999791
21
-101.1377689999999916
0
LINE
8
BLACK
6
CONTINUOUS
10
161.8261069999999791
20
-101.1377689999999916
11
161.7817919999999958
21
-101.071446999999992
0
LINE
8
BLACK
6
CONTINUOUS
10
161.7817919999999958
20
-101.071446999999992
11
161.7154699999999821
21
-101.0271319999999946
0
LINE
8
BLACK
6
CONTINUOUS
10
161.7154699999999821
20
-101.0271319999999946
11
161.7154689999999846
21
-101.0271309999999971
0
LINE
8
BLACK
6
CONTINUOUS
10
161.7154689999999846
20
-101.0271309999999971
11
161.6569920000000025
21
-101.0154999999999887
0
LINE
8
BLACK
6
CONTINUOUS
10
161.6569920000000025
20
-101.0154999999999887
11
161.6569879999999841
21
-101.0154999999999887
0
LINE
8
BLACK
6
CONTINUOUS
10
161.6569879999999841
20
-101.0154999999999887
11
160.7174919999999929
21
-101.0154999999999887
0
LINE
8
BLACK
6
CONTINUOUS
10
160.7174919999999929
20
-101.0154999999999887
11
160.7174870000000055
21
-101.0154999999999887
0
LINE
8
BLACK
6
CONTINUOUS
10
160.7174870000000055
20
-101.0154999999999887
11
160.659009999999995
21
-101.0271309999999971
0
LINE
8
BLACK
6
CONTINUOUS
10
160.659009999999995
20
-101.0271309999999971
11
160.6590089999999975
21
-101.0271319999999946
0
LINE
8
BLACK
6
CONTINUOUS
10
160.6590089999999975
20
-101.0271319999999946
11
160.5926869999999838
21
-101.071446999999992
0
LINE
8
BLACK
6
CONTINUOUS
10
160.5926869999999838
20
-101.071446999999992
11
160.5483720000000005
21
-101.1377689999999916
0
LINE
8
BLACK
6
CONTINUOUS
10
160.5483720000000005
20
-101.1377689999999916
11
160.5483710000000031
21
-101.1377699999999891
0
LINE
8
BLACK
6
CONTINUOUS
10
160.5483710000000031
20
-101.1377699999999891
11
160.5367399999999805
21
-101.1962469999999996
0
LINE
8
BLACK
6
CONTINUOUS
10
160.5367399999999805
20
-101.1962469999999996
11
160.5367399999999805
21
-104.0357520000000022
0
LINE
8
BLACK
6
CONTINUOUS
10
160.5367399999999805
20
-104.0357520000000022
11
160.5483710000000031
21
-104.0942289999999986
0
LINE
8
BLACK
6
CONTINUOUS
10
160.5483710000000031
20
-104.0942289999999986
11
160.5483720000000005
21
-104.094229999999996
0
LINE
8
BLACK
6
CONTINUOUS
10
160.5483720000000005
20
-104.094229999999996
11
160.5926869999999838
21
-104.1605519999999956
0
LINE
8
BLACK
6
CONTINUOUS
10
160.5926869999999838
20
-104.1605519999999956
11
160.6021849999999915
21
-104.1668979999999891
0
LINE
8
BLACK
6
CONTINUOUS
10
160.6021849999999915
20
-104.1668979999999891
11
160.6469899999999882
21
-104.2205099999999902
0
LINE
8
BLACK
6
CONTINUOUS
10
160.6469899999999882
20
-104.2205099999999902
11
160.6556970000000035
21
-104.2898349999999965
0
LINE
8
BLACK
6
CONTINUOUS
10
160.6556970000000035
20
-104.2898349999999965
11
160.6255429999999933
21
-104.3528620000000018
0
LINE
8
BLACK
6
CONTINUOUS
10
160.6255429999999933
20
-104.3528620000000018
11
160.5661000000000058
21
-104.3895819999999901
0
LINE
8
BLACK
6
CONTINUOUS
10
160.5661000000000058
20
-104.3895819999999901
11
160.5332939999999837
21
-104.3939999999999912
0
LINE
8
BLACK
6
CONTINUOUS
10
160.5332939999999837
20
-104.3939999999999912
11
152.4000000000000057
21
-104.3939999999999912
0
LINE
8
BLACK
6
CONTINUOUS
10
152.4000000000000057
20
-104.3939999999999912
11
151.3839999999999861
21
-104.3939999999999912
0
LINE
8
BLACK
6
CONTINUOUS
10
151.3839999999999861
20
-104.3939999999999912
11
151.3839999999999861
21
-104.9019919999999928
0
LINE
8
BLACK
6
CONTINUOUS
10
151.3839999999999861
20
-104.9019919999999928
11
151.3839999999999861
21
-113.8019069999999999
0
LINE
8
BLACK
6
CONTINUOUS
10
151.3839999999999861
20
-113.8019069999999999
11
151.3834029999999871
21
-113.8140609999999953
0
LINE
8
BLACK
6
CONTINUOUS
10
151.3834029999999871
20
-113.8140609999999953
11
151.3659820000000025
21
-113.9909339999999958
0
LINE
8
BLACK
6
CONTINUOUS
10
151.3659820000000025
20
-113.9909339999999958
11
151.3612399999999809
21
-114.0147750000000002
0
LINE
8
BLACK
6
CONTINUOUS
10
151.3612399999999809
20
-114.0147750000000002
11
151.3114239999999882
21
-114.1789979999999929
0
LINE
8
BLACK
6
CONTINUOUS
10
151.3114239999999882
20
-114.1789979999999929
11
151.3021209999999996
21
-114.2014559999999932
0
LINE
8
BLACK
6
CONTINUOUS
10
151.3021209999999996
20
-114.2014559999999932
11
151.221226999999999
21
-114.3527979999999928
0
LINE
8
BLACK
6
CONTINUOUS
10
151.221226999999999
20
-114.3527979999999928
11
151.2187639999999931
21
-114.3564829999999972
0
LINE
8
BLACK
6
CONTINUOUS
10
151.2187639999999931
20
-114.3564829999999972
11
151.2564229999999839
21
-114.4303929999999951
0
LINE
8
BLACK
6
CONTINUOUS
10
151.2564229999999839
20
-114.4303929999999951
11
151.275999999999982
21
-114.5539999999999878
0
LINE
8
BLACK
6
CONTINUOUS
10
151.275999999999982
20
-114.5539999999999878
11
151.2564229999999839
21
-114.6776069999999947
0
LINE
8
BLACK
6
CONTINUOUS
10
151.2564229999999839
20
-114.6776069999999947
11
151.1996069999999861
21
-114.7891139999999979
0
LINE
8
BLACK
6
CONTINUOUS
10
151.1996069999999861
20
-114.7891139999999979
11
151.1111139999999864
21
-114.8776069999999976
0
LINE
8
BLACK
6
CONTINUOUS
10
151.1111139999999864
20
-114.8776069999999976
11
150.9996069999999975
21
-114.9344229999999953
0
LINE
8
BLACK
6
CONTINUOUS
10
150.9996069999999975
20
-114.9344229999999953
11
150.8760000000000048
21
-114.9539999999999935
0
LINE
8
BLACK
6
CONTINUOUS
10
150.8760000000000048
20
-114.9539999999999935
11
150.7523929999999837
21
-114.9344229999999953
0
LINE
8
BLACK
6
CONTINUOUS
10
150.7523929999999837
20
-114.9344229999999953
11
150.6408859999999947
21
-114.8776069999999976
0
LINE
8
BLACK
6
CONTINUOUS
10
150.6408859999999947
20
-114.8776069999999976
11
150.5544859999999971
21
-114.791207
0
LINE
8
BLACK
6
CONTINUOUS
10
150.5544859999999971
20
-114.791207
11
150.3900610000000029
21
-114.8074029999999937
0
LINE
8
BLACK
6
CONTINUOUS
10
150.3900610000000029
20
-114.8074029999999937
11
150.3779069999999933
21
-114.8079999999999927
0
LINE
8
BLACK
6
CONTINUOUS
10
150.3779069999999933
20
-114.8079999999999927
11
150.1998049999999978
21
-114.8079999999999927
0
LINE
8
BLACK
6
CONTINUOUS
10
150.1998049999999978
20
-114.8079999999999927
11
150.1952770000000044
21
-114.8147769999999923
0
LINE
8
BLACK
6
CONTINUOUS
10
150.1952770000000044
20
-114.8147769999999923
11
150.1141709999999989
21
-114.8689699999999903
0
LINE
8
BLACK
6
CONTINUOUS
10
150.1141709999999989
20
-114.8689699999999903
11
150.0184999999999889
21
-114.887999999999991
0
LINE
8
BLACK
6
CONTINUOUS
10
150.0184999999999889
20
-114.887999999999991
11
149.1935000000000002
21
-114.887999999999991
0
LINE
8
BLACK
6
CONTINUOUS
10
149.1935000000000002
20
-114.887999999999991
11
149.0978289999999902
21
-114.8689699999999903
0
LINE
8
BLACK
6
CONTINUOUS
10
149.0978289999999902
20
-114.8689699999999903
11
149.0167229999999847
21
-114.8147769999999923
0
LINE
8
BLACK
6
CONTINUOUS
10
149.0167229999999847
20
-114.8147769999999923
11
148.9625299999999868
21
-114.7336710000000011
0
LINE
8
BLACK
6
CONTINUOUS
10
148.9625299999999868
20
-114.7336710000000011
11
148.9435000000000002
21
-114.637999999999991
0
LINE
8
BLACK
6
CONTINUOUS
10
148.9435000000000002
20
-114.637999999999991
11
148.9435000000000002
21
-112.4379999999999882
0
LINE
8
BLACK
6
CONTINUOUS
10
148.9435000000000002
20
-112.4379999999999882
11
148.9625299999999868
21
-112.3423289999999923
0
LINE
8
BLACK
6
CONTINUOUS
10
148.9625299999999868
20
-112.3423289999999923
11
149.0167229999999847
21
-112.2612230000000011
0
LINE
8
BLACK
6
CONTINUOUS
10
149.0167229999999847
20
-112.2612230000000011
11
149.0978289999999902
21
-112.2070299999999889
0
LINE
8
BLACK
6
CONTINUOUS
10
149.0978289999999902
20
-112.2070299999999889
11
149.0979999999999848
21
-112.206994999999992
0
LINE
8
BLACK
6
CONTINUOUS
10
149.0979999999999848
20
-112.206994999999992
11
149.0979999999999848
21
-111.3130039999999923
0
LINE
8
BLACK
6
CONTINUOUS
10
149.0979999999999848
20
-111.3130039999999923
11
149.0978289999999902
21
-111.3129699999999929
0
LINE
8
BLACK
6
CONTINUOUS
10
149.0978289999999902
20
-111.3129699999999929
11
149.0167229999999847
21
-111.2587769999999949
0
LINE
8
BLACK
6
CONTINUOUS
10
149.0167229999999847
20
-111.2587769999999949
11
148.9625299999999868
21
-111.1776709999999895
0
LINE
8
BLACK
6
CONTINUOUS
10
148.9625299999999868
20
-111.1776709999999895
11
148.9435000000000002
21
-111.0819999999999936
0
LINE
8
BLACK
6
CONTINUOUS
10
148.9435000000000002
20
-111.0819999999999936
11
148.9435000000000002
21
-108.8819999999999908
0
LINE
8
BLACK
6
CONTINUOUS
10
148.9435000000000002
20
-108.8819999999999908
11
148.9625299999999868
21
-108.7863289999999949
0
LINE
8
BLACK
6
CONTINUOUS
10
148.9625299999999868
20
-108.7863289999999949
11
149.0167229999999847
21
-108.7052229999999895
0
LINE
8
BLACK
6
CONTINUOUS
10
149.0167229999999847
20
-108.7052229999999895
11
149.0978289999999902
21
-108.6510299999999916
0
LINE
8
BLACK
6
CONTINUOUS
10
149.0978289999999902
20
-108.6510299999999916
11
149.0979999999999848
21
-108.6509949999999947
0
LINE
8
BLACK
6
CONTINUOUS
10
149.0979999999999848
20
-108.6509949999999947
11
149.0979999999999848
21
-107.7570039999999949
0
LINE
8
BLACK
6
CONTINUOUS
10
149.0979999999999848
20
-107.7570039999999949
11
149.0978289999999902
21
-107.7569699999999955
0
LINE
8
BLACK
6
CONTINUOUS
10
149.0978289999999902
20
-107.7569699999999955
11
149.0167229999999847
21
-107.7027769999999975
0
LINE
8
BLACK
6
CONTINUOUS
10
149.0167229999999847
20
-107.7027769999999975
11
148.9625299999999868
21
-107.6216709999999921
0
LINE
8
BLACK
6
CONTINUOUS
10
148.9625299999999868
20
-107.6216709999999921
11
148.9435000000000002
21
-107.5259999999999962
0
LINE
8
BLACK
6
CONTINUOUS
10
148.9435000000000002
20
-107.5259999999999962
11
148.9435000000000002
21
-105.3259999999999934
0
LINE
8
BLACK
6
CONTINUOUS
10
148.9435000000000002
20
-105.3259999999999934
11
148.9625299999999868
21
-105.2303289999999976
0
LINE
8
BLACK
6
CONTINUOUS
10
148.9625299999999868
20
-105.2303289999999976
11
149.0167229999999847
21
-105.1492229999999921
0
LINE
8
BLACK
6
CONTINUOUS
10
149.0167229999999847
20
-105.1492229999999921
11
149.0978289999999902
21
-105.0950299999999942
0
LINE
8
BLACK
6
CONTINUOUS
10
149.0978289999999902
20
-105.0950299999999942
11
149.0979999999999848
21
-105.0949949999999973
0
LINE
8
BLACK
6
CONTINUOUS
10
149.0979999999999848
20
-105.0949949999999973
11
149.0979999999999848
21
-104.2010039999999975
0
LINE
8
BLACK
6
CONTINUOUS
10
149.0979999999999848
20
-104.2010039999999975
11
149.0978289999999902
21
-104.2009699999999981
0
LINE
8
BLACK
6
CONTINUOUS
10
149.0978289999999902
20
-104.2009699999999981
11
149.0167229999999847
21
-104.1467770000000002
0
LINE
8
BLACK
6
CONTINUOUS
10
149.0167229999999847
20
-104.1467770000000002
11
148.9625299999999868
21
-104.0656709999999947
0
LINE
8
BLACK
6
CONTINUOUS
10
148.9625299999999868
20
-104.0656709999999947
11
148.9435000000000002
21
-103.9699999999999989
0
LINE
8
BLACK
6
CONTINUOUS
10
148.9435000000000002
20
-103.9699999999999989
11
148.9435000000000002
21
-101.769999999999996
0
LINE
8
BLACK
6
CONTINUOUS
10
148.9435000000000002
20
-101.769999999999996
11
148.9625299999999868
21
-101.6743290000000002
0
LINE
8
BLACK
6
CONTINUOUS
10
148.9625299999999868
20
-101.6743290000000002
11
149.0167229999999847
21
-101.5932229999999947
0
LINE
8
BLACK
6
CONTINUOUS
10
149.0167229999999847
20
-101.5932229999999947
11
149.0978289999999902
21
-101.5390299999999968
0
LINE
8
BLACK
6
CONTINUOUS
10
149.0978289999999902
20
-101.5390299999999968
11
149.0979999999999848
21
-101.5389949999999999
0
LINE
8
BLACK
6
CONTINUOUS
10
149.0979999999999848
20
-101.5389949999999999
11
149.0979999999999848
21
-100.6193589999999887
0
LINE
8
BLACK
6
CONTINUOUS
10
149.0979999999999848
20
-100.6193589999999887
11
149.0552229999999838
21
-100.5907769999999886
0
LINE
8
BLACK
6
CONTINUOUS
10
149.0552229999999838
20
-100.5907769999999886
11
149.0010299999999859
21
-100.5096709999999973
0
LINE
8
BLACK
6
CONTINUOUS
10
149.0010299999999859
20
-100.5096709999999973
11
148.9819999999999993
21
-100.4140000000000015
0
LINE
8
BLACK
6
CONTINUOUS
10
148.9819999999999993
20
-100.4140000000000015
11
148.9819999999999993
21
-98.2139999999999986
0
LINE
8
BLACK
6
CONTINUOUS
10
148.9819999999999993
20
-98.2139999999999986
11
149.0010299999999859
21
-98.1183289999999886
0
LINE
8
BLACK
6
CONTINUOUS
10
149.0010299999999859
20
-98.1183289999999886
11
149.0552229999999838
21
-98.0372229999999973
0
LINE
8
BLACK
6
CONTINUOUS
10
149.0552229999999838
20
-98.0372229999999973
11
149.0979999999999848
21
-98.0086399999999998
0
LINE
8
BLACK
6
CONTINUOUS
10
149.0979999999999848
20
-98.0086399999999998
11
149.0979999999999848
21
-97.0633589999999913
0
LINE
8
BLACK
6
CONTINUOUS
10
149.0979999999999848
20
-97.0633589999999913
11
149.0552229999999838
21
-97.0347769999999912
0
LINE
8
BLACK
6
CONTINUOUS
10
149.0552229999999838
20
-97.0347769999999912
11
149.0010299999999859
21
-96.9536709999999999
0
LINE
8
BLACK
6
CONTINUOUS
10
149.0010299999999859
20
-96.9536709999999999
11
148.9819999999999993
21
-96.8579999999999899
0
LINE
8
BLACK
6
CONTINUOUS
10
148.9819999999999993
20
-96.8579999999999899
11
148.9819999999999993
21
-94.6580000000000013
0
LINE
8
BLACK
6
CONTINUOUS
10
148.9819999999999993
20
-94.6580000000000013
11
149.0010299999999859
21
-94.5623289999999912
0
LINE
8
BLACK
6
CONTINUOUS
10
149.0010299999999859
20
-94.5623289999999912
11
149.0552229999999838
21
-94.481223
0
LINE
8
BLACK
6
CONTINUOUS
10
149.0552229999999838
20
-94.481223
11
149.0979999999999848
21
-94.4526400000000024
0
LINE
8
BLACK
6
CONTINUOUS
10
149.0979999999999848
20
-94.4526400000000024
11
149.0979999999999848
21
-93.5073589999999939
0
LINE
8
BLACK
6
CONTINUOUS
10
149.0979999999999848
20
-93.5073589999999939
11
149.0552229999999838
21
-93.4787769999999938
0
LINE
8
BLACK
6
CONTINUOUS
10
149.0552229999999838
20
-93.4787769999999938
11
149.0010299999999859
21
-93.3976710000000026
0
LINE
8
BLACK
6
CONTINUOUS
10
149.0010299999999859
20
-93.3976710000000026
11
148.9819999999999993
21
-93.3019999999999925
0
LINE
8
BLACK
6
CONTINUOUS
10
148.9819999999999993
20
-93.3019999999999925
11
148.9819999999999993
21
-91.1019999999999897
0
LINE
8
BLACK
6
CONTINUOUS
10
148.9819999999999993
20
-91.1019999999999897
11
149.0010299999999859
21
-91.0063289999999938
0
LINE
8
BLACK
6
CONTINUOUS
10
149.0010299999999859
20
-91.0063289999999938
11
149.0552229999999838
21
-90.9252230000000026
0
LINE
8
BLACK
6
CONTINUOUS
10
149.0552229999999838
20
-90.9252230000000026
11
149.0979999999999848
21
-90.8966399999999908
0
LINE
8
BLACK
6
CONTINUOUS
10
149.0979999999999848
20
-90.8966399999999908
11
149.0979999999999848
21
-89.1440920000000006
0
LINE
8
BLACK
6
CONTINUOUS
10
149.0979999999999848
20
-89.1440920000000006
11
149.0985969999999838
21
-89.131937999999991
0
LINE
8
BLACK
6
CONTINUOUS
10
149.0985969999999838
20
-89.131937999999991
11
149.1160179999999968
21
-88.955055999999999
0
LINE
8
BLACK
6
CONTINUOUS
10
149.1160179999999968
20
-88.955055999999999
11
149.1207569999999976
21
-88.9312319999999943
0
LINE
8
BLACK
6
CONTINUOUS
10
149.1207569999999976
20
-88.9312319999999943
11
149.1705769999999802
21
-88.7669939999999968
0
LINE
8
BLACK
6
CONTINUOUS
10
149.1705769999999802
20
-88.7669939999999968
11
149.1798749999999814
21
-88.7445489999999921
0
LINE
8
BLACK
6
CONTINUOUS
10
149.1798749999999814
20
-88.7445489999999921
11
149.2607749999999953
21
-88.5931949999999944
0
LINE
8
BLACK
6
CONTINUOUS
10
149.2607749999999953
20
-88.5931949999999944
11
149.2742719999999963
21
-88.5729949999999917
0
LINE
8
BLACK
6
CONTINUOUS
10
149.2742719999999963
20
-88.5729949999999917
11
149.3831490000000031
21
-88.4403279999999938
0
LINE
8
BLACK
6
CONTINUOUS
10
149.3831490000000031
20
-88.4403279999999938
11
149.4003280000000018
21
-88.4231489999999951
0
LINE
8
BLACK
6
CONTINUOUS
10
149.4003280000000018
20
-88.4231489999999951
11
149.4538689999999974
21
-88.379209000000003
0
LINE
8
BLACK
6
CONTINUOUS
10
149.4538689999999974
20
-88.379209000000003
11
149.5181749999999852
21
-88.3518979999999914
0
LINE
8
BLACK
6
CONTINUOUS
10
149.5181749999999852
20
-88.3518979999999914
11
149.5870429999999942
21
-88.3636889999999937
0
LINE
8
BLACK
6
CONTINUOUS
10
149.5870429999999942
20
-88.3636889999999937
11
149.6202119999999809
21
-88.3873829999999998
0
LINE
8
BLACK
6
CONTINUOUS
10
149.6202119999999809
20
-88.3873829999999998
11
152.4000000000000057
21
-91.1671709999999962
0
LINE
8
BLACK
6
CONTINUOUS
10
152.4000000000000057
20
-91.1671709999999962
11
154.8603399999999795
21
-93.6275109999999984
0
LINE
8
BLACK
6
CONTINUOUS
10
154.8603399999999795
20
-93.6275109999999984
11
154.9162890000000061
21
-93.6834599999999966
0
LINE
8
BLACK
6
CONTINUOUS
10
154.9162890000000061
20
-93.6834599999999966
11
154.9162910000000011
21
-93.6834609999999941
0
LINE
8
BLACK
6
CONTINUOUS
10
154.9162910000000011
20
-93.6834609999999941
11
154.916294999999991
21
-93.6834640000000007
0
LINE
8
BLACK
6
CONTINUOUS
10
154.916294999999991
20
-93.6834640000000007
11
154.9820589999999925
21
-93.721431999999993
0
LINE
8
BLACK
6
CONTINUOUS
10
154.9820589999999925
20
-93.721431999999993
11
154.9848109999999792
21
-93.7230210000000028
0
LINE
8
BLACK
6
CONTINUOUS
10
154.9848109999999792
20
-93.7230210000000028
11
155.061238000000003
21
-93.7434999999999974
0
LINE
8
BLACK
6
CONTINUOUS
10
155.061238000000003
20
-93.7434999999999974
11
155.061239999999998
21
-93.7434999999999974
0
LINE
8
BLACK
6
CONTINUOUS
10
155.061239999999998
20
-93.7434999999999974
11
157.8197590000000048
21
-93.7434999999999974
0
LINE
8
BLACK
6
CONTINUOUS
10
157.8197590000000048
20
-93.7434999999999974
11
157.8197609999999997
21
-93.7434999999999974
0
LINE
8
BLACK
6
CONTINUOUS
10
157.8197609999999997
20
-93.7434999999999974
11
157.8961879999999951
21
-93.7230210000000028
0
LINE
8
BLACK
6
CONTINUOUS
10
157.8961879999999951
20
-93.7230210000000028
11
157.9647099999999966
21
-93.6834599999999966
0
LINE
8
BLACK
6
CONTINUOUS
10
157.9647099999999966
20
-93.6834599999999966
11
158.0206589999999949
21
-93.6275109999999984
0
LINE
8
BLACK
6
CONTINUOUS
10
158.0206589999999949
20
-93.6275109999999984
11
158.7753510000000006
21
-92.8728189999999927
0
LINE
8
BLACK
6
CONTINUOUS
10
158.7753510000000006
20
-92.8728189999999927
11
158.8366739999999879
21
-92.8393339999999938
0
LINE
8
BLACK
6
CONTINUOUS
10
158.8366739999999879
20
-92.8393339999999938
11
158.863032000000004
21
-92.8365000000000009
0
LINE
8
BLACK
6
CONTINUOUS
10
158.863032000000004
20
-92.8365000000000009
11
158.9894999999999925
21
-92.8365000000000009
0
LINE
8
BLACK
6
CONTINUOUS
10
158.9894999999999925
20
-92.8365000000000009
11
159.0565389999999866
21
-92.8561849999999964
0
LINE
8
BLACK
6
CONTINUOUS
10
159.0565389999999866
20
-92.8561849999999964
11
159.1022940000000006
21
-92.9089889999999912
0
LINE
8
BLACK
6
CONTINUOUS
10
159.1022940000000006
20
-92.9089889999999912
11
159.1134999999999877
21
-92.9604999999999961
0
LINE
8
BLACK
6
CONTINUOUS
10
159.1134999999999877
20
-92.9604999999999961
11
159.1134999999999877
21
-93.4557519999999897
0
LINE
8
BLACK
6
CONTINUOUS
10
159.1134999999999877
20
-93.4557519999999897
11
159.1251309999999819
21
-93.5142290000000003
0
LINE
8
BLACK
6
CONTINUOUS
10
159.1251309999999819
20
-93.5142290000000003
11
159.1251319999999794
21
-93.5142299999999977
0
LINE
8
BLACK
6
CONTINUOUS
10
159.1251319999999794
20
-93.5142299999999977
11
159.169446999999991
21
-93.5805519999999973
0
LINE
8
BLACK
6
CONTINUOUS
10
159.169446999999991
20
-93.5805519999999973
11
159.2357690000000048
21
-93.6248669999999947
0
LINE
8
BLACK
6
CONTINUOUS
10
159.2357690000000048
20
-93.6248669999999947
11
159.2357700000000023
21
-93.6248679999999922
0
LINE
8
BLACK
6
CONTINUOUS
10
159.2357700000000023
20
-93.6248679999999922
11
159.2942469999999844
21
-93.6364990000000006
0
LINE
8
BLACK
6
CONTINUOUS
10
159.2942469999999844
20
-93.6364990000000006
11
159.2942500000000052
21
-93.6364999999999981
0
LINE
8
BLACK
6
CONTINUOUS
10
159.2942500000000052
20
-93.6364999999999981
11
159.2942520000000002
21
-93.6364999999999981
0
LINE
8
BLACK
6
CONTINUOUS
10
159.2942520000000002
20
-93.6364999999999981
11
159.9837499999999864
21
-93.6364999999999981
0
LINE
8
BLACK
6
CONTINUOUS
10
159.9837499999999864
20
-93.6364999999999981
11
159.9837509999999838
21
-93.6364990000000006
0
LINE
8
BLACK
6
CONTINUOUS
10
159.9837509999999838
20
-93.6364990000000006
11
159.9985680000000059
21
-93.6335519999999946
0
LINE
8
BLACK
6
CONTINUOUS
10
159.9985680000000059
20
-93.6335519999999946
11
160.0422289999999919
21
-93.6248679999999922
0
LINE
8
BLACK
6
CONTINUOUS
10
160.0422289999999919
20
-93.6248679999999922
11
160.0422289999999919
21
-93.6248669999999947
0
LINE
8
BLACK
6
CONTINUOUS
10
160.0422289999999919
20
-93.6248669999999947
11
160.0422309999999868
21
-93.6248669999999947
0
LINE
8
BLACK
6
CONTINUOUS
10
160.0422309999999868
20
-93.6248669999999947
11
160.1085520000000031
21
-93.5805519999999973
0
LINE
8
BLACK
6
CONTINUOUS
10
160.1085520000000031
20
-93.5805519999999973
11
160.1528669999999863
21
-93.5142309999999952
0
LINE
8
BLACK
6
CONTINUOUS
10
160.1528669999999863
20
-93.5142309999999952
11
160.1528669999999863
21
-93.5142290000000003
0
LINE
8
BLACK
6
CONTINUOUS
10
160.1528669999999863
20
-93.5142290000000003
11
160.1528679999999838
21
-93.5142290000000003
0
LINE
8
BLACK
6
CONTINUOUS
10
160.1528679999999838
20
-93.5142290000000003
11
160.1644990000000064
21
-93.4557519999999897
0
LINE
8
BLACK
6
CONTINUOUS
10
160.1644990000000064
20
-93.4557519999999897
11
160.1645000000000039
21
-93.4557499999999948
0
LINE
8
BLACK
6
CONTINUOUS
10
160.1645000000000039
20
-93.4557499999999948
11
160.1645000000000039
21
-91.6162489999999963
0
LINE
8
BLACK
6
CONTINUOUS
10
160.1645000000000039
20
-91.6162489999999963
11
160.1644990000000064
21
-91.6162470000000013
0
LINE
8
BLACK
6
CONTINUOUS
10
160.1644990000000064
20
-91.6162470000000013
11
160.1528679999999838
21
-91.5577699999999908
0
LINE
8
BLACK
6
CONTINUOUS
10
160.1528679999999838
20
-91.5577699999999908
11
160.1528669999999863
21
-91.5577689999999933
0
LINE
8
BLACK
6
CONTINUOUS
10
160.1528669999999863
20
-91.5577689999999933
11
160.1085520000000031
21
-91.4914469999999937
0
LINE
8
BLACK
6
CONTINUOUS
10
160.1085520000000031
20
-91.4914469999999937
11
160.0422299999999893
21
-91.4471319999999963
0
LINE
8
BLACK
6
CONTINUOUS
10
160.0422299999999893
20
-91.4471319999999963
11
160.0422289999999919
21
-91.4471309999999988
0
LINE
8
BLACK
6
CONTINUOUS
10
160.0422289999999919
20
-91.4471309999999988
11
159.9837519999999813
21
-91.4354999999999905
0
LINE
8
BLACK
6
CONTINUOUS
10
159.9837519999999813
20
-91.4354999999999905
11
159.9837479999999914
21
-91.4354999999999905
0
LINE
8
BLACK
6
CONTINUOUS
10
159.9837479999999914
20
-91.4354999999999905
11
159.2942520000000002
21
-91.4354999999999905
0
LINE
8
BLACK
6
CONTINUOUS
10
159.2942520000000002
20
-91.4354999999999905
11
159.2942469999999844
21
-91.4354999999999905
0
LINE
8
BLACK
6
CONTINUOUS
10
159.2942469999999844
20
-91.4354999999999905
11
159.2357700000000023
21
-91.4471309999999988
0
LINE
8
BLACK
6
CONTINUOUS
10
159.2357700000000023
20
-91.4471309999999988
11
159.2357690000000048
21
-91.4471319999999963
0
LINE
8
BLACK
6
CONTINUOUS
10
159.2357690000000048
20
-91.4471319999999963
11
159.169446999999991
21
-91.4914469999999937
0
LINE
8
BLACK
6
CONTINUOUS
10
159.169446999999991
20
-91.4914469999999937
11
159.1251319999999794
21
-91.5577689999999933
0
LINE
8
BLACK
6
CONTINUOUS
10
159.1251319999999794
20
-91.5577689999999933
11
159.1251309999999819
21
-91.5577699999999908
0
LINE
8
BLACK
6
CONTINUOUS
10
159.1251309999999819
20
-91.5577699999999908
11
159.1134999999999877
21
-91.6162470000000013
0
LINE
8
BLACK
6
CONTINUOUS
10
159.1134999999999877
20
-91.6162470000000013
11
159.1134999999999877
21
-92.1114999999999924
0
LINE
8
BLACK
6
CONTINUOUS
10
159.1134999999999877
20
-92.1114999999999924
11
159.0938150000000064
21
-92.1785390000000007
0
LINE
8
BLACK
6
CONTINUOUS
10
159.0938150000000064
20
-92.1785390000000007
11
159.0410109999999975
21
-92.2242940000000004
0
LINE
8
BLACK
6
CONTINUOUS
10
159.0410109999999975
20
-92.2242940000000004
11
158.9894999999999925
21
-92.2355000000000018
0
LINE
8
BLACK
6
CONTINUOUS
10
158.9894999999999925
20
-92.2355000000000018
11
158.7934999999999945
21
-92.2355000000000018
0
LINE
8
BLACK
6
CONTINUOUS
10
158.7934999999999945
20
-92.2355000000000018
11
158.7264610000000005
21
-92.2158149999999921
0
LINE
8
BLACK
6
CONTINUOUS
10
158.7264610000000005
20
-92.2158149999999921
11
158.6807059999999865
21
-92.1630109999999974
0
LINE
8
BLACK
6
CONTINUOUS
10
158.6807059999999865
20
-92.1630109999999974
11
158.6694999999999993
21
-92.1114999999999924
0
LINE
8
BLACK
6
CONTINUOUS
10
158.6694999999999993
20
-92.1114999999999924
11
158.6694999999999993
21
-91.0470649999999893
0
LINE
8
BLACK
6
CONTINUOUS
10
158.6694999999999993
20
-91.0470649999999893
11
158.6891849999999806
21
-90.9800259999999952
0
LINE
8
BLACK
6
CONTINUOUS
10
158.6891849999999806
20
-90.9800259999999952
11
158.7419889999999896
21
-90.9342709999999954
0
LINE
8
BLACK
6
CONTINUOUS
10
158.7419889999999896
20
-90.9342709999999954
11
158.7693109999999876
21
-90.9254469999999912
0
LINE
8
BLACK
6
CONTINUOUS
10
158.7693109999999876
20
-90.9254469999999912
11
158.772231000000005
21
-90.9248669999999919
0
LINE
8
BLACK
6
CONTINUOUS
10
158.772231000000005
20
-90.9248669999999919
11
158.8385519999999929
21
-90.8805519999999945
0
LINE
8
BLACK
6
CONTINUOUS
10
158.8385519999999929
20
-90.8805519999999945
11
158.8828670000000045
21
-90.8142309999999924
0
LINE
8
BLACK
6
CONTINUOUS
10
158.8828670000000045
20
-90.8142309999999924
11
158.8828670000000045
21
-90.8142289999999974
0
LINE
8
BLACK
6
CONTINUOUS
10
158.8828670000000045
20
-90.8142289999999974
11
158.882868000000002
21
-90.8142289999999974
0
LINE
8
BLACK
6
CONTINUOUS
10
158.882868000000002
20
-90.8142289999999974
11
158.8944989999999962
21
-90.7557520000000011
0
LINE
8
BLACK
6
CONTINUOUS
10
158.8944989999999962
20
-90.7557520000000011
11
158.8944999999999936
21
-90.7557499999999919
0
LINE
8
BLACK
6
CONTINUOUS
10
158.8944999999999936
20
-90.7557499999999919
11
158.8944999999999936
21
-88.9162489999999934
0
LINE
8
BLACK
6
CONTINUOUS
10
158.8944999999999936
20
-88.9162489999999934
11
158.8944989999999962
21
-88.9162469999999985
0
LINE
8
BLACK
6
CONTINUOUS
10
158.8944989999999962
20
-88.9162469999999985
11
158.882868000000002
21
-88.8577700000000021
0
LINE
8
BLACK
6
CONTINUOUS
10
158.882868000000002
20
-88.8577700000000021
11
158.8828670000000045
21
-88.8577689999999905
0
LINE
8
BLACK
6
CONTINUOUS
10
158.8828670000000045
20
-88.8577689999999905
11
158.8385519999999929
21
-88.7914469999999909
0
LINE
8
BLACK
6
CONTINUOUS
10
158.8385519999999929
20
-88.7914469999999909
11
158.7722299999999791
21
-88.7471319999999935
0
LINE
8
BLACK
6
CONTINUOUS
10
158.7722299999999791
20
-88.7471319999999935
11
158.7722289999999816
21
-88.747130999999996
0
LINE
8
BLACK
6
CONTINUOUS
10
158.7722289999999816
20
-88.747130999999996
11
158.7137519999999995
21
-88.7355000000000018
0
LINE
8
BLACK
6
CONTINUOUS
10
158.7137519999999995
20
-88.7355000000000018
11
158.7137479999999812
21
-88.7355000000000018
0
LINE
8
BLACK
6
CONTINUOUS
10
158.7137479999999812
20
-88.7355000000000018
11
158.0242519999999899
21
-88.7355000000000018
0
LINE
8
BLACK
6
CONTINUOUS
10
158.0242519999999899
20
-88.7355000000000018
11
158.0242470000000026
21
-88.7355000000000018
0
LINE
8
BLACK
6
CONTINUOUS
10
158.0242470000000026
20
-88.7355000000000018
11
157.965769999999992
21
-88.747130999999996
0
LINE
8
BLACK
6
CONTINUOUS
10
157.965769999999992
20
-88.747130999999996
11
157.9657689999999945
21
-88.7471319999999935
0
LINE
8
BLACK
6
CONTINUOUS
10
157.9657689999999945
20
-88.7471319999999935
11
157.8994469999999808
21
-88.7914469999999909
0
LINE
8
BLACK
6
CONTINUOUS
10
157.8994469999999808
20
-88.7914469999999909
11
157.8551319999999976
21
-88.8577689999999905
0
LINE
8
BLACK
6
CONTINUOUS
10
157.8551319999999976
20
-88.8577689999999905
11
157.8551310000000001
21
-88.8577700000000021
0
LINE
8
BLACK
6
CONTINUOUS
10
157.8551310000000001
20
-88.8577700000000021
11
157.8435000000000059
21
-88.9162469999999985
0
LINE
8
BLACK
6
CONTINUOUS
10
157.8435000000000059
20
-88.9162469999999985
11
157.8435000000000059
21
-90.7557520000000011
0
LINE
8
BLACK
6
CONTINUOUS
10
157.8435000000000059
20
-90.7557520000000011
11
157.8551310000000001
21
-90.8142289999999974
0
LINE
8
BLACK
6
CONTINUOUS
10
157.8551310000000001
20
-90.8142289999999974
11
157.8551319999999976
21
-90.8142299999999949
0
LINE
8
BLACK
6
CONTINUOUS
10
157.8551319999999976
20
-90.8142299999999949
11
157.8994469999999808
21
-90.8805519999999945
0
LINE
8
BLACK
6
CONTINUOUS
10
157.8994469999999808
20
-90.8805519999999945
11
157.9657669999999996
21
-90.9248659999999944
0
LINE
8
BLACK
6
CONTINUOUS
10
157.9657669999999996
20
-90.9248659999999944
11
157.9657689999999945
21
-90.9248669999999919
0
LINE
8
BLACK
6
CONTINUOUS
10
157.9657689999999945
20
-90.9248669999999919
11
157.9686839999999961
21
-90.9254469999999912
0
LINE
8
BLACK
6
CONTINUOUS
10
157.9686839999999961
20
-90.9254469999999912
11
157.9744609999999909
21
-90.9284669999999977
0
LINE
8
BLACK
6
CONTINUOUS
10
157.9744609999999909
20
-90.9284669999999977
11
157.9770539999999812
21
-90.9295419999999979
0
LINE
8
BLACK
6
CONTINUOUS
10
157.9770539999999812
20
-90.9295419999999979
11
157.9769569999999987
21
-90.9297729999999973
0
LINE
8
BLACK
6
CONTINUOUS
10
157.9769569999999987
20
-90.9297729999999973
11
158.0305970000000002
21
-90.9578269999999947
0
LINE
8
BLACK
6
CONTINUOUS
10
158.0305970000000002
20
-90.9578269999999947
11
158.0651749999999822
21
-91.018540999999999
0
LINE
8
BLACK
6
CONTINUOUS
10
158.0651749999999822
20
-91.018540999999999
11
158.0685000000000002
21
-91.0470649999999893
0
LINE
8
BLACK
6
CONTINUOUS
10
158.0685000000000002
20
-91.0470649999999893
11
158.0685000000000002
21
-92.0419679999999971
0
LINE
8
BLACK
6
CONTINUOUS
10
158.0685000000000002
20
-92.0419679999999971
11
158.0488149999999905
21
-92.1090069999999912
0
LINE
8
BLACK
6
CONTINUOUS
10
158.0488149999999905
20
-92.1090069999999912
11
158.03218099999998
21
-92.1296490000000006
0
LINE
8
BLACK
6
CONTINUOUS
10
158.03218099999998
20
-92.1296490000000006
11
157.5056490000000053
21
-92.6561809999999895
0
LINE
8
BLACK
6
CONTINUOUS
10
157.5056490000000053
20
-92.6561809999999895
11
157.4443259999999896
21
-92.6896660000000026
0
LINE
8
BLACK
6
CONTINUOUS
10
157.4443259999999896
20
-92.6896660000000026
11
157.4179680000000019
21
-92.6924999999999955
0
LINE
8
BLACK
6
CONTINUOUS
10
157.4179680000000019
20
-92.6924999999999955
11
155.4630329999999958
21
-92.6924999999999955
0
LINE
8
BLACK
6
CONTINUOUS
10
155.4630329999999958
20
-92.6924999999999955
11
155.3959940000000017
21
-92.6728149999999999
0
LINE
8
BLACK
6
CONTINUOUS
10
155.3959940000000017
20
-92.6728149999999999
11
155.3753519999999924
21
-92.6561809999999895
0
LINE
8
BLACK
6
CONTINUOUS
10
155.3753519999999924
20
-92.6561809999999895
11
152.4000000000000057
21
-89.6808290000000028
0
LINE
8
BLACK
6
CONTINUOUS
10
152.4000000000000057
20
-89.6808290000000028
11
151.0688519999999926
21
-88.3496809999999897
0
LINE
8
BLACK
6
CONTINUOUS
10
151.0688519999999926
20
-88.3496809999999897
11
151.0353669999999795
21
-88.2883580000000023
0
LINE
8
BLACK
6
CONTINUOUS
10
151.0353669999999795
20
-88.2883580000000023
11
151.0403509999999869
21
-88.2186659999999989
0
LINE
8
BLACK
6
CONTINUOUS
10
151.0403509999999869
20
-88.2186659999999989
11
151.082222999999999
21
-88.1627330000000029
0
LINE
8
BLACK
6
CONTINUOUS
10
151.082222999999999
20
-88.1627330000000029
11
151.1476869999999906
21
-88.138315999999989
0
LINE
8
BLACK
6
CONTINUOUS
10
151.1476869999999906
20
-88.138315999999989
11
151.156532999999996
21
-88.137999999999991
0
LINE
8
BLACK
6
CONTINUOUS
10
151.156532999999996
20
-88.137999999999991
11
152.4000000000000057
21
-88.137999999999991
0
LINE
8
BLACK
6
CONTINUOUS
10
160.383499999999998
20
-90.7557520000000011
11
160.3951309999999921
21
-90.8142289999999974
0
LINE
8
BLACK
6
CONTINUOUS
10
160.3951309999999921
20
-90.8142289999999974
11
160.3951319999999896
21
-90.8142299999999949
0
LINE
8
BLACK
6
CONTINUOUS
10
160.3951319999999896
20
-90.8142299999999949
11
160.4115500000000054
21
-90.8388009999999895
0
LINE
8
BLACK
6
CONTINUOUS
10
160.4115500000000054
20
-90.8388009999999895
11
160.4324279999999874
21
-90.9054780000000022
0
LINE
8
BLACK
6
CONTINUOUS
10
160.4324279999999874
20
-90.9054780000000022
11
160.4313870000000009
21
-90.9238749999999953
0
LINE
8
BLACK
6
CONTINUOUS
10
160.4313870000000009
20
-90.9238749999999953
11
160.4303179999999998
21
-90.9319950000000006
0
LINE
8
BLACK
6
CONTINUOUS
10
160.4303179999999998
20
-90.9319950000000006
11
160.4303179999999998
21
-90.9320009999999996
0
LINE
8
BLACK
6
CONTINUOUS
10
160.4303179999999998
20
-90.9320009999999996
11
160.4509549999999933
21
-91.0887599999999935
0
LINE
8
BLACK
6
CONTINUOUS
10
160.4509549999999933
20
-91.0887599999999935
11
160.4509559999999908
21
-91.0887620000000027
0
LINE
8
BLACK
6
CONTINUOUS
10
160.4509559999999908
20
-91.0887620000000027
11
160.5114639999999895
21
-91.234841000000003
0
LINE
8
BLACK
6
CONTINUOUS
10
160.5114639999999895
20
-91.234841000000003
11
160.6077180000000055
21
-91.360281999999998
0
LINE
8
BLACK
6
CONTINUOUS
10
160.6077180000000055
20
-91.360281999999998
11
160.7331590000000006
21
-91.4565359999999998
0
LINE
8
BLACK
6
CONTINUOUS
10
160.7331590000000006
20
-91.4565359999999998
11
160.8792379999999866
21
-91.5170439999999985
0
LINE
8
BLACK
6
CONTINUOUS
10
160.8792379999999866
20
-91.5170439999999985
11
160.957618999999994
21
-91.527362999999994
0
LINE
8
BLACK
6
CONTINUOUS
10
160.957618999999994
20
-91.527362999999994
11
161.0359990000000039
21
-91.5376819999999896
0
LINE
8
BLACK
6
CONTINUOUS
10
161.0359990000000039
20
-91.5376819999999896
11
161.0360000000000014
21
-91.5376819999999896
0
LINE
8
BLACK
6
CONTINUOUS
10
161.0360000000000014
20
-91.5376819999999896
11
161.0360009999999988
21
-91.5376819999999896
0
LINE
8
BLACK
6
CONTINUOUS
10
161.0360009999999988
20
-91.5376819999999896
11
161.0882540000000063
21
-91.5308019999999942
0
LINE
8
BLACK
6
CONTINUOUS
10
161.0882540000000063
20
-91.5308019999999942
11
161.1927619999999877
21
-91.5170439999999985
0
LINE
8
BLACK
6
CONTINUOUS
10
161.1927619999999877
20
-91.5170439999999985
11
161.3388410000000022
21
-91.4565359999999998
0
LINE
8
BLACK
6
CONTINUOUS
10
161.3388410000000022
20
-91.4565359999999998
11
161.4642819999999972
21
-91.360281999999998
0
LINE
8
BLACK
6
CONTINUOUS
10
161.4642819999999972
20
-91.360281999999998
11
161.5605359999999848
21
-91.234841000000003
0
LINE
8
BLACK
6
CONTINUOUS
10
161.5605359999999848
20
-91.234841000000003
11
161.6210439999999835
21
-91.0887620000000027
0
LINE
8
BLACK
6
CONTINUOUS
10
161.6210439999999835
20
-91.0887620000000027
11
161.641682000000003
21
-90.9320000000000022
0
LINE
8
BLACK
6
CONTINUOUS
10
161.641682000000003
20
-90.9320000000000022
11
161.6416810000000055
21
-90.9319950000000006
0
LINE
8
BLACK
6
CONTINUOUS
10
161.6416810000000055
20
-90.9319950000000006
11
161.6210439999999835
21
-90.7752389999999991
0
LINE
8
BLACK
6
CONTINUOUS
10
161.6210439999999835
20
-90.7752389999999991
11
161.6210439999999835
21
-90.7752380000000016
0
LINE
8
BLACK
6
CONTINUOUS
10
161.6210439999999835
20
-90.7752380000000016
11
161.5605359999999848
21
-90.6291590000000014
0
LINE
8
BLACK
6
CONTINUOUS
10
161.5605359999999848
20
-90.6291590000000014
11
161.5605349999999873
21
-90.6291579999999897
0
LINE
8
BLACK
6
CONTINUOUS
10
161.5605349999999873
20
-90.6291579999999897
11
161.5605349999999873
21
-90.6291569999999922
0
LINE
8
BLACK
6
CONTINUOUS
10
161.5605349999999873
20
-90.6291569999999922
11
161.4601239999999791
21
-90.4982990000000029
0
LINE
8
BLACK
6
CONTINUOUS
10
161.4601239999999791
20
-90.4982990000000029
11
161.4349299999999801
21
-90.4331299999999914
0
LINE
8
BLACK
6
CONTINUOUS
10
161.4349299999999801
20
-90.4331299999999914
11
161.4344999999999857
21
-90.4228129999999908
0
LINE
8
BLACK
6
CONTINUOUS
10
161.4344999999999857
20
-90.4228129999999908
11
161.4344999999999857
21
-88.9162489999999934
0
LINE
8
BLACK
6
CONTINUOUS
10
161.4344999999999857
20
-88.9162489999999934
11
161.4344989999999882
21
-88.9162469999999985
0
LINE
8
BLACK
6
CONTINUOUS
10
161.4344989999999882
20
-88.9162469999999985
11
161.422867999999994
21
-88.8577700000000021
0
LINE
8
BLACK
6
CONTINUOUS
10
161.422867999999994
20
-88.8577700000000021
11
161.4228669999999966
21
-88.8577689999999905
0
LINE
8
BLACK
6
CONTINUOUS
10
161.4228669999999966
20
-88.8577689999999905
11
161.3785519999999849
21
-88.7914469999999909
0
LINE
8
BLACK
6
CONTINUOUS
10
161.3785519999999849
20
-88.7914469999999909
11
161.3122299999999996
21
-88.7471319999999935
0
LINE
8
BLACK
6
CONTINUOUS
10
161.3122299999999996
20
-88.7471319999999935
11
161.3122290000000021
21
-88.747130999999996
0
LINE
8
BLACK
6
CONTINUOUS
10
161.3122290000000021
20
-88.747130999999996
11
161.2537519999999915
21
-88.7355000000000018
0
LINE
8
BLACK
6
CONTINUOUS
10
161.2537519999999915
20
-88.7355000000000018
11
161.2537480000000016
21
-88.7355000000000018
0
LINE
8
BLACK
6
CONTINUOUS
10
161.2537480000000016
20
-88.7355000000000018
11
160.564251999999982
21
-88.7355000000000018
0
LINE
8
BLACK
6
CONTINUOUS
10
160.564251999999982
20
-88.7355000000000018
11
160.5642469999999946
21
-88.7355000000000018
0
LINE
8
BLACK
6
CONTINUOUS
10
160.5642469999999946
20
-88.7355000000000018
11
160.5057699999999841
21
-88.747130999999996
0
LINE
8
BLACK
6
CONTINUOUS
10
160.5057699999999841
20
-88.747130999999996
11
160.5057689999999866
21
-88.7471319999999935
0
LINE
8
BLACK
6
CONTINUOUS
10
160.5057689999999866
20
-88.7471319999999935
11
160.4394470000000013
21
-88.7914469999999909
0
LINE
8
BLACK
6
CONTINUOUS
10
160.4394470000000013
20
-88.7914469999999909
11
160.3951319999999896
21
-88.8577689999999905
0
LINE
8
BLACK
6
CONTINUOUS
10
160.3951319999999896
20
-88.8577689999999905
11
160.3951309999999921
21
-88.8577700000000021
0
LINE
8
BLACK
6
CONTINUOUS
10
160.3951309999999921
20
-88.8577700000000021
11
160.383499999999998
21
-88.9162469999999985
0
LINE
8
BLACK
6
CONTINUOUS
10
160.383499999999998
20
-88.9162469999999985
11
160.383499999999998
21
-90.7557520000000011
0
LINE
8
BLACK
6
CONTINUOUS
10
161.6372399999999914
20
-102.2369999999999948
11
163.2172400000000039
21
-102.2369999999999948
0
LINE
8
BLACK
6
CONTINUOUS
10
163.2172400000000039
20
-102.2369999999999948
11
163.2660129999999867
21
-102.2418040000000019
0
LINE
8
BLACK
6
CONTINUOUS
10
163.2660129999999867
20
-102.2418040000000019
11
163.3561329999999998
21
-102.2791330000000016
0
LINE
8
BLACK
6
CONTINUOUS
10
163.3561329999999998
20
-102.2791330000000016
11
163.3561369999999897
21
-102.2791369999999915
0
LINE
8
BLACK
6
CONTINUOUS
10
163.3561369999999897
20
-102.2791369999999915
11
163.394016999999991
21
-102.3102229999999935
0
LINE
8
BLACK
6
CONTINUOUS
10
163.394016999999991
20
-102.3102229999999935
11
164.5107940000000042
21
-103.4269999999999925
0
LINE
8
BLACK
6
CONTINUOUS
10
164.5107940000000042
20
-103.4269999999999925
11
164.9822399999999902
21
-103.4269999999999925
0
LINE
8
BLACK
6
CONTINUOUS
10
164.9822399999999902
20
-103.4269999999999925
11
165.0683439999999962
21
-103.4441269999999946
0
LINE
8
BLACK
6
CONTINUOUS
10
165.0683439999999962
20
-103.4441269999999946
11
165.1413389999999879
21
-103.4929009999999892
0
LINE
8
BLACK
6
CONTINUOUS
10
165.1413389999999879
20
-103.4929009999999892
11
165.1901129999999966
21
-103.5658959999999951
0
LINE
8
BLACK
6
CONTINUOUS
10
165.1901129999999966
20
-103.5658959999999951
11
165.2072399999999845
21
-103.652000000000001
0
LINE
8
BLACK
6
CONTINUOUS
10
165.2072399999999845
20
-103.652000000000001
11
165.2072399999999845
21
-104.1019999999999897
0
LINE
8
BLACK
6
CONTINUOUS
10
165.2072399999999845
20
-104.1019999999999897
11
165.1901129999999966
21
-104.1881039999999956
0
LINE
8
BLACK
6
CONTINUOUS
10
165.1901129999999966
20
-104.1881039999999956
11
165.1413389999999879
21
-104.2610990000000015
0
LINE
8
BLACK
6
CONTINUOUS
10
165.1413389999999879
20
-104.2610990000000015
11
165.0683439999999962
21
-104.3098729999999961
0
LINE
8
BLACK
6
CONTINUOUS
10
165.0683439999999962
20
-104.3098729999999961
11
164.9822399999999902
21
-104.3269999999999982
0
LINE
8
BLACK
6
CONTINUOUS
10
164.9822399999999902
20
-104.3269999999999982
11
164.8572399999999902
21
-104.3269999999999982
0
LINE
8
BLACK
6
CONTINUOUS
10
164.8572399999999902
20
-104.3269999999999982
11
164.8572399999999902
21
-105.3269999999999982
0
LINE
8
BLACK
6
CONTINUOUS
10
164.8572399999999902
20
-105.3269999999999982
11
165.0572399999999789
21
-105.3269999999999982
0
LINE
8
BLACK
6
CONTINUOUS
10
165.0572399999999789
20
-105.3269999999999982
11
165.1529109999999889
21
-105.3460299999999989
0
LINE
8
BLACK
6
CONTINUOUS
10
165.1529109999999889
20
-105.3460299999999989
11
165.2340169999999944
21
-105.4002229999999969
0
LINE
8
BLACK
6
CONTINUOUS
10
165.2340169999999944
20
-105.4002229999999969
11
165.2882099999999923
21
-105.4813289999999881
0
LINE
8
BLACK
6
CONTINUOUS
10
165.2882099999999923
20
-105.4813289999999881
11
165.3072399999999789
21
-105.5769999999999982
0
LINE
8
BLACK
6
CONTINUOUS
10
165.3072399999999789
20
-105.5769999999999982
11
165.3072399999999789
21
-106.277000000000001
0
LINE
8
BLACK
6
CONTINUOUS
10
165.3072399999999789
20
-106.277000000000001
11
165.2882099999999923
21
-106.3726709999999969
0
LINE
8
BLACK
6
CONTINUOUS
10
165.2882099999999923
20
-106.3726709999999969
11
165.2340169999999944
21
-106.4537769999999881
0
LINE
8
BLACK
6
CONTINUOUS
10
165.2340169999999944
20
-106.4537769999999881
11
165.1529109999999889
21
-106.5079700000000003
0
LINE
8
BLACK
6
CONTINUOUS
10
165.1529109999999889
20
-106.5079700000000003
11
165.0572399999999789
21
-106.527000000000001
0
LINE
8
BLACK
6
CONTINUOUS
10
165.0572399999999789
20
-106.527000000000001
11
164.1572400000000016
21
-106.527000000000001
0
LINE
8
BLACK
6
CONTINUOUS
10
164.1572400000000016
20
-106.527000000000001
11
164.0615689999999915
21
-106.5079700000000003
0
LINE
8
BLACK
6
CONTINUOUS
10
164.0615689999999915
20
-106.5079700000000003
11
163.9804629999999861
21
-106.4537769999999881
0
LINE
8
BLACK
6
CONTINUOUS
10
163.9804629999999861
20
-106.4537769999999881
11
163.9262699999999882
21
-106.3726709999999969
0
LINE
8
BLACK
6
CONTINUOUS
10
163.9262699999999882
20
-106.3726709999999969
11
163.9072400000000016
21
-106.277000000000001
0
LINE
8
BLACK
6
CONTINUOUS
10
163.9072400000000016
20
-106.277000000000001
11
163.9072400000000016
21
-105.5769999999999982
0
LINE
8
BLACK
6
CONTINUOUS
10
163.9072400000000016
20
-105.5769999999999982
11
163.9262699999999882
21
-105.4813289999999881
0
LINE
8
BLACK
6
CONTINUOUS
10
163.9262699999999882
20
-105.4813289999999881
11
163.9804629999999861
21
-105.4002229999999969
0
LINE
8
BLACK
6
CONTINUOUS
10
163.9804629999999861
20
-105.4002229999999969
11
164.0615689999999915
21
-105.3460299999999989
0
LINE
8
BLACK
6
CONTINUOUS
10
164.0615689999999915
20
-105.3460299999999989
11
164.1572400000000016
21
-105.3269999999999982
0
LINE
8
BLACK
6
CONTINUOUS
10
164.1572400000000016
20
-105.3269999999999982
11
164.3572399999999902
21
-105.3269999999999982
0
LINE
8
BLACK
6
CONTINUOUS
10
164.3572399999999902
20
-105.3269999999999982
11
164.3572399999999902
21
-104.3269999999999982
0
LINE
8
BLACK
6
CONTINUOUS
10
164.3572399999999902
20
-104.3269999999999982
11
164.2322399999999902
21
-104.3269999999999982
0
LINE
8
BLACK
6
CONTINUOUS
10
164.2322399999999902
20
-104.3269999999999982
11
164.1461359999999843
21
-104.3098729999999961
0
LINE
8
BLACK
6
CONTINUOUS
10
164.1461359999999843
20
-104.3098729999999961
11
164.0731409999999926
21
-104.2610990000000015
0
LINE
8
BLACK
6
CONTINUOUS
10
164.0731409999999926
20
-104.2610990000000015
11
164.0243669999999838
21
-104.1881039999999956
0
LINE
8
BLACK
6
CONTINUOUS
10
164.0243669999999838
20
-104.1881039999999956
11
164.0072399999999959
21
-104.1019999999999897
0
LINE
8
BLACK
6
CONTINUOUS
10
164.0072399999999959
20
-104.1019999999999897
11
164.0072399999999959
21
-103.652000000000001
0
LINE
8
BLACK
6
CONTINUOUS
10
164.0072399999999959
20
-103.652000000000001
11
164.0107979999999941
21
-103.6341120000000018
0
LINE
8
BLACK
6
CONTINUOUS
10
164.0107979999999941
20
-103.6341120000000018
11
163.1136860000000013
21
-102.7369999999999948
0
LINE
8
BLACK
6
CONTINUOUS
10
163.1136860000000013
20
-102.7369999999999948
11
161.6372399999999914
21
-102.7369999999999948
0
LINE
8
BLACK
6
CONTINUOUS
10
161.6372399999999914
20
-102.7369999999999948
11
161.6372399999999914
21
-104.0159999999999911
0
LINE
8
BLACK
6
CONTINUOUS
10
161.6372399999999914
20
-104.0159999999999911
11
160.7372399999999857
21
-104.0159999999999911
0
LINE
8
BLACK
6
CONTINUOUS
10
160.7372399999999857
20
-104.0159999999999911
11
160.7372399999999857
21
-101.215999999999994
0
LINE
8
BLACK
6
CONTINUOUS
10
160.7372399999999857
20
-101.215999999999994
11
161.6372399999999914
21
-101.215999999999994
0
LINE
8
BLACK
6
CONTINUOUS
10
161.6372399999999914
20
-101.215999999999994
11
161.6372399999999914
21
-102.2369999999999948
0
LINE
8
BLACK
6
CONTINUOUS
10
140.1540099999999995
20
-87.0727219999999988
11
140.1337979999999845
21
-87.0862269999999938
0
LINE
8
BLACK
6
CONTINUOUS
10
140.1337979999999845
20
-87.0862269999999938
11
140.0409530000000018
21
-87.1358539999999948
0
LINE
8
BLACK
6
CONTINUOUS
10
140.0409530000000018
20
-87.1358539999999948
11
139.9725509999999815
21
-87.1500959999999907
0
LINE
8
BLACK
6
CONTINUOUS
10
139.9725509999999815
20
-87.1500959999999907
11
139.907307000000003
21
-87.1250959999999992
0
LINE
8
BLACK
6
CONTINUOUS
10
139.907307000000003
20
-87.1250959999999992
11
139.8659360000000049
21
-87.0687909999999903
0
LINE
8
BLACK
6
CONTINUOUS
10
139.8659360000000049
20
-87.0687909999999903
11
139.8584999999999923
21
-87.0264959999999945
0
LINE
8
BLACK
6
CONTINUOUS
10
139.8584999999999923
20
-87.0264959999999945
11
139.8584999999999923
21
-86.9949999999999903
0
LINE
8
BLACK
6
CONTINUOUS
10
139.8584999999999923
20
-86.9949999999999903
11
139.6084999999999923
21
-86.9949999999999903
0
LINE
8
BLACK
6
CONTINUOUS
10
139.6084999999999923
20
-86.9949999999999903
11
139.6084999999999923
21
-87.0919999999999987
0
LINE
8
BLACK
6
CONTINUOUS
10
139.6084999999999923
20
-87.0919999999999987
11
138.0584999999999809
21
-87.0919999999999987
0
LINE
8
BLACK
6
CONTINUOUS
10
138.0584999999999809
20
-87.0919999999999987
11
138.0584999999999809
21
-86.9949999999999903
0
LINE
8
BLACK
6
CONTINUOUS
10
138.0584999999999809
20
-86.9949999999999903
11
137.8084999999999809
21
-86.9949999999999903
0
LINE
8
BLACK
6
CONTINUOUS
10
137.8084999999999809
20
-86.9949999999999903
11
137.8084999999999809
21
-87.1227159999999969
0
LINE
8
BLACK
6
CONTINUOUS
10
137.8084999999999809
20
-87.1227159999999969
11
137.8062559999999905
21
-87.1227159999999969
0
LINE
8
BLACK
6
CONTINUOUS
10
137.8062559999999905
20
-87.1227159999999969
11
137.795109999999994
21
-87.1814899999999966
0
LINE
8
BLACK
6
CONTINUOUS
10
137.795109999999994
20
-87.1814899999999966
11
137.7470459999999832
21
-87.2322009999999892
0
LINE
8
BLACK
6
CONTINUOUS
10
137.7470459999999832
20
-87.2322009999999892
11
137.684724999999986
21
-87.2489999999999952
0
LINE
8
BLACK
6
CONTINUOUS
10
137.684724999999986
20
-87.2489999999999952
11
135.6026200000000017
21
-87.2489999999999952
0
LINE
8
BLACK
6
CONTINUOUS
10
135.6026200000000017
20
-87.2489999999999952
11
135.5355810000000076
21
-87.2293149999999997
0
LINE
8
BLACK
6
CONTINUOUS
10
135.5355810000000076
20
-87.2293149999999997
11
135.4898259999999937
21
-87.1765109999999908
0
LINE
8
BLACK
6
CONTINUOUS
10
135.4898259999999937
20
-87.1765109999999908
11
135.4798820000000035
21
-87.1073529999999892
0
LINE
8
BLACK
6
CONTINUOUS
10
135.4798820000000035
20
-87.1073529999999892
11
135.4995179999999948
21
-87.0561089999999922
0
LINE
8
BLACK
6
CONTINUOUS
10
135.4995179999999948
20
-87.0561089999999922
11
135.540348999999992
21
-86.9949999999999903
0
LINE
8
BLACK
6
CONTINUOUS
10
135.540348999999992
20
-86.9949999999999903
11
131.7852839999999901
21
-86.9949999999999903
0
LINE
8
BLACK
6
CONTINUOUS
10
131.7852839999999901
20
-86.9949999999999903
11
131.7473329999999976
21
-86.9638539999999978
0
LINE
8
BLACK
6
CONTINUOUS
10
131.7473329999999976
20
-86.9638539999999978
11
131.7301449999999932
21
-86.9466659999999933
0
LINE
8
BLACK
6
CONTINUOUS
10
131.7301449999999932
20
-86.9466659999999933
11
131.6852820000000008
21
-86.8919999999999959
0
LINE
8
BLACK
6
CONTINUOUS
10
131.6852820000000008
20
-86.8919999999999959
11
131.6084999999999923
21
-86.8919999999999959
0
LINE
8
BLACK
6
CONTINUOUS
10
131.6084999999999923
20
-86.8919999999999959
11
131.6084999999999923
21
-86.7948870000000028
0
LINE
8
BLACK
6
CONTINUOUS
10
131.6084999999999923
20
-86.7948870000000028
11
131.6077719999999829
21
-86.7937979999999953
0
LINE
8
BLACK
6
CONTINUOUS
10
131.6077719999999829
20
-86.7937979999999953
11
131.5268779999999822
21
-86.6424559999999957
0
LINE
8
BLACK
6
CONTINUOUS
10
131.5268779999999822
20
-86.6424559999999957
11
131.5175749999999937
21
-86.6199979999999954
0
LINE
8
BLACK
6
CONTINUOUS
10
131.5175749999999937
20
-86.6199979999999954
11
131.467757000000006
21
-86.4557689999999894
0
LINE
8
BLACK
6
CONTINUOUS
10
131.467757000000006
20
-86.4557689999999894
11
131.4630180000000053
21
-86.4319409999999948
0
LINE
8
BLACK
6
CONTINUOUS
10
131.4630180000000053
20
-86.4319409999999948
11
131.4455969999999922
21
-86.2550609999999978
0
LINE
8
BLACK
6
CONTINUOUS
10
131.4455969999999922
20
-86.2550609999999978
11
131.4449999999999932
21
-86.2429070000000024
0
LINE
8
BLACK
6
CONTINUOUS
10
131.4449999999999932
20
-86.2429070000000024
11
131.4449999999999932
21
-77.8410920000000033
0
LINE
8
BLACK
6
CONTINUOUS
10
131.4449999999999932
20
-77.8410920000000033
11
131.4455969999999922
21
-77.8289379999999937
0
LINE
8
BLACK
6
CONTINUOUS
10
131.4455969999999922
20
-77.8289379999999937
11
131.4630180000000053
21
-77.6520560000000017
0
LINE
8
BLACK
6
CONTINUOUS
10
131.4630180000000053
20
-77.6520560000000017
11
131.467757000000006
21
-77.628231999999997
0
LINE
8
BLACK
6
CONTINUOUS
10
131.467757000000006
20
-77.628231999999997
11
131.5175769999999886
21
-77.4639939999999996
0
LINE
8
BLACK
6
CONTINUOUS
10
131.5175769999999886
20
-77.4639939999999996
11
131.5268749999999898
21
-77.4415489999999949
0
LINE
8
BLACK
6
CONTINUOUS
10
131.5268749999999898
20
-77.4415489999999949
11
131.6077750000000037
21
-77.2901949999999971
0
LINE
8
BLACK
6
CONTINUOUS
10
131.6077750000000037
20
-77.2901949999999971
11
131.6084999999999923
21
-77.2891089999999963
0
LINE
8
BLACK
6
CONTINUOUS
10
131.6084999999999923
20
-77.2891089999999963
11
131.6084999999999923
21
-77.1919999999999931
0
LINE
8
BLACK
6
CONTINUOUS
10
131.6084999999999923
20
-77.1919999999999931
11
131.6852810000000034
21
-77.1919999999999931
0
LINE
8
BLACK
6
CONTINUOUS
10
131.6852810000000034
20
-77.1919999999999931
11
131.7301489999999831
21
-77.1373279999999966
0
LINE
8
BLACK
6
CONTINUOUS
10
131.7301489999999831
20
-77.1373279999999966
11
131.7473279999999818
21
-77.1201489999999978
0
LINE
8
BLACK
6
CONTINUOUS
10
131.7473279999999818
20
-77.1201489999999978
11
131.8799950000000081
21
-77.0112719999999911
0
LINE
8
BLACK
6
CONTINUOUS
10
131.8799950000000081
20
-77.0112719999999911
11
131.9001949999999965
21
-76.9977749999999901
0
LINE
8
BLACK
6
CONTINUOUS
10
131.9001949999999965
20
-76.9977749999999901
11
132.0515489999999943
21
-76.9168749999999903
0
LINE
8
BLACK
6
CONTINUOUS
10
132.0515489999999943
20
-76.9168749999999903
11
132.073993999999999
21
-76.9075770000000034
0
LINE
8
BLACK
6
CONTINUOUS
10
132.073993999999999
20
-76.9075770000000034
11
132.2382319999999822
21
-76.8577569999999923
0
LINE
8
BLACK
6
CONTINUOUS
10
132.2382319999999822
20
-76.8577569999999923
11
132.2620560000000012
21
-76.8530179999999916
0
LINE
8
BLACK
6
CONTINUOUS
10
132.2620560000000012
20
-76.8530179999999916
11
132.4389390000000049
21
-76.8355969999999928
0
LINE
8
BLACK
6
CONTINUOUS
10
132.4389390000000049
20
-76.8355969999999928
11
132.451092999999986
21
-76.8349999999999937
0
LINE
8
BLACK
6
CONTINUOUS
10
132.451092999999986
20
-76.8349999999999937
11
140.5889999999999986
21
-76.8349999999999937
0
LINE
8
BLACK
6
CONTINUOUS
10
140.5889999999999986
20
-76.8349999999999937
11
140.7219869999999844
21
-76.8349999999999937
0
LINE
8
BLACK
6
CONTINUOUS
10
140.7219869999999844
20
-76.8349999999999937
11
140.7890260000000069
21
-76.8546850000000035
0
LINE
8
BLACK
6
CONTINUOUS
10
140.7890260000000069
20
-76.8546850000000035
11
140.8347809999999924
21
-76.9074889999999982
0
LINE
8
BLACK
6
CONTINUOUS
10
140.8347809999999924
20
-76.9074889999999982
11
140.8447249999999826
21
-76.9766469999999998
0
LINE
8
BLACK
6
CONTINUOUS
10
140.8447249999999826
20
-76.9766469999999998
11
140.8426659999999799
21
-76.9875069999999937
0
LINE
8
BLACK
6
CONTINUOUS
10
140.8426659999999799
20
-76.9875069999999937
11
140.8424009999999953
21
-76.988624999999999
0
LINE
8
BLACK
6
CONTINUOUS
10
140.8424009999999953
20
-76.988624999999999
11
140.8359999999999843
21
-77.0481549999999942
0
LINE
8
BLACK
6
CONTINUOUS
10
140.8359999999999843
20
-77.0481549999999942
11
140.8359999999999843
21
-77.258499999999998
0
LINE
8
BLACK
6
CONTINUOUS
10
140.8359999999999843
20
-77.258499999999998
11
141.0859999999999843
21
-77.258499999999998
0
LINE
8
BLACK
6
CONTINUOUS
10
141.0859999999999843
20
-77.258499999999998
11
141.0859999999999843
21
-77.0959999999999894
0
LINE
8
BLACK
6
CONTINUOUS
10
141.0859999999999843
20
-77.0959999999999894
11
141.1050299999999993
21
-77.0003289999999936
0
LINE
8
BLACK
6
CONTINUOUS
10
141.1050299999999993
20
-77.0003289999999936
11
141.1592229999999972
21
-76.9192230000000023
0
LINE
8
BLACK
6
CONTINUOUS
10
141.1592229999999972
20
-76.9192230000000023
11
141.2403290000000027
21
-76.8650299999999902
0
LINE
8
BLACK
6
CONTINUOUS
10
141.2403290000000027
20
-76.8650299999999902
11
141.3359999999999843
21
-76.8459999999999894
0
LINE
8
BLACK
6
CONTINUOUS
10
141.3359999999999843
20
-76.8459999999999894
11
142.6359999999999957
21
-76.8459999999999894
0
LINE
8
BLACK
6
CONTINUOUS
10
142.6359999999999957
20
-76.8459999999999894
11
142.7316710000000057
21
-76.8650299999999902
0
LINE
8
BLACK
6
CONTINUOUS
10
142.7316710000000057
20
-76.8650299999999902
11
142.8127769999999828
21
-76.9192230000000023
0
LINE
8
BLACK
6
CONTINUOUS
10
142.8127769999999828
20
-76.9192230000000023
11
142.8669699999999807
21
-77.0003289999999936
0
LINE
8
BLACK
6
CONTINUOUS
10
142.8669699999999807
20
-77.0003289999999936
11
142.8859999999999957
21
-77.0959999999999894
0
LINE
8
BLACK
6
CONTINUOUS
10
142.8859999999999957
20
-77.0959999999999894
11
142.8859999999999957
21
-77.9209999999999923
0
LINE
8
BLACK
6
CONTINUOUS
10
142.8859999999999957
20
-77.9209999999999923
11
142.8669699999999807
21
-78.0166710000000023
0
LINE
8
BLACK
6
CONTINUOUS
10
142.8669699999999807
20
-78.0166710000000023
11
142.8127769999999828
21
-78.0977769999999936
0
LINE
8
BLACK
6
CONTINUOUS
10
142.8127769999999828
20
-78.0977769999999936
11
142.7316710000000057
21
-78.1519699999999915
0
LINE
8
BLACK
6
CONTINUOUS
10
142.7316710000000057
20
-78.1519699999999915
11
142.6359999999999957
21
-78.1709999999999923
0
LINE
8
BLACK
6
CONTINUOUS
10
142.6359999999999957
20
-78.1709999999999923
11
142.23599999999999
21
-78.1709999999999923
0
LINE
8
BLACK
6
CONTINUOUS
10
142.23599999999999
20
-78.1709999999999923
11
142.23599999999999
21
-78.4209999999999923
0
LINE
8
BLACK
6
CONTINUOUS
10
142.23599999999999
20
-78.4209999999999923
11
142.6838280000000054
21
-78.4209999999999923
0
LINE
8
BLACK
6
CONTINUOUS
10
142.6838280000000054
20
-78.4209999999999923
11
142.6838439999999935
21
-78.4209989999999948
0
LINE
8
BLACK
6
CONTINUOUS
10
142.6838439999999935
20
-78.4209989999999948
11
142.7433719999999937
21
-78.414597999999998
0
LINE
8
BLACK
6
CONTINUOUS
10
142.7433719999999937
20
-78.414597999999998
11
142.7433790000000045
21
-78.4145960000000031
0
LINE
8
BLACK
6
CONTINUOUS
10
142.7433790000000045
20
-78.4145960000000031
11
142.8780859999999961
21
-78.3643539999999916
0
LINE
8
BLACK
6
CONTINUOUS
10
142.8780859999999961
20
-78.3643539999999916
11
142.8780930000000069
21
-78.3643500000000017
0
LINE
8
BLACK
6
CONTINUOUS
10
142.8780930000000069
20
-78.3643500000000017
11
142.993187000000006
21
-78.2781899999999951
0
LINE
8
BLACK
6
CONTINUOUS
10
142.993187000000006
20
-78.2781899999999951
11
142.9931899999999985
21
-78.2781870000000026
0
LINE
8
BLACK
6
CONTINUOUS
10
142.9931899999999985
20
-78.2781870000000026
11
143.0793500000000051
21
-78.1630930000000035
0
LINE
8
BLACK
6
CONTINUOUS
10
143.0793500000000051
20
-78.1630930000000035
11
143.079353999999995
21
-78.1630859999999927
0
LINE
8
BLACK
6
CONTINUOUS
10
143.079353999999995
20
-78.1630859999999927
11
143.1295959999999923
21
-78.028379000000001
0
LINE
8
BLACK
6
CONTINUOUS
10
143.1295959999999923
20
-78.028379000000001
11
143.1295979999999872
21
-78.0283719999999903
0
LINE
8
BLACK
6
CONTINUOUS
10
143.1295979999999872
20
-78.0283719999999903
11
143.1327110000000005
21
-77.9994239999999905
0
LINE
8
BLACK
6
CONTINUOUS
10
143.1327110000000005
20
-77.9994239999999905
11
143.1594489999999951
21
-77.9348729999999961
0
LINE
8
BLACK
6
CONTINUOUS
10
143.1594489999999951
20
-77.9348729999999961
11
143.2168419999999855
21
-77.8950249999999897
0
LINE
8
BLACK
6
CONTINUOUS
10
143.2168419999999855
20
-77.8950249999999897
11
143.2866669999999942
21
-77.8925320000000028
0
LINE
8
BLACK
6
CONTINUOUS
10
143.2866669999999942
20
-77.8925320000000028
11
143.3467559999999992
21
-77.9281849999999991
0
LINE
8
BLACK
6
CONTINUOUS
10
143.3467559999999992
20
-77.9281849999999991
11
143.3780299999999954
21
-77.9906639999999953
0
LINE
8
BLACK
6
CONTINUOUS
10
143.3780299999999954
20
-77.9906639999999953
11
143.379289
21
-77.9994239999999905
0
LINE
8
BLACK
6
CONTINUOUS
10
143.379289
20
-77.9994239999999905
11
143.3824009999999873
21
-78.0283719999999903
0
LINE
8
BLACK
6
CONTINUOUS
10
143.3824009999999873
20
-78.0283719999999903
11
143.3824029999999823
21
-78.028379000000001
0
LINE
8
BLACK
6
CONTINUOUS
10
143.3824029999999823
20
-78.028379000000001
11
143.4326449999999795
21
-78.1630859999999927
0
LINE
8
BLACK
6
CONTINUOUS
10
143.4326449999999795
20
-78.1630859999999927
11
143.4326489999999978
21
-78.1630930000000035
0
LINE
8
BLACK
6
CONTINUOUS
10
143.4326489999999978
20
-78.1630930000000035
11
143.5188090000000045
21
-78.2781870000000026
0
LINE
8
BLACK
6
CONTINUOUS
10
143.5188090000000045
20
-78.2781870000000026
11
143.5188119999999969
21
-78.2781899999999951
0
LINE
8
BLACK
6
CONTINUOUS
10
143.5188119999999969
20
-78.2781899999999951
11
143.6339059999999961
21
-78.3643500000000017
0
LINE
8
BLACK
6
CONTINUOUS
10
143.6339059999999961
20
-78.3643500000000017
11
143.6339130000000068
21
-78.3643539999999916
0
LINE
8
BLACK
6
CONTINUOUS
10
143.6339130000000068
20
-78.3643539999999916
11
143.7686199999999985
21
-78.4145960000000031
0
LINE
8
BLACK
6
CONTINUOUS
10
143.7686199999999985
20
-78.4145960000000031
11
143.7686269999999809
21
-78.414597999999998
0
LINE
8
BLACK
6
CONTINUOUS
10
143.7686269999999809
20
-78.414597999999998
11
143.8281549999999811
21
-78.4209989999999948
0
LINE
8
BLACK
6
CONTINUOUS
10
143.8281549999999811
20
-78.4209989999999948
11
143.828171999999995
21
-78.4209999999999923
0
LINE
8
BLACK
6
CONTINUOUS
10
143.828171999999995
20
-78.4209999999999923
11
144.275999999999982
21
-78.4209999999999923
0
LINE
8
BLACK
6
CONTINUOUS
10
144.275999999999982
20
-78.4209999999999923
11
144.275999999999982
21
-78.1709999999999923
0
LINE
8
BLACK
6
CONTINUOUS
10
144.275999999999982
20
-78.1709999999999923
11
143.8760000000000048
21
-78.1709999999999923
0
LINE
8
BLACK
6
CONTINUOUS
10
143.8760000000000048
20
-78.1709999999999923
11
143.7803289999999947
21
-78.1519699999999915
0
LINE
8
BLACK
6
CONTINUOUS
10
143.7803289999999947
20
-78.1519699999999915
11
143.6992229999999893
21
-78.0977769999999936
0
LINE
8
BLACK
6
CONTINUOUS
10
143.6992229999999893
20
-78.0977769999999936
11
143.6450299999999913
21
-78.0166710000000023
0
LINE
8
BLACK
6
CONTINUOUS
10
143.6450299999999913
20
-78.0166710000000023
11
143.6260000000000048
21
-77.9209999999999923
0
LINE
8
BLACK
6
CONTINUOUS
10
143.6260000000000048
20
-77.9209999999999923
11
143.6260000000000048
21
-77.0959999999999894
0
LINE
8
BLACK
6
CONTINUOUS
10
143.6260000000000048
20
-77.0959999999999894
11
143.6450299999999913
21
-77.0003289999999936
0
LINE
8
BLACK
6
CONTINUOUS
10
143.6450299999999913
20
-77.0003289999999936
11
143.6992229999999893
21
-76.9192230000000023
0
LINE
8
BLACK
6
CONTINUOUS
10
143.6992229999999893
20
-76.9192230000000023
11
143.7803289999999947
21
-76.8650299999999902
0
LINE
8
BLACK
6
CONTINUOUS
10
143.7803289999999947
20
-76.8650299999999902
11
143.8760000000000048
21
-76.8459999999999894
0
LINE
8
BLACK
6
CONTINUOUS
10
143.8760000000000048
20
-76.8459999999999894
11
145.1759999999999877
21
-76.8459999999999894
0
LINE
8
BLACK
6
CONTINUOUS
10
145.1759999999999877
20
-76.8459999999999894
11
145.2716709999999978
21
-76.8650299999999902
0
LINE
8
BLACK
6
CONTINUOUS
10
145.2716709999999978
20
-76.8650299999999902
11
145.3527770000000032
21
-76.9192230000000023
0
LINE
8
BLACK
6
CONTINUOUS
10
145.3527770000000032
20
-76.9192230000000023
11
145.4069700000000012
21
-77.0003289999999936
0
LINE
8
BLACK
6
CONTINUOUS
10
145.4069700000000012
20
-77.0003289999999936
11
145.4259999999999877
21
-77.0959999999999894
0
LINE
8
BLACK
6
CONTINUOUS
10
145.4259999999999877
20
-77.0959999999999894
11
145.4259999999999877
21
-77.258499999999998
0
LINE
8
BLACK
6
CONTINUOUS
10
145.4259999999999877
20
-77.258499999999998
11
145.6759999999999877
21
-77.258499999999998
0
LINE
8
BLACK
6
CONTINUOUS
10
145.6759999999999877
20
-77.258499999999998
11
145.6759999999999877
21
-77.0481719999999939
0
LINE
8
BLACK
6
CONTINUOUS
10
145.6759999999999877
20
-77.0481719999999939
11
145.6759989999999902
21
-77.0481549999999942
0
LINE
8
BLACK
6
CONTINUOUS
10
145.6759989999999902
20
-77.0481549999999942
11
145.6695979999999793
21
-76.988624999999999
0
LINE
8
BLACK
6
CONTINUOUS
10
145.6695979999999793
20
-76.988624999999999
11
145.6693339999999921
21
-76.9875069999999937
0
LINE
8
BLACK
6
CONTINUOUS
10
145.6693339999999921
20
-76.9875069999999937
11
145.6693809999999871
21
-76.9866129999999913
0
LINE
8
BLACK
6
CONTINUOUS
10
145.6693809999999871
20
-76.9866129999999913
11
145.6687689999999975
21
-76.980913000000001
0
LINE
8
BLACK
6
CONTINUOUS
10
145.6687689999999975
20
-76.980913000000001
11
145.6696929999999952
21
-76.9808129999999977
0
LINE
8
BLACK
6
CONTINUOUS
10
145.6696929999999952
20
-76.9808129999999977
11
145.6730790000000013
21
-76.9177379999999999
0
LINE
8
BLACK
6
CONTINUOUS
10
145.6730790000000013
20
-76.9177379999999999
11
145.7139499999999828
21
-76.8610690000000005
0
LINE
8
BLACK
6
CONTINUOUS
10
145.7139499999999828
20
-76.8610690000000005
11
145.7789699999999868
21
-76.8354929999999996
0
LINE
8
BLACK
6
CONTINUOUS
10
145.7789699999999868
20
-76.8354929999999996
11
145.7900129999999876
21
-76.8349999999999937
0
LINE
8
BLACK
6
CONTINUOUS
10
145.7900129999999876
20
-76.8349999999999937
11
146.700997000000001
21
-76.8349999999999937
0
LINE
8
BLACK
6
CONTINUOUS
10
146.700997000000001
20
-76.8349999999999937
11
146.7009999999999934
21
-76.8349999999999937
0
LINE
8
BLACK
6
CONTINUOUS
10
146.7009999999999934
20
-76.8349999999999937
11
147.7009999999999934
21
-76.8349999999999937
0
LINE
8
BLACK
6
CONTINUOUS
10
147.7009999999999934
20
-76.8349999999999937
11
147.7009999999999934
21
-70.0940920000000034
0
LINE
8
BLACK
6
CONTINUOUS
10
147.7009999999999934
20
-70.0940920000000034
11
147.7015969999999925
21
-70.0819379999999938
0
LINE
8
BLACK
6
CONTINUOUS
10
147.7015969999999925
20
-70.0819379999999938
11
147.7190180000000055
21
-69.9050560000000019
0
LINE
8
BLACK
6
CONTINUOUS
10
147.7190180000000055
20
-69.9050560000000019
11
147.7237570000000062
21
-69.8812319999999971
0
LINE
8
BLACK
6
CONTINUOUS
10
147.7237570000000062
20
-69.8812319999999971
11
147.7735769999999889
21
-69.7169939999999997
0
LINE
8
BLACK
6
CONTINUOUS
10
147.7735769999999889
20
-69.7169939999999997
11
147.78287499999999
21
-69.694548999999995
0
LINE
8
BLACK
6
CONTINUOUS
10
147.78287499999999
20
-69.694548999999995
11
147.863775000000004
21
-69.5431949999999972
0
LINE
8
BLACK
6
CONTINUOUS
10
147.863775000000004
20
-69.5431949999999972
11
147.8772720000000049
21
-69.5229949999999945
0
LINE
8
BLACK
6
CONTINUOUS
10
147.8772720000000049
20
-69.5229949999999945
11
147.9861489999999833
21
-69.3903279999999967
0
LINE
8
BLACK
6
CONTINUOUS
10
147.9861489999999833
20
-69.3903279999999967
11
148.003327999999982
21
-69.373148999999998
0
LINE
8
BLACK
6
CONTINUOUS
10
148.003327999999982
20
-69.373148999999998
11
148.1359949999999799
21
-69.2642719999999912
0
LINE
8
BLACK
6
CONTINUOUS
10
148.1359949999999799
20
-69.2642719999999912
11
148.1561949999999968
21
-69.2507749999999902
0
LINE
8
BLACK
6
CONTINUOUS
10
148.1561949999999968
20
-69.2507749999999902
11
148.3075489999999945
21
-69.1698749999999905
0
LINE
8
BLACK
6
CONTINUOUS
10
148.3075489999999945
20
-69.1698749999999905
11
148.3299939999999992
21
-69.1605770000000035
0
LINE
8
BLACK
6
CONTINUOUS
10
148.3299939999999992
20
-69.1605770000000035
11
148.4942319999999825
21
-69.1107569999999924
0
LINE
8
BLACK
6
CONTINUOUS
10
148.4942319999999825
20
-69.1107569999999924
11
148.5180560000000014
21
-69.1060179999999917
0
LINE
8
BLACK
6
CONTINUOUS
10
148.5180560000000014
20
-69.1060179999999917
11
148.6949390000000051
21
-69.0885969999999929
0
LINE
8
BLACK
6
CONTINUOUS
10
148.6949390000000051
20
-69.0885969999999929
11
148.7070929999999862
21
-69.0879999999999939
0
LINE
8
BLACK
6
CONTINUOUS
10
148.7070929999999862
20
-69.0879999999999939
11
149.8759969999999839
21
-69.0879999999999939
0
LINE
8
BLACK
6
CONTINUOUS
10
149.8759969999999839
20
-69.0879999999999939
11
149.8760000000000048
21
-69.0879999999999939
0
LINE
8
BLACK
6
CONTINUOUS
10
149.8760000000000048
20
-69.0879999999999939
11
150.8760000000000048
21
-69.0879999999999939
0
LINE
8
BLACK
6
CONTINUOUS
10
150.8760000000000048
20
-69.0879999999999939
11
150.8760000000000048
21
-68.2548089999999945
0
LINE
8
BLACK
6
CONTINUOUS
10
150.8760000000000048
20
-68.2548089999999945
11
150.8854429999999809
21
-68.2390549999999934
0
LINE
8
BLACK
6
CONTINUOUS
10
150.8854429999999809
20
-68.2390549999999934
11
150.9184979999999996
21
-68.2060000000000031
0
LINE
8
BLACK
6
CONTINUOUS
10
150.9184979999999996
20
-68.2060000000000031
11
150.9184999999999945
21
-68.2059979999999939
0
LINE
8
BLACK
6
CONTINUOUS
10
150.9184999999999945
20
-68.2059979999999939
11
150.9184999999999945
21
-67.9560000000000031
0
LINE
8
BLACK
6
CONTINUOUS
10
150.9184999999999945
20
-67.9560000000000031
11
150.7560000000000002
21
-67.9560000000000031
0
LINE
8
BLACK
6
CONTINUOUS
10
150.7560000000000002
20
-67.9560000000000031
11
150.6603289999999902
21
-67.9369700000000023
0
LINE
8
BLACK
6
CONTINUOUS
10
150.6603289999999902
20
-67.9369700000000023
11
150.5792229999999847
21
-67.8827769999999902
0
LINE
8
BLACK
6
CONTINUOUS
10
150.5792229999999847
20
-67.8827769999999902
11
150.5250299999999868
21
-67.8016709999999989
0
LINE
8
BLACK
6
CONTINUOUS
10
150.5250299999999868
20
-67.8016709999999989
11
150.5060000000000002
21
-67.7060000000000031
0
LINE
8
BLACK
6
CONTINUOUS
10
150.5060000000000002
20
-67.7060000000000031
11
150.5060000000000002
21
-66.4059999999999917
0
LINE
8
BLACK
6
CONTINUOUS
10
150.5060000000000002
20
-66.4059999999999917
11
150.5250299999999868
21
-66.3103289999999959
0
LINE
8
BLACK
6
CONTINUOUS
10
150.5250299999999868
20
-66.3103289999999959
11
150.5792229999999847
21
-66.2292229999999904
0
LINE
8
BLACK
6
CONTINUOUS
10
150.5792229999999847
20
-66.2292229999999904
11
150.6603289999999902
21
-66.1750299999999925
0
LINE
8
BLACK
6
CONTINUOUS
10
150.6603289999999902
20
-66.1750299999999925
11
150.7560000000000002
21
-66.1559999999999917
0
LINE
8
BLACK
6
CONTINUOUS
10
150.7560000000000002
20
-66.1559999999999917
11
151.5809999999999889
21
-66.1559999999999917
0
LINE
8
BLACK
6
CONTINUOUS
10
151.5809999999999889
20
-66.1559999999999917
11
151.6766709999999989
21
-66.1750299999999925
0
LINE
8
BLACK
6
CONTINUOUS
10
151.6766709999999989
20
-66.1750299999999925
11
151.7577770000000044
21
-66.2292229999999904
0
LINE
8
BLACK
6
CONTINUOUS
10
151.7577770000000044
20
-66.2292229999999904
11
151.8119700000000023
21
-66.3103289999999959
0
LINE
8
BLACK
6
CONTINUOUS
10
151.8119700000000023
20
-66.3103289999999959
11
151.8309999999999889
21
-66.4059999999999917
0
LINE
8
BLACK
6
CONTINUOUS
10
151.8309999999999889
20
-66.4059999999999917
11
151.8309999999999889
21
-66.8059999999999974
0
LINE
8
BLACK
6
CONTINUOUS
10
151.8309999999999889
20
-66.8059999999999974
11
152.0809999999999889
21
-66.8059999999999974
0
LINE
8
BLACK
6
CONTINUOUS
10
152.0809999999999889
20
-66.8059999999999974
11
152.0809999999999889
21
-66.3581719999999962
0
LINE
8
BLACK
6
CONTINUOUS
10
152.0809999999999889
20
-66.3581719999999962
11
152.0809989999999914
21
-66.3581549999999964
0
LINE
8
BLACK
6
CONTINUOUS
10
152.0809989999999914
20
-66.3581549999999964
11
152.0745979999999804
21
-66.2986269999999962
0
LINE
8
BLACK
6
CONTINUOUS
10
152.0745979999999804
20
-66.2986269999999962
11
152.0745959999999855
21
-66.2986199999999997
0
LINE
8
BLACK
6
CONTINUOUS
10
152.0745959999999855
20
-66.2986199999999997
11
152.0243539999999882
21
-66.1639129999999938
0
LINE
8
BLACK
6
CONTINUOUS
10
152.0243539999999882
20
-66.1639129999999938
11
152.0243499999999983
21
-66.1639059999999972
0
LINE
8
BLACK
6
CONTINUOUS
10
152.0243499999999983
20
-66.1639059999999972
11
151.9381899999999916
21
-66.0488119999999981
0
LINE
8
BLACK
6
CONTINUOUS
10
151.9381899999999916
20
-66.0488119999999981
11
151.9381869999999992
21
-66.0488089999999914
0
LINE
8
BLACK
6
CONTINUOUS
10
151.9381869999999992
20
-66.0488089999999914
11
151.8230930000000001
21
-65.962648999999999
0
LINE
8
BLACK
6
CONTINUOUS
10
151.8230930000000001
20
-65.962648999999999
11
151.8230859999999893
21
-65.9626449999999949
0
LINE
8
BLACK
6
CONTINUOUS
10
151.8230859999999893
20
-65.9626449999999949
11
151.6883789999999976
21
-65.9124029999999976
0
LINE
8
BLACK
6
CONTINUOUS
10
151.6883789999999976
20
-65.9124029999999976
11
151.6883719999999869
21
-65.9124010000000027
0
LINE
8
BLACK
6
CONTINUOUS
10
151.6883719999999869
20
-65.9124010000000027
11
151.6594240000000013
21
-65.9092890000000011
0
LINE
8
BLACK
6
CONTINUOUS
10
151.6594240000000013
20
-65.9092890000000011
11
151.5948730000000069
21
-65.8825509999999923
0
LINE
8
BLACK
6
CONTINUOUS
10
151.5948730000000069
20
-65.8825509999999923
11
151.5550250000000005
21
-65.8251580000000018
0
LINE
8
BLACK
6
CONTINUOUS
10
151.5550250000000005
20
-65.8251580000000018
11
151.5525319999999851
21
-65.7553329999999931
0
LINE
8
BLACK
6
CONTINUOUS
10
151.5525319999999851
20
-65.7553329999999931
11
151.5881849999999815
21
-65.6952440000000024
0
LINE
8
BLACK
6
CONTINUOUS
10
151.5881849999999815
20
-65.6952440000000024
11
151.6506640000000061
21
-65.663969999999992
0
LINE
8
BLACK
6
CONTINUOUS
10
151.6506640000000061
20
-65.663969999999992
11
151.6594240000000013
21
-65.6627110000000016
0
LINE
8
BLACK
6
CONTINUOUS
10
151.6594240000000013
20
-65.6627110000000016
11
151.6883719999999869
21
-65.6595980000000026
0
LINE
8
BLACK
6
CONTINUOUS
10
151.6883719999999869
20
-65.6595980000000026
11
151.6883789999999976
21
-65.6595959999999934
0
LINE
8
BLACK
6
CONTINUOUS
10
151.6883789999999976
20
-65.6595959999999934
11
151.8230859999999893
21
-65.6093539999999962
0
LINE
8
BLACK
6
CONTINUOUS
10
151.8230859999999893
20
-65.6093539999999962
11
151.8230930000000001
21
-65.6093499999999921
0
LINE
8
BLACK
6
CONTINUOUS
10
151.8230930000000001
20
-65.6093499999999921
11
151.9381869999999992
21
-65.5231899999999996
0
LINE
8
BLACK
6
CONTINUOUS
10
151.9381869999999992
20
-65.5231899999999996
11
151.9381899999999916
21
-65.523186999999993
0
LINE
8
BLACK
6
CONTINUOUS
10
151.9381899999999916
20
-65.523186999999993
11
152.0243499999999983
21
-65.4080929999999938
0
LINE
8
BLACK
6
CONTINUOUS
10
152.0243499999999983
20
-65.4080929999999938
11
152.0243539999999882
21
-65.4080859999999973
0
LINE
8
BLACK
6
CONTINUOUS
10
152.0243539999999882
20
-65.4080859999999973
11
152.0745959999999855
21
-65.2733789999999914
0
LINE
8
BLACK
6
CONTINUOUS
10
152.0745959999999855
20
-65.2733789999999914
11
152.0745979999999804
21
-65.2733719999999948
0
LINE
8
BLACK
6
CONTINUOUS
10
152.0745979999999804
20
-65.2733719999999948
11
152.0809989999999914
21
-65.2138439999999946
0
LINE
8
BLACK
6
CONTINUOUS
10
152.0809989999999914
20
-65.2138439999999946
11
152.0809999999999889
21
-65.2138269999999949
0
LINE
8
BLACK
6
CONTINUOUS
10
152.0809999999999889
20
-65.2138269999999949
11
152.0809999999999889
21
-64.7659999999999911
0
LINE
8
BLACK
6
CONTINUOUS
10
152.0809999999999889
20
-64.7659999999999911
11
151.8309999999999889
21
-64.7659999999999911
0
LINE
8
BLACK
6
CONTINUOUS
10
151.8309999999999889
20
-64.7659999999999911
11
151.8309999999999889
21
-65.1659999999999968
0
LINE
8
BLACK
6
CONTINUOUS
10
151.8309999999999889
20
-65.1659999999999968
11
151.8119700000000023
21
-65.2616709999999927
0
LINE
8
BLACK
6
CONTINUOUS
10
151.8119700000000023
20
-65.2616709999999927
11
151.7577770000000044
21
-65.3427769999999981
0
LINE
8
BLACK
6
CONTINUOUS
10
151.7577770000000044
20
-65.3427769999999981
11
151.6766709999999989
21
-65.396969999999996
0
LINE
8
BLACK
6
CONTINUOUS
10
151.6766709999999989
20
-65.396969999999996
11
151.5809999999999889
21
-65.4159999999999968
0
LINE
8
BLACK
6
CONTINUOUS
10
151.5809999999999889
20
-65.4159999999999968
11
150.7560000000000002
21
-65.4159999999999968
0
LINE
8
BLACK
6
CONTINUOUS
10
150.7560000000000002
20
-65.4159999999999968
11
150.6603289999999902
21
-65.396969999999996
0
LINE
8
BLACK
6
CONTINUOUS
10
150.6603289999999902
20
-65.396969999999996
11
150.5792229999999847
21
-65.3427769999999981
0
LINE
8
BLACK
6
CONTINUOUS
10
150.5792229999999847
20
-65.3427769999999981
11
150.5250299999999868
21
-65.2616709999999927
0
LINE
8
BLACK
6
CONTINUOUS
10
150.5250299999999868
20
-65.2616709999999927
11
150.5060000000000002
21
-65.1659999999999968
0
LINE
8
BLACK
6
CONTINUOUS
10
150.5060000000000002
20
-65.1659999999999968
11
150.5060000000000002
21
-63.8659999999999997
0
LINE
8
BLACK
6
CONTINUOUS
10
150.5060000000000002
20
-63.8659999999999997
11
150.5250299999999868
21
-63.7703289999999967
0
LINE
8
BLACK
6
CONTINUOUS
10
150.5250299999999868
20
-63.7703289999999967
11
150.5792229999999847
21
-63.6892229999999984
0
LINE
8
BLACK
6
CONTINUOUS
10
150.5792229999999847
20
-63.6892229999999984
11
150.6603289999999902
21
-63.6350300000000004
0
LINE
8
BLACK
6
CONTINUOUS
10
150.6603289999999902
20
-63.6350300000000004
11
150.7560000000000002
21
-63.6159999999999997
0
LINE
8
BLACK
6
CONTINUOUS
10
150.7560000000000002
20
-63.6159999999999997
11
150.9184999999999945
21
-63.6159999999999997
0
LINE
8
BLACK
6
CONTINUOUS
10
150.9184999999999945
20
-63.6159999999999997
11
150.9184999999999945
21
-63.3659999999999997
0
LINE
8
BLACK
6
CONTINUOUS
10
150.9184999999999945
20
-63.3659999999999997
11
150.9123189999999965
21
-63.3598189999999946
0
LINE
8
BLACK
6
CONTINUOUS
10
150.9123189999999965
20
-63.3598189999999946
11
150.8788339999999835
21
-63.2984960000000001
0
LINE
8
BLACK
6
CONTINUOUS
10
150.8788339999999835
20
-63.2984960000000001
11
150.8760000000000048
21
-63.2721379999999982
0
LINE
8
BLACK
6
CONTINUOUS
10
150.8760000000000048
20
-63.2721379999999982
11
150.8760000000000048
21
-62.7379999999999995
0
LINE
8
BLACK
6
CONTINUOUS
10
150.8760000000000048
20
-62.7379999999999995
11
150.8760000000000048
21
-54.9810919999999967
0
LINE
8
BLACK
6
CONTINUOUS
10
150.8760000000000048
20
-54.9810919999999967
11
150.8765970000000038
21
-54.9689379999999943
0
LINE
8
BLACK
6
CONTINUOUS
10
150.8765970000000038
20
-54.9689379999999943
11
150.8940179999999884
21
-54.7920559999999952
0
LINE
8
BLACK
6
CONTINUOUS
10
150.8940179999999884
20
-54.7920559999999952
11
150.8987569999999891
21
-54.7682319999999976
0
LINE
8
BLACK
6
CONTINUOUS
10
150.8987569999999891
20
-54.7682319999999976
11
150.9485770000000002
21
-54.6039940000000001
0
LINE
8
BLACK
6
CONTINUOUS
10
150.9485770000000002
20
-54.6039940000000001
11
150.9578750000000014
21
-54.5815489999999954
0
LINE
8
BLACK
6
CONTINUOUS
10
150.9578750000000014
20
-54.5815489999999954
11
151.0387749999999869
21
-54.4301949999999977
0
LINE
8
BLACK
6
CONTINUOUS
10
151.0387749999999869
20
-54.4301949999999977
11
151.0522719999999879
21
-54.409994999999995
0
LINE
8
BLACK
6
CONTINUOUS
10
151.0522719999999879
20
-54.409994999999995
11
151.1059999999999945
21
-54.3445269999999994
0
LINE
8
BLACK
6
CONTINUOUS
10
151.1059999999999945
20
-54.3445269999999994
11
151.1059999999999945
21
-54.1385000000000005
0
LINE
8
BLACK
6
CONTINUOUS
10
151.1059999999999945
20
-54.1385000000000005
11
151.3301099999999906
21
-54.1385000000000005
0
LINE
8
BLACK
6
CONTINUOUS
10
151.3301099999999906
20
-54.1385000000000005
11
151.3311949999999797
21
-54.1377749999999978
0
LINE
8
BLACK
6
CONTINUOUS
10
151.3311949999999797
20
-54.1377749999999978
11
151.4825490000000059
21
-54.056874999999998
0
LINE
8
BLACK
6
CONTINUOUS
10
151.4825490000000059
20
-54.056874999999998
11
151.5049939999999822
21
-54.0475769999999969
0
LINE
8
BLACK
6
CONTINUOUS
10
151.5049939999999822
20
-54.0475769999999969
11
151.6692319999999938
21
-53.997757
0
LINE
8
BLACK
6
CONTINUOUS
10
151.6692319999999938
20
-53.997757
11
151.6930559999999844
21
-53.9930179999999993
0
LINE
8
BLACK
6
CONTINUOUS
10
151.6930559999999844
20
-53.9930179999999993
11
151.869938999999988
21
-53.9755970000000005
0
LINE
8
BLACK
6
CONTINUOUS
10
151.869938999999988
20
-53.9755970000000005
11
151.8820929999999976
21
-53.9749999999999943
0
LINE
8
BLACK
6
CONTINUOUS
10
151.8820929999999976
20
-53.9749999999999943
11
160.4109069999999804
21
-53.9749999999999943
0
LINE
8
BLACK
6
CONTINUOUS
10
160.4109069999999804
20
-53.9749999999999943
11
160.4230609999999899
21
-53.9755970000000005
0
LINE
8
BLACK
6
CONTINUOUS
10
160.4230609999999899
20
-53.9755970000000005
11
160.5999410000000012
21
-53.9930179999999993
0
LINE
8
BLACK
6
CONTINUOUS
10
160.5999410000000012
20
-53.9930179999999993
11
160.6237689999999816
21
-53.997757
0
LINE
8
BLACK
6
CONTINUOUS
10
160.6237689999999816
20
-53.997757
11
160.78800099999998
21
-54.0475759999999994
0
LINE
8
BLACK
6
CONTINUOUS
10
160.78800099999998
20
-54.0475759999999994
11
160.8104529999999954
21
-54.0568770000000001
0
LINE
8
BLACK
6
CONTINUOUS
10
160.8104529999999954
20
-54.0568770000000001
11
160.9617979999999875
21
-54.1377719999999982
0
LINE
8
BLACK
6
CONTINUOUS
10
160.9617979999999875
20
-54.1377719999999982
11
160.9820100000000025
21
-54.1512770000000003
0
LINE
8
BLACK
6
CONTINUOUS
10
160.9820100000000025
20
-54.1512770000000003
11
161.1146659999999997
21
-54.2601449999999943
0
LINE
8
BLACK
6
CONTINUOUS
10
161.1146659999999997
20
-54.2601449999999943
11
161.1318540000000041
21
-54.2773329999999987
0
LINE
8
BLACK
6
CONTINUOUS
10
161.1318540000000041
20
-54.2773329999999987
11
161.2407220000000052
21
-54.4099889999999959
0
LINE
8
BLACK
6
CONTINUOUS
10
161.2407220000000052
20
-54.4099889999999959
11
161.254226999999986
21
-54.4302009999999967
0
LINE
8
BLACK
6
CONTINUOUS
10
161.254226999999986
20
-54.4302009999999967
11
161.3351209999999867
21
-54.5815429999999964
0
LINE
8
BLACK
6
CONTINUOUS
10
161.3351209999999867
20
-54.5815429999999964
11
161.3444240000000036
21
-54.6040009999999967
0
LINE
8
BLACK
6
CONTINUOUS
10
161.3444240000000036
20
-54.6040009999999967
11
161.3942399999999964
21
-54.7682239999999965
0
LINE
8
BLACK
6
CONTINUOUS
10
161.3942399999999964
20
-54.7682239999999965
11
161.3989819999999895
21
-54.7920650000000009
0
LINE
8
BLACK
6
CONTINUOUS
10
161.3989819999999895
20
-54.7920650000000009
11
161.4164030000000025
21
-54.9689379999999943
0
LINE
8
BLACK
6
CONTINUOUS
10
161.4164030000000025
20
-54.9689379999999943
11
161.4170000000000016
21
-54.9810919999999967
0
LINE
8
BLACK
6
CONTINUOUS
10
161.4170000000000016
20
-54.9810919999999967
11
161.4170000000000016
21
-61.4779069999999948
0
LINE
8
BLACK
6
CONTINUOUS
10
161.4170000000000016
20
-61.4779069999999948
11
161.4164030000000025
21
-61.4900609999999972
0
LINE
8
BLACK
6
CONTINUOUS
10
161.4164030000000025
20
-61.4900609999999972
11
161.3989819999999895
21
-61.6669339999999977
0
LINE
8
BLACK
6
CONTINUOUS
10
161.3989819999999895
20
-61.6669339999999977
11
161.3942399999999964
21
-61.690774999999995
0
LINE
8
BLACK
6
CONTINUOUS
10
161.3942399999999964
20
-61.690774999999995
11
161.3444240000000036
21
-61.8549979999999948
0
LINE
8
BLACK
6
CONTINUOUS
10
161.3444240000000036
20
-61.8549979999999948
11
161.3351209999999867
21
-61.8774559999999951
0
LINE
8
BLACK
6
CONTINUOUS
10
161.3351209999999867
20
-61.8774559999999951
11
161.254226999999986
21
-62.0287979999999948
0
LINE
8
BLACK
6
CONTINUOUS
10
161.254226999999986
20
-62.0287979999999948
11
161.2407220000000052
21
-62.0490099999999956
0
LINE
8
BLACK
6
CONTINUOUS
10
161.2407220000000052
20
-62.0490099999999956
11
161.1318540000000041
21
-62.1816659999999999
0
LINE
8
BLACK
6
CONTINUOUS
10
161.1318540000000041
20
-62.1816659999999999
11
161.1146659999999997
21
-62.1988539999999972
0
LINE
8
BLACK
6
CONTINUOUS
10
161.1146659999999997
20
-62.1988539999999972
11
160.9820100000000025
21
-62.3077219999999983
0
LINE
8
BLACK
6
CONTINUOUS
10
160.9820100000000025
20
-62.3077219999999983
11
160.9617979999999875
21
-62.3212270000000004
0
LINE
8
BLACK
6
CONTINUOUS
10
160.9617979999999875
20
-62.3212270000000004
11
160.8104559999999879
21
-62.402120999999994
0
LINE
8
BLACK
6
CONTINUOUS
10
160.8104559999999879
20
-62.402120999999994
11
160.7879979999999875
21
-62.4114239999999967
0
LINE
8
BLACK
6
CONTINUOUS
10
160.7879979999999875
20
-62.4114239999999967
11
160.6237749999999949
21
-62.4612399999999965
0
LINE
8
BLACK
6
CONTINUOUS
10
160.6237749999999949
20
-62.4612399999999965
11
160.5999339999999904
21
-62.4659819999999968
0
LINE
8
BLACK
6
CONTINUOUS
10
160.5999339999999904
20
-62.4659819999999968
11
160.4230609999999899
21
-62.4834029999999956
0
LINE
8
BLACK
6
CONTINUOUS
10
160.4230609999999899
20
-62.4834029999999956
11
160.4109069999999804
21
-62.4839999999999947
0
LINE
8
BLACK
6
CONTINUOUS
10
160.4109069999999804
20
-62.4839999999999947
11
152.907999999999987
21
-62.4839999999999947
0
LINE
8
BLACK
6
CONTINUOUS
10
152.907999999999987
20
-62.4839999999999947
11
152.907999999999987
21
-62.7379999999999995
0
LINE
8
BLACK
6
CONTINUOUS
10
152.907999999999987
20
-62.7379999999999995
11
152.907999999999987
21
-76.7079999999999984
0
LINE
8
BLACK
6
CONTINUOUS
10
152.907999999999987
20
-76.7079999999999984
11
153.6188119999999913
21
-76.7079999999999984
0
LINE
8
BLACK
6
CONTINUOUS
10
153.6188119999999913
20
-76.7079999999999984
11
153.633246999999983
21
-76.7403699999999986
0
LINE
8
BLACK
6
CONTINUOUS
10
153.633246999999983
20
-76.7403699999999986
11
153.6226869999999849
21
-76.8094370000000026
0
LINE
8
BLACK
6
CONTINUOUS
10
153.6226869999999849
20
-76.8094370000000026
11
153.6096249999999941
21
-76.8312310000000025
0
LINE
8
BLACK
6
CONTINUOUS
10
153.6096249999999941
20
-76.8312310000000025
11
153.592646000000002
21
-76.8539109999999965
0
LINE
8
BLACK
6
CONTINUOUS
10
153.592646000000002
20
-76.8539109999999965
11
153.5926450000000045
21
-76.8539129999999915
0
LINE
8
BLACK
6
CONTINUOUS
10
153.5926450000000045
20
-76.8539129999999915
11
153.5424029999999789
21
-76.9886199999999974
0
LINE
8
BLACK
6
CONTINUOUS
10
153.5424029999999789
20
-76.9886199999999974
11
153.5424009999999839
21
-76.9886269999999939
0
LINE
8
BLACK
6
CONTINUOUS
10
153.5424009999999839
20
-76.9886269999999939
11
153.5360000000000014
21
-77.0481549999999942
0
LINE
8
BLACK
6
CONTINUOUS
10
153.5360000000000014
20
-77.0481549999999942
11
153.5360000000000014
21
-77.258499999999998
0
LINE
8
BLACK
6
CONTINUOUS
10
153.5360000000000014
20
-77.258499999999998
11
153.7860000000000014
21
-77.258499999999998
0
LINE
8
BLACK
6
CONTINUOUS
10
153.7860000000000014
20
-77.258499999999998
11
153.7860000000000014
21
-77.0959999999999894
0
LINE
8
BLACK
6
CONTINUOUS
10
153.7860000000000014
20
-77.0959999999999894
11
153.8050299999999879
21
-77.0003289999999936
0
LINE
8
BLACK
6
CONTINUOUS
10
153.8050299999999879
20
-77.0003289999999936
11
153.8592229999999859
21
-76.9192230000000023
0
LINE
8
BLACK
6
CONTINUOUS
10
153.8592229999999859
20
-76.9192230000000023
11
153.9403289999999913
21
-76.8650299999999902
0
LINE
8
BLACK
6
CONTINUOUS
10
153.9403289999999913
20
-76.8650299999999902
11
154.0360000000000014
21
-76.8459999999999894
0
LINE
8
BLACK
6
CONTINUOUS
10
154.0360000000000014
20
-76.8459999999999894
11
155.3359999999999843
21
-76.8459999999999894
0
LINE
8
BLACK
6
CONTINUOUS
10
155.3359999999999843
20
-76.8459999999999894
11
155.4316709999999944
21
-76.8650299999999902
0
LINE
8
BLACK
6
CONTINUOUS
10
155.4316709999999944
20
-76.8650299999999902
11
155.5127769999999998
21
-76.9192230000000023
0
LINE
8
BLACK
6
CONTINUOUS
10
155.5127769999999998
20
-76.9192230000000023
11
155.5669699999999978
21
-77.0003289999999936
0
LINE
8
BLACK
6
CONTINUOUS
10
155.5669699999999978
20
-77.0003289999999936
11
155.5859999999999843
21
-77.0959999999999894
0
LINE
8
BLACK
6
CONTINUOUS
10
155.5859999999999843
20
-77.0959999999999894
11
155.5859999999999843
21
-77.9209999999999923
0
LINE
8
BLACK
6
CONTINUOUS
10
155.5859999999999843
20
-77.9209999999999923
11
155.5669699999999978
21
-78.0166710000000023
0
LINE
8
BLACK
6
CONTINUOUS
10
155.5669699999999978
20
-78.0166710000000023
11
155.5127769999999998
21
-78.0977769999999936
0
LINE
8
BLACK
6
CONTINUOUS
10
155.5127769999999998
20
-78.0977769999999936
11
155.4316709999999944
21
-78.1519699999999915
0
LINE
8
BLACK
6
CONTINUOUS
10
155.4316709999999944
20
-78.1519699999999915
11
155.3359999999999843
21
-78.1709999999999923
0
LINE
8
BLACK
6
CONTINUOUS
10
155.3359999999999843
20
-78.1709999999999923
11
154.936000000000007
21
-78.1709999999999923
0
LINE
8
BLACK
6
CONTINUOUS
10
154.936000000000007
20
-78.1709999999999923
11
154.936000000000007
21
-78.4209999999999923
0
LINE
8
BLACK
6
CONTINUOUS
10
154.936000000000007
20
-78.4209999999999923
11
155.3838279999999941
21
-78.4209999999999923
0
LINE
8
BLACK
6
CONTINUOUS
10
155.3838279999999941
20
-78.4209999999999923
11
155.3838439999999821
21
-78.4209989999999948
0
LINE
8
BLACK
6
CONTINUOUS
10
155.3838439999999821
20
-78.4209989999999948
11
155.4433719999999823
21
-78.414597999999998
0
LINE
8
BLACK
6
CONTINUOUS
10
155.4433719999999823
20
-78.414597999999998
11
155.4433789999999931
21
-78.4145960000000031
0
LINE
8
BLACK
6
CONTINUOUS
10
155.4433789999999931
20
-78.4145960000000031
11
155.5780859999999848
21
-78.3643539999999916
0
LINE
8
BLACK
6
CONTINUOUS
10
155.5780859999999848
20
-78.3643539999999916
11
155.5780929999999955
21
-78.3643500000000017
0
LINE
8
BLACK
6
CONTINUOUS
10
155.5780929999999955
20
-78.3643500000000017
11
155.6931869999999947
21
-78.2781899999999951
0
LINE
8
BLACK
6
CONTINUOUS
10
155.6931869999999947
20
-78.2781899999999951
11
155.6931899999999871
21
-78.2781870000000026
0
LINE
8
BLACK
6
CONTINUOUS
10
155.6931899999999871
20
-78.2781870000000026
11
155.7793499999999938
21
-78.1630930000000035
0
LINE
8
BLACK
6
CONTINUOUS
10
155.7793499999999938
20
-78.1630930000000035
11
155.7793539999999837
21
-78.1630859999999927
0
LINE
8
BLACK
6
CONTINUOUS
10
155.7793539999999837
20
-78.1630859999999927
11
155.8295959999999809
21
-78.028379000000001
0
LINE
8
BLACK
6
CONTINUOUS
10
155.8295959999999809
20
-78.028379000000001
11
155.8295980000000043
21
-78.0283719999999903
0
LINE
8
BLACK
6
CONTINUOUS
10
155.8295980000000043
20
-78.0283719999999903
11
155.8327109999999891
21
-77.9994239999999905
0
LINE
8
BLACK
6
CONTINUOUS
10
155.8327109999999891
20
-77.9994239999999905
11
155.8594489999999837
21
-77.9348729999999961
0
LINE
8
BLACK
6
CONTINUOUS
10
155.8594489999999837
20
-77.9348729999999961
11
155.9168420000000026
21
-77.8950249999999897
0
LINE
8
BLACK
6
CONTINUOUS
10
155.9168420000000026
20
-77.8950249999999897
11
155.9866669999999829
21
-77.8925320000000028
0
LINE
8
BLACK
6
CONTINUOUS
10
155.9866669999999829
20
-77.8925320000000028
11
156.0467559999999878
21
-77.9281849999999991
0
LINE
8
BLACK
6
CONTINUOUS
10
156.0467559999999878
20
-77.9281849999999991
11
156.0780299999999841
21
-77.9906639999999953
0
LINE
8
BLACK
6
CONTINUOUS
10
156.0780299999999841
20
-77.9906639999999953
11
156.0792889999999886
21
-77.9994239999999905
0
LINE
8
BLACK
6
CONTINUOUS
10
156.0792889999999886
20
-77.9994239999999905
11
156.0824010000000044
21
-78.0283719999999903
0
LINE
8
BLACK
6
CONTINUOUS
10
156.0824010000000044
20
-78.0283719999999903
11
156.0824029999999993
21
-78.028379000000001
0
LINE
8
BLACK
6
CONTINUOUS
10
156.0824029999999993
20
-78.028379000000001
11
156.1326449999999966
21
-78.1630859999999927
0
LINE
8
BLACK
6
CONTINUOUS
10
156.1326449999999966
20
-78.1630859999999927
11
156.1326489999999865
21
-78.1630930000000035
0
LINE
8
BLACK
6
CONTINUOUS
10
156.1326489999999865
20
-78.1630930000000035
11
156.2188089999999931
21
-78.2781870000000026
0
LINE
8
BLACK
6
CONTINUOUS
10
156.2188089999999931
20
-78.2781870000000026
11
156.2188119999999856
21
-78.2781899999999951
0
LINE
8
BLACK
6
CONTINUOUS
10
156.2188119999999856
20
-78.2781899999999951
11
156.3339059999999847
21
-78.3643500000000017
0
LINE
8
BLACK
6
CONTINUOUS
10
156.3339059999999847
20
-78.3643500000000017
11
156.3339129999999955
21
-78.3643539999999916
0
LINE
8
BLACK
6
CONTINUOUS
10
156.3339129999999955
20
-78.3643539999999916
11
156.4686199999999872
21
-78.4145960000000031
0
LINE
8
BLACK
6
CONTINUOUS
10
156.4686199999999872
20
-78.4145960000000031
11
156.4686269999999979
21
-78.414597999999998
0
LINE
8
BLACK
6
CONTINUOUS
10
156.4686269999999979
20
-78.414597999999998
11
156.5281549999999982
21
-78.4209989999999948
0
LINE
8
BLACK
6
CONTINUOUS
10
156.5281549999999982
20
-78.4209989999999948
11
156.5281719999999837
21
-78.4209999999999923
0
LINE
8
BLACK
6
CONTINUOUS
10
156.5281719999999837
20
-78.4209999999999923
11
156.9759999999999991
21
-78.4209999999999923
0
LINE
8
BLACK
6
CONTINUOUS
10
156.9759999999999991
20
-78.4209999999999923
11
156.9759999999999991
21
-78.1709999999999923
0
LINE
8
BLACK
6
CONTINUOUS
10
156.9759999999999991
20
-78.1709999999999923
11
156.5759999999999934
21
-78.1709999999999923
0
LINE
8
BLACK
6
CONTINUOUS
10
156.5759999999999934
20
-78.1709999999999923
11
156.4803289999999834
21
-78.1519699999999915
0
LINE
8
BLACK
6
CONTINUOUS
10
156.4803289999999834
20
-78.1519699999999915
11
156.3992230000000063
21
-78.0977769999999936
0
LINE
8
BLACK
6
CONTINUOUS
10
156.3992230000000063
20
-78.0977769999999936
11
156.34502999999998
21
-78.0166710000000023
0
LINE
8
BLACK
6
CONTINUOUS
10
156.34502999999998
20
-78.0166710000000023
11
156.3259999999999934
21
-77.9209999999999923
0
LINE
8
BLACK
6
CONTINUOUS
10
156.3259999999999934
20
-77.9209999999999923
11
156.3259999999999934
21
-77.0959999999999894
0
LINE
8
BLACK
6
CONTINUOUS
10
156.3259999999999934
20
-77.0959999999999894
11
156.34502999999998
21
-77.0003289999999936
0
LINE
8
BLACK
6
CONTINUOUS
10
156.34502999999998
20
-77.0003289999999936
11
156.3992230000000063
21
-76.9192230000000023
0
LINE
8
BLACK
6
CONTINUOUS
10
156.3992230000000063
20
-76.9192230000000023
11
156.4803289999999834
21
-76.8650299999999902
0
LINE
8
BLACK
6
CONTINUOUS
10
156.4803289999999834
20
-76.8650299999999902
11
156.5759999999999934
21
-76.8459999999999894
0
LINE
8
BLACK
6
CONTINUOUS
10
156.5759999999999934
20
-76.8459999999999894
11
157.8760000000000048
21
-76.8459999999999894
0
LINE
8
BLACK
6
CONTINUOUS
10
157.8760000000000048
20
-76.8459999999999894
11
157.9716709999999864
21
-76.8650299999999902
0
LINE
8
BLACK
6
CONTINUOUS
10
157.9716709999999864
20
-76.8650299999999902
11
158.0527769999999919
21
-76.9192230000000023
0
LINE
8
BLACK
6
CONTINUOUS
10
158.0527769999999919
20
-76.9192230000000023
11
158.1069699999999898
21
-77.0003289999999936
0
LINE
8
BLACK
6
CONTINUOUS
10
158.1069699999999898
20
-77.0003289999999936
11
158.1260000000000048
21
-77.0959999999999894
0
LINE
8
BLACK
6
CONTINUOUS
10
158.1260000000000048
20
-77.0959999999999894
11
158.1260000000000048
21
-77.258499999999998
0
LINE
8
BLACK
6
CONTINUOUS
10
158.1260000000000048
20
-77.258499999999998
11
158.3760000000000048
21
-77.258499999999998
0
LINE
8
BLACK
6
CONTINUOUS
10
158.3760000000000048
20
-77.258499999999998
11
158.3760000000000048
21
-77.0481719999999939
0
LINE
8
BLACK
6
CONTINUOUS
10
158.3760000000000048
20
-77.0481719999999939
11
158.3759989999999789
21
-77.0481549999999942
0
LINE
8
BLACK
6
CONTINUOUS
10
158.3759989999999789
20
-77.0481549999999942
11
158.3695979999999963
21
-76.9886269999999939
0
LINE
8
BLACK
6
CONTINUOUS
10
158.3695979999999963
20
-76.9886269999999939
11
158.3695960000000014
21
-76.9886199999999974
0
LINE
8
BLACK
6
CONTINUOUS
10
158.3695960000000014
20
-76.9886199999999974
11
158.3273429999999848
21
-76.8753329999999977
0
LINE
8
BLACK
6
CONTINUOUS
10
158.3273429999999848
20
-76.8753329999999977
11
158.3223590000000058
21
-76.8056419999999918
0
LINE
8
BLACK
6
CONTINUOUS
10
158.3223590000000058
20
-76.8056419999999918
11
158.3558439999999905
21
-76.7443189999999902
0
LINE
8
BLACK
6
CONTINUOUS
10
158.3558439999999905
20
-76.7443189999999902
11
158.4171670000000063
21
-76.7108339999999913
0
LINE
8
BLACK
6
CONTINUOUS
10
158.4171670000000063
20
-76.7108339999999913
11
158.443524999999994
21
-76.7079999999999984
0
LINE
8
BLACK
6
CONTINUOUS
10
158.443524999999994
20
-76.7079999999999984
11
158.8769999999999811
21
-76.7079999999999984
0
LINE
8
BLACK
6
CONTINUOUS
10
158.8769999999999811
20
-76.7079999999999984
11
166.7609070000000031
21
-76.7079999999999984
0
LINE
8
BLACK
6
CONTINUOUS
10
166.7609070000000031
20
-76.7079999999999984
11
166.7730609999999842
21
-76.7085969999999975
0
LINE
8
BLACK
6
CONTINUOUS
10
166.7730609999999842
20
-76.7085969999999975
11
166.9499409999999955
21
-76.7260179999999963
0
LINE
8
BLACK
6
CONTINUOUS
10
166.9499409999999955
20
-76.7260179999999963
11
166.9737690000000043
21
-76.730756999999997
0
LINE
8
BLACK
6
CONTINUOUS
10
166.9737690000000043
20
-76.730756999999997
11
167.1380010000000027
21
-76.7805759999999964
0
LINE
8
BLACK
6
CONTINUOUS
10
167.1380010000000027
20
-76.7805759999999964
11
167.1604529999999897
21
-76.7898769999999899
0
LINE
8
BLACK
6
CONTINUOUS
10
167.1604529999999897
20
-76.7898769999999899
11
167.3117979999999818
21
-76.8707720000000023
0
LINE
8
BLACK
6
CONTINUOUS
10
167.3117979999999818
20
-76.8707720000000023
11
167.3320099999999968
21
-76.8842769999999973
0
LINE
8
BLACK
6
CONTINUOUS
10
167.3320099999999968
20
-76.8842769999999973
11
167.464665999999994
21
-76.9931449999999984
0
LINE
8
BLACK
6
CONTINUOUS
10
167.464665999999994
20
-76.9931449999999984
11
167.4818539999999985
21
-77.0103330000000028
0
LINE
8
BLACK
6
CONTINUOUS
10
167.4818539999999985
20
-77.0103330000000028
11
167.5907219999999995
21
-77.142989
0
LINE
8
BLACK
6
CONTINUOUS
10
167.5907219999999995
20
-77.142989
11
167.6042269999999803
21
-77.1632010000000008
0
LINE
8
BLACK
6
CONTINUOUS
10
167.6042269999999803
20
-77.1632010000000008
11
167.685120999999981
21
-77.3145430000000005
0
LINE
8
BLACK
6
CONTINUOUS
10
167.685120999999981
20
-77.3145430000000005
11
167.6944239999999979
21
-77.3370010000000008
0
LINE
8
BLACK
6
CONTINUOUS
10
167.6944239999999979
20
-77.3370010000000008
11
167.7442399999999907
21
-77.5012239999999935
0
LINE
8
BLACK
6
CONTINUOUS
10
167.7442399999999907
20
-77.5012239999999935
11
167.7489819999999838
21
-77.5250649999999979
0
LINE
8
BLACK
6
CONTINUOUS
10
167.7489819999999838
20
-77.5250649999999979
11
167.7664029999999968
21
-77.7019379999999984
0
LINE
8
BLACK
6
CONTINUOUS
10
167.7664029999999968
20
-77.7019379999999984
11
167.7669999999999959
21
-77.7140919999999937
0
LINE
8
BLACK
6
CONTINUOUS
10
167.7669999999999959
20
-77.7140919999999937
11
167.7669999999999959
21
-86.2429070000000024
0
LINE
8
BLACK
6
CONTINUOUS
10
167.7669999999999959
20
-86.2429070000000024
11
167.7664029999999968
21
-86.2550609999999978
0
LINE
8
BLACK
6
CONTINUOUS
10
167.7664029999999968
20
-86.2550609999999978
11
167.7489819999999838
21
-86.4319339999999983
0
LINE
8
BLACK
6
CONTINUOUS
10
167.7489819999999838
20
-86.4319339999999983
11
167.7442399999999907
21
-86.4557750000000027
0
LINE
8
BLACK
6
CONTINUOUS
10
167.7442399999999907
20
-86.4557750000000027
11
167.6944239999999979
21
-86.6199979999999954
0
LINE
8
BLACK
6
CONTINUOUS
10
167.6944239999999979
20
-86.6199979999999954
11
167.685120999999981
21
-86.6424559999999957
0
LINE
8
BLACK
6
CONTINUOUS
10
167.685120999999981
20
-86.6424559999999957
11
167.6042269999999803
21
-86.7937979999999953
0
LINE
8
BLACK
6
CONTINUOUS
10
167.6042269999999803
20
-86.7937979999999953
11
167.5907219999999995
21
-86.8140099999999961
0
LINE
8
BLACK
6
CONTINUOUS
10
167.5907219999999995
20
-86.8140099999999961
11
167.5660000000000025
21
-86.8441329999999994
0
LINE
8
BLACK
6
CONTINUOUS
10
167.5660000000000025
20
-86.8441329999999994
11
167.5660000000000025
21
-86.8919999999999959
0
LINE
8
BLACK
6
CONTINUOUS
10
167.5660000000000025
20
-86.8919999999999959
11
167.5267169999999908
21
-86.8919999999999959
0
LINE
8
BLACK
6
CONTINUOUS
10
167.5267169999999908
20
-86.8919999999999959
11
167.4818539999999985
21
-86.9466659999999933
0
LINE
8
BLACK
6
CONTINUOUS
10
167.4818539999999985
20
-86.9466659999999933
11
167.464665999999994
21
-86.9638539999999978
0
LINE
8
BLACK
6
CONTINUOUS
10
167.464665999999994
20
-86.9638539999999978
11
167.3320099999999968
21
-87.0727219999999988
0
LINE
8
BLACK
6
CONTINUOUS
10
167.3320099999999968
20
-87.0727219999999988
11
167.3117979999999818
21
-87.0862269999999938
0
LINE
8
BLACK
6
CONTINUOUS
10
167.3117979999999818
20
-87.0862269999999938
11
167.1604559999999822
21
-87.1671209999999945
0
LINE
8
BLACK
6
CONTINUOUS
10
167.1604559999999822
20
-87.1671209999999945
11
167.1379979999999819
21
-87.1764239999999972
0
LINE
8
BLACK
6
CONTINUOUS
10
167.1379979999999819
20
-87.1764239999999972
11
166.9737749999999892
21
-87.22623999999999
0
LINE
8
BLACK
6
CONTINUOUS
10
166.9737749999999892
20
-87.22623999999999
11
166.9499339999999847
21
-87.2309819999999974
0
LINE
8
BLACK
6
CONTINUOUS
10
166.9499339999999847
20
-87.2309819999999974
11
166.7730609999999842
21
-87.2484029999999962
0
LINE
8
BLACK
6
CONTINUOUS
10
166.7730609999999842
20
-87.2484029999999962
11
166.7609070000000031
21
-87.2489999999999952
0
LINE
8
BLACK
6
CONTINUOUS
10
166.7609070000000031
20
-87.2489999999999952
11
158.8769999999999811
21
-87.2489999999999952
0
LINE
8
BLACK
6
CONTINUOUS
10
158.8769999999999811
20
-87.2489999999999952
11
153.2168910000000039
21
-87.2489999999999952
0
LINE
8
BLACK
6
CONTINUOUS
10
153.2168910000000039
20
-87.2489999999999952
11
153.1498519999999814
21
-87.2293149999999997
0
LINE
8
BLACK
6
CONTINUOUS
10
153.1498519999999814
20
-87.2293149999999997
11
153.1040969999999959
21
-87.1765109999999908
0
LINE
8
BLACK
6
CONTINUOUS
10
153.1040969999999959
20
-87.1765109999999908
11
153.095263999999986
21
-87.1219999999999999
0
LINE
8
BLACK
6
CONTINUOUS
10
153.095263999999986
20
-87.1219999999999999
11
152.8267459999999858
21
-87.1219999999999999
0
LINE
8
BLACK
6
CONTINUOUS
10
152.8267459999999858
20
-87.1219999999999999
11
152.7747770000000003
21
-87.1997769999999974
0
LINE
8
BLACK
6
CONTINUOUS
10
152.7747770000000003
20
-87.1997769999999974
11
152.6936709999999948
21
-87.2539699999999954
0
LINE
8
BLACK
6
CONTINUOUS
10
152.6936709999999948
20
-87.2539699999999954
11
152.5979999999999848
21
-87.2729989999999987
0
LINE
8
BLACK
6
CONTINUOUS
10
152.5979999999999848
20
-87.2729989999999987
11
151.6979989999999816
21
-87.2729999999999961
0
LINE
8
BLACK
6
CONTINUOUS
10
151.6979989999999816
20
-87.2729999999999961
11
151.6023289999999974
21
-87.2539699999999954
0
LINE
8
BLACK
6
CONTINUOUS
10
151.6023289999999974
20
-87.2539699999999954
11
151.521222999999992
21
-87.1997769999999974
0
LINE
8
BLACK
6
CONTINUOUS
10
151.521222999999992
20
-87.1997769999999974
11
151.4670299999999941
21
-87.118670999999992
0
LINE
8
BLACK
6
CONTINUOUS
10
151.4670299999999941
20
-87.118670999999992
11
151.448001000000005
21
-87.0229999999999961
0
LINE
8
BLACK
6
CONTINUOUS
10
151.448001000000005
20
-87.0229999999999961
11
151.448001000000005
21
-85.6979999999999933
0
LINE
8
BLACK
6
CONTINUOUS
10
151.448001000000005
20
-85.6979999999999933
11
149.9014209999999991
21
-85.6979999999999933
0
LINE
8
BLACK
6
CONTINUOUS
10
149.9014209999999991
20
-85.6979999999999933
11
149.4230000000000018
21
-86.1764209999999906
0
LINE
8
BLACK
6
CONTINUOUS
10
149.4230000000000018
20
-86.1764209999999906
11
149.4230000000000018
21
-86.9873779999999925
0
LINE
8
BLACK
6
CONTINUOUS
10
149.4230000000000018
20
-86.9873779999999925
11
155.3286209999999983
21
-92.8930000000000007
0
LINE
8
BLACK
6
CONTINUOUS
10
155.3286209999999983
20
-92.8930000000000007
11
157.552379000000002
21
-92.8930000000000007
0
LINE
8
BLACK
6
CONTINUOUS
10
157.552379000000002
20
-92.8930000000000007
11
158.2690000000000055
21
-92.1763789999999972
0
LINE
8
BLACK
6
CONTINUOUS
10
158.2690000000000055
20
-92.1763789999999972
11
158.2690000000000055
21
-90.73599999999999
0
LINE
8
BLACK
6
CONTINUOUS
10
158.2690000000000055
20
-90.73599999999999
11
158.0439999999999827
21
-90.73599999999999
0
LINE
8
BLACK
6
CONTINUOUS
10
158.0439999999999827
20
-90.73599999999999
11
158.0439999999999827
21
-88.9359999999999928
0
LINE
8
BLACK
6
CONTINUOUS
10
158.0439999999999827
20
-88.9359999999999928
11
158.6939999999999884
21
-88.9359999999999928
0
LINE
8
BLACK
6
CONTINUOUS
10
158.6939999999999884
20
-88.9359999999999928
11
158.6939999999999884
21
-90.73599999999999
0
LINE
8
BLACK
6
CONTINUOUS
10
158.6939999999999884
20
-90.73599999999999
11
158.4689999999999941
21
-90.73599999999999
0
LINE
8
BLACK
6
CONTINUOUS
10
158.4689999999999941
20
-90.73599999999999
11
158.4689999999999941
21
-92.2178009999999944
0
LINE
8
BLACK
6
CONTINUOUS
10
158.4689999999999941
20
-92.2178009999999944
11
158.467078999999984
21
-92.2373099999999937
0
LINE
8
BLACK
6
CONTINUOUS
10
158.467078999999984
20
-92.2373099999999937
11
158.4521469999999965
21
-92.2733580000000018
0
LINE
8
BLACK
6
CONTINUOUS
10
158.4521469999999965
20
-92.2733580000000018
11
158.4397109999999884
21
-92.2885119999999972
0
LINE
8
BLACK
6
CONTINUOUS
10
158.4397109999999884
20
-92.2885119999999972
11
157.664512000000002
21
-93.0637109999999979
0
LINE
8
BLACK
6
CONTINUOUS
10
157.664512000000002
20
-93.0637109999999979
11
157.6493580000000065
21
-93.0761469999999917
0
LINE
8
BLACK
6
CONTINUOUS
10
157.6493580000000065
20
-93.0761469999999917
11
157.6133099999999843
21
-93.0910789999999935
0
LINE
8
BLACK
6
CONTINUOUS
10
157.6133099999999843
20
-93.0910789999999935
11
157.5938009999999849
21
-93.0929999999999893
0
LINE
8
BLACK
6
CONTINUOUS
10
157.5938009999999849
20
-93.0929999999999893
11
155.2871999999999844
21
-93.0929999999999893
0
LINE
8
BLACK
6
CONTINUOUS
10
155.2871999999999844
20
-93.0929999999999893
11
155.267690999999985
21
-93.0910789999999935
0
LINE
8
BLACK
6
CONTINUOUS
10
155.267690999999985
20
-93.0910789999999935
11
155.2316429999999912
21
-93.0761479999999892
0
LINE
8
BLACK
6
CONTINUOUS
10
155.2316429999999912
20
-93.0761479999999892
11
155.2164899999999932
21
-93.0637109999999979
0
LINE
8
BLACK
6
CONTINUOUS
10
155.2164899999999932
20
-93.0637109999999979
11
149.2522889999999904
21
-87.0995109999999926
0
LINE
8
BLACK
6
CONTINUOUS
10
149.2522889999999904
20
-87.0995109999999926
11
149.2398529999999823
21
-87.0843569999999971
0
LINE
8
BLACK
6
CONTINUOUS
10
149.2398529999999823
20
-87.0843569999999971
11
149.2249209999999948
21
-87.0483089999999891
0
LINE
8
BLACK
6
CONTINUOUS
10
149.2249209999999948
20
-87.0483089999999891
11
149.2229999999999848
21
-87.0287999999999897
0
LINE
8
BLACK
6
CONTINUOUS
10
149.2229999999999848
20
-87.0287999999999897
11
149.2229999999999848
21
-86.1349999999999909
0
LINE
8
BLACK
6
CONTINUOUS
10
149.2229999999999848
20
-86.1349999999999909
11
149.2249209999999948
21
-86.1154909999999916
0
LINE
8
BLACK
6
CONTINUOUS
10
149.2249209999999948
20
-86.1154909999999916
11
149.2398529999999823
21
-86.0794429999999977
0
LINE
8
BLACK
6
CONTINUOUS
10
149.2398529999999823
20
-86.0794429999999977
11
149.2522889999999904
21
-86.0642890000000023
0
LINE
8
BLACK
6
CONTINUOUS
10
149.2522889999999904
20
-86.0642890000000023
11
149.7892899999999941
21
-85.5272889999999961
0
LINE
8
BLACK
6
CONTINUOUS
10
149.7892899999999941
20
-85.5272889999999961
11
149.804442999999992
21
-85.5148530000000022
0
LINE
8
BLACK
6
CONTINUOUS
10
149.804442999999992
20
-85.5148530000000022
11
149.8404909999999859
21
-85.4999210000000005
0
LINE
8
BLACK
6
CONTINUOUS
10
149.8404909999999859
20
-85.4999210000000005
11
149.8599999999999852
21
-85.4979999999999905
0
LINE
8
BLACK
6
CONTINUOUS
10
149.8599999999999852
20
-85.4979999999999905
11
151.4479999999999791
21
-85.4979999999999905
0
LINE
8
BLACK
6
CONTINUOUS
10
151.4479999999999791
20
-85.4979999999999905
11
151.4479999999999791
21
-84.1729989999999901
0
LINE
8
BLACK
6
CONTINUOUS
10
151.4479999999999791
20
-84.1729989999999901
11
151.4670299999999941
21
-84.0773289999999918
0
LINE
8
BLACK
6
CONTINUOUS
10
151.4670299999999941
20
-84.0773289999999918
11
151.521222999999992
21
-83.9962230000000005
0
LINE
8
BLACK
6
CONTINUOUS
10
151.521222999999992
20
-83.9962230000000005
11
151.6023289999999974
21
-83.9420300000000026
0
LINE
8
BLACK
6
CONTINUOUS
10
151.6023289999999974
20
-83.9420300000000026
11
151.6380000000000052
21
-83.9349349999999959
0
LINE
8
BLACK
6
CONTINUOUS
10
151.6380000000000052
20
-83.9349349999999959
11
151.6380000000000052
21
-83.0579999999999927
0
LINE
8
BLACK
6
CONTINUOUS
10
151.6380000000000052
20
-83.0579999999999927
11
150.6380000000000052
21
-83.0579999999999927
0
LINE
8
BLACK
6
CONTINUOUS
10
150.6380000000000052
20
-83.0579999999999927
11
150.6379969999999844
21
-83.0579999999999927
0
LINE
8
BLACK
6
CONTINUOUS
10
150.6379969999999844
20
-83.0579999999999927
11
141.5890029999999911
21
-83.0579999999999927
0
LINE
8
BLACK
6
CONTINUOUS
10
141.5890029999999911
20
-83.0579999999999927
11
141.5889999999999986
21
-83.0579999999999927
0
LINE
8
BLACK
6
CONTINUOUS
10
141.5889999999999986
20
-83.0579999999999927
11
140.5889999999999986
21
-83.0579999999999927
0
LINE
8
BLACK
6
CONTINUOUS
10
140.5889999999999986
20
-83.0579999999999927
11
140.5889999999999986
21
-84.0579999999999927
0
LINE
8
BLACK
6
CONTINUOUS
10
140.5889999999999986
20
-84.0579999999999927
11
140.5889999999999986
21
-84.0580029999999994
0
LINE
8
BLACK
6
CONTINUOUS
10
140.5889999999999986
20
-84.0580029999999994
11
140.5889999999999986
21
-86.2429070000000024
0
LINE
8
BLACK
6
CONTINUOUS
10
140.5889999999999986
20
-86.2429070000000024
11
140.5884029999999996
21
-86.2550609999999978
0
LINE
8
BLACK
6
CONTINUOUS
10
140.5884029999999996
20
-86.2550609999999978
11
140.5709819999999866
21
-86.4319339999999983
0
LINE
8
BLACK
6
CONTINUOUS
10
140.5709819999999866
20
-86.4319339999999983
11
140.5662399999999934
21
-86.4557750000000027
0
LINE
8
BLACK
6
CONTINUOUS
10
140.5662399999999934
20
-86.4557750000000027
11
140.5164240000000007
21
-86.6199979999999954
0
LINE
8
BLACK
6
CONTINUOUS
10
140.5164240000000007
20
-86.6199979999999954
11
140.5071209999999837
21
-86.6424559999999957
0
LINE
8
BLACK
6
CONTINUOUS
10
140.5071209999999837
20
-86.6424559999999957
11
140.426226999999983
21
-86.7937979999999953
0
LINE
8
BLACK
6
CONTINUOUS
10
140.426226999999983
20
-86.7937979999999953
11
140.4127220000000023
21
-86.8140099999999961
0
LINE
8
BLACK
6
CONTINUOUS
10
140.4127220000000023
20
-86.8140099999999961
11
140.3038540000000012
21
-86.9466659999999933
0
LINE
8
BLACK
6
CONTINUOUS
10
140.3038540000000012
20
-86.9466659999999933
11
140.2866659999999968
21
-86.9638539999999978
0
LINE
8
BLACK
6
CONTINUOUS
10
140.2866659999999968
20
-86.9638539999999978
11
140.2487150000000042
21
-86.9949999999999903
0
LINE
8
BLACK
6
CONTINUOUS
10
140.2487150000000042
20
-86.9949999999999903
11
140.1540099999999995
21
-87.0727219999999988
0
LINE
8
BLACK
6
CONTINUOUS
10
140.8359999999999843
20
-77.96884399999999
11
140.8424009999999953
21
-78.0283719999999903
0
LINE
8
BLACK
6
CONTINUOUS
10
140.8424009999999953
20
-78.0283719999999903
11
140.8424029999999902
21
-78.028379000000001
0
LINE
8
BLACK
6
CONTINUOUS
10
140.8424029999999902
20
-78.028379000000001
11
140.8926449999999875
21
-78.1630859999999927
0
LINE
8
BLACK
6
CONTINUOUS
10
140.8926449999999875
20
-78.1630859999999927
11
140.8926490000000058
21
-78.1630930000000035
0
LINE
8
BLACK
6
CONTINUOUS
10
140.8926490000000058
20
-78.1630930000000035
11
140.9788089999999841
21
-78.2781870000000026
0
LINE
8
BLACK
6
CONTINUOUS
10
140.9788089999999841
20
-78.2781870000000026
11
140.9788120000000049
21
-78.2781899999999951
0
LINE
8
BLACK
6
CONTINUOUS
10
140.9788120000000049
20
-78.2781899999999951
11
141.093906000000004
21
-78.3643500000000017
0
LINE
8
BLACK
6
CONTINUOUS
10
141.093906000000004
20
-78.3643500000000017
11
141.0939129999999864
21
-78.3643539999999916
0
LINE
8
BLACK
6
CONTINUOUS
10
141.0939129999999864
20
-78.3643539999999916
11
141.2286200000000065
21
-78.4145960000000031
0
LINE
8
BLACK
6
CONTINUOUS
10
141.2286200000000065
20
-78.4145960000000031
11
141.2286269999999888
21
-78.414597999999998
0
LINE
8
BLACK
6
CONTINUOUS
10
141.2286269999999888
20
-78.414597999999998
11
141.2881549999999891
21
-78.4209989999999948
0
LINE
8
BLACK
6
CONTINUOUS
10
141.2881549999999891
20
-78.4209989999999948
11
141.288172000000003
21
-78.4209999999999923
0
LINE
8
BLACK
6
CONTINUOUS
10
141.288172000000003
20
-78.4209999999999923
11
141.73599999999999
21
-78.4209999999999923
0
LINE
8
BLACK
6
CONTINUOUS
10
141.73599999999999
20
-78.4209999999999923
11
141.73599999999999
21
-78.1709999999999923
0
LINE
8
BLACK
6
CONTINUOUS
10
141.73599999999999
20
-78.1709999999999923
11
141.3359999999999843
21
-78.1709999999999923
0
LINE
8
BLACK
6
CONTINUOUS
10
141.3359999999999843
20
-78.1709999999999923
11
141.2403290000000027
21
-78.1519699999999915
0
LINE
8
BLACK
6
CONTINUOUS
10
141.2403290000000027
20
-78.1519699999999915
11
141.1592229999999972
21
-78.0977769999999936
0
LINE
8
BLACK
6
CONTINUOUS
10
141.1592229999999972
20
-78.0977769999999936
11
141.1050299999999993
21
-78.0166710000000023
0
LINE
8
BLACK
6
CONTINUOUS
10
141.1050299999999993
20
-78.0166710000000023
11
141.0859999999999843
21
-77.9209999999999923
0
LINE
8
BLACK
6
CONTINUOUS
10
141.0859999999999843
20
-77.9209999999999923
11
141.0859999999999843
21
-77.758499999999998
0
LINE
8
BLACK
6
CONTINUOUS
10
141.0859999999999843
20
-77.758499999999998
11
140.8359999999999843
21
-77.758499999999998
0
LINE
8
BLACK
6
CONTINUOUS
10
140.8359999999999843
20
-77.758499999999998
11
140.8359999999999843
21
-77.96884399999999
0
LINE
8
BLACK
6
CONTINUOUS
10
145.4259999999999877
20
-77.9209999999999923
11
145.4069700000000012
21
-78.0166710000000023
0
LINE
8
BLACK
6
CONTINUOUS
10
145.4069700000000012
20
-78.0166710000000023
11
145.3527770000000032
21
-78.0977769999999936
0
LINE
8
BLACK
6
CONTINUOUS
10
145.3527770000000032
20
-78.0977769999999936
11
145.2716709999999978
21
-78.1519699999999915
0
LINE
8
BLACK
6
CONTINUOUS
10
145.2716709999999978
20
-78.1519699999999915
11
145.1759999999999877
21
-78.1709999999999923
0
LINE
8
BLACK
6
CONTINUOUS
10
145.1759999999999877
20
-78.1709999999999923
11
144.775999999999982
21
-78.1709999999999923
0
LINE
8
BLACK
6
CONTINUOUS
10
144.775999999999982
20
-78.1709999999999923
11
144.775999999999982
21
-78.4209999999999923
0
LINE
8
BLACK
6
CONTINUOUS
10
144.775999999999982
20
-78.4209999999999923
11
145.2238279999999975
21
-78.4209999999999923
0
LINE
8
BLACK
6
CONTINUOUS
10
145.2238279999999975
20
-78.4209999999999923
11
145.2238439999999855
21
-78.4209989999999948
0
LINE
8
BLACK
6
CONTINUOUS
10
145.2238439999999855
20
-78.4209989999999948
11
145.2833719999999857
21
-78.414597999999998
0
LINE
8
BLACK
6
CONTINUOUS
10
145.2833719999999857
20
-78.414597999999998
11
145.2833789999999965
21
-78.4145960000000031
0
LINE
8
BLACK
6
CONTINUOUS
10
145.2833789999999965
20
-78.4145960000000031
11
145.4180859999999882
21
-78.3643539999999916
0
LINE
8
BLACK
6
CONTINUOUS
10
145.4180859999999882
20
-78.3643539999999916
11
145.4180929999999989
21
-78.3643500000000017
0
LINE
8
BLACK
6
CONTINUOUS
10
145.4180929999999989
20
-78.3643500000000017
11
145.5331869999999981
21
-78.2781899999999951
0
LINE
8
BLACK
6
CONTINUOUS
10
145.5331869999999981
20
-78.2781899999999951
11
145.5331899999999905
21
-78.2781870000000026
0
LINE
8
BLACK
6
CONTINUOUS
10
145.5331899999999905
20
-78.2781870000000026
11
145.6193499999999972
21
-78.1630930000000035
0
LINE
8
BLACK
6
CONTINUOUS
10
145.6193499999999972
20
-78.1630930000000035
11
145.6193539999999871
21
-78.1630859999999927
0
LINE
8
BLACK
6
CONTINUOUS
10
145.6193539999999871
20
-78.1630859999999927
11
145.6695959999999843
21
-78.028379000000001
0
LINE
8
BLACK
6
CONTINUOUS
10
145.6695959999999843
20
-78.028379000000001
11
145.6695979999999793
21
-78.0283719999999903
0
LINE
8
BLACK
6
CONTINUOUS
10
145.6695979999999793
20
-78.0283719999999903
11
145.6759989999999902
21
-77.96884399999999
0
LINE
8
BLACK
6
CONTINUOUS
10
145.6759989999999902
20
-77.96884399999999
11
145.6759999999999877
21
-77.9688269999999903
0
LINE
8
BLACK
6
CONTINUOUS
10
145.6759999999999877
20
-77.9688269999999903
11
145.6759999999999877
21
-77.758499999999998
0
LINE
8
BLACK
6
CONTINUOUS
10
145.6759999999999877
20
-77.758499999999998
11
145.4259999999999877
21
-77.758499999999998
0
LINE
8
BLACK
6
CONTINUOUS
10
145.4259999999999877
20
-77.758499999999998
11
145.4259999999999877
21
-77.9209999999999923
0
LINE
8
BLACK
6
CONTINUOUS
10
158.1260000000000048
20
-77.9209999999999923
11
158.1069699999999898
21
-78.0166710000000023
0
LINE
8
BLACK
6
CONTINUOUS
10
158.1069699999999898
20
-78.0166710000000023
11
158.0527769999999919
21
-78.0977769999999936
0
LINE
8
BLACK
6
CONTINUOUS
10
158.0527769999999919
20
-78.0977769999999936
11
157.9716709999999864
21
-78.1519699999999915
0
LINE
8
BLACK
6
CONTINUOUS
10
157.9716709999999864
20
-78.1519699999999915
11
157.8760000000000048
21
-78.1709999999999923
0
LINE
8
BLACK
6
CONTINUOUS
10
157.8760000000000048
20
-78.1709999999999923
11
157.4759999999999991
21
-78.1709999999999923
0
LINE
8
BLACK
6
CONTINUOUS
10
157.4759999999999991
20
-78.1709999999999923
11
157.4759999999999991
21
-78.4209999999999923
0
LINE
8
BLACK
6
CONTINUOUS
10
157.4759999999999991
20
-78.4209999999999923
11
157.9238279999999861
21
-78.4209999999999923
0
LINE
8
BLACK
6
CONTINUOUS
10
157.9238279999999861
20
-78.4209999999999923
11
157.9238440000000026
21
-78.4209989999999948
0
LINE
8
BLACK
6
CONTINUOUS
10
157.9238440000000026
20
-78.4209989999999948
11
157.9833720000000028
21
-78.414597999999998
0
LINE
8
BLACK
6
CONTINUOUS
10
157.9833720000000028
20
-78.414597999999998
11
157.9833789999999851
21
-78.4145960000000031
0
LINE
8
BLACK
6
CONTINUOUS
10
157.9833789999999851
20
-78.4145960000000031
11
158.1180860000000052
21
-78.3643539999999916
0
LINE
8
BLACK
6
CONTINUOUS
10
158.1180860000000052
20
-78.3643539999999916
11
158.1180929999999876
21
-78.3643500000000017
0
LINE
8
BLACK
6
CONTINUOUS
10
158.1180929999999876
20
-78.3643500000000017
11
158.2331869999999867
21
-78.2781899999999951
0
LINE
8
BLACK
6
CONTINUOUS
10
158.2331869999999867
20
-78.2781899999999951
11
158.2331899999999791
21
-78.2781870000000026
0
LINE
8
BLACK
6
CONTINUOUS
10
158.2331899999999791
20
-78.2781870000000026
11
158.3193499999999858
21
-78.1630930000000035
0
LINE
8
BLACK
6
CONTINUOUS
10
158.3193499999999858
20
-78.1630930000000035
11
158.3193540000000041
21
-78.1630859999999927
0
LINE
8
BLACK
6
CONTINUOUS
10
158.3193540000000041
20
-78.1630859999999927
11
158.3695960000000014
21
-78.028379000000001
0
LINE
8
BLACK
6
CONTINUOUS
10
158.3695960000000014
20
-78.028379000000001
11
158.3695979999999963
21
-78.0283719999999903
0
LINE
8
BLACK
6
CONTINUOUS
10
158.3695979999999963
20
-78.0283719999999903
11
158.3759989999999789
21
-77.96884399999999
0
LINE
8
BLACK
6
CONTINUOUS
10
158.3759989999999789
20
-77.96884399999999
11
158.3760000000000048
21
-77.9688269999999903
0
LINE
8
BLACK
6
CONTINUOUS
10
158.3760000000000048
20
-77.9688269999999903
11
158.3760000000000048
21
-77.758499999999998
0
LINE
8
BLACK
6
CONTINUOUS
10
158.3760000000000048
20
-77.758499999999998
11
158.1260000000000048
21
-77.758499999999998
0
LINE
8
BLACK
6
CONTINUOUS
10
158.1260000000000048
20
-77.758499999999998
11
158.1260000000000048
21
-77.9209999999999923
0
LINE
8
BLACK
6
CONTINUOUS
10
151.4184999999999945
20
-63.6159999999999997
11
151.5809999999999889
21
-63.6159999999999997
0
LINE
8
BLACK
6
CONTINUOUS
10
151.5809999999999889
20
-63.6159999999999997
11
151.6766709999999989
21
-63.6350300000000004
0
LINE
8
BLACK
6
CONTINUOUS
10
151.6766709999999989
20
-63.6350300000000004
11
151.7577770000000044
21
-63.6892229999999984
0
LINE
8
BLACK
6
CONTINUOUS
10
151.7577770000000044
20
-63.6892229999999984
11
151.8119700000000023
21
-63.7703289999999967
0
LINE
8
BLACK
6
CONTINUOUS
10
151.8119700000000023
20
-63.7703289999999967
11
151.8309999999999889
21
-63.8659999999999997
0
LINE
8
BLACK
6
CONTINUOUS
10
151.8309999999999889
20
-63.8659999999999997
11
151.8309999999999889
21
-64.2659999999999911
0
LINE
8
BLACK
6
CONTINUOUS
10
151.8309999999999889
20
-64.2659999999999911
11
152.0809999999999889
21
-64.2659999999999911
0
LINE
8
BLACK
6
CONTINUOUS
10
152.0809999999999889
20
-64.2659999999999911
11
152.0809999999999889
21
-63.818171999999997
0
LINE
8
BLACK
6
CONTINUOUS
10
152.0809999999999889
20
-63.818171999999997
11
152.0809989999999914
21
-63.8181549999999973
0
LINE
8
BLACK
6
CONTINUOUS
10
152.0809989999999914
20
-63.8181549999999973
11
152.0745979999999804
21
-63.7586269999999971
0
LINE
8
BLACK
6
CONTINUOUS
10
152.0745979999999804
20
-63.7586269999999971
11
152.0745959999999855
21
-63.7586200000000005
0
LINE
8
BLACK
6
CONTINUOUS
10
152.0745959999999855
20
-63.7586200000000005
11
152.0243539999999882
21
-63.6239129999999946
0
LINE
8
BLACK
6
CONTINUOUS
10
152.0243539999999882
20
-63.6239129999999946
11
152.0243499999999983
21
-63.6239059999999981
0
LINE
8
BLACK
6
CONTINUOUS
10
152.0243499999999983
20
-63.6239059999999981
11
151.9381899999999916
21
-63.5088119999999989
0
LINE
8
BLACK
6
CONTINUOUS
10
151.9381899999999916
20
-63.5088119999999989
11
151.9381869999999992
21
-63.5088089999999994
0
LINE
8
BLACK
6
CONTINUOUS
10
151.9381869999999992
20
-63.5088089999999994
11
151.8230930000000001
21
-63.4226489999999998
0
LINE
8
BLACK
6
CONTINUOUS
10
151.8230930000000001
20
-63.4226489999999998
11
151.8230859999999893
21
-63.4226449999999957
0
LINE
8
BLACK
6
CONTINUOUS
10
151.8230859999999893
20
-63.4226449999999957
11
151.6883789999999976
21
-63.3724029999999985
0
LINE
8
BLACK
6
CONTINUOUS
10
151.6883789999999976
20
-63.3724029999999985
11
151.6883719999999869
21
-63.3724009999999964
0
LINE
8
BLACK
6
CONTINUOUS
10
151.6883719999999869
20
-63.3724009999999964
11
151.6288439999999866
21
-63.3659999999999997
0
LINE
8
BLACK
6
CONTINUOUS
10
151.6288439999999866
20
-63.3659999999999997
11
151.4184999999999945
21
-63.3659999999999997
0
LINE
8
BLACK
6
CONTINUOUS
10
151.4184999999999945
20
-63.3659999999999997
11
151.4184999999999945
21
-63.6159999999999997
0
LINE
8
BLACK
6
CONTINUOUS
10
153.5424009999999839
20
-78.0283719999999903
11
153.5424029999999789
21
-78.028379000000001
0
LINE
8
BLACK
6
CONTINUOUS
10
153.5424029999999789
20
-78.028379000000001
11
153.5926450000000045
21
-78.1630859999999927
0
LINE
8
BLACK
6
CONTINUOUS
10
153.5926450000000045
20
-78.1630859999999927
11
153.5926489999999944
21
-78.1630930000000035
0
LINE
8
BLACK
6
CONTINUOUS
10
153.5926489999999944
20
-78.1630930000000035
11
153.6788090000000011
21
-78.2781870000000026
0
LINE
8
BLACK
6
CONTINUOUS
10
153.6788090000000011
20
-78.2781870000000026
11
153.6788119999999935
21
-78.2781899999999951
0
LINE
8
BLACK
6
CONTINUOUS
10
153.6788119999999935
20
-78.2781899999999951
11
153.7939059999999927
21
-78.3643500000000017
0
LINE
8
BLACK
6
CONTINUOUS
10
153.7939059999999927
20
-78.3643500000000017
11
153.7939130000000034
21
-78.3643539999999916
0
LINE
8
BLACK
6
CONTINUOUS
10
153.7939130000000034
20
-78.3643539999999916
11
153.9286199999999951
21
-78.4145960000000031
0
LINE
8
BLACK
6
CONTINUOUS
10
153.9286199999999951
20
-78.4145960000000031
11
153.9286270000000059
21
-78.414597999999998
0
LINE
8
BLACK
6
CONTINUOUS
10
153.9286270000000059
20
-78.414597999999998
11
153.9881550000000061
21
-78.4209989999999948
0
LINE
8
BLACK
6
CONTINUOUS
10
153.9881550000000061
20
-78.4209989999999948
11
153.9881719999999916
21
-78.4209999999999923
0
LINE
8
BLACK
6
CONTINUOUS
10
153.9881719999999916
20
-78.4209999999999923
11
154.436000000000007
21
-78.4209999999999923
0
LINE
8
BLACK
6
CONTINUOUS
10
154.436000000000007
20
-78.4209999999999923
11
154.436000000000007
21
-78.1709999999999923
0
LINE
8
BLACK
6
CONTINUOUS
10
154.436000000000007
20
-78.1709999999999923
11
154.0360000000000014
21
-78.1709999999999923
0
LINE
8
BLACK
6
CONTINUOUS
10
154.0360000000000014
20
-78.1709999999999923
11
153.9403289999999913
21
-78.1519699999999915
0
LINE
8
BLACK
6
CONTINUOUS
10
153.9403289999999913
20
-78.1519699999999915
11
153.8592229999999859
21
-78.0977769999999936
0
LINE
8
BLACK
6
CONTINUOUS
10
153.8592229999999859
20
-78.0977769999999936
11
153.8050299999999879
21
-78.0166710000000023
0
LINE
8
BLACK
6
CONTINUOUS
10
153.8050299999999879
20
-78.0166710000000023
11
153.7860000000000014
21
-77.9209999999999923
0
LINE
8
BLACK
6
CONTINUOUS
10
153.7860000000000014
20
-77.9209999999999923
11
153.7860000000000014
21
-77.758499999999998
0
LINE
8
BLACK
6
CONTINUOUS
10
153.7860000000000014
20
-77.758499999999998
11
153.5360000000000014
21
-77.758499999999998
0
LINE
8
BLACK
6
CONTINUOUS
10
153.5360000000000014
20
-77.758499999999998
11
153.5360000000000014
21
-77.96884399999999
0
LINE
8
BLACK
6
CONTINUOUS
10
153.5360000000000014
20
-77.96884399999999
11
153.5424009999999839
21
-78.0283719999999903
0
LINE
8
BLACK
6
CONTINUOUS
10
151.6288279999999986
20
-68.2060000000000031
11
151.6288439999999866
21
-68.2059989999999914
0
LINE
8
BLACK
6
CONTINUOUS
10
151.6288439999999866
20
-68.2059989999999914
11
151.6883719999999869
21
-68.1995979999999946
0
LINE
8
BLACK
6
CONTINUOUS
10
151.6883719999999869
20
-68.1995979999999946
11
151.6883789999999976
21
-68.1995959999999997
0
LINE
8
BLACK
6
CONTINUOUS
10
151.6883789999999976
20
-68.1995959999999997
11
151.8230859999999893
21
-68.1493540000000024
0
LINE
8
BLACK
6
CONTINUOUS
10
151.8230859999999893
20
-68.1493540000000024
11
151.8230930000000001
21
-68.1493499999999983
0
LINE
8
BLACK
6
CONTINUOUS
10
151.8230930000000001
20
-68.1493499999999983
11
151.9381869999999992
21
-68.0631899999999916
0
LINE
8
BLACK
6
CONTINUOUS
10
151.9381869999999992
20
-68.0631899999999916
11
151.9381899999999916
21
-68.0631869999999992
0
LINE
8
BLACK
6
CONTINUOUS
10
151.9381899999999916
20
-68.0631869999999992
11
152.0243499999999983
21
-67.9480930000000001
0
LINE
8
BLACK
6
CONTINUOUS
10
152.0243499999999983
20
-67.9480930000000001
11
152.0243539999999882
21
-67.9480860000000035
0
LINE
8
BLACK
6
CONTINUOUS
10
152.0243539999999882
20
-67.9480860000000035
11
152.0745959999999855
21
-67.8133789999999976
0
LINE
8
BLACK
6
CONTINUOUS
10
152.0745959999999855
20
-67.8133789999999976
11
152.0745979999999804
21
-67.8133720000000011
0
LINE
8
BLACK
6
CONTINUOUS
10
152.0745979999999804
20
-67.8133720000000011
11
152.0809989999999914
21
-67.7538440000000008
0
LINE
8
BLACK
6
CONTINUOUS
10
152.0809989999999914
20
-67.7538440000000008
11
152.0809999999999889
21
-67.7538270000000011
0
LINE
8
BLACK
6
CONTINUOUS
10
152.0809999999999889
20
-67.7538270000000011
11
152.0809999999999889
21
-67.3059999999999974
0
LINE
8
BLACK
6
CONTINUOUS
10
152.0809999999999889
20
-67.3059999999999974
11
151.8309999999999889
21
-67.3059999999999974
0
LINE
8
BLACK
6
CONTINUOUS
10
151.8309999999999889
20
-67.3059999999999974
11
151.8309999999999889
21
-67.7060000000000031
0
LINE
8
BLACK
6
CONTINUOUS
10
151.8309999999999889
20
-67.7060000000000031
11
151.8119700000000023
21
-67.8016709999999989
0
LINE
8
BLACK
6
CONTINUOUS
10
151.8119700000000023
20
-67.8016709999999989
11
151.7577770000000044
21
-67.8827769999999902
0
LINE
8
BLACK
6
CONTINUOUS
10
151.7577770000000044
20
-67.8827769999999902
11
151.6766709999999989
21
-67.9369700000000023
0
LINE
8
BLACK
6
CONTINUOUS
10
151.6766709999999989
20
-67.9369700000000023
11
151.5809999999999889
21
-67.9560000000000031
0
LINE
8
BLACK
6
CONTINUOUS
10
151.5809999999999889
20
-67.9560000000000031
11
151.4184999999999945
21
-67.9560000000000031
0
LINE
8
BLACK
6
CONTINUOUS
10
151.4184999999999945
20
-67.9560000000000031
11
151.4184999999999945
21
-68.2060000000000031
0
LINE
8
BLACK
6
CONTINUOUS
10
151.4184999999999945
20
-68.2060000000000031
11
151.6288279999999986
21
-68.2060000000000031
0
LINE
8
BLACK
6
CONTINUOUS
10
173.3516070000000013
20
-85.7255770000000012
11
173.4631139999999903
21
-85.782392999999999
0
LINE
8
BLACK
6
CONTINUOUS
10
173.4631139999999903
20
-85.782392999999999
11
173.55160699999999
21
-85.8708859999999987
0
LINE
8
BLACK
6
CONTINUOUS
10
173.55160699999999
20
-85.8708859999999987
11
173.6084229999999877
21
-85.9823930000000018
0
LINE
8
BLACK
6
CONTINUOUS
10
173.6084229999999877
20
-85.9823930000000018
11
173.6279999999999859
21
-86.1059999999999945
0
LINE
8
BLACK
6
CONTINUOUS
10
173.6279999999999859
20
-86.1059999999999945
11
173.6216489999999908
21
-86.146096
0
LINE
8
BLACK
6
CONTINUOUS
10
173.6216489999999908
20
-86.146096
11
173.7360529999999983
21
-86.2604999999999933
0
LINE
8
BLACK
6
CONTINUOUS
10
173.7360529999999983
20
-86.2604999999999933
11
174.0229999999999961
21
-86.2604999999999933
0
LINE
8
BLACK
6
CONTINUOUS
10
174.0229999999999961
20
-86.2604999999999933
11
174.0410789999999963
21
-86.1696129999999982
0
LINE
8
BLACK
6
CONTINUOUS
10
174.0410789999999963
20
-86.1696129999999982
11
174.0925619999999867
21
-86.0925620000000009
0
LINE
8
BLACK
6
CONTINUOUS
10
174.0925619999999867
20
-86.0925620000000009
11
174.1696129999999982
21
-86.0410789999999963
0
LINE
8
BLACK
6
CONTINUOUS
10
174.1696129999999982
20
-86.0410789999999963
11
174.2604999999999791
21
-86.0229999999999961
0
LINE
8
BLACK
6
CONTINUOUS
10
174.2604999999999791
20
-86.0229999999999961
11
174.7355000000000018
21
-86.0229999999999961
0
LINE
8
BLACK
6
CONTINUOUS
10
174.7355000000000018
20
-86.0229999999999961
11
174.8263869999999827
21
-86.0410789999999963
0
LINE
8
BLACK
6
CONTINUOUS
10
174.8263869999999827
20
-86.0410789999999963
11
174.9034379999999942
21
-86.0925620000000009
0
LINE
8
BLACK
6
CONTINUOUS
10
174.9034379999999942
20
-86.0925620000000009
11
174.9549209999999846
21
-86.1696129999999982
0
LINE
8
BLACK
6
CONTINUOUS
10
174.9549209999999846
20
-86.1696129999999982
11
174.9729999999999848
21
-86.2604999999999933
0
LINE
8
BLACK
6
CONTINUOUS
10
174.9729999999999848
20
-86.2604999999999933
11
174.9729999999999848
21
-86.7604999999999933
0
LINE
8
BLACK
6
CONTINUOUS
10
174.9729999999999848
20
-86.7604999999999933
11
174.9549209999999846
21
-86.8513870000000026
0
LINE
8
BLACK
6
CONTINUOUS
10
174.9549209999999846
20
-86.8513870000000026
11
174.9034379999999942
21
-86.9284379999999999
0
LINE
8
BLACK
6
CONTINUOUS
10
174.9034379999999942
20
-86.9284379999999999
11
174.8263869999999827
21
-86.9799209999999903
0
LINE
8
BLACK
6
CONTINUOUS
10
174.8263869999999827
20
-86.9799209999999903
11
174.7355000000000018
21
-86.9979999999999905
0
LINE
8
BLACK
6
CONTINUOUS
10
174.7355000000000018
20
-86.9979999999999905
11
174.2604999999999791
21
-86.9979999999999905
0
LINE
8
BLACK
6
CONTINUOUS
10
174.2604999999999791
20
-86.9979999999999905
11
174.1696129999999982
21
-86.9799209999999903
0
LINE
8
BLACK
6
CONTINUOUS
10
174.1696129999999982
20
-86.9799209999999903
11
174.0925619999999867
21
-86.9284379999999999
0
LINE
8
BLACK
6
CONTINUOUS
10
174.0925619999999867
20
-86.9284379999999999
11
174.0410789999999963
21
-86.8513870000000026
0
LINE
8
BLACK
6
CONTINUOUS
10
174.0410789999999963
20
-86.8513870000000026
11
174.0229999999999961
21
-86.7604999999999933
0
LINE
8
BLACK
6
CONTINUOUS
10
174.0229999999999961
20
-86.7604999999999933
11
173.6324999999999932
21
-86.7604999999999933
0
LINE
8
BLACK
6
CONTINUOUS
10
173.6324999999999932
20
-86.7604999999999933
11
173.5837269999999819
21
-86.7556960000000004
0
LINE
8
BLACK
6
CONTINUOUS
10
173.5837269999999819
20
-86.7556960000000004
11
173.4936069999999972
21
-86.7183670000000006
0
LINE
8
BLACK
6
CONTINUOUS
10
173.4936069999999972
20
-86.7183670000000006
11
173.4936019999999814
21
-86.7183619999999991
0
LINE
8
BLACK
6
CONTINUOUS
10
173.4936019999999814
20
-86.7183619999999991
11
173.4557230000000061
21
-86.6872759999999971
0
LINE
8
BLACK
6
CONTINUOUS
10
173.4557230000000061
20
-86.6872759999999971
11
173.2680959999999857
21
-86.4996489999999909
0
LINE
8
BLACK
6
CONTINUOUS
10
173.2680959999999857
20
-86.4996489999999909
11
173.2279999999999802
21
-86.5060000000000002
0
LINE
8
BLACK
6
CONTINUOUS
10
173.2279999999999802
20
-86.5060000000000002
11
173.1213510000000042
21
-86.4891080000000017
0
LINE
8
BLACK
6
CONTINUOUS
10
173.1213510000000042
20
-86.4891080000000017
11
173.0919999999999845
21
-86.4919999999999902
0
LINE
8
BLACK
6
CONTINUOUS
10
173.0919999999999845
20
-86.4919999999999902
11
172.5909999999999798
21
-86.4919999999999902
0
LINE
8
BLACK
6
CONTINUOUS
10
172.5909999999999798
20
-86.4919999999999902
11
172.5909999999999798
21
-86.6919999999999931
0
LINE
8
BLACK
6
CONTINUOUS
10
172.5909999999999798
20
-86.6919999999999931
11
169.7909999999999968
21
-86.6919999999999931
0
LINE
8
BLACK
6
CONTINUOUS
10
169.7909999999999968
20
-86.6919999999999931
11
169.7909999999999968
21
-85.7920000000000016
0
LINE
8
BLACK
6
CONTINUOUS
10
169.7909999999999968
20
-85.7920000000000016
11
172.5909999999999798
21
-85.7920000000000016
0
LINE
8
BLACK
6
CONTINUOUS
10
172.5909999999999798
20
-85.7920000000000016
11
172.5909999999999798
21
-85.9919999999999902
0
LINE
8
BLACK
6
CONTINUOUS
10
172.5909999999999798
20
-85.9919999999999902
11
172.8460549999999785
21
-85.9919999999999902
0
LINE
8
BLACK
6
CONTINUOUS
10
172.8460549999999785
20
-85.9919999999999902
11
172.8475770000000011
21
-85.9823930000000018
0
LINE
8
BLACK
6
CONTINUOUS
10
172.8475770000000011
20
-85.9823930000000018
11
172.9043929999999989
21
-85.8708859999999987
0
LINE
8
BLACK
6
CONTINUOUS
10
172.9043929999999989
20
-85.8708859999999987
11
172.9928859999999986
21
-85.782392999999999
0
LINE
8
BLACK
6
CONTINUOUS
10
172.9928859999999986
20
-85.782392999999999
11
173.1043929999999875
21
-85.7255770000000012
0
LINE
8
BLACK
6
CONTINUOUS
10
173.1043929999999875
20
-85.7255770000000012
11
173.2279999999999802
21
-85.7060000000000031
0
LINE
8
BLACK
6
CONTINUOUS
10
173.2279999999999802
20
-85.7060000000000031
11
173.3516070000000013
21
-85.7255770000000012
0
LINE
8
BLACK
6
CONTINUOUS
10
122.3919999999999959
20
-76.9059999999999917
11
120.5919999999999987
21
-76.9059999999999917
0
LINE
8
BLACK
6
CONTINUOUS
10
120.5919999999999987
20
-76.9059999999999917
11
120.5919999999999987
21
-76.8310000000000031
0
LINE
8
BLACK
6
CONTINUOUS
10
120.5919999999999987
20
-76.8310000000000031
11
120.5225189999999884
21
-76.8310000000000031
0
LINE
8
BLACK
6
CONTINUOUS
10
120.5225189999999884
20
-76.8310000000000031
11
120.5224229999999892
21
-76.8316069999999911
0
LINE
8
BLACK
6
CONTINUOUS
10
120.5224229999999892
20
-76.8316069999999911
11
120.4656069999999914
21
-76.9431139999999942
0
LINE
8
BLACK
6
CONTINUOUS
10
120.4656069999999914
20
-76.9431139999999942
11
120.3771139999999917
21
-77.0316069999999939
0
LINE
8
BLACK
6
CONTINUOUS
10
120.3771139999999917
20
-77.0316069999999939
11
120.2656069999999886
21
-77.0884229999999917
0
LINE
8
BLACK
6
CONTINUOUS
10
120.2656069999999886
20
-77.0884229999999917
11
120.1419999999999959
21
-77.1079999999999899
0
LINE
8
BLACK
6
CONTINUOUS
10
120.1419999999999959
20
-77.1079999999999899
11
120.018392999999989
21
-77.0884229999999917
0
LINE
8
BLACK
6
CONTINUOUS
10
120.018392999999989
20
-77.0884229999999917
11
119.9068860000000001
21
-77.0316069999999939
0
LINE
8
BLACK
6
CONTINUOUS
10
119.9068860000000001
20
-77.0316069999999939
11
119.8183930000000004
21
-76.9431139999999942
0
LINE
8
BLACK
6
CONTINUOUS
10
119.8183930000000004
20
-76.9431139999999942
11
119.7615769999999884
21
-76.8316069999999911
0
LINE
8
BLACK
6
CONTINUOUS
10
119.7615769999999884
20
-76.8316069999999911
11
119.7419999999999902
21
-76.7079999999999984
0
LINE
8
BLACK
6
CONTINUOUS
10
119.7419999999999902
20
-76.7079999999999984
11
119.7615769999999884
21
-76.5843929999999915
0
LINE
8
BLACK
6
CONTINUOUS
10
119.7615769999999884
20
-76.5843929999999915
11
119.8183930000000004
21
-76.4728860000000026
0
LINE
8
BLACK
6
CONTINUOUS
10
119.8183930000000004
20
-76.4728860000000026
11
119.9068860000000001
21
-76.3843930000000029
0
LINE
8
BLACK
6
CONTINUOUS
10
119.9068860000000001
20
-76.3843930000000029
11
120.018392999999989
21
-76.3275769999999909
0
LINE
8
BLACK
6
CONTINUOUS
10
120.018392999999989
20
-76.3275769999999909
11
120.1419999999999959
21
-76.3079999999999927
0
LINE
8
BLACK
6
CONTINUOUS
10
120.1419999999999959
20
-76.3079999999999927
11
120.2656069999999886
21
-76.3275769999999909
0
LINE
8
BLACK
6
CONTINUOUS
10
120.2656069999999886
20
-76.3275769999999909
11
120.272324999999995
21
-76.3310000000000031
0
LINE
8
BLACK
6
CONTINUOUS
10
120.272324999999995
20
-76.3310000000000031
11
120.5919999999999987
21
-76.3310000000000031
0
LINE
8
BLACK
6
CONTINUOUS
10
120.5919999999999987
20
-76.3310000000000031
11
120.5919999999999987
21
-76.2560000000000002
0
LINE
8
BLACK
6
CONTINUOUS
10
120.5919999999999987
20
-76.2560000000000002
11
122.3919999999999959
21
-76.2560000000000002
0
LINE
8
BLACK
6
CONTINUOUS
10
122.3919999999999959
20
-76.2560000000000002
11
122.3919999999999959
21
-76.9059999999999917
0
LINE
8
BLACK
6
CONTINUOUS
10
119.6919999999999931
20
-75.1610000000000014
11
119.8602789999999914
21
-75.1610000000000014
0
LINE
8
BLACK
6
CONTINUOUS
10
119.8602789999999914
20
-75.1610000000000014
11
119.9068860000000001
21
-75.1143929999999926
0
LINE
8
BLACK
6
CONTINUOUS
10
119.9068860000000001
20
-75.1143929999999926
11
120.018392999999989
21
-75.0575769999999949
0
LINE
8
BLACK
6
CONTINUOUS
10
120.018392999999989
20
-75.0575769999999949
11
120.1419999999999959
21
-75.0379999999999967
0
LINE
8
BLACK
6
CONTINUOUS
10
120.1419999999999959
20
-75.0379999999999967
11
120.2656069999999886
21
-75.0575769999999949
0
LINE
8
BLACK
6
CONTINUOUS
10
120.2656069999999886
20
-75.0575769999999949
11
120.3771139999999917
21
-75.1143929999999926
0
LINE
8
BLACK
6
CONTINUOUS
10
120.3771139999999917
20
-75.1143929999999926
11
120.4656069999999914
21
-75.2028859999999924
0
LINE
8
BLACK
6
CONTINUOUS
10
120.4656069999999914
20
-75.2028859999999924
11
120.5224229999999892
21
-75.3143929999999955
0
LINE
8
BLACK
6
CONTINUOUS
10
120.5224229999999892
20
-75.3143929999999955
11
120.5420000000000016
21
-75.4380000000000024
0
LINE
8
BLACK
6
CONTINUOUS
10
120.5420000000000016
20
-75.4380000000000024
11
120.5224229999999892
21
-75.5616069999999951
0
LINE
8
BLACK
6
CONTINUOUS
10
120.5224229999999892
20
-75.5616069999999951
11
120.4656069999999914
21
-75.6731139999999982
0
LINE
8
BLACK
6
CONTINUOUS
10
120.4656069999999914
20
-75.6731139999999982
11
120.3771139999999917
21
-75.7616069999999979
0
LINE
8
BLACK
6
CONTINUOUS
10
120.3771139999999917
20
-75.7616069999999979
11
120.2656069999999886
21
-75.8184229999999957
0
LINE
8
BLACK
6
CONTINUOUS
10
120.2656069999999886
20
-75.8184229999999957
11
120.1419999999999959
21
-75.8379999999999939
0
LINE
8
BLACK
6
CONTINUOUS
10
120.1419999999999959
20
-75.8379999999999939
11
120.018392999999989
21
-75.8184229999999957
0
LINE
8
BLACK
6
CONTINUOUS
10
120.018392999999989
20
-75.8184229999999957
11
119.9068860000000001
21
-75.7616069999999979
0
LINE
8
BLACK
6
CONTINUOUS
10
119.9068860000000001
20
-75.7616069999999979
11
119.8183930000000004
21
-75.6731139999999982
0
LINE
8
BLACK
6
CONTINUOUS
10
119.8183930000000004
20
-75.6731139999999982
11
119.7615769999999884
21
-75.5616069999999951
0
LINE
8
BLACK
6
CONTINUOUS
10
119.7615769999999884
20
-75.5616069999999951
11
119.7456430000000012
21
-75.4609999999999985
0
LINE
8
BLACK
6
CONTINUOUS
10
119.7456430000000012
20
-75.4609999999999985
11
119.6919999999999931
21
-75.4609999999999985
0
LINE
8
BLACK
6
CONTINUOUS
10
119.6919999999999931
20
-75.4609999999999985
11
119.6919999999999931
21
-75.6359999999999957
0
LINE
8
BLACK
6
CONTINUOUS
10
119.6919999999999931
20
-75.6359999999999957
11
117.8919999999999959
21
-75.6359999999999957
0
LINE
8
BLACK
6
CONTINUOUS
10
117.8919999999999959
20
-75.6359999999999957
11
117.8919999999999959
21
-74.98599999999999
0
LINE
8
BLACK
6
CONTINUOUS
10
117.8919999999999959
20
-74.98599999999999
11
119.6919999999999931
21
-74.98599999999999
0
LINE
8
BLACK
6
CONTINUOUS
10
119.6919999999999931
20
-74.98599999999999
11
119.6919999999999931
21
-75.1610000000000014
0
LINE
8
BLACK
6
CONTINUOUS
10
122.3919999999999959
20
-74.3659999999999997
11
120.5919999999999987
21
-74.3659999999999997
0
LINE
8
BLACK
6
CONTINUOUS
10
120.5919999999999987
20
-74.3659999999999997
11
120.5919999999999987
21
-74.1910000000000025
0
LINE
8
BLACK
6
CONTINUOUS
10
120.5919999999999987
20
-74.1910000000000025
11
120.5383569999999906
21
-74.1910000000000025
0
LINE
8
BLACK
6
CONTINUOUS
10
120.5383569999999906
20
-74.1910000000000025
11
120.5224229999999892
21
-74.2916069999999991
0
LINE
8
BLACK
6
CONTINUOUS
10
120.5224229999999892
20
-74.2916069999999991
11
120.4656069999999914
21
-74.4031140000000022
0
LINE
8
BLACK
6
CONTINUOUS
10
120.4656069999999914
20
-74.4031140000000022
11
120.3771139999999917
21
-74.4916070000000019
0
LINE
8
BLACK
6
CONTINUOUS
10
120.3771139999999917
20
-74.4916070000000019
11
120.2656069999999886
21
-74.5484229999999997
0
LINE
8
BLACK
6
CONTINUOUS
10
120.2656069999999886
20
-74.5484229999999997
11
120.1419999999999959
21
-74.5679999999999978
0
LINE
8
BLACK
6
CONTINUOUS
10
120.1419999999999959
20
-74.5679999999999978
11
120.018392999999989
21
-74.5484229999999997
0
LINE
8
BLACK
6
CONTINUOUS
10
120.018392999999989
20
-74.5484229999999997
11
119.9068860000000001
21
-74.4916070000000019
0
LINE
8
BLACK
6
CONTINUOUS
10
119.9068860000000001
20
-74.4916070000000019
11
119.8183930000000004
21
-74.4031140000000022
0
LINE
8
BLACK
6
CONTINUOUS
10
119.8183930000000004
20
-74.4031140000000022
11
119.7615769999999884
21
-74.2916069999999991
0
LINE
8
BLACK
6
CONTINUOUS
10
119.7615769999999884
20
-74.2916069999999991
11
119.7419999999999902
21
-74.1679999999999922
0
LINE
8
BLACK
6
CONTINUOUS
10
119.7419999999999902
20
-74.1679999999999922
11
119.7615769999999884
21
-74.0443929999999995
0
LINE
8
BLACK
6
CONTINUOUS
10
119.7615769999999884
20
-74.0443929999999995
11
119.8183930000000004
21
-73.9328859999999963
0
LINE
8
BLACK
6
CONTINUOUS
10
119.8183930000000004
20
-73.9328859999999963
11
119.9068860000000001
21
-73.8443929999999966
0
LINE
8
BLACK
6
CONTINUOUS
10
119.9068860000000001
20
-73.8443929999999966
11
120.018392999999989
21
-73.7875769999999989
0
LINE
8
BLACK
6
CONTINUOUS
10
120.018392999999989
20
-73.7875769999999989
11
120.1419999999999959
21
-73.7680000000000007
0
LINE
8
BLACK
6
CONTINUOUS
10
120.1419999999999959
20
-73.7680000000000007
11
120.2656069999999886
21
-73.7875769999999989
0
LINE
8
BLACK
6
CONTINUOUS
10
120.2656069999999886
20
-73.7875769999999989
11
120.3771139999999917
21
-73.8443929999999966
0
LINE
8
BLACK
6
CONTINUOUS
10
120.3771139999999917
20
-73.8443929999999966
11
120.4237210000000005
21
-73.8909999999999911
0
LINE
8
BLACK
6
CONTINUOUS
10
120.4237210000000005
20
-73.8909999999999911
11
120.5919999999999987
21
-73.8909999999999911
0
LINE
8
BLACK
6
CONTINUOUS
10
120.5919999999999987
20
-73.8909999999999911
11
120.5919999999999987
21
-73.715999999999994
0
LINE
8
BLACK
6
CONTINUOUS
10
120.5919999999999987
20
-73.715999999999994
11
122.3919999999999959
21
-73.715999999999994
0
LINE
8
BLACK
6
CONTINUOUS
10
122.3919999999999959
20
-73.715999999999994
11
122.3919999999999959
21
-74.3659999999999997
0
LINE
8
BLACK
6
CONTINUOUS
10
119.6919999999999931
20
-72.5210000000000008
11
120.0116749999999968
21
-72.5210000000000008
0
LINE
8
BLACK
6
CONTINUOUS
10
120.0116749999999968
20
-72.5210000000000008
11
120.018392999999989
21
-72.5175770000000028
0
LINE
8
BLACK
6
CONTINUOUS
10
120.018392999999989
20
-72.5175770000000028
11
120.1419999999999959
21
-72.4979999999999905
0
LINE
8
BLACK
6
CONTINUOUS
10
120.1419999999999959
20
-72.4979999999999905
11
120.2656069999999886
21
-72.5175770000000028
0
LINE
8
BLACK
6
CONTINUOUS
10
120.2656069999999886
20
-72.5175770000000028
11
120.3771139999999917
21
-72.5743930000000006
0
LINE
8
BLACK
6
CONTINUOUS
10
120.3771139999999917
20
-72.5743930000000006
11
120.4656069999999914
21
-72.6628860000000003
0
LINE
8
BLACK
6
CONTINUOUS
10
120.4656069999999914
20
-72.6628860000000003
11
120.5224229999999892
21
-72.7743930000000034
0
LINE
8
BLACK
6
CONTINUOUS
10
120.5224229999999892
20
-72.7743930000000034
11
120.5420000000000016
21
-72.8979999999999961
0
LINE
8
BLACK
6
CONTINUOUS
10
120.5420000000000016
20
-72.8979999999999961
11
120.5224229999999892
21
-73.021607000000003
0
LINE
8
BLACK
6
CONTINUOUS
10
120.5224229999999892
20
-73.021607000000003
11
120.4656069999999914
21
-73.133113999999992
0
LINE
8
BLACK
6
CONTINUOUS
10
120.4656069999999914
20
-73.133113999999992
11
120.3771139999999917
21
-73.2216069999999917
0
LINE
8
BLACK
6
CONTINUOUS
10
120.3771139999999917
20
-73.2216069999999917
11
120.2656069999999886
21
-73.2784230000000036
0
LINE
8
BLACK
6
CONTINUOUS
10
120.2656069999999886
20
-73.2784230000000036
11
120.1419999999999959
21
-73.2980000000000018
0
LINE
8
BLACK
6
CONTINUOUS
10
120.1419999999999959
20
-73.2980000000000018
11
120.018392999999989
21
-73.2784230000000036
0
LINE
8
BLACK
6
CONTINUOUS
10
120.018392999999989
20
-73.2784230000000036
11
119.9068860000000001
21
-73.2216069999999917
0
LINE
8
BLACK
6
CONTINUOUS
10
119.9068860000000001
20
-73.2216069999999917
11
119.8183930000000004
21
-73.133113999999992
0
LINE
8
BLACK
6
CONTINUOUS
10
119.8183930000000004
20
-73.133113999999992
11
119.7615769999999884
21
-73.021607000000003
0
LINE
8
BLACK
6
CONTINUOUS
10
119.7615769999999884
20
-73.021607000000003
11
119.7614809999999892
21
-73.0210000000000008
0
LINE
8
BLACK
6
CONTINUOUS
10
119.7614809999999892
20
-73.0210000000000008
11
119.6919999999999931
21
-73.0210000000000008
0
LINE
8
BLACK
6
CONTINUOUS
10
119.6919999999999931
20
-73.0210000000000008
11
119.6919999999999931
21
-73.0960000000000036
0
LINE
8
BLACK
6
CONTINUOUS
10
119.6919999999999931
20
-73.0960000000000036
11
117.8919999999999959
21
-73.0960000000000036
0
LINE
8
BLACK
6
CONTINUOUS
10
117.8919999999999959
20
-73.0960000000000036
11
117.8919999999999959
21
-72.445999999999998
0
LINE
8
BLACK
6
CONTINUOUS
10
117.8919999999999959
20
-72.445999999999998
11
119.6919999999999931
21
-72.445999999999998
0
LINE
8
BLACK
6
CONTINUOUS
10
119.6919999999999931
20
-72.445999999999998
11
119.6919999999999931
21
-72.5210000000000008
0
LINE
8
BLACK
6
CONTINUOUS
10
122.3919999999999959
20
-71.8259999999999934
11
120.5919999999999987
21
-71.8259999999999934
0
LINE
8
BLACK
6
CONTINUOUS
10
120.5919999999999987
20
-71.8259999999999934
11
120.5919999999999987
21
-71.7509999999999906
0
LINE
8
BLACK
6
CONTINUOUS
10
120.5919999999999987
20
-71.7509999999999906
11
120.5225189999999884
21
-71.7509999999999906
0
LINE
8
BLACK
6
CONTINUOUS
10
120.5225189999999884
20
-71.7509999999999906
11
120.5224229999999892
21
-71.7516069999999928
0
LINE
8
BLACK
6
CONTINUOUS
10
120.5224229999999892
20
-71.7516069999999928
11
120.4656069999999914
21
-71.8631139999999959
0
LINE
8
BLACK
6
CONTINUOUS
10
120.4656069999999914
20
-71.8631139999999959
11
120.3771139999999917
21
-71.9516069999999957
0
LINE
8
BLACK
6
CONTINUOUS
10
120.3771139999999917
20
-71.9516069999999957
11
120.2656069999999886
21
-72.0084229999999934
0
LINE
8
BLACK
6
CONTINUOUS
10
120.2656069999999886
20
-72.0084229999999934
11
120.1419999999999959
21
-72.0279999999999916
0
LINE
8
BLACK
6
CONTINUOUS
10
120.1419999999999959
20
-72.0279999999999916
11
120.018392999999989
21
-72.0084229999999934
0
LINE
8
BLACK
6
CONTINUOUS
10
120.018392999999989
20
-72.0084229999999934
11
119.9068860000000001
21
-71.9516069999999957
0
LINE
8
BLACK
6
CONTINUOUS
10
119.9068860000000001
20
-71.9516069999999957
11
119.8183930000000004
21
-71.8631139999999959
0
LINE
8
BLACK
6
CONTINUOUS
10
119.8183930000000004
20
-71.8631139999999959
11
119.7615769999999884
21
-71.7516069999999928
0
LINE
8
BLACK
6
CONTINUOUS
10
119.7615769999999884
20
-71.7516069999999928
11
119.7419999999999902
21
-71.6280000000000001
0
LINE
8
BLACK
6
CONTINUOUS
10
119.7419999999999902
20
-71.6280000000000001
11
119.7615769999999884
21
-71.5043929999999932
0
LINE
8
BLACK
6
CONTINUOUS
10
119.7615769999999884
20
-71.5043929999999932
11
119.8183930000000004
21
-71.3928859999999901
0
LINE
8
BLACK
6
CONTINUOUS
10
119.8183930000000004
20
-71.3928859999999901
11
119.9068860000000001
21
-71.3043929999999904
0
LINE
8
BLACK
6
CONTINUOUS
10
119.9068860000000001
20
-71.3043929999999904
11
120.018392999999989
21
-71.2475769999999926
0
LINE
8
BLACK
6
CONTINUOUS
10
120.018392999999989
20
-71.2475769999999926
11
120.1419999999999959
21
-71.2279999999999944
0
LINE
8
BLACK
6
CONTINUOUS
10
120.1419999999999959
20
-71.2279999999999944
11
120.2656069999999886
21
-71.2475769999999926
0
LINE
8
BLACK
6
CONTINUOUS
10
120.2656069999999886
20
-71.2475769999999926
11
120.272324999999995
21
-71.2509999999999906
0
LINE
8
BLACK
6
CONTINUOUS
10
120.272324999999995
20
-71.2509999999999906
11
120.5919999999999987
21
-71.2509999999999906
0
LINE
8
BLACK
6
CONTINUOUS
10
120.5919999999999987
20
-71.2509999999999906
11
120.5919999999999987
21
-71.1760000000000019
0
LINE
8
BLACK
6
CONTINUOUS
10
120.5919999999999987
20
-71.1760000000000019
11
122.3919999999999959
21
-71.1760000000000019
0
LINE
8
BLACK
6
CONTINUOUS
10
122.3919999999999959
20
-71.1760000000000019
11
122.3919999999999959
21
-71.8259999999999934
0
LINE
8
BLACK
6
CONTINUOUS
10
119.6919999999999931
20
-69.9809999999999945
11
120.0116749999999968
21
-69.9809999999999945
0
LINE
8
BLACK
6
CONTINUOUS
10
120.0116749999999968
20
-69.9809999999999945
11
120.018392999999989
21
-69.9775769999999966
0
LINE
8
BLACK
6
CONTINUOUS
10
120.018392999999989
20
-69.9775769999999966
11
120.1419999999999959
21
-69.9579999999999984
0
LINE
8
BLACK
6
CONTINUOUS
10
120.1419999999999959
20
-69.9579999999999984
11
120.2656069999999886
21
-69.9775769999999966
0
LINE
8
BLACK
6
CONTINUOUS
10
120.2656069999999886
20
-69.9775769999999966
11
120.3771139999999917
21
-70.0343929999999943
0
LINE
8
BLACK
6
CONTINUOUS
10
120.3771139999999917
20
-70.0343929999999943
11
120.4656069999999914
21
-70.1228859999999941
0
LINE
8
BLACK
6
CONTINUOUS
10
120.4656069999999914
20
-70.1228859999999941
11
120.5224229999999892
21
-70.2343929999999972
0
LINE
8
BLACK
6
CONTINUOUS
10
120.5224229999999892
20
-70.2343929999999972
11
120.5420000000000016
21
-70.3579999999999899
0
LINE
8
BLACK
6
CONTINUOUS
10
120.5420000000000016
20
-70.3579999999999899
11
120.5224229999999892
21
-70.4816069999999968
0
LINE
8
BLACK
6
CONTINUOUS
10
120.5224229999999892
20
-70.4816069999999968
11
120.4656069999999914
21
-70.5931139999999999
0
LINE
8
BLACK
6
CONTINUOUS
10
120.4656069999999914
20
-70.5931139999999999
11
120.3771139999999917
21
-70.6816069999999996
0
LINE
8
BLACK
6
CONTINUOUS
10
120.3771139999999917
20
-70.6816069999999996
11
120.2656069999999886
21
-70.7384229999999974
0
LINE
8
BLACK
6
CONTINUOUS
10
120.2656069999999886
20
-70.7384229999999974
11
120.1419999999999959
21
-70.7579999999999956
0
LINE
8
BLACK
6
CONTINUOUS
10
120.1419999999999959
20
-70.7579999999999956
11
120.018392999999989
21
-70.7384229999999974
0
LINE
8
BLACK
6
CONTINUOUS
10
120.018392999999989
20
-70.7384229999999974
11
119.9068860000000001
21
-70.6816069999999996
0
LINE
8
BLACK
6
CONTINUOUS
10
119.9068860000000001
20
-70.6816069999999996
11
119.8183930000000004
21
-70.5931139999999999
0
LINE
8
BLACK
6
CONTINUOUS
10
119.8183930000000004
20
-70.5931139999999999
11
119.7615769999999884
21
-70.4816069999999968
0
LINE
8
BLACK
6
CONTINUOUS
10
119.7615769999999884
20
-70.4816069999999968
11
119.7614809999999892
21
-70.4809999999999945
0
LINE
8
BLACK
6
CONTINUOUS
10
119.7614809999999892
20
-70.4809999999999945
11
119.6919999999999931
21
-70.4809999999999945
0
LINE
8
BLACK
6
CONTINUOUS
10
119.6919999999999931
20
-70.4809999999999945
11
119.6919999999999931
21
-70.5559999999999974
0
LINE
8
BLACK
6
CONTINUOUS
10
119.6919999999999931
20
-70.5559999999999974
11
117.8919999999999959
21
-70.5559999999999974
0
LINE
8
BLACK
6
CONTINUOUS
10
117.8919999999999959
20
-70.5559999999999974
11
117.8919999999999959
21
-69.9059999999999917
0
LINE
8
BLACK
6
CONTINUOUS
10
117.8919999999999959
20
-69.9059999999999917
11
119.6919999999999931
21
-69.9059999999999917
0
LINE
8
BLACK
6
CONTINUOUS
10
119.6919999999999931
20
-69.9059999999999917
11
119.6919999999999931
21
-69.9809999999999945
0
LINE
8
BLACK
6
CONTINUOUS
10
122.3919999999999959
20
-69.2860000000000014
11
120.5919999999999987
21
-69.2860000000000014
0
LINE
8
BLACK
6
CONTINUOUS
10
120.5919999999999987
20
-69.2860000000000014
11
120.5919999999999987
21
-69.2109999999999985
0
LINE
8
BLACK
6
CONTINUOUS
10
120.5919999999999987
20
-69.2109999999999985
11
120.5225189999999884
21
-69.2109999999999985
0
LINE
8
BLACK
6
CONTINUOUS
10
120.5225189999999884
20
-69.2109999999999985
11
120.5224229999999892
21
-69.2116070000000008
0
LINE
8
BLACK
6
CONTINUOUS
10
120.5224229999999892
20
-69.2116070000000008
11
120.4656069999999914
21
-69.3231140000000039
0
LINE
8
BLACK
6
CONTINUOUS
10
120.4656069999999914
20
-69.3231140000000039
11
120.3771139999999917
21
-69.4116070000000036
0
LINE
8
BLACK
6
CONTINUOUS
10
120.3771139999999917
20
-69.4116070000000036
11
120.2656069999999886
21
-69.4684230000000014
0
LINE
8
BLACK
6
CONTINUOUS
10
120.2656069999999886
20
-69.4684230000000014
11
120.1419999999999959
21
-69.4879999999999995
0
LINE
8
BLACK
6
CONTINUOUS
10
120.1419999999999959
20
-69.4879999999999995
11
120.018392999999989
21
-69.4684230000000014
0
LINE
8
BLACK
6
CONTINUOUS
10
120.018392999999989
20
-69.4684230000000014
11
119.9068860000000001
21
-69.4116070000000036
0
LINE
8
BLACK
6
CONTINUOUS
10
119.9068860000000001
20
-69.4116070000000036
11
119.8183930000000004
21
-69.3231140000000039
0
LINE
8
BLACK
6
CONTINUOUS
10
119.8183930000000004
20
-69.3231140000000039
11
119.7615769999999884
21
-69.2116070000000008
0
LINE
8
BLACK
6
CONTINUOUS
10
119.7615769999999884
20
-69.2116070000000008
11
119.7419999999999902
21
-69.0879999999999939
0
LINE
8
BLACK
6
CONTINUOUS
10
119.7419999999999902
20
-69.0879999999999939
11
119.7615769999999884
21
-68.9643930000000012
0
LINE
8
BLACK
6
CONTINUOUS
10
119.7615769999999884
20
-68.9643930000000012
11
119.8183930000000004
21
-68.852885999999998
0
LINE
8
BLACK
6
CONTINUOUS
10
119.8183930000000004
20
-68.852885999999998
11
119.9068860000000001
21
-68.7643929999999983
0
LINE
8
BLACK
6
CONTINUOUS
10
119.9068860000000001
20
-68.7643929999999983
11
120.018392999999989
21
-68.7075770000000006
0
LINE
8
BLACK
6
CONTINUOUS
10
120.018392999999989
20
-68.7075770000000006
11
120.1419999999999959
21
-68.6880000000000024
0
LINE
8
BLACK
6
CONTINUOUS
10
120.1419999999999959
20
-68.6880000000000024
11
120.2656069999999886
21
-68.7075770000000006
0
LINE
8
BLACK
6
CONTINUOUS
10
120.2656069999999886
20
-68.7075770000000006
11
120.272324999999995
21
-68.7109999999999985
0
LINE
8
BLACK
6
CONTINUOUS
10
120.272324999999995
20
-68.7109999999999985
11
120.5919999999999987
21
-68.7109999999999985
0
LINE
8
BLACK
6
CONTINUOUS
10
120.5919999999999987
20
-68.7109999999999985
11
120.5919999999999987
21
-68.6359999999999957
0
LINE
8
BLACK
6
CONTINUOUS
10
120.5919999999999987
20
-68.6359999999999957
11
122.3919999999999959
21
-68.6359999999999957
0
LINE
8
BLACK
6
CONTINUOUS
10
122.3919999999999959
20
-68.6359999999999957
11
122.3919999999999959
21
-69.2860000000000014
0
LINE
8
BLACK
6
CONTINUOUS
10
127.4443869999999919
20
-75.4890789999999896
11
127.5214379999999892
21
-75.5405619999999942
0
LINE
8
BLACK
6
CONTINUOUS
10
127.5214379999999892
20
-75.5405619999999942
11
127.5729209999999938
21
-75.6176129999999915
0
LINE
8
BLACK
6
CONTINUOUS
10
127.5729209999999938
20
-75.6176129999999915
11
127.590999999999994
21
-75.7085000000000008
0
LINE
8
BLACK
6
CONTINUOUS
10
127.590999999999994
20
-75.7085000000000008
11
127.590999999999994
21
-76.1834999999999951
0
LINE
8
BLACK
6
CONTINUOUS
10
127.590999999999994
20
-76.1834999999999951
11
127.5729209999999938
21
-76.2743869999999902
0
LINE
8
BLACK
6
CONTINUOUS
10
127.5729209999999938
20
-76.2743869999999902
11
127.5214379999999892
21
-76.3514380000000017
0
LINE
8
BLACK
6
CONTINUOUS
10
127.5214379999999892
20
-76.3514380000000017
11
127.4443869999999919
21
-76.4029209999999921
0
LINE
8
BLACK
6
CONTINUOUS
10
127.4443869999999919
20
-76.4029209999999921
11
127.3534999999999968
21
-76.4209999999999923
0
LINE
8
BLACK
6
CONTINUOUS
10
127.3534999999999968
20
-76.4209999999999923
11
126.8534999999999968
21
-76.4209999999999923
0
LINE
8
BLACK
6
CONTINUOUS
10
126.8534999999999968
20
-76.4209999999999923
11
126.7626129999999876
21
-76.4029209999999921
0
LINE
8
BLACK
6
CONTINUOUS
10
126.7626129999999876
20
-76.4029209999999921
11
126.6855619999999902
21
-76.3514380000000017
0
LINE
8
BLACK
6
CONTINUOUS
10
126.6855619999999902
20
-76.3514380000000017
11
126.6340789999999998
21
-76.2743869999999902
0
LINE
8
BLACK
6
CONTINUOUS
10
126.6340789999999998
20
-76.2743869999999902
11
126.6159999999999997
21
-76.1834999999999951
0
LINE
8
BLACK
6
CONTINUOUS
10
126.6159999999999997
20
-76.1834999999999951
11
126.6159999999999997
21
-76.0960000000000036
0
LINE
8
BLACK
6
CONTINUOUS
10
126.6159999999999997
20
-76.0960000000000036
11
126.604974999999996
21
-76.0960000000000036
0
LINE
8
BLACK
6
CONTINUOUS
10
126.604974999999996
20
-76.0960000000000036
11
126.5616069999999951
21
-76.1811139999999938
0
LINE
8
BLACK
6
CONTINUOUS
10
126.5616069999999951
20
-76.1811139999999938
11
126.4731139999999954
21
-76.2696069999999935
0
LINE
8
BLACK
6
CONTINUOUS
10
126.4731139999999954
20
-76.2696069999999935
11
126.3616069999999922
21
-76.3264229999999912
0
LINE
8
BLACK
6
CONTINUOUS
10
126.3616069999999922
20
-76.3264229999999912
11
126.2379999999999995
21
-76.3460000000000036
0
LINE
8
BLACK
6
CONTINUOUS
10
126.2379999999999995
20
-76.3460000000000036
11
126.1143929999999926
21
-76.3264229999999912
0
LINE
8
BLACK
6
CONTINUOUS
10
126.1143929999999926
20
-76.3264229999999912
11
126.0028859999999895
21
-76.2696069999999935
0
LINE
8
BLACK
6
CONTINUOUS
10
126.0028859999999895
20
-76.2696069999999935
11
125.9143929999999898
21
-76.1811139999999938
0
LINE
8
BLACK
6
CONTINUOUS
10
125.9143929999999898
20
-76.1811139999999938
11
125.857576999999992
21
-76.0696069999999906
0
LINE
8
BLACK
6
CONTINUOUS
10
125.857576999999992
20
-76.0696069999999906
11
125.8379999999999939
21
-75.945999999999998
0
LINE
8
BLACK
6
CONTINUOUS
10
125.8379999999999939
20
-75.945999999999998
11
125.857576999999992
21
-75.822392999999991
0
LINE
8
BLACK
6
CONTINUOUS
10
125.857576999999992
20
-75.822392999999991
11
125.9143929999999898
21
-75.7108860000000021
0
LINE
8
BLACK
6
CONTINUOUS
10
125.9143929999999898
20
-75.7108860000000021
11
126.0028859999999895
21
-75.6223930000000024
0
LINE
8
BLACK
6
CONTINUOUS
10
126.0028859999999895
20
-75.6223930000000024
11
126.1143929999999926
21
-75.5655769999999904
0
LINE
8
BLACK
6
CONTINUOUS
10
126.1143929999999926
20
-75.5655769999999904
11
126.2379999999999995
21
-75.5459999999999923
0
LINE
8
BLACK
6
CONTINUOUS
10
126.2379999999999995
20
-75.5459999999999923
11
126.3616069999999922
21
-75.5655769999999904
0
LINE
8
BLACK
6
CONTINUOUS
10
126.3616069999999922
20
-75.5655769999999904
11
126.4731139999999954
21
-75.6223930000000024
0
LINE
8
BLACK
6
CONTINUOUS
10
126.4731139999999954
20
-75.6223930000000024
11
126.5616069999999951
21
-75.7108860000000021
0
LINE
8
BLACK
6
CONTINUOUS
10
126.5616069999999951
20
-75.7108860000000021
11
126.604974999999996
21
-75.7959999999999923
0
LINE
8
BLACK
6
CONTINUOUS
10
126.604974999999996
20
-75.7959999999999923
11
126.6159999999999997
21
-75.7959999999999923
0
LINE
8
BLACK
6
CONTINUOUS
10
126.6159999999999997
20
-75.7959999999999923
11
126.6159999999999997
21
-75.7085000000000008
0
LINE
8
BLACK
6
CONTINUOUS
10
126.6159999999999997
20
-75.7085000000000008
11
126.6340789999999998
21
-75.6176129999999915
0
LINE
8
BLACK
6
CONTINUOUS
10
126.6340789999999998
20
-75.6176129999999915
11
126.6855619999999902
21
-75.5405619999999942
0
LINE
8
BLACK
6
CONTINUOUS
10
126.6855619999999902
20
-75.5405619999999942
11
126.7626129999999876
21
-75.4890789999999896
0
LINE
8
BLACK
6
CONTINUOUS
10
126.7626129999999876
20
-75.4890789999999896
11
126.8534999999999968
21
-75.4710000000000036
0
LINE
8
BLACK
6
CONTINUOUS
10
126.8534999999999968
20
-75.4710000000000036
11
127.3534999999999968
21
-75.4710000000000036
0
LINE
8
BLACK
6
CONTINUOUS
10
127.3534999999999968
20
-75.4710000000000036
11
127.4443869999999919
21
-75.4890789999999896
0
LINE
8
BLACK
6
CONTINUOUS
10
119.6919999999999931
20
-68.0159999999999911
11
117.8919999999999959
21
-68.0159999999999911
0
LINE
8
BLACK
6
CONTINUOUS
10
117.8919999999999959
20
-68.0159999999999911
11
117.8919999999999959
21
-67.3659999999999997
0
LINE
8
BLACK
6
CONTINUOUS
10
117.8919999999999959
20
-67.3659999999999997
11
119.6919999999999931
21
-67.3659999999999997
0
LINE
8
BLACK
6
CONTINUOUS
10
119.6919999999999931
20
-67.3659999999999997
11
119.6919999999999931
21
-68.0159999999999911
0
LINE
8
BLACK
6
CONTINUOUS
10
122.3919999999999959
20
-66.7459999999999951
11
120.5919999999999987
21
-66.7459999999999951
0
LINE
8
BLACK
6
CONTINUOUS
10
120.5919999999999987
20
-66.7459999999999951
11
120.5919999999999987
21
-66.0960000000000036
0
LINE
8
BLACK
6
CONTINUOUS
10
120.5919999999999987
20
-66.0960000000000036
11
122.3919999999999959
21
-66.0960000000000036
0
LINE
8
BLACK
6
CONTINUOUS
10
122.3919999999999959
20
-66.0960000000000036
11
122.3919999999999959
21
-66.7459999999999951
0
LINE
8
BLACK
6
CONTINUOUS
10
135.7850609999999847
20
-54.1025969999999958
11
135.9619409999999959
21
-54.1200179999999946
0
LINE
8
BLACK
6
CONTINUOUS
10
135.9619409999999959
20
-54.1200179999999946
11
135.9857690000000048
21
-54.1247569999999953
0
LINE
8
BLACK
6
CONTINUOUS
10
135.9857690000000048
20
-54.1247569999999953
11
136.1500010000000032
21
-54.1745759999999947
0
LINE
8
BLACK
6
CONTINUOUS
10
136.1500010000000032
20
-54.1745759999999947
11
136.1724529999999902
21
-54.1838769999999954
0
LINE
8
BLACK
6
CONTINUOUS
10
136.1724529999999902
20
-54.1838769999999954
11
136.3237979999999823
21
-54.2647720000000007
0
LINE
8
BLACK
6
CONTINUOUS
10
136.3237979999999823
20
-54.2647720000000007
11
136.3440099999999973
21
-54.2782769999999957
0
LINE
8
BLACK
6
CONTINUOUS
10
136.3440099999999973
20
-54.2782769999999957
11
136.4766659999999945
21
-54.3871449999999967
0
LINE
8
BLACK
6
CONTINUOUS
10
136.4766659999999945
20
-54.3871449999999967
11
136.4938539999999989
21
-54.4043329999999941
0
LINE
8
BLACK
6
CONTINUOUS
10
136.4938539999999989
20
-54.4043329999999941
11
136.602722
21
-54.5369889999999984
0
LINE
8
BLACK
6
CONTINUOUS
10
136.602722
20
-54.5369889999999984
11
136.6162269999999808
21
-54.5572009999999992
0
LINE
8
BLACK
6
CONTINUOUS
10
136.6162269999999808
20
-54.5572009999999992
11
136.6971209999999814
21
-54.7085429999999988
0
LINE
8
BLACK
6
CONTINUOUS
10
136.6971209999999814
20
-54.7085429999999988
11
136.7064239999999984
21
-54.7310009999999991
0
LINE
8
BLACK
6
CONTINUOUS
10
136.7064239999999984
20
-54.7310009999999991
11
136.7562399999999911
21
-54.8952239999999989
0
LINE
8
BLACK
6
CONTINUOUS
10
136.7562399999999911
20
-54.8952239999999989
11
136.7609819999999843
21
-54.9190649999999962
0
LINE
8
BLACK
6
CONTINUOUS
10
136.7609819999999843
20
-54.9190649999999962
11
136.7784029999999973
21
-55.0959379999999967
0
LINE
8
BLACK
6
CONTINUOUS
10
136.7784029999999973
20
-55.0959379999999967
11
136.7789999999999964
21
-55.1080919999999992
0
LINE
8
BLACK
6
CONTINUOUS
10
136.7789999999999964
20
-55.1080919999999992
11
136.7789999999999964
21
-59.1862629999999967
0
LINE
8
BLACK
6
CONTINUOUS
10
136.7789999999999964
20
-59.1862629999999967
11
136.7720410000000015
21
-59.2272189999999981
0
LINE
8
BLACK
6
CONTINUOUS
10
136.7720410000000015
20
-59.2272189999999981
11
136.7272739999999942
21
-59.3551499999999947
0
LINE
8
BLACK
6
CONTINUOUS
10
136.7272739999999942
20
-59.3551499999999947
11
136.7245000000000061
21
-59.3847389999999962
0
LINE
8
BLACK
6
CONTINUOUS
10
136.7245000000000061
20
-59.3847389999999962
11
136.7245000000000061
21
-59.9902599999999993
0
LINE
8
BLACK
6
CONTINUOUS
10
136.7245000000000061
20
-59.9902599999999993
11
136.7272739999999942
21
-60.0198490000000007
0
LINE
8
BLACK
6
CONTINUOUS
10
136.7272739999999942
20
-60.0198490000000007
11
136.7720410000000015
21
-60.1477809999999948
0
LINE
8
BLACK
6
CONTINUOUS
10
136.7720410000000015
20
-60.1477809999999948
11
136.7789999999999964
21
-60.1887369999999962
0
LINE
8
BLACK
6
CONTINUOUS
10
136.7789999999999964
20
-60.1887369999999962
11
136.7789999999999964
21
-61.0112629999999996
0
LINE
8
BLACK
6
CONTINUOUS
10
136.7789999999999964
20
-61.0112629999999996
11
136.7720410000000015
21
-61.0522189999999938
0
LINE
8
BLACK
6
CONTINUOUS
10
136.7720410000000015
20
-61.0522189999999938
11
136.7272739999999942
21
-61.1801499999999976
0
LINE
8
BLACK
6
CONTINUOUS
10
136.7272739999999942
20
-61.1801499999999976
11
136.7245000000000061
21
-61.209738999999999
0
LINE
8
BLACK
6
CONTINUOUS
10
136.7245000000000061
20
-61.209738999999999
11
136.7245000000000061
21
-61.7770149999999987
0
LINE
8
BLACK
6
CONTINUOUS
10
136.7245000000000061
20
-61.7770149999999987
11
136.7191609999999855
21
-61.8130109999999959
0
LINE
8
BLACK
6
CONTINUOUS
10
136.7191609999999855
20
-61.8130109999999959
11
136.7064239999999984
21
-61.8549989999999994
0
LINE
8
BLACK
6
CONTINUOUS
10
136.7064239999999984
20
-61.8549989999999994
11
136.6971209999999814
21
-61.8774559999999951
0
LINE
8
BLACK
6
CONTINUOUS
10
136.6971209999999814
20
-61.8774559999999951
11
136.6162269999999808
21
-62.0287979999999948
0
LINE
8
BLACK
6
CONTINUOUS
10
136.6162269999999808
20
-62.0287979999999948
11
136.602722
21
-62.0490099999999956
0
LINE
8
BLACK
6
CONTINUOUS
10
136.602722
20
-62.0490099999999956
11
136.4938539999999989
21
-62.1816659999999999
0
LINE
8
BLACK
6
CONTINUOUS
10
136.4938539999999989
20
-62.1816659999999999
11
136.4766659999999945
21
-62.1988539999999972
0
LINE
8
BLACK
6
CONTINUOUS
10
136.4766659999999945
20
-62.1988539999999972
11
136.3440099999999973
21
-62.3077219999999983
0
LINE
8
BLACK
6
CONTINUOUS
10
136.3440099999999973
20
-62.3077219999999983
11
136.3237979999999823
21
-62.3212270000000004
0
LINE
8
BLACK
6
CONTINUOUS
10
136.3237979999999823
20
-62.3212270000000004
11
136.1724559999999826
21
-62.402120999999994
0
LINE
8
BLACK
6
CONTINUOUS
10
136.1724559999999826
20
-62.402120999999994
11
136.1499979999999823
21
-62.4114239999999967
0
LINE
8
BLACK
6
CONTINUOUS
10
136.1499979999999823
20
-62.4114239999999967
11
135.9857749999999896
21
-62.4612399999999965
0
LINE
8
BLACK
6
CONTINUOUS
10
135.9857749999999896
20
-62.4612399999999965
11
135.9619339999999852
21
-62.4659819999999968
0
LINE
8
BLACK
6
CONTINUOUS
10
135.9619339999999852
20
-62.4659819999999968
11
135.7850609999999847
21
-62.4834029999999956
0
LINE
8
BLACK
6
CONTINUOUS
10
135.7850609999999847
20
-62.4834029999999956
11
135.7729070000000036
21
-62.4839999999999947
0
LINE
8
BLACK
6
CONTINUOUS
10
135.7729070000000036
20
-62.4839999999999947
11
134.6200000000000045
21
-62.4839999999999947
0
LINE
8
BLACK
6
CONTINUOUS
10
134.6200000000000045
20
-62.4839999999999947
11
134.6200000000000045
21
-63.4839999999999947
0
LINE
8
BLACK
6
CONTINUOUS
10
134.6200000000000045
20
-63.4839999999999947
11
134.6200000000000045
21
-63.4840029999999942
0
LINE
8
BLACK
6
CONTINUOUS
10
134.6200000000000045
20
-63.4840029999999942
11
134.6200000000000045
21
-74.304907
0
LINE
8
BLACK
6
CONTINUOUS
10
134.6200000000000045
20
-74.304907
11
134.6194030000000055
21
-74.3170609999999954
0
LINE
8
BLACK
6
CONTINUOUS
10
134.6194030000000055
20
-74.3170609999999954
11
134.6019819999999925
21
-74.4939339999999959
0
LINE
8
BLACK
6
CONTINUOUS
10
134.6019819999999925
20
-74.4939339999999959
11
134.5972399999999993
21
-74.5177750000000003
0
LINE
8
BLACK
6
CONTINUOUS
10
134.5972399999999993
20
-74.5177750000000003
11
134.5474240000000066
21
-74.681997999999993
0
LINE
8
BLACK
6
CONTINUOUS
10
134.5474240000000066
20
-74.681997999999993
11
134.5381209999999896
21
-74.7044559999999933
0
LINE
8
BLACK
6
CONTINUOUS
10
134.5381209999999896
20
-74.7044559999999933
11
134.4572269999999889
21
-74.855797999999993
0
LINE
8
BLACK
6
CONTINUOUS
10
134.4572269999999889
20
-74.855797999999993
11
134.4437219999999797
21
-74.8760099999999937
0
LINE
8
BLACK
6
CONTINUOUS
10
134.4437219999999797
20
-74.8760099999999937
11
134.3348540000000071
21
-75.008665999999991
0
LINE
8
BLACK
6
CONTINUOUS
10
134.3348540000000071
20
-75.008665999999991
11
134.3176660000000027
21
-75.0258539999999954
0
LINE
8
BLACK
6
CONTINUOUS
10
134.3176660000000027
20
-75.0258539999999954
11
134.1850100000000054
21
-75.1347219999999965
0
LINE
8
BLACK
6
CONTINUOUS
10
134.1850100000000054
20
-75.1347219999999965
11
134.1647979999999905
21
-75.1482269999999914
0
LINE
8
BLACK
6
CONTINUOUS
10
134.1647979999999905
20
-75.1482269999999914
11
134.0134559999999908
21
-75.2291209999999921
0
LINE
8
BLACK
6
CONTINUOUS
10
134.0134559999999908
20
-75.2291209999999921
11
133.9909979999999905
21
-75.2384239999999949
0
LINE
8
BLACK
6
CONTINUOUS
10
133.9909979999999905
20
-75.2384239999999949
11
133.8267749999999978
21
-75.2882400000000018
0
LINE
8
BLACK
6
CONTINUOUS
10
133.8267749999999978
20
-75.2882400000000018
11
133.8029339999999934
21
-75.292981999999995
0
LINE
8
BLACK
6
CONTINUOUS
10
133.8029339999999934
20
-75.292981999999995
11
133.6260609999999929
21
-75.3104029999999938
0
LINE
8
BLACK
6
CONTINUOUS
10
133.6260609999999929
20
-75.3104029999999938
11
133.6139069999999833
21
-75.3109999999999928
0
LINE
8
BLACK
6
CONTINUOUS
10
133.6139069999999833
20
-75.3109999999999928
11
129.4129999999999825
21
-75.3109999999999928
0
LINE
8
BLACK
6
CONTINUOUS
10
129.4129999999999825
20
-75.3109999999999928
11
129.4129999999999825
21
-75.3371980000000008
0
LINE
8
BLACK
6
CONTINUOUS
10
129.4129999999999825
20
-75.3371980000000008
11
129.3854739999999879
21
-75.31688299999999
0
LINE
8
BLACK
6
CONTINUOUS
10
129.3854739999999879
20
-75.31688299999999
11
129.2608479999999815
21
-75.2732740000000007
0
LINE
8
BLACK
6
CONTINUOUS
10
129.2608479999999815
20
-75.2732740000000007
11
129.2608490000000074
21
-75.2732740000000007
0
LINE
8
BLACK
6
CONTINUOUS
10
129.2608490000000074
20
-75.2732740000000007
11
129.2312599999999918
21
-75.2704999999999984
0
LINE
8
BLACK
6
CONTINUOUS
10
129.2312599999999918
20
-75.2704999999999984
11
129.2312560000000019
21
-75.2704999999999984
0
LINE
8
BLACK
6
CONTINUOUS
10
129.2312560000000019
20
-75.2704999999999984
11
128.6257439999999974
21
-75.2704999999999984
0
LINE
8
BLACK
6
CONTINUOUS
10
128.6257439999999974
20
-75.2704999999999984
11
128.6257400000000075
21
-75.2704999999999984
0
LINE
8
BLACK
6
CONTINUOUS
10
128.6257400000000075
20
-75.2704999999999984
11
128.5961499999999944
21
-75.2732740000000007
0
LINE
8
BLACK
6
CONTINUOUS
10
128.5961499999999944
20
-75.2732740000000007
11
128.4715229999999906
21
-75.3168840000000017
0
LINE
8
BLACK
6
CONTINUOUS
10
128.4715229999999906
20
-75.3168840000000017
11
128.36528899999999
21
-75.3952879999999936
0
LINE
8
BLACK
6
CONTINUOUS
10
128.36528899999999
20
-75.3952879999999936
11
128.3652879999999925
21
-75.3952889999999911
0
LINE
8
BLACK
6
CONTINUOUS
10
128.3652879999999925
20
-75.3952889999999911
11
128.2868839999999864
21
-75.5015229999999917
0
LINE
8
BLACK
6
CONTINUOUS
10
128.2868839999999864
20
-75.5015229999999917
11
128.2432739999999853
21
-75.6261499999999955
0
LINE
8
BLACK
6
CONTINUOUS
10
128.2432739999999853
20
-75.6261499999999955
11
128.2404999999999973
21
-75.655738999999997
0
LINE
8
BLACK
6
CONTINUOUS
10
128.2404999999999973
20
-75.655738999999997
11
128.2404999999999973
21
-76.2362600000000015
0
LINE
8
BLACK
6
CONTINUOUS
10
128.2404999999999973
20
-76.2362600000000015
11
128.2432739999999853
21
-76.2658490000000029
0
LINE
8
BLACK
6
CONTINUOUS
10
128.2432739999999853
20
-76.2658490000000029
11
128.2868839999999864
21
-76.3904759999999925
0
LINE
8
BLACK
6
CONTINUOUS
10
128.2868839999999864
20
-76.3904759999999925
11
128.3652879999999925
21
-76.4967099999999931
0
LINE
8
BLACK
6
CONTINUOUS
10
128.3652879999999925
20
-76.4967099999999931
11
128.36528899999999
21
-76.4967109999999906
0
LINE
8
BLACK
6
CONTINUOUS
10
128.36528899999999
20
-76.4967109999999906
11
128.4715229999999906
21
-76.5751149999999967
0
LINE
8
BLACK
6
CONTINUOUS
10
128.4715229999999906
20
-76.5751149999999967
11
128.4715239999999881
21
-76.5751149999999967
0
LINE
8
BLACK
6
CONTINUOUS
10
128.4715239999999881
20
-76.5751149999999967
11
128.4715249999999855
21
-76.5751159999999942
0
LINE
8
BLACK
6
CONTINUOUS
10
128.4715249999999855
20
-76.5751159999999942
11
128.5961509999999919
21
-76.6187249999999977
0
LINE
8
BLACK
6
CONTINUOUS
10
128.5961509999999919
20
-76.6187249999999977
11
128.5961499999999944
21
-76.6187249999999977
0
LINE
8
BLACK
6
CONTINUOUS
10
128.5961499999999944
20
-76.6187249999999977
11
128.6257400000000075
21
-76.6214999999999975
0
LINE
8
BLACK
6
CONTINUOUS
10
128.6257400000000075
20
-76.6214999999999975
11
128.6257439999999974
21
-76.6214999999999975
0
LINE
8
BLACK
6
CONTINUOUS
10
128.6257439999999974
20
-76.6214999999999975
11
129.2312599999999918
21
-76.6214999999999975
0
LINE
8
BLACK
6
CONTINUOUS
10
129.2312599999999918
20
-76.6214999999999975
11
129.2444079999999929
21
-76.6202660000000009
0
LINE
8
BLACK
6
CONTINUOUS
10
129.2444079999999929
20
-76.6202660000000009
11
129.2608490000000074
21
-76.6187249999999977
0
LINE
8
BLACK
6
CONTINUOUS
10
129.2608490000000074
20
-76.6187249999999977
11
129.2608569999999872
21
-76.6187219999999911
0
LINE
8
BLACK
6
CONTINUOUS
10
129.2608569999999872
20
-76.6187219999999911
11
129.2625280000000032
21
-76.6183580000000006
0
LINE
8
BLACK
6
CONTINUOUS
10
129.2625280000000032
20
-76.6183580000000006
11
129.2638059999999882
21
-76.6184480000000008
0
LINE
8
BLACK
6
CONTINUOUS
10
129.2638059999999882
20
-76.6184480000000008
11
129.2683619999999962
21
-76.6180209999999988
0
LINE
8
BLACK
6
CONTINUOUS
10
129.2683619999999962
20
-76.6180209999999988
11
129.26843199999999
21
-76.6187740000000019
0
LINE
8
BLACK
6
CONTINUOUS
10
129.26843199999999
20
-76.6187740000000019
11
129.332224999999994
21
-76.6232770000000016
0
LINE
8
BLACK
6
CONTINUOUS
10
129.332224999999994
20
-76.6232770000000016
11
129.388196999999991
21
-76.6650959999999912
0
LINE
8
BLACK
6
CONTINUOUS
10
129.388196999999991
20
-76.6650959999999912
11
129.4126760000000047
21
-76.7305369999999982
0
LINE
8
BLACK
6
CONTINUOUS
10
129.4126760000000047
20
-76.7305369999999982
11
129.4129999999999825
21
-76.739498999999995
0
LINE
8
BLACK
6
CONTINUOUS
10
129.4129999999999825
20
-76.739498999999995
11
129.4129999999999825
21
-77.0674999999999955
0
LINE
8
BLACK
6
CONTINUOUS
10
129.4129999999999825
20
-77.0674999999999955
11
129.3933150000000012
21
-77.1345389999999895
0
LINE
8
BLACK
6
CONTINUOUS
10
129.3933150000000012
20
-77.1345389999999895
11
129.3405109999999922
21
-77.1802940000000035
0
LINE
8
BLACK
6
CONTINUOUS
10
129.3405109999999922
20
-77.1802940000000035
11
129.2889999999999873
21
-77.1914999999999907
0
LINE
8
BLACK
6
CONTINUOUS
10
129.2889999999999873
20
-77.1914999999999907
11
126.5637469999999922
21
-77.1914999999999907
0
LINE
8
BLACK
6
CONTINUOUS
10
126.5637469999999922
20
-77.1914999999999907
11
126.5052699999999959
21
-77.2031309999999991
0
LINE
8
BLACK
6
CONTINUOUS
10
126.5052699999999959
20
-77.2031309999999991
11
126.5052689999999984
21
-77.2031319999999965
0
LINE
8
BLACK
6
CONTINUOUS
10
126.5052689999999984
20
-77.2031319999999965
11
126.4649499999999875
21
-77.2300729999999902
0
LINE
8
BLACK
6
CONTINUOUS
10
126.4649499999999875
20
-77.2300729999999902
11
126.3982719999999915
21
-77.2509510000000006
0
LINE
8
BLACK
6
CONTINUOUS
10
126.3982719999999915
20
-77.2509510000000006
11
126.3308919999999915
21
-77.2324660000000023
0
LINE
8
BLACK
6
CONTINUOUS
10
126.3308919999999915
20
-77.2324660000000023
11
126.320572999999996
21
-77.2253469999999993
0
LINE
8
BLACK
6
CONTINUOUS
10
126.320572999999996
20
-77.2253469999999993
11
126.2868419999999929
21
-77.1994639999999919
0
LINE
8
BLACK
6
CONTINUOUS
10
126.2868419999999929
20
-77.1994639999999919
11
126.1407619999999952
21
-77.1389559999999932
0
LINE
8
BLACK
6
CONTINUOUS
10
126.1407619999999952
20
-77.1389559999999932
11
126.1407600000000002
21
-77.1389549999999957
0
LINE
8
BLACK
6
CONTINUOUS
10
126.1407600000000002
20
-77.1389549999999957
11
125.9840009999999921
21
-77.1183180000000021
0
LINE
8
BLACK
6
CONTINUOUS
10
125.9840009999999921
20
-77.1183180000000021
11
125.9839989999999972
21
-77.1183180000000021
0
LINE
8
BLACK
6
CONTINUOUS
10
125.9839989999999972
20
-77.1183180000000021
11
125.8272389999999916
21
-77.1389549999999957
0
LINE
8
BLACK
6
CONTINUOUS
10
125.8272389999999916
20
-77.1389549999999957
11
125.8272369999999967
21
-77.1389559999999932
0
LINE
8
BLACK
6
CONTINUOUS
10
125.8272369999999967
20
-77.1389559999999932
11
125.6811579999999964
21
-77.1994639999999919
0
LINE
8
BLACK
6
CONTINUOUS
10
125.6811579999999964
20
-77.1994639999999919
11
125.641531999999998
21
-77.2298699999999911
0
LINE
8
BLACK
6
CONTINUOUS
10
125.641531999999998
20
-77.2298699999999911
11
125.5763630000000006
21
-77.2550629999999927
0
LINE
8
BLACK
6
CONTINUOUS
10
125.5763630000000006
20
-77.2550629999999927
11
125.5079179999999894
21
-77.2410239999999959
0
LINE
8
BLACK
6
CONTINUOUS
10
125.5079179999999894
20
-77.2410239999999959
11
125.4924149999999941
21
-77.2312639999999959
0
LINE
8
BLACK
6
CONTINUOUS
10
125.4924149999999941
20
-77.2312639999999959
11
125.4444759999999945
21
-77.1958839999999924
0
LINE
8
BLACK
6
CONTINUOUS
10
125.4444759999999945
20
-77.1958839999999924
11
125.3198479999999932
21
-77.1522739999999914
0
LINE
8
BLACK
6
CONTINUOUS
10
125.3198479999999932
20
-77.1522739999999914
11
125.3198489999999907
21
-77.1522739999999914
0
LINE
8
BLACK
6
CONTINUOUS
10
125.3198489999999907
20
-77.1522739999999914
11
125.2902599999999893
21
-77.1495000000000033
0
LINE
8
BLACK
6
CONTINUOUS
10
125.2902599999999893
20
-77.1495000000000033
11
125.2902559999999994
21
-77.1495000000000033
0
LINE
8
BLACK
6
CONTINUOUS
10
125.2902559999999994
20
-77.1495000000000033
11
124.7097440000000006
21
-77.1495000000000033
0
LINE
8
BLACK
6
CONTINUOUS
10
124.7097440000000006
20
-77.1495000000000033
11
124.7097399999999965
21
-77.1495000000000033
0
LINE
8
BLACK
6
CONTINUOUS
10
124.7097399999999965
20
-77.1495000000000033
11
124.6801499999999976
21
-77.1522739999999914
0
LINE
8
BLACK
6
CONTINUOUS
10
124.6801499999999976
20
-77.1522739999999914
11
124.5555229999999938
21
-77.1958839999999924
0
LINE
8
BLACK
6
CONTINUOUS
10
124.5555229999999938
20
-77.1958839999999924
11
124.4492889999999932
21
-77.2742879999999985
0
LINE
8
BLACK
6
CONTINUOUS
10
124.4492889999999932
20
-77.2742879999999985
11
124.4492879999999957
21
-77.274288999999996
0
LINE
8
BLACK
6
CONTINUOUS
10
124.4492879999999957
20
-77.274288999999996
11
124.3708839999999896
21
-77.3805229999999966
0
LINE
8
BLACK
6
CONTINUOUS
10
124.3708839999999896
20
-77.3805229999999966
11
124.3272739999999885
21
-77.5051500000000004
0
LINE
8
BLACK
6
CONTINUOUS
10
124.3272739999999885
20
-77.5051500000000004
11
124.3245000000000005
21
-77.5347390000000019
0
LINE
8
BLACK
6
CONTINUOUS
10
124.3245000000000005
20
-77.5347390000000019
11
124.3245000000000005
21
-78.1402599999999978
0
LINE
8
BLACK
6
CONTINUOUS
10
124.3245000000000005
20
-78.1402599999999978
11
124.3272739999999885
21
-78.1698489999999993
0
LINE
8
BLACK
6
CONTINUOUS
10
124.3272739999999885
20
-78.1698489999999993
11
124.3708839999999896
21
-78.2944760000000031
0
LINE
8
BLACK
6
CONTINUOUS
10
124.3708839999999896
20
-78.2944760000000031
11
124.4492879999999957
21
-78.4007099999999895
0
LINE
8
BLACK
6
CONTINUOUS
10
124.4492879999999957
20
-78.4007099999999895
11
124.4492889999999932
21
-78.4007110000000011
0
LINE
8
BLACK
6
CONTINUOUS
10
124.4492889999999932
20
-78.4007110000000011
11
124.5555229999999938
21
-78.4791149999999931
0
LINE
8
BLACK
6
CONTINUOUS
10
124.5555229999999938
20
-78.4791149999999931
11
124.5555239999999912
21
-78.4791149999999931
0
LINE
8
BLACK
6
CONTINUOUS
10
124.5555239999999912
20
-78.4791149999999931
11
124.5555249999999887
21
-78.4791159999999905
0
LINE
8
BLACK
6
CONTINUOUS
10
124.5555249999999887
20
-78.4791159999999905
11
124.6801509999999951
21
-78.5227249999999941
0
LINE
8
BLACK
6
CONTINUOUS
10
124.6801509999999951
20
-78.5227249999999941
11
124.6801499999999976
21
-78.5227249999999941
0
LINE
8
BLACK
6
CONTINUOUS
10
124.6801499999999976
20
-78.5227249999999941
11
124.7097399999999965
21
-78.5254999999999939
0
LINE
8
BLACK
6
CONTINUOUS
10
124.7097399999999965
20
-78.5254999999999939
11
124.7097440000000006
21
-78.5254999999999939
0
LINE
8
BLACK
6
CONTINUOUS
10
124.7097440000000006
20
-78.5254999999999939
11
125.2902599999999893
21
-78.5254999999999939
0
LINE
8
BLACK
6
CONTINUOUS
10
125.2902599999999893
20
-78.5254999999999939
11
125.3198489999999907
21
-78.5227249999999941
0
LINE
8
BLACK
6
CONTINUOUS
10
125.3198489999999907
20
-78.5227249999999941
11
125.349969999999999
21
-78.5121850000000023
0
LINE
8
BLACK
6
CONTINUOUS
10
125.349969999999999
20
-78.5121850000000023
11
125.4444749999999971
21
-78.4791159999999905
0
LINE
8
BLACK
6
CONTINUOUS
10
125.4444749999999971
20
-78.4791159999999905
11
125.5507109999999926
21
-78.4007110000000011
0
LINE
8
BLACK
6
CONTINUOUS
10
125.5507109999999926
20
-78.4007110000000011
11
125.5967229999999972
21
-78.338366999999991
0
LINE
8
BLACK
6
CONTINUOUS
10
125.5967229999999972
20
-78.338366999999991
11
125.6523699999999906
21
-78.2961159999999978
0
LINE
8
BLACK
6
CONTINUOUS
10
125.6523699999999906
20
-78.2961159999999978
11
125.6964929999999896
21
-78.2879999999999967
0
LINE
8
BLACK
6
CONTINUOUS
10
125.6964929999999896
20
-78.2879999999999967
11
125.7517679999999984
21
-78.2879999999999967
0
LINE
8
BLACK
6
CONTINUOUS
10
125.7517679999999984
20
-78.2879999999999967
11
125.7992199999999912
21
-78.2974389999999971
0
LINE
8
BLACK
6
CONTINUOUS
10
125.7992199999999912
20
-78.2974389999999971
11
125.8100850000000008
21
-78.3019389999999902
0
LINE
8
BLACK
6
CONTINUOUS
10
125.8100850000000008
20
-78.3019389999999902
11
125.8272379999999941
21
-78.3090440000000001
0
LINE
8
BLACK
6
CONTINUOUS
10
125.8272379999999941
20
-78.3090440000000001
11
125.9056189999999873
21
-78.3193629999999956
0
LINE
8
BLACK
6
CONTINUOUS
10
125.9056189999999873
20
-78.3193629999999956
11
125.9839989999999972
21
-78.3296819999999911
0
LINE
8
BLACK
6
CONTINUOUS
10
125.9839989999999972
20
-78.3296819999999911
11
125.9839999999999947
21
-78.3296819999999911
0
LINE
8
BLACK
6
CONTINUOUS
10
125.9839999999999947
20
-78.3296819999999911
11
125.9840009999999921
21
-78.3296819999999911
0
LINE
8
BLACK
6
CONTINUOUS
10
125.9840009999999921
20
-78.3296819999999911
11
126.0362539999999996
21
-78.3228019999999958
0
LINE
8
BLACK
6
CONTINUOUS
10
126.0362539999999996
20
-78.3228019999999958
11
126.1407619999999952
21
-78.3090440000000001
0
LINE
8
BLACK
6
CONTINUOUS
10
126.1407619999999952
20
-78.3090440000000001
11
126.1579160000000002
21
-78.3019379999999927
0
LINE
8
BLACK
6
CONTINUOUS
10
126.1579160000000002
20
-78.3019379999999927
11
126.2053669999999954
21
-78.2924999999999898
0
LINE
8
BLACK
6
CONTINUOUS
10
126.2053669999999954
20
-78.2924999999999898
11
126.2795809999999932
21
-78.2924999999999898
0
LINE
8
BLACK
6
CONTINUOUS
10
126.2795809999999932
20
-78.2924999999999898
11
126.3466199999999873
21
-78.3121849999999995
0
LINE
8
BLACK
6
CONTINUOUS
10
126.3466199999999873
20
-78.3121849999999995
11
126.3923750000000013
21
-78.3649889999999942
0
LINE
8
BLACK
6
CONTINUOUS
10
126.3923750000000013
20
-78.3649889999999942
11
126.3941399999999931
21
-78.3690429999999907
0
LINE
8
BLACK
6
CONTINUOUS
10
126.3941399999999931
20
-78.3690429999999907
11
126.3946309999999897
21
-78.3702279999999973
0
LINE
8
BLACK
6
CONTINUOUS
10
126.3946309999999897
20
-78.3702279999999973
11
126.4389469999999989
21
-78.4365519999999918
0
LINE
8
BLACK
6
CONTINUOUS
10
126.4389469999999989
20
-78.4365519999999918
11
126.5052689999999984
21
-78.4808670000000035
0
LINE
8
BLACK
6
CONTINUOUS
10
126.5052689999999984
20
-78.4808670000000035
11
126.5052699999999959
21
-78.480868000000001
0
LINE
8
BLACK
6
CONTINUOUS
10
126.5052699999999959
20
-78.480868000000001
11
126.5637469999999922
21
-78.4924989999999951
0
LINE
8
BLACK
6
CONTINUOUS
10
126.5637469999999922
20
-78.4924989999999951
11
126.5637499999999989
21
-78.4924999999999926
0
LINE
8
BLACK
6
CONTINUOUS
10
126.5637499999999989
20
-78.4924999999999926
11
129.2889999999999873
21
-78.4924999999999926
0
LINE
8
BLACK
6
CONTINUOUS
10
129.2889999999999873
20
-78.4924999999999926
11
129.3560389999999813
21
-78.5121850000000023
0
LINE
8
BLACK
6
CONTINUOUS
10
129.3560389999999813
20
-78.5121850000000023
11
129.4017939999999953
21
-78.5649889999999971
0
LINE
8
BLACK
6
CONTINUOUS
10
129.4017939999999953
20
-78.5649889999999971
11
129.4129999999999825
21
-78.616500000000002
0
LINE
8
BLACK
6
CONTINUOUS
10
129.4129999999999825
20
-78.616500000000002
11
129.4129999999999825
21
-85.9889069999999975
0
LINE
8
BLACK
6
CONTINUOUS
10
129.4129999999999825
20
-85.9889069999999975
11
129.4124029999999834
21
-86.0010609999999929
0
LINE
8
BLACK
6
CONTINUOUS
10
129.4124029999999834
20
-86.0010609999999929
11
129.3949819999999988
21
-86.1779339999999934
0
LINE
8
BLACK
6
CONTINUOUS
10
129.3949819999999988
20
-86.1779339999999934
11
129.3902400000000057
21
-86.2017749999999978
0
LINE
8
BLACK
6
CONTINUOUS
10
129.3902400000000057
20
-86.2017749999999978
11
129.383499999999998
21
-86.2239939999999905
0
LINE
8
BLACK
6
CONTINUOUS
10
129.383499999999998
20
-86.2239939999999905
11
129.383499999999998
21
-86.6919999999999931
0
LINE
8
BLACK
6
CONTINUOUS
10
129.383499999999998
20
-86.6919999999999931
11
129.1284009999999967
21
-86.6919999999999931
0
LINE
8
BLACK
6
CONTINUOUS
10
129.1284009999999967
20
-86.6919999999999931
11
129.127853999999985
21
-86.6926660000000027
0
LINE
8
BLACK
6
CONTINUOUS
10
129.127853999999985
20
-86.6926660000000027
11
129.1106659999999806
21
-86.7098539999999929
0
LINE
8
BLACK
6
CONTINUOUS
10
129.1106659999999806
20
-86.7098539999999929
11
128.9780099999999834
21
-86.818721999999994
0
LINE
8
BLACK
6
CONTINUOUS
10
128.9780099999999834
20
-86.818721999999994
11
128.9577979999999968
21
-86.8322270000000032
0
LINE
8
BLACK
6
CONTINUOUS
10
128.9577979999999968
20
-86.8322270000000032
11
128.8064559999999972
21
-86.9131209999999896
0
LINE
8
BLACK
6
CONTINUOUS
10
128.8064559999999972
20
-86.9131209999999896
11
128.7839979999999969
21
-86.9224239999999924
0
LINE
8
BLACK
6
CONTINUOUS
10
128.7839979999999969
20
-86.9224239999999924
11
128.6197750000000042
21
-86.9722399999999993
0
LINE
8
BLACK
6
CONTINUOUS
10
128.6197750000000042
20
-86.9722399999999993
11
128.5959339999999997
21
-86.9769819999999925
0
LINE
8
BLACK
6
CONTINUOUS
10
128.5959339999999997
20
-86.9769819999999925
11
128.4190609999999992
21
-86.9944029999999913
0
LINE
8
BLACK
6
CONTINUOUS
10
128.4190609999999992
20
-86.9944029999999913
11
128.4069069999999897
21
-86.9949999999999903
0
LINE
8
BLACK
6
CONTINUOUS
10
128.4069069999999897
20
-86.9949999999999903
11
121.1940889999999911
21
-86.9949999999999903
0
LINE
8
BLACK
6
CONTINUOUS
10
121.1940889999999911
20
-86.9949999999999903
11
121.127049999999997
21
-86.9753149999999948
0
LINE
8
BLACK
6
CONTINUOUS
10
121.127049999999997
20
-86.9753149999999948
11
121.086394999999996
21
-86.9324649999999934
0
LINE
8
BLACK
6
CONTINUOUS
10
121.086394999999996
20
-86.9324649999999934
11
120.9601320000000015
21
-86.711236999999997
0
LINE
8
BLACK
6
CONTINUOUS
10
120.9601320000000015
20
-86.711236999999997
11
120.9581359999999961
21
-86.7075999999999993
0
LINE
8
BLACK
6
CONTINUOUS
10
120.9581359999999961
20
-86.7075999999999993
11
120.5856509999999986
21
-86.0010609999999929
0
LINE
8
BLACK
6
CONTINUOUS
10
120.5856509999999986
20
-86.0010609999999929
11
120.452943999999988
21
-85.7493379999999945
0
LINE
8
BLACK
6
CONTINUOUS
10
120.452943999999988
20
-85.7493379999999945
11
120.4511079999999907
21
-85.7457100000000025
0
LINE
8
BLACK
6
CONTINUOUS
10
120.4511079999999907
20
-85.7457100000000025
11
119.9782639999999958
21
-84.771096
0
LINE
8
BLACK
6
CONTINUOUS
10
119.9782639999999958
20
-84.771096
11
119.9765369999999933
21
-84.7673819999999978
0
LINE
8
BLACK
6
CONTINUOUS
10
119.9765369999999933
20
-84.7673819999999978
11
119.5365499999999912
21
-83.7774689999999964
0
LINE
8
BLACK
6
CONTINUOUS
10
119.5365499999999912
20
-83.7774689999999964
11
119.5349289999999911
21
-83.7736499999999893
0
LINE
8
BLACK
6
CONTINUOUS
10
119.5349289999999911
20
-83.7736499999999893
11
119.1283349999999928
21
-82.7696509999999961
0
LINE
8
BLACK
6
CONTINUOUS
10
119.1283349999999928
20
-82.7696509999999961
11
119.1268419999999963
21
-82.7657799999999924
0
LINE
8
BLACK
6
CONTINUOUS
10
119.1268419999999963
20
-82.7657799999999924
11
119.0391139999999979
21
-82.5264339999999947
0
LINE
8
BLACK
6
CONTINUOUS
10
119.0391139999999979
20
-82.5264339999999947
11
118.7540329999999926
21
-81.7486559999999969
0
LINE
8
BLACK
6
CONTINUOUS
10
118.7540329999999926
20
-81.7486559999999969
11
118.7527029999999968
21
-81.7448309999999907
0
LINE
8
BLACK
6
CONTINUOUS
10
118.7527029999999968
20
-81.7448309999999907
11
118.4141350000000017
21
-80.7158259999999927
0
LINE
8
BLACK
6
CONTINUOUS
10
118.4141350000000017
20
-80.7158259999999927
11
118.4129119999999915
21
-80.7118889999999993
0
LINE
8
BLACK
6
CONTINUOUS
10
118.4129119999999915
20
-80.7118889999999993
11
118.3236719999999877
21
-80.4066210000000012
0
LINE
8
BLACK
6
CONTINUOUS
10
118.3236719999999877
20
-80.4066210000000012
11
118.1089580000000012
21
-79.6721349999999973
0
LINE
8
BLACK
6
CONTINUOUS
10
118.1089580000000012
20
-79.6721349999999973
11
118.1078679999999963
21
-79.6681569999999937
0
LINE
8
BLACK
6
CONTINUOUS
10
118.1078679999999963
20
-79.6681569999999937
11
117.8388819999999981
21
-78.6188719999999961
0
LINE
8
BLACK
6
CONTINUOUS
10
117.8388819999999981
20
-78.6188719999999961
11
117.8379189999999994
21
-78.6148359999999968
0
LINE
8
BLACK
6
CONTINUOUS
10
117.8379189999999994
20
-78.6148359999999968
11
117.8181769999999915
21
-78.5254999999999939
0
LINE
8
BLACK
6
CONTINUOUS
10
117.8181769999999915
20
-78.5254999999999939
11
117.6041799999999995
21
-77.5571130000000011
0
LINE
8
BLACK
6
CONTINUOUS
10
117.6041799999999995
20
-77.5571130000000011
11
117.6033549999999934
21
-77.5530579999999929
0
LINE
8
BLACK
6
CONTINUOUS
10
117.6033549999999934
20
-77.5530579999999929
11
117.5587989999999934
21
-77.313682
0
LINE
8
BLACK
6
CONTINUOUS
10
117.5587989999999934
20
-77.313682
11
117.4051329999999922
21
-76.4881180000000001
0
LINE
8
BLACK
6
CONTINUOUS
10
117.4051329999999922
20
-76.4881180000000001
11
117.4044449999999955
21
-76.4840429999999998
0
LINE
8
BLACK
6
CONTINUOUS
10
117.4044449999999955
20
-76.4840429999999998
11
117.3924769999999995
21
-76.4051589999999976
0
LINE
8
BLACK
6
CONTINUOUS
10
117.3924769999999995
20
-76.4051589999999976
11
117.2419559999999876
21
-75.4130399999999952
0
LINE
8
BLACK
6
CONTINUOUS
10
117.2419559999999876
20
-75.4130399999999952
11
117.2414129999999943
21
-75.409009999999995
0
LINE
8
BLACK
6
CONTINUOUS
10
117.2414129999999943
20
-75.409009999999995
11
117.1148339999999877
21
-74.333092999999991
0
LINE
8
BLACK
6
CONTINUOUS
10
117.1148339999999877
20
-74.333092999999991
11
117.1144269999999921
21
-74.3290429999999986
0
LINE
8
BLACK
6
CONTINUOUS
10
117.1144269999999921
20
-74.3290429999999986
11
117.0239169999999973
21
-73.2495579999999933
0
LINE
8
BLACK
6
CONTINUOUS
10
117.0239169999999973
20
-73.2495579999999933
11
117.0236459999999994
21
-73.245515999999995
0
LINE
8
BLACK
6
CONTINUOUS
10
117.0236459999999994
20
-73.245515999999995
11
116.9692989999999924
21
-72.1635729999999995
0
LINE
8
BLACK
6
CONTINUOUS
10
116.9692989999999924
20
-72.1635729999999995
11
116.9691609999999997
21
-72.1594489999999951
0
LINE
8
BLACK
6
CONTINUOUS
10
116.9691609999999997
20
-72.1594489999999951
11
116.9690969999999908
21
-72.1556099999999958
0
LINE
8
BLACK
6
CONTINUOUS
10
116.9690969999999908
20
-72.1556099999999958
11
116.9510379999999969
21
-71.0762679999999989
0
LINE
8
BLACK
6
CONTINUOUS
10
116.9510379999999969
20
-71.0762679999999989
11
116.9510379999999969
21
-71.0721530000000001
0
LINE
8
BLACK
6
CONTINUOUS
10
116.9510379999999969
20
-71.0721530000000001
11
116.9703299999999899
21
-69.9546589999999924
0
LINE
8
BLACK
6
CONTINUOUS
10
116.9703299999999899
20
-69.9546589999999924
11
116.970478
21
-69.9503929999999912
0
LINE
8
BLACK
6
CONTINUOUS
10
116.970478
20
-69.9503929999999912
11
116.9738029999999895
21
-69.8862519999999989
0
LINE
8
BLACK
6
CONTINUOUS
10
116.9738029999999895
20
-69.8862519999999989
11
116.9738029999999895
21
-69.8862469999999973
0
LINE
8
BLACK
6
CONTINUOUS
10
116.9738029999999895
20
-69.8862469999999973
11
117.0283289999999994
21
-68.8342269999999985
0
LINE
8
BLACK
6
CONTINUOUS
10
117.0283289999999994
20
-68.8342269999999985
11
117.028624999999991
21
-68.8299659999999989
0
LINE
8
BLACK
6
CONTINUOUS
10
117.028624999999991
20
-68.8299659999999989
11
117.0433559999999886
21
-68.659717999999998
0
LINE
8
BLACK
6
CONTINUOUS
10
117.0433559999999886
20
-68.659717999999998
11
117.1249639999999914
21
-67.7165150000000011
0
LINE
8
BLACK
6
CONTINUOUS
10
117.1249639999999914
20
-67.7165150000000011
11
117.1254059999999981
21
-67.7122619999999955
0
LINE
8
BLACK
6
CONTINUOUS
10
117.1254059999999981
20
-67.7122619999999955
11
117.1360979999999898
21
-67.6241989999999902
0
LINE
8
BLACK
6
CONTINUOUS
10
117.1360979999999898
20
-67.6241989999999902
11
117.1698469999999901
21
-67.3462469999999911
0
LINE
8
BLACK
6
CONTINUOUS
10
117.1698469999999901
20
-67.3462469999999911
11
117.2601269999999971
21
-66.6027259999999899
0
LINE
8
BLACK
6
CONTINUOUS
10
117.2601269999999971
20
-66.6027259999999899
11
117.2607079999999939
21
-66.5985489999999913
0
LINE
8
BLACK
6
CONTINUOUS
10
117.2607079999999939
20
-66.5985489999999913
11
117.3425079999999951
21
-66.0762469999999951
0
LINE
8
BLACK
6
CONTINUOUS
10
117.3425079999999951
20
-66.0762469999999951
11
117.433651999999995
21
-65.4942869999999999
0
LINE
8
BLACK
6
CONTINUOUS
10
117.433651999999995
20
-65.4942869999999999
11
117.4343839999999943
21
-65.4900930000000017
0
LINE
8
BLACK
6
CONTINUOUS
10
117.4343839999999943
20
-65.4900930000000017
11
117.5667369999999892
21
-64.8014479999999935
0
LINE
8
BLACK
6
CONTINUOUS
10
117.5667369999999892
20
-64.8014479999999935
11
117.645323999999988
21
-64.3925469999999933
0
LINE
8
BLACK
6
CONTINUOUS
10
117.645323999999988
20
-64.3925469999999933
11
117.6462009999999907
21
-64.3883739999999989
0
LINE
8
BLACK
6
CONTINUOUS
10
117.6462009999999907
20
-64.3883739999999989
11
117.8356029999999919
21
-63.5585469999999972
0
LINE
8
BLACK
6
CONTINUOUS
10
117.8356029999999919
20
-63.5585469999999972
11
117.8949069999999892
21
-63.2987189999999984
0
LINE
8
BLACK
6
CONTINUOUS
10
117.8949069999999892
20
-63.2987189999999984
11
117.8959139999999906
21
-63.2946309999999954
0
LINE
8
BLACK
6
CONTINUOUS
10
117.8959139999999906
20
-63.2946309999999954
11
118.1821079999999995
21
-62.2141179999999991
0
LINE
8
BLACK
6
CONTINUOUS
10
118.1821079999999995
20
-62.2141179999999991
11
118.1832429999999903
21
-62.2101169999999968
0
LINE
8
BLACK
6
CONTINUOUS
10
118.1832429999999903
20
-62.2101169999999968
11
118.5065309999999954
21
-61.1402229999999989
0
LINE
8
BLACK
6
CONTINUOUS
10
118.5065309999999954
20
-61.1402229999999989
11
118.5078359999999975
21
-61.1361589999999993
0
LINE
8
BLACK
6
CONTINUOUS
10
118.5078359999999975
20
-61.1361589999999993
11
118.5714199999999892
21
-60.9492890000000003
0
LINE
8
BLACK
6
CONTINUOUS
10
118.5714199999999892
20
-60.9492890000000003
11
118.867880999999997
21
-60.0780019999999979
0
LINE
8
BLACK
6
CONTINUOUS
10
118.867880999999997
20
-60.0780019999999979
11
118.8692909999999898
21
-60.0740809999999996
0
LINE
8
BLACK
6
CONTINUOUS
10
118.8692909999999898
20
-60.0740809999999996
11
119.2656470000000013
21
-59.0289769999999976
0
LINE
8
BLACK
6
CONTINUOUS
10
119.2656470000000013
20
-59.0289769999999976
11
119.2671979999999934
21
-59.0250909999999962
0
LINE
8
BLACK
6
CONTINUOUS
10
119.2671979999999934
20
-59.0250909999999962
11
119.6993819999999999
21
-57.9943089999999941
0
LINE
8
BLACK
6
CONTINUOUS
10
119.6993819999999999
20
-57.9943089999999941
11
119.7010959999999926
21
-57.9904129999999967
0
LINE
8
BLACK
6
CONTINUOUS
10
119.7010959999999926
20
-57.9904129999999967
11
120.1685899999999947
21
-56.9751869999999982
0
LINE
8
BLACK
6
CONTINUOUS
10
120.1685899999999947
20
-56.9751869999999982
11
120.1703919999999925
21
-56.9714449999999957
0
LINE
8
BLACK
6
CONTINUOUS
10
120.1703919999999925
20
-56.9714449999999957
11
120.6726769999999931
21
-55.9729069999999993
0
LINE
8
BLACK
6
CONTINUOUS
10
120.6726769999999931
20
-55.9729069999999993
11
120.6746309999999909
21
-55.969183000000001
0
LINE
8
BLACK
6
CONTINUOUS
10
120.6746309999999909
20
-55.969183000000001
11
121.2110780000000005
21
-54.9885829999999984
0
LINE
8
BLACK
6
CONTINUOUS
10
121.2110780000000005
20
-54.9885829999999984
11
121.2131649999999894
21
-54.9849219999999974
0
LINE
8
BLACK
6
CONTINUOUS
10
121.2131649999999894
20
-54.9849219999999974
11
121.7005369999999971
21
-54.1627679999999998
0
LINE
8
BLACK
6
CONTINUOUS
10
121.7005369999999971
20
-54.1627679999999998
11
121.7516549999999995
21
-54.1151379999999946
0
LINE
8
BLACK
6
CONTINUOUS
10
121.7516549999999995
20
-54.1151379999999946
11
121.8072030000000012
21
-54.1019999999999968
0
LINE
8
BLACK
6
CONTINUOUS
10
121.8072030000000012
20
-54.1019999999999968
11
135.7729070000000036
21
-54.1019999999999968
0
LINE
8
BLACK
6
CONTINUOUS
10
135.7729070000000036
20
-54.1019999999999968
11
135.7850609999999847
21
-54.1025969999999958
0
LINE
8
BLACK
6
CONTINUOUS
10
117.6914999999999907
20
-70.5757519999999943
11
117.7031309999999991
21
-70.6342289999999906
0
LINE
8
BLACK
6
CONTINUOUS
10
117.7031309999999991
20
-70.6342289999999906
11
117.7031319999999965
21
-70.6342300000000023
0
LINE
8
BLACK
6
CONTINUOUS
10
117.7031319999999965
20
-70.6342300000000023
11
117.747446999999994
21
-70.7005520000000018
0
LINE
8
BLACK
6
CONTINUOUS
10
117.747446999999994
20
-70.7005520000000018
11
117.8137689999999935
21
-70.7448669999999993
0
LINE
8
BLACK
6
CONTINUOUS
10
117.8137689999999935
20
-70.7448669999999993
11
117.813769999999991
21
-70.7448679999999968
0
LINE
8
BLACK
6
CONTINUOUS
10
117.813769999999991
20
-70.7448679999999968
11
117.8722470000000015
21
-70.7564989999999909
0
LINE
8
BLACK
6
CONTINUOUS
10
117.8722470000000015
20
-70.7564989999999909
11
117.872249999999994
21
-70.7565000000000026
0
LINE
8
BLACK
6
CONTINUOUS
10
117.872249999999994
20
-70.7565000000000026
11
117.8722519999999889
21
-70.7565000000000026
0
LINE
8
BLACK
6
CONTINUOUS
10
117.8722519999999889
20
-70.7565000000000026
11
119.6328139999999962
21
-70.7565000000000026
0
LINE
8
BLACK
6
CONTINUOUS
10
119.6328139999999962
20
-70.7565000000000026
11
119.6998529999999903
21
-70.7761849999999981
0
LINE
8
BLACK
6
CONTINUOUS
10
119.6998529999999903
20
-70.7761849999999981
11
119.7083009999999916
21
-70.782123999999996
0
LINE
8
BLACK
6
CONTINUOUS
10
119.7083009999999916
20
-70.782123999999996
11
119.7137149999999934
21
-70.7862779999999958
0
LINE
8
BLACK
6
CONTINUOUS
10
119.7137149999999934
20
-70.7862779999999958
11
119.7137180000000001
21
-70.7862819999999999
0
LINE
8
BLACK
6
CONTINUOUS
10
119.7137180000000001
20
-70.7862819999999999
11
119.8391589999999951
21
-70.8825360000000018
0
LINE
8
BLACK
6
CONTINUOUS
10
119.8391589999999951
20
-70.8825360000000018
11
119.8391659999999916
21
-70.8825410000000034
0
LINE
8
BLACK
6
CONTINUOUS
10
119.8391659999999916
20
-70.8825410000000034
11
119.8444870000000009
21
-70.8856129999999922
0
LINE
8
BLACK
6
CONTINUOUS
10
119.8444870000000009
20
-70.8856129999999922
11
119.8927029999999974
21
-70.9361789999999957
0
LINE
8
BLACK
6
CONTINUOUS
10
119.8927029999999974
20
-70.9361789999999957
11
119.9059269999999913
21
-71.0047859999999957
0
LINE
8
BLACK
6
CONTINUOUS
10
119.9059269999999913
20
-71.0047859999999957
11
119.8799589999999995
21
-71.0696509999999932
0
LINE
8
BLACK
6
CONTINUOUS
10
119.8799589999999995
20
-71.0696509999999932
11
119.8444870000000009
21
-71.1003869999999978
0
LINE
8
BLACK
6
CONTINUOUS
10
119.8444870000000009
20
-71.1003869999999978
11
119.8391659999999916
21
-71.1034580000000034
0
LINE
8
BLACK
6
CONTINUOUS
10
119.8391659999999916
20
-71.1034580000000034
11
119.7137180000000001
21
-71.1997179999999901
0
LINE
8
BLACK
6
CONTINUOUS
10
119.7137180000000001
20
-71.1997179999999901
11
119.6174630000000008
21
-71.3251599999999968
0
LINE
8
BLACK
6
CONTINUOUS
10
119.6174630000000008
20
-71.3251599999999968
11
119.5569559999999996
21
-71.4712370000000021
0
LINE
8
BLACK
6
CONTINUOUS
10
119.5569559999999996
20
-71.4712370000000021
11
119.5569549999999879
21
-71.4712389999999971
0
LINE
8
BLACK
6
CONTINUOUS
10
119.5569549999999879
20
-71.4712389999999971
11
119.5363179999999943
21
-71.627997999999991
0
LINE
8
BLACK
6
CONTINUOUS
10
119.5363179999999943
20
-71.627997999999991
11
119.5363179999999943
21
-71.6280009999999976
0
LINE
8
BLACK
6
CONTINUOUS
10
119.5363179999999943
20
-71.6280009999999976
11
119.5569549999999879
21
-71.7847599999999915
0
LINE
8
BLACK
6
CONTINUOUS
10
119.5569549999999879
20
-71.7847599999999915
11
119.5569559999999996
21
-71.7847620000000006
0
LINE
8
BLACK
6
CONTINUOUS
10
119.5569559999999996
20
-71.7847620000000006
11
119.6174639999999982
21
-71.9308419999999984
0
LINE
8
BLACK
6
CONTINUOUS
10
119.6174639999999982
20
-71.9308419999999984
11
119.7058389999999974
21
-72.0460139999999996
0
LINE
8
BLACK
6
CONTINUOUS
10
119.7058389999999974
20
-72.0460139999999996
11
119.7310329999999965
21
-72.1111829999999969
0
LINE
8
BLACK
6
CONTINUOUS
10
119.7310329999999965
20
-72.1111829999999969
11
119.7169949999999972
21
-72.1796279999999939
0
LINE
8
BLACK
6
CONTINUOUS
10
119.7169949999999972
20
-72.1796279999999939
11
119.6681809999999899
21
-72.2296169999999904
0
LINE
8
BLACK
6
CONTINUOUS
10
119.6681809999999899
20
-72.2296169999999904
11
119.6074629999999956
21
-72.2454999999999927
0
LINE
8
BLACK
6
CONTINUOUS
10
119.6074629999999956
20
-72.2454999999999927
11
117.8722470000000015
21
-72.2454999999999927
0
LINE
8
BLACK
6
CONTINUOUS
10
117.8722470000000015
20
-72.2454999999999927
11
117.813769999999991
21
-72.2571310000000011
0
LINE
8
BLACK
6
CONTINUOUS
10
117.813769999999991
20
-72.2571310000000011
11
117.8137689999999935
21
-72.2571319999999986
0
LINE
8
BLACK
6
CONTINUOUS
10
117.8137689999999935
20
-72.2571319999999986
11
117.747446999999994
21
-72.301446999999996
0
LINE
8
BLACK
6
CONTINUOUS
10
117.747446999999994
20
-72.301446999999996
11
117.7031319999999965
21
-72.3677689999999956
0
LINE
8
BLACK
6
CONTINUOUS
10
117.7031319999999965
20
-72.3677689999999956
11
117.7031309999999991
21
-72.367769999999993
0
LINE
8
BLACK
6
CONTINUOUS
10
117.7031309999999991
20
-72.367769999999993
11
117.6914999999999907
21
-72.4262470000000036
0
LINE
8
BLACK
6
CONTINUOUS
10
117.6914999999999907
20
-72.4262470000000036
11
117.6914999999999907
21
-73.1157520000000005
0
LINE
8
BLACK
6
CONTINUOUS
10
117.6914999999999907
20
-73.1157520000000005
11
117.7031309999999991
21
-73.1742289999999969
0
LINE
8
BLACK
6
CONTINUOUS
10
117.7031309999999991
20
-73.1742289999999969
11
117.7031319999999965
21
-73.1742299999999943
0
LINE
8
BLACK
6
CONTINUOUS
10
117.7031319999999965
20
-73.1742299999999943
11
117.747446999999994
21
-73.2405519999999939
0
LINE
8
BLACK
6
CONTINUOUS
10
117.747446999999994
20
-73.2405519999999939
11
117.8137689999999935
21
-73.2848669999999913
0
LINE
8
BLACK
6
CONTINUOUS
10
117.8137689999999935
20
-73.2848669999999913
11
117.813769999999991
21
-73.284868000000003
0
LINE
8
BLACK
6
CONTINUOUS
10
117.813769999999991
20
-73.284868000000003
11
117.8722470000000015
21
-73.2964989999999972
0
LINE
8
BLACK
6
CONTINUOUS
10
117.8722470000000015
20
-73.2964989999999972
11
117.872249999999994
21
-73.2964999999999947
0
LINE
8
BLACK
6
CONTINUOUS
10
117.872249999999994
20
-73.2964999999999947
11
117.8722519999999889
21
-73.2964999999999947
0
LINE
8
BLACK
6
CONTINUOUS
10
117.8722519999999889
20
-73.2964999999999947
11
119.6328139999999962
21
-73.2964999999999947
0
LINE
8
BLACK
6
CONTINUOUS
10
119.6328139999999962
20
-73.2964999999999947
11
119.6998529999999903
21
-73.3161849999999902
0
LINE
8
BLACK
6
CONTINUOUS
10
119.6998529999999903
20
-73.3161849999999902
11
119.7083009999999916
21
-73.3221240000000023
0
LINE
8
BLACK
6
CONTINUOUS
10
119.7083009999999916
20
-73.3221240000000023
11
119.7137149999999934
21
-73.3262780000000021
0
LINE
8
BLACK
6
CONTINUOUS
10
119.7137149999999934
20
-73.3262780000000021
11
119.7137180000000001
21
-73.326281999999992
0
LINE
8
BLACK
6
CONTINUOUS
10
119.7137180000000001
20
-73.326281999999992
11
119.8391589999999951
21
-73.4225359999999938
0
LINE
8
BLACK
6
CONTINUOUS
10
119.8391589999999951
20
-73.4225359999999938
11
119.8391659999999916
21
-73.4225409999999954
0
LINE
8
BLACK
6
CONTINUOUS
10
119.8391659999999916
20
-73.4225409999999954
11
119.8444870000000009
21
-73.4256129999999985
0
LINE
8
BLACK
6
CONTINUOUS
10
119.8444870000000009
20
-73.4256129999999985
11
119.8927029999999974
21
-73.4761790000000019
0
LINE
8
BLACK
6
CONTINUOUS
10
119.8927029999999974
20
-73.4761790000000019
11
119.9059269999999913
21
-73.544786000000002
0
LINE
8
BLACK
6
CONTINUOUS
10
119.9059269999999913
20
-73.544786000000002
11
119.8799589999999995
21
-73.6096509999999995
0
LINE
8
BLACK
6
CONTINUOUS
10
119.8799589999999995
20
-73.6096509999999995
11
119.8444870000000009
21
-73.6403869999999898
0
LINE
8
BLACK
6
CONTINUOUS
10
119.8444870000000009
20
-73.6403869999999898
11
119.8391659999999916
21
-73.6434579999999954
0
LINE
8
BLACK
6
CONTINUOUS
10
119.8391659999999916
20
-73.6434579999999954
11
119.7137180000000001
21
-73.7397179999999963
0
LINE
8
BLACK
6
CONTINUOUS
10
119.7137180000000001
20
-73.7397179999999963
11
119.6174630000000008
21
-73.865160000000003
0
LINE
8
BLACK
6
CONTINUOUS
10
119.6174630000000008
20
-73.865160000000003
11
119.5569559999999996
21
-74.0112369999999942
0
LINE
8
BLACK
6
CONTINUOUS
10
119.5569559999999996
20
-74.0112369999999942
11
119.5569549999999879
21
-74.0112390000000033
0
LINE
8
BLACK
6
CONTINUOUS
10
119.5569549999999879
20
-74.0112390000000033
11
119.5363179999999943
21
-74.1679979999999972
0
LINE
8
BLACK
6
CONTINUOUS
10
119.5363179999999943
20
-74.1679979999999972
11
119.5363179999999943
21
-74.1680009999999896
0
LINE
8
BLACK
6
CONTINUOUS
10
119.5363179999999943
20
-74.1680009999999896
11
119.5569549999999879
21
-74.3247599999999977
0
LINE
8
BLACK
6
CONTINUOUS
10
119.5569549999999879
20
-74.3247599999999977
11
119.5569559999999996
21
-74.3247619999999927
0
LINE
8
BLACK
6
CONTINUOUS
10
119.5569559999999996
20
-74.3247619999999927
11
119.6174639999999982
21
-74.4708419999999904
0
LINE
8
BLACK
6
CONTINUOUS
10
119.6174639999999982
20
-74.4708419999999904
11
119.7058389999999974
21
-74.5860139999999916
0
LINE
8
BLACK
6
CONTINUOUS
10
119.7058389999999974
20
-74.5860139999999916
11
119.7310329999999965
21
-74.6511830000000032
0
LINE
8
BLACK
6
CONTINUOUS
10
119.7310329999999965
20
-74.6511830000000032
11
119.7169949999999972
21
-74.7196280000000002
0
LINE
8
BLACK
6
CONTINUOUS
10
119.7169949999999972
20
-74.7196280000000002
11
119.6681809999999899
21
-74.7696169999999967
0
LINE
8
BLACK
6
CONTINUOUS
10
119.6681809999999899
20
-74.7696169999999967
11
119.6074629999999956
21
-74.785499999999999
0
LINE
8
BLACK
6
CONTINUOUS
10
119.6074629999999956
20
-74.785499999999999
11
117.8722470000000015
21
-74.785499999999999
0
LINE
8
BLACK
6
CONTINUOUS
10
117.8722470000000015
20
-74.785499999999999
11
117.813769999999991
21
-74.7971309999999932
0
LINE
8
BLACK
6
CONTINUOUS
10
117.813769999999991
20
-74.7971309999999932
11
117.8137689999999935
21
-74.7971319999999906
0
LINE
8
BLACK
6
CONTINUOUS
10
117.8137689999999935
20
-74.7971319999999906
11
117.747446999999994
21
-74.8414470000000023
0
LINE
8
BLACK
6
CONTINUOUS
10
117.747446999999994
20
-74.8414470000000023
11
117.7031319999999965
21
-74.9077690000000018
0
LINE
8
BLACK
6
CONTINUOUS
10
117.7031319999999965
20
-74.9077690000000018
11
117.7031309999999991
21
-74.9077699999999993
0
LINE
8
BLACK
6
CONTINUOUS
10
117.7031309999999991
20
-74.9077699999999993
11
117.6914999999999907
21
-74.9662469999999956
0
LINE
8
BLACK
6
CONTINUOUS
10
117.6914999999999907
20
-74.9662469999999956
11
117.6914999999999907
21
-75.6557519999999926
0
LINE
8
BLACK
6
CONTINUOUS
10
117.6914999999999907
20
-75.6557519999999926
11
117.7031309999999991
21
-75.7142290000000031
0
LINE
8
BLACK
6
CONTINUOUS
10
117.7031309999999991
20
-75.7142290000000031
11
117.7031319999999965
21
-75.7142300000000006
0
LINE
8
BLACK
6
CONTINUOUS
10
117.7031319999999965
20
-75.7142300000000006
11
117.747446999999994
21
-75.7805520000000001
0
LINE
8
BLACK
6
CONTINUOUS
10
117.747446999999994
20
-75.7805520000000001
11
117.8137689999999935
21
-75.8248669999999976
0
LINE
8
BLACK
6
CONTINUOUS
10
117.8137689999999935
20
-75.8248669999999976
11
117.813769999999991
21
-75.824867999999995
0
LINE
8
BLACK
6
CONTINUOUS
10
117.813769999999991
20
-75.824867999999995
11
117.8722470000000015
21
-75.8364990000000034
0
LINE
8
BLACK
6
CONTINUOUS
10
117.8722470000000015
20
-75.8364990000000034
11
117.872249999999994
21
-75.8365000000000009
0
LINE
8
BLACK
6
CONTINUOUS
10
117.872249999999994
20
-75.8365000000000009
11
117.8722519999999889
21
-75.8365000000000009
0
LINE
8
BLACK
6
CONTINUOUS
10
117.8722519999999889
20
-75.8365000000000009
11
119.6328139999999962
21
-75.8365000000000009
0
LINE
8
BLACK
6
CONTINUOUS
10
119.6328139999999962
20
-75.8365000000000009
11
119.6998529999999903
21
-75.8561849999999964
0
LINE
8
BLACK
6
CONTINUOUS
10
119.6998529999999903
20
-75.8561849999999964
11
119.7083009999999916
21
-75.8621239999999943
0
LINE
8
BLACK
6
CONTINUOUS
10
119.7083009999999916
20
-75.8621239999999943
11
119.7137149999999934
21
-75.8662779999999941
0
LINE
8
BLACK
6
CONTINUOUS
10
119.7137149999999934
20
-75.8662779999999941
11
119.7137180000000001
21
-75.8662819999999982
0
LINE
8
BLACK
6
CONTINUOUS
10
119.7137180000000001
20
-75.8662819999999982
11
119.8391589999999951
21
-75.9625360000000001
0
LINE
8
BLACK
6
CONTINUOUS
10
119.8391589999999951
20
-75.9625360000000001
11
119.8391659999999916
21
-75.9625410000000016
0
LINE
8
BLACK
6
CONTINUOUS
10
119.8391659999999916
20
-75.9625410000000016
11
119.8444870000000009
21
-75.9656129999999905
0
LINE
8
BLACK
6
CONTINUOUS
10
119.8444870000000009
20
-75.9656129999999905
11
119.8927029999999974
21
-76.0161789999999939
0
LINE
8
BLACK
6
CONTINUOUS
10
119.8927029999999974
20
-76.0161789999999939
11
119.9059269999999913
21
-76.084785999999994
0
LINE
8
BLACK
6
CONTINUOUS
10
119.9059269999999913
20
-76.084785999999994
11
119.8799589999999995
21
-76.1496509999999915
0
LINE
8
BLACK
6
CONTINUOUS
10
119.8799589999999995
20
-76.1496509999999915
11
119.8444870000000009
21
-76.1803869999999961
0
LINE
8
BLACK
6
CONTINUOUS
10
119.8444870000000009
20
-76.1803869999999961
11
119.8391659999999916
21
-76.1834580000000017
0
LINE
8
BLACK
6
CONTINUOUS
10
119.8391659999999916
20
-76.1834580000000017
11
119.7137180000000001
21
-76.2797180000000026
0
LINE
8
BLACK
6
CONTINUOUS
10
119.7137180000000001
20
-76.2797180000000026
11
119.6174630000000008
21
-76.4051599999999951
0
LINE
8
BLACK
6
CONTINUOUS
10
119.6174630000000008
20
-76.4051599999999951
11
119.5569559999999996
21
-76.5512370000000004
0
LINE
8
BLACK
6
CONTINUOUS
10
119.5569559999999996
20
-76.5512370000000004
11
119.5569549999999879
21
-76.5512389999999954
0
LINE
8
BLACK
6
CONTINUOUS
10
119.5569549999999879
20
-76.5512389999999954
11
119.5363179999999943
21
-76.7079980000000035
0
LINE
8
BLACK
6
CONTINUOUS
10
119.5363179999999943
20
-76.7079980000000035
11
119.5363179999999943
21
-76.7080009999999959
0
LINE
8
BLACK
6
CONTINUOUS
10
119.5363179999999943
20
-76.7080009999999959
11
119.5569549999999879
21
-76.8647599999999898
0
LINE
8
BLACK
6
CONTINUOUS
10
119.5569549999999879
20
-76.8647599999999898
11
119.5569559999999996
21
-76.8647619999999989
0
LINE
8
BLACK
6
CONTINUOUS
10
119.5569559999999996
20
-76.8647619999999989
11
119.6174639999999982
21
-77.0108409999999992
0
LINE
8
BLACK
6
CONTINUOUS
10
119.6174639999999982
20
-77.0108409999999992
11
119.7137180000000001
21
-77.1362819999999942
0
LINE
8
BLACK
6
CONTINUOUS
10
119.7137180000000001
20
-77.1362819999999942
11
119.8391589999999951
21
-77.2325359999999961
0
LINE
8
BLACK
6
CONTINUOUS
10
119.8391589999999951
20
-77.2325359999999961
11
119.9852379999999954
21
-77.2930439999999948
0
LINE
8
BLACK
6
CONTINUOUS
10
119.9852379999999954
20
-77.2930439999999948
11
120.0636189999999885
21
-77.3033629999999903
0
LINE
8
BLACK
6
CONTINUOUS
10
120.0636189999999885
20
-77.3033629999999903
11
120.1419989999999984
21
-77.313682
0
LINE
8
BLACK
6
CONTINUOUS
10
120.1419989999999984
20
-77.313682
11
120.1419999999999959
21
-77.313682
0
LINE
8
BLACK
6
CONTINUOUS
10
120.1419999999999959
20
-77.313682
11
120.1420009999999934
21
-77.313682
0
LINE
8
BLACK
6
CONTINUOUS
10
120.1420009999999934
20
-77.313682
11
120.1942540000000008
21
-77.3068019999999905
0
LINE
8
BLACK
6
CONTINUOUS
10
120.1942540000000008
20
-77.3068019999999905
11
120.2987619999999964
21
-77.2930439999999948
0
LINE
8
BLACK
6
CONTINUOUS
10
120.2987619999999964
20
-77.2930439999999948
11
120.4448409999999967
21
-77.2325359999999961
0
LINE
8
BLACK
6
CONTINUOUS
10
120.4448409999999967
20
-77.2325359999999961
11
120.5702819999999917
21
-77.1362819999999942
0
LINE
8
BLACK
6
CONTINUOUS
10
120.5702819999999917
20
-77.1362819999999942
11
120.5702840000000009
21
-77.1362779999999901
0
LINE
8
BLACK
6
CONTINUOUS
10
120.5702840000000009
20
-77.1362779999999901
11
120.5756990000000002
21
-77.1321239999999904
0
LINE
8
BLACK
6
CONTINUOUS
10
120.5756990000000002
20
-77.1321239999999904
11
120.6408679999999976
21
-77.1069299999999913
0
LINE
8
BLACK
6
CONTINUOUS
10
120.6408679999999976
20
-77.1069299999999913
11
120.6511859999999956
21
-77.1064999999999969
0
LINE
8
BLACK
6
CONTINUOUS
10
120.6511859999999956
20
-77.1064999999999969
11
122.4117499999999978
21
-77.1064999999999969
0
LINE
8
BLACK
6
CONTINUOUS
10
122.4117499999999978
20
-77.1064999999999969
11
122.4117509999999953
21
-77.1064989999999995
0
LINE
8
BLACK
6
CONTINUOUS
10
122.4117509999999953
20
-77.1064989999999995
11
122.426567999999989
21
-77.1035519999999934
0
LINE
8
BLACK
6
CONTINUOUS
10
122.426567999999989
20
-77.1035519999999934
11
122.4702289999999891
21
-77.0948679999999911
0
LINE
8
BLACK
6
CONTINUOUS
10
122.4702289999999891
20
-77.0948679999999911
11
122.4702289999999891
21
-77.0948669999999936
0
LINE
8
BLACK
6
CONTINUOUS
10
122.4702289999999891
20
-77.0948669999999936
11
122.4702309999999983
21
-77.0948669999999936
0
LINE
8
BLACK
6
CONTINUOUS
10
122.4702309999999983
20
-77.0948669999999936
11
122.5365520000000004
21
-77.0505519999999962
0
LINE
8
BLACK
6
CONTINUOUS
10
122.5365520000000004
20
-77.0505519999999962
11
122.5808669999999978
21
-76.9842309999999941
0
LINE
8
BLACK
6
CONTINUOUS
10
122.5808669999999978
20
-76.9842309999999941
11
122.5808669999999978
21
-76.9842289999999991
0
LINE
8
BLACK
6
CONTINUOUS
10
122.5808669999999978
20
-76.9842289999999991
11
122.5808679999999953
21
-76.9842289999999991
0
LINE
8
BLACK
6
CONTINUOUS
10
122.5808679999999953
20
-76.9842289999999991
11
122.5924989999999895
21
-76.9257520000000028
0
LINE
8
BLACK
6
CONTINUOUS
10
122.5924989999999895
20
-76.9257520000000028
11
122.5925000000000011
21
-76.9257499999999936
0
LINE
8
BLACK
6
CONTINUOUS
10
122.5925000000000011
20
-76.9257499999999936
11
122.5925000000000011
21
-76.2362490000000008
0
LINE
8
BLACK
6
CONTINUOUS
10
122.5925000000000011
20
-76.2362490000000008
11
122.5924989999999895
21
-76.2362469999999917
0
LINE
8
BLACK
6
CONTINUOUS
10
122.5924989999999895
20
-76.2362469999999917
11
122.5808679999999953
21
-76.1777699999999953
0
LINE
8
BLACK
6
CONTINUOUS
10
122.5808679999999953
20
-76.1777699999999953
11
122.5808669999999978
21
-76.1777689999999978
0
LINE
8
BLACK
6
CONTINUOUS
10
122.5808669999999978
20
-76.1777689999999978
11
122.5365520000000004
21
-76.1114469999999983
0
LINE
8
BLACK
6
CONTINUOUS
10
122.5365520000000004
20
-76.1114469999999983
11
122.4702300000000008
21
-76.0671320000000009
0
LINE
8
BLACK
6
CONTINUOUS
10
122.4702300000000008
20
-76.0671320000000009
11
122.4702289999999891
21
-76.0671310000000034
0
LINE
8
BLACK
6
CONTINUOUS
10
122.4702289999999891
20
-76.0671310000000034
11
122.4117519999999928
21
-76.055499999999995
0
LINE
8
BLACK
6
CONTINUOUS
10
122.4117519999999928
20
-76.055499999999995
11
122.4117479999999887
21
-76.055499999999995
0
LINE
8
BLACK
6
CONTINUOUS
10
122.4117479999999887
20
-76.055499999999995
11
120.6765369999999962
21
-76.055499999999995
0
LINE
8
BLACK
6
CONTINUOUS
10
120.6765369999999962
20
-76.055499999999995
11
120.6094979999999879
21
-76.0358149999999995
0
LINE
8
BLACK
6
CONTINUOUS
10
120.6094979999999879
20
-76.0358149999999995
11
120.5637429999999881
21
-75.9830109999999905
0
LINE
8
BLACK
6
CONTINUOUS
10
120.5637429999999881
20
-75.9830109999999905
11
120.5584209999999956
21
-75.945998000000003
0
LINE
8
BLACK
6
CONTINUOUS
10
120.5584209999999956
20
-75.945998000000003
11
120.5537989999999979
21
-75.9138530000000031
0
LINE
8
BLACK
6
CONTINUOUS
10
120.5537989999999979
20
-75.9138530000000031
11
120.5781609999999944
21
-75.8560140000000018
0
LINE
8
BLACK
6
CONTINUOUS
10
120.5781609999999944
20
-75.8560140000000018
11
120.6293999999999897
21
-75.7892379999999974
0
LINE
8
BLACK
6
CONTINUOUS
10
120.6293999999999897
20
-75.7892379999999974
11
120.6665359999999936
21
-75.7408410000000032
0
LINE
8
BLACK
6
CONTINUOUS
10
120.6665359999999936
20
-75.7408410000000032
11
120.7270439999999923
21
-75.5947620000000029
0
LINE
8
BLACK
6
CONTINUOUS
10
120.7270439999999923
20
-75.5947620000000029
11
120.7476819999999975
21
-75.4380000000000024
0
LINE
8
BLACK
6
CONTINUOUS
10
120.7476819999999975
20
-75.4380000000000024
11
120.7444009999999963
21
-75.4130809999999911
0
LINE
8
BLACK
6
CONTINUOUS
10
120.7444009999999963
20
-75.4130809999999911
11
120.7270439999999923
21
-75.2812389999999994
0
LINE
8
BLACK
6
CONTINUOUS
10
120.7270439999999923
20
-75.2812389999999994
11
120.7270439999999923
21
-75.2812380000000019
0
LINE
8
BLACK
6
CONTINUOUS
10
120.7270439999999923
20
-75.2812380000000019
11
120.6665359999999936
21
-75.1351590000000016
0
LINE
8
BLACK
6
CONTINUOUS
10
120.6665359999999936
20
-75.1351590000000016
11
120.5702819999999917
21
-75.0097179999999923
0
LINE
8
BLACK
6
CONTINUOUS
10
120.5702819999999917
20
-75.0097179999999923
11
120.4448409999999967
21
-74.9134639999999905
0
LINE
8
BLACK
6
CONTINUOUS
10
120.4448409999999967
20
-74.9134639999999905
11
120.4448340000000002
21
-74.9134609999999981
0
LINE
8
BLACK
6
CONTINUOUS
10
120.4448340000000002
20
-74.9134609999999981
11
120.4395150000000001
21
-74.9103899999999925
0
LINE
8
BLACK
6
CONTINUOUS
10
120.4395150000000001
20
-74.9103899999999925
11
120.3912979999999919
21
-74.8598250000000007
0
LINE
8
BLACK
6
CONTINUOUS
10
120.3912979999999919
20
-74.8598250000000007
11
120.3780719999999889
21
-74.7912180000000006
0
LINE
8
BLACK
6
CONTINUOUS
10
120.3780719999999889
20
-74.7912180000000006
11
120.4040369999999882
21
-74.7263519999999914
0
LINE
8
BLACK
6
CONTINUOUS
10
120.4040369999999882
20
-74.7263519999999914
11
120.4395150000000001
21
-74.6956100000000021
0
LINE
8
BLACK
6
CONTINUOUS
10
120.4395150000000001
20
-74.6956100000000021
11
120.4448280000000011
21
-74.6925409999999914
0
LINE
8
BLACK
6
CONTINUOUS
10
120.4448280000000011
20
-74.6925409999999914
11
120.4448409999999967
21
-74.6925359999999898
0
LINE
8
BLACK
6
CONTINUOUS
10
120.4448409999999967
20
-74.6925359999999898
11
120.5702819999999917
21
-74.5962820000000022
0
LINE
8
BLACK
6
CONTINUOUS
10
120.5702819999999917
20
-74.5962820000000022
11
120.5702840000000009
21
-74.5962779999999981
0
LINE
8
BLACK
6
CONTINUOUS
10
120.5702840000000009
20
-74.5962779999999981
11
120.5756990000000002
21
-74.5921239999999983
0
LINE
8
BLACK
6
CONTINUOUS
10
120.5756990000000002
20
-74.5921239999999983
11
120.6408679999999976
21
-74.5669299999999993
0
LINE
8
BLACK
6
CONTINUOUS
10
120.6408679999999976
20
-74.5669299999999993
11
120.6511859999999956
21
-74.5664999999999907
0
LINE
8
BLACK
6
CONTINUOUS
10
120.6511859999999956
20
-74.5664999999999907
11
122.4117499999999978
21
-74.5664999999999907
0
LINE
8
BLACK
6
CONTINUOUS
10
122.4117499999999978
20
-74.5664999999999907
11
122.4117509999999953
21
-74.5664989999999932
0
LINE
8
BLACK
6
CONTINUOUS
10
122.4117509999999953
20
-74.5664989999999932
11
122.426567999999989
21
-74.5635520000000014
0
LINE
8
BLACK
6
CONTINUOUS
10
122.426567999999989
20
-74.5635520000000014
11
122.4702289999999891
21
-74.554867999999999
0
LINE
8
BLACK
6
CONTINUOUS
10
122.4702289999999891
20
-74.554867999999999
11
122.4702289999999891
21
-74.5548670000000016
0
LINE
8
BLACK
6
CONTINUOUS
10
122.4702289999999891
20
-74.5548670000000016
11
122.4702309999999983
21
-74.5548670000000016
0
LINE
8
BLACK
6
CONTINUOUS
10
122.4702309999999983
20
-74.5548670000000016
11
122.5365520000000004
21
-74.5105519999999899
0
LINE
8
BLACK
6
CONTINUOUS
10
122.5365520000000004
20
-74.5105519999999899
11
122.5808669999999978
21
-74.444231000000002
0
LINE
8
BLACK
6
CONTINUOUS
10
122.5808669999999978
20
-74.444231000000002
11
122.5808669999999978
21
-74.4442289999999929
0
LINE
8
BLACK
6
CONTINUOUS
10
122.5808669999999978
20
-74.4442289999999929
11
122.5808679999999953
21
-74.4442289999999929
0
LINE
8
BLACK
6
CONTINUOUS
10
122.5808679999999953
20
-74.4442289999999929
11
122.5924989999999895
21
-74.3857519999999965
0
LINE
8
BLACK
6
CONTINUOUS
10
122.5924989999999895
20
-74.3857519999999965
11
122.5925000000000011
21
-74.3857500000000016
0
LINE
8
BLACK
6
CONTINUOUS
10
122.5925000000000011
20
-74.3857500000000016
11
122.5925000000000011
21
-73.6962489999999946
0
LINE
8
BLACK
6
CONTINUOUS
10
122.5925000000000011
20
-73.6962489999999946
11
122.5924989999999895
21
-73.6962469999999996
0
LINE
8
BLACK
6
CONTINUOUS
10
122.5924989999999895
20
-73.6962469999999996
11
122.5808679999999953
21
-73.6377700000000033
0
LINE
8
BLACK
6
CONTINUOUS
10
122.5808679999999953
20
-73.6377700000000033
11
122.5808669999999978
21
-73.6377689999999916
0
LINE
8
BLACK
6
CONTINUOUS
10
122.5808669999999978
20
-73.6377689999999916
11
122.5365520000000004
21
-73.571446999999992
0
LINE
8
BLACK
6
CONTINUOUS
10
122.5365520000000004
20
-73.571446999999992
11
122.4702300000000008
21
-73.5271319999999946
0
LINE
8
BLACK
6
CONTINUOUS
10
122.4702300000000008
20
-73.5271319999999946
11
122.4702289999999891
21
-73.5271309999999971
0
LINE
8
BLACK
6
CONTINUOUS
10
122.4702289999999891
20
-73.5271309999999971
11
122.4117519999999928
21
-73.515500000000003
0
LINE
8
BLACK
6
CONTINUOUS
10
122.4117519999999928
20
-73.515500000000003
11
122.4117479999999887
21
-73.515500000000003
0
LINE
8
BLACK
6
CONTINUOUS
10
122.4117479999999887
20
-73.515500000000003
11
120.6765369999999962
21
-73.515500000000003
0
LINE
8
BLACK
6
CONTINUOUS
10
120.6765369999999962
20
-73.515500000000003
11
120.6094979999999879
21
-73.4958149999999932
0
LINE
8
BLACK
6
CONTINUOUS
10
120.6094979999999879
20
-73.4958149999999932
11
120.5637429999999881
21
-73.4430109999999985
0
LINE
8
BLACK
6
CONTINUOUS
10
120.5637429999999881
20
-73.4430109999999985
11
120.5537989999999979
21
-73.3738529999999969
0
LINE
8
BLACK
6
CONTINUOUS
10
120.5537989999999979
20
-73.3738529999999969
11
120.5781609999999944
21
-73.3160139999999956
0
LINE
8
BLACK
6
CONTINUOUS
10
120.5781609999999944
20
-73.3160139999999956
11
120.6291169999999937
21
-73.2496069999999975
0
LINE
8
BLACK
6
CONTINUOUS
10
120.6291169999999937
20
-73.2496069999999975
11
120.6665359999999936
21
-73.2008409999999969
0
LINE
8
BLACK
6
CONTINUOUS
10
120.6665359999999936
20
-73.2008409999999969
11
120.7270439999999923
21
-73.0547619999999966
0
LINE
8
BLACK
6
CONTINUOUS
10
120.7270439999999923
20
-73.0547619999999966
11
120.7476819999999975
21
-72.8979999999999961
0
LINE
8
BLACK
6
CONTINUOUS
10
120.7476819999999975
20
-72.8979999999999961
11
120.7270439999999923
21
-72.7412379999999956
0
LINE
8
BLACK
6
CONTINUOUS
10
120.7270439999999923
20
-72.7412379999999956
11
120.6665359999999936
21
-72.5951589999999953
0
LINE
8
BLACK
6
CONTINUOUS
10
120.6665359999999936
20
-72.5951589999999953
11
120.5702819999999917
21
-72.4697180000000003
0
LINE
8
BLACK
6
CONTINUOUS
10
120.5702819999999917
20
-72.4697180000000003
11
120.4448409999999967
21
-72.3734639999999985
0
LINE
8
BLACK
6
CONTINUOUS
10
120.4448409999999967
20
-72.3734639999999985
11
120.4448340000000002
21
-72.3734609999999918
0
LINE
8
BLACK
6
CONTINUOUS
10
120.4448340000000002
20
-72.3734609999999918
11
120.4395150000000001
21
-72.3703900000000004
0
LINE
8
BLACK
6
CONTINUOUS
10
120.4395150000000001
20
-72.3703900000000004
11
120.3912979999999919
21
-72.3198249999999945
0
LINE
8
BLACK
6
CONTINUOUS
10
120.3912979999999919
20
-72.3198249999999945
11
120.3780719999999889
21
-72.2512179999999944
0
LINE
8
BLACK
6
CONTINUOUS
10
120.3780719999999889
20
-72.2512179999999944
11
120.4040369999999882
21
-72.1863519999999994
0
LINE
8
BLACK
6
CONTINUOUS
10
120.4040369999999882
20
-72.1863519999999994
11
120.4395150000000001
21
-72.1556099999999958
0
LINE
8
BLACK
6
CONTINUOUS
10
120.4395150000000001
20
-72.1556099999999958
11
120.4448280000000011
21
-72.1525409999999994
0
LINE
8
BLACK
6
CONTINUOUS
10
120.4448280000000011
20
-72.1525409999999994
11
120.4448409999999967
21
-72.1525359999999978
0
LINE
8
BLACK
6
CONTINUOUS
10
120.4448409999999967
20
-72.1525359999999978
11
120.5702819999999917
21
-72.0562819999999959
0
LINE
8
BLACK
6
CONTINUOUS
10
120.5702819999999917
20
-72.0562819999999959
11
120.5702840000000009
21
-72.0562779999999918
0
LINE
8
BLACK
6
CONTINUOUS
10
120.5702840000000009
20
-72.0562779999999918
11
120.5756990000000002
21
-72.0521239999999921
0
LINE
8
BLACK
6
CONTINUOUS
10
120.5756990000000002
20
-72.0521239999999921
11
120.6408679999999976
21
-72.026929999999993
0
LINE
8
BLACK
6
CONTINUOUS
10
120.6408679999999976
20
-72.026929999999993
11
120.6511859999999956
21
-72.0264999999999986
0
LINE
8
BLACK
6
CONTINUOUS
10
120.6511859999999956
20
-72.0264999999999986
11
122.4117499999999978
21
-72.0264999999999986
0
LINE
8
BLACK
6
CONTINUOUS
10
122.4117499999999978
20
-72.0264999999999986
11
122.4117509999999953
21
-72.0264990000000012
0
LINE
8
BLACK
6
CONTINUOUS
10
122.4117509999999953
20
-72.0264990000000012
11
122.426567999999989
21
-72.0235519999999951
0
LINE
8
BLACK
6
CONTINUOUS
10
122.426567999999989
20
-72.0235519999999951
11
122.4702289999999891
21
-72.0148679999999928
0
LINE
8
BLACK
6
CONTINUOUS
10
122.4702289999999891
20
-72.0148679999999928
11
122.4702289999999891
21
-72.0148669999999953
0
LINE
8
BLACK
6
CONTINUOUS
10
122.4702289999999891
20
-72.0148669999999953
11
122.4702309999999983
21
-72.0148669999999953
0
LINE
8
BLACK
6
CONTINUOUS
10
122.4702309999999983
20
-72.0148669999999953
11
122.5365520000000004
21
-71.9705519999999979
0
LINE
8
BLACK
6
CONTINUOUS
10
122.5365520000000004
20
-71.9705519999999979
11
122.5808669999999978
21
-71.9042309999999958
0
LINE
8
BLACK
6
CONTINUOUS
10
122.5808669999999978
20
-71.9042309999999958
11
122.5808669999999978
21
-71.9042290000000008
0
LINE
8
BLACK
6
CONTINUOUS
10
122.5808669999999978
20
-71.9042290000000008
11
122.5808679999999953
21
-71.9042290000000008
0
LINE
8
BLACK
6
CONTINUOUS
10
122.5808679999999953
20
-71.9042290000000008
11
122.5924989999999895
21
-71.8457519999999903
0
LINE
8
BLACK
6
CONTINUOUS
10
122.5924989999999895
20
-71.8457519999999903
11
122.5925000000000011
21
-71.8457499999999953
0
LINE
8
BLACK
6
CONTINUOUS
10
122.5925000000000011
20
-71.8457499999999953
11
122.5925000000000011
21
-71.1562490000000025
0
LINE
8
BLACK
6
CONTINUOUS
10
122.5925000000000011
20
-71.1562490000000025
11
122.5924989999999895
21
-71.1562469999999934
0
LINE
8
BLACK
6
CONTINUOUS
10
122.5924989999999895
20
-71.1562469999999934
11
122.5808679999999953
21
-71.097769999999997
0
LINE
8
BLACK
6
CONTINUOUS
10
122.5808679999999953
20
-71.097769999999997
11
122.5808669999999978
21
-71.0977689999999996
0
LINE
8
BLACK
6
CONTINUOUS
10
122.5808669999999978
20
-71.0977689999999996
11
122.5365520000000004
21
-71.031447
0
LINE
8
BLACK
6
CONTINUOUS
10
122.5365520000000004
20
-71.031447
11
122.4702300000000008
21
-70.9871320000000026
0
LINE
8
BLACK
6
CONTINUOUS
10
122.4702300000000008
20
-70.9871320000000026
11
122.4702289999999891
21
-70.9871309999999909
0
LINE
8
BLACK
6
CONTINUOUS
10
122.4702289999999891
20
-70.9871309999999909
11
122.4117519999999928
21
-70.9754999999999967
0
LINE
8
BLACK
6
CONTINUOUS
10
122.4117519999999928
20
-70.9754999999999967
11
122.4117479999999887
21
-70.9754999999999967
0
LINE
8
BLACK
6
CONTINUOUS
10
122.4117479999999887
20
-70.9754999999999967
11
120.6765369999999962
21
-70.9754999999999967
0
LINE
8
BLACK
6
CONTINUOUS
10
120.6765369999999962
20
-70.9754999999999967
11
120.6094979999999879
21
-70.9558150000000012
0
LINE
8
BLACK
6
CONTINUOUS
10
120.6094979999999879
20
-70.9558150000000012
11
120.5637429999999881
21
-70.9030109999999922
0
LINE
8
BLACK
6
CONTINUOUS
10
120.5637429999999881
20
-70.9030109999999922
11
120.5537989999999979
21
-70.8338529999999906
0
LINE
8
BLACK
6
CONTINUOUS
10
120.5537989999999979
20
-70.8338529999999906
11
120.5781609999999944
21
-70.7760140000000035
0
LINE
8
BLACK
6
CONTINUOUS
10
120.5781609999999944
20
-70.7760140000000035
11
120.6665349999999961
21
-70.6608420000000024
0
LINE
8
BLACK
6
CONTINUOUS
10
120.6665349999999961
20
-70.6608420000000024
11
120.6665339999999986
21
-70.6608420000000024
0
LINE
8
BLACK
6
CONTINUOUS
10
120.6665339999999986
20
-70.6608420000000024
11
120.6665359999999936
21
-70.6608409999999907
0
LINE
8
BLACK
6
CONTINUOUS
10
120.6665359999999936
20
-70.6608409999999907
11
120.7270439999999923
21
-70.5147619999999904
0
LINE
8
BLACK
6
CONTINUOUS
10
120.7270439999999923
20
-70.5147619999999904
11
120.7476819999999975
21
-70.3579999999999899
0
LINE
8
BLACK
6
CONTINUOUS
10
120.7476819999999975
20
-70.3579999999999899
11
120.7270439999999923
21
-70.2012380000000036
0
LINE
8
BLACK
6
CONTINUOUS
10
120.7270439999999923
20
-70.2012380000000036
11
120.6665359999999936
21
-70.0551590000000033
0
LINE
8
BLACK
6
CONTINUOUS
10
120.6665359999999936
20
-70.0551590000000033
11
120.5702819999999917
21
-69.929717999999994
0
LINE
8
BLACK
6
CONTINUOUS
10
120.5702819999999917
20
-69.929717999999994
11
120.4448409999999967
21
-69.8334639999999922
0
LINE
8
BLACK
6
CONTINUOUS
10
120.4448409999999967
20
-69.8334639999999922
11
120.4448340000000002
21
-69.8334609999999998
0
LINE
8
BLACK
6
CONTINUOUS
10
120.4448340000000002
20
-69.8334609999999998
11
120.4395150000000001
21
-69.8303899999999942
0
LINE
8
BLACK
6
CONTINUOUS
10
120.4395150000000001
20
-69.8303899999999942
11
120.3912979999999919
21
-69.7798250000000024
0
LINE
8
BLACK
6
CONTINUOUS
10
120.3912979999999919
20
-69.7798250000000024
11
120.3780719999999889
21
-69.7112180000000023
0
LINE
8
BLACK
6
CONTINUOUS
10
120.3780719999999889
20
-69.7112180000000023
11
120.4040369999999882
21
-69.6463519999999932
0
LINE
8
BLACK
6
CONTINUOUS
10
120.4040369999999882
20
-69.6463519999999932
11
120.4395150000000001
21
-69.6156100000000038
0
LINE
8
BLACK
6
CONTINUOUS
10
120.4395150000000001
20
-69.6156100000000038
11
120.4448280000000011
21
-69.6125409999999931
0
LINE
8
BLACK
6
CONTINUOUS
10
120.4448280000000011
20
-69.6125409999999931
11
120.4448409999999967
21
-69.6125359999999915
0
LINE
8
BLACK
6
CONTINUOUS
10
120.4448409999999967
20
-69.6125359999999915
11
120.5702819999999917
21
-69.5162820000000039
0
LINE
8
BLACK
6
CONTINUOUS
10
120.5702819999999917
20
-69.5162820000000039
11
120.5702840000000009
21
-69.5162779999999998
0
LINE
8
BLACK
6
CONTINUOUS
10
120.5702840000000009
20
-69.5162779999999998
11
120.5756990000000002
21
-69.512124
0
LINE
8
BLACK
6
CONTINUOUS
10
120.5756990000000002
20
-69.512124
11
120.6408679999999976
21
-69.486930000000001
0
LINE
8
BLACK
6
CONTINUOUS
10
120.6408679999999976
20
-69.486930000000001
11
120.6511859999999956
21
-69.4864999999999924
0
LINE
8
BLACK
6
CONTINUOUS
10
120.6511859999999956
20
-69.4864999999999924
11
122.4117499999999978
21
-69.4864999999999924
0
LINE
8
BLACK
6
CONTINUOUS
10
122.4117499999999978
20
-69.4864999999999924
11
122.4117509999999953
21
-69.4864989999999949
0
LINE
8
BLACK
6
CONTINUOUS
10
122.4117509999999953
20
-69.4864989999999949
11
122.426567999999989
21
-69.4835520000000031
0
LINE
8
BLACK
6
CONTINUOUS
10
122.426567999999989
20
-69.4835520000000031
11
122.4702289999999891
21
-69.4748680000000007
0
LINE
8
BLACK
6
CONTINUOUS
10
122.4702289999999891
20
-69.4748680000000007
11
122.4702289999999891
21
-69.4748670000000033
0
LINE
8
BLACK
6
CONTINUOUS
10
122.4702289999999891
20
-69.4748670000000033
11
122.4702309999999983
21
-69.4748670000000033
0
LINE
8
BLACK
6
CONTINUOUS
10
122.4702309999999983
20
-69.4748670000000033
11
122.5365520000000004
21
-69.4305519999999916
0
LINE
8
BLACK
6
CONTINUOUS
10
122.5365520000000004
20
-69.4305519999999916
11
122.5808669999999978
21
-69.3642310000000037
0
LINE
8
BLACK
6
CONTINUOUS
10
122.5808669999999978
20
-69.3642310000000037
11
122.5808669999999978
21
-69.3642289999999946
0
LINE
8
BLACK
6
CONTINUOUS
10
122.5808669999999978
20
-69.3642289999999946
11
122.5808679999999953
21
-69.3642289999999946
0
LINE
8
BLACK
6
CONTINUOUS
10
122.5808679999999953
20
-69.3642289999999946
11
122.5924989999999895
21
-69.3057519999999982
0
LINE
8
BLACK
6
CONTINUOUS
10
122.5924989999999895
20
-69.3057519999999982
11
122.5925000000000011
21
-69.3057500000000033
0
LINE
8
BLACK
6
CONTINUOUS
10
122.5925000000000011
20
-69.3057500000000033
11
122.5925000000000011
21
-68.6162489999999963
0
LINE
8
BLACK
6
CONTINUOUS
10
122.5925000000000011
20
-68.6162489999999963
11
122.5924989999999895
21
-68.6162470000000013
0
LINE
8
BLACK
6
CONTINUOUS
10
122.5924989999999895
20
-68.6162470000000013
11
122.5808679999999953
21
-68.5577699999999908
0
LINE
8
BLACK
6
CONTINUOUS
10
122.5808679999999953
20
-68.5577699999999908
11
122.5808669999999978
21
-68.5577689999999933
0
LINE
8
BLACK
6
CONTINUOUS
10
122.5808669999999978
20
-68.5577689999999933
11
122.5365520000000004
21
-68.4914469999999937
0
LINE
8
BLACK
6
CONTINUOUS
10
122.5365520000000004
20
-68.4914469999999937
11
122.4702300000000008
21
-68.4471319999999963
0
LINE
8
BLACK
6
CONTINUOUS
10
122.4702300000000008
20
-68.4471319999999963
11
122.4702289999999891
21
-68.4471309999999988
0
LINE
8
BLACK
6
CONTINUOUS
10
122.4702289999999891
20
-68.4471309999999988
11
122.4117519999999928
21
-68.4354999999999905
0
LINE
8
BLACK
6
CONTINUOUS
10
122.4117519999999928
20
-68.4354999999999905
11
122.4117479999999887
21
-68.4354999999999905
0
LINE
8
BLACK
6
CONTINUOUS
10
122.4117479999999887
20
-68.4354999999999905
11
120.5722519999999918
21
-68.4354999999999905
0
LINE
8
BLACK
6
CONTINUOUS
10
120.5722519999999918
20
-68.4354999999999905
11
120.5722469999999902
21
-68.4354999999999905
0
LINE
8
BLACK
6
CONTINUOUS
10
120.5722469999999902
20
-68.4354999999999905
11
120.5137699999999938
21
-68.4471309999999988
0
LINE
8
BLACK
6
CONTINUOUS
10
120.5137699999999938
20
-68.4471309999999988
11
120.5137689999999964
21
-68.4471319999999963
0
LINE
8
BLACK
6
CONTINUOUS
10
120.5137689999999964
20
-68.4471319999999963
11
120.4502099999999984
21
-68.4896019999999908
0
LINE
8
BLACK
6
CONTINUOUS
10
120.4502099999999984
20
-68.4896019999999908
11
120.3835329999999999
21
-68.5104800000000012
0
LINE
8
BLACK
6
CONTINUOUS
10
120.3835329999999999
20
-68.5104800000000012
11
120.3813189999999906
21
-68.5104999999999933
0
LINE
8
BLACK
6
CONTINUOUS
10
120.3813189999999906
20
-68.5104999999999933
11
120.3416390000000007
21
-68.5104999999999933
0
LINE
8
BLACK
6
CONTINUOUS
10
120.3416390000000007
20
-68.5104999999999933
11
120.3070009999999996
21
-68.5036089999999973
0
LINE
8
BLACK
6
CONTINUOUS
10
120.3070009999999996
20
-68.5036089999999973
11
120.3066129999999987
21
-68.5050600000000003
0
LINE
8
BLACK
6
CONTINUOUS
10
120.3066129999999987
20
-68.5050600000000003
11
120.2987600000000015
21
-68.502955
0
LINE
8
BLACK
6
CONTINUOUS
10
120.2987600000000015
20
-68.502955
11
120.1420009999999934
21
-68.4823179999999923
0
LINE
8
BLACK
6
CONTINUOUS
10
120.1420009999999934
20
-68.4823179999999923
11
120.1419989999999984
21
-68.4823179999999923
0
LINE
8
BLACK
6
CONTINUOUS
10
120.1419989999999984
20
-68.4823179999999923
11
119.9852389999999929
21
-68.502955
0
LINE
8
BLACK
6
CONTINUOUS
10
119.9852389999999929
20
-68.502955
11
119.9852369999999979
21
-68.5029559999999975
0
LINE
8
BLACK
6
CONTINUOUS
10
119.9852369999999979
20
-68.5029559999999975
11
119.8391599999999926
21
-68.5634629999999987
0
LINE
8
BLACK
6
CONTINUOUS
10
119.8391599999999926
20
-68.5634629999999987
11
119.7137180000000001
21
-68.659717999999998
0
LINE
8
BLACK
6
CONTINUOUS
10
119.7137180000000001
20
-68.659717999999998
11
119.6174630000000008
21
-68.7851599999999905
0
LINE
8
BLACK
6
CONTINUOUS
10
119.6174630000000008
20
-68.7851599999999905
11
119.5569559999999996
21
-68.9312369999999959
0
LINE
8
BLACK
6
CONTINUOUS
10
119.5569559999999996
20
-68.9312369999999959
11
119.5569549999999879
21
-68.9312389999999908
0
LINE
8
BLACK
6
CONTINUOUS
10
119.5569549999999879
20
-68.9312389999999908
11
119.5363179999999943
21
-69.0879979999999989
0
LINE
8
BLACK
6
CONTINUOUS
10
119.5363179999999943
20
-69.0879979999999989
11
119.5363179999999943
21
-69.0880009999999913
0
LINE
8
BLACK
6
CONTINUOUS
10
119.5363179999999943
20
-69.0880009999999913
11
119.5569549999999879
21
-69.2447599999999994
0
LINE
8
BLACK
6
CONTINUOUS
10
119.5569549999999879
20
-69.2447599999999994
11
119.5569559999999996
21
-69.2447619999999944
0
LINE
8
BLACK
6
CONTINUOUS
10
119.5569559999999996
20
-69.2447619999999944
11
119.6174639999999982
21
-69.3908419999999921
0
LINE
8
BLACK
6
CONTINUOUS
10
119.6174639999999982
20
-69.3908419999999921
11
119.7058389999999974
21
-69.5060139999999933
0
LINE
8
BLACK
6
CONTINUOUS
10
119.7058389999999974
20
-69.5060139999999933
11
119.7310329999999965
21
-69.5711829999999907
0
LINE
8
BLACK
6
CONTINUOUS
10
119.7310329999999965
20
-69.5711829999999907
11
119.7169949999999972
21
-69.6396280000000019
0
LINE
8
BLACK
6
CONTINUOUS
10
119.7169949999999972
20
-69.6396280000000019
11
119.6681809999999899
21
-69.6896169999999984
0
LINE
8
BLACK
6
CONTINUOUS
10
119.6681809999999899
20
-69.6896169999999984
11
119.6074629999999956
21
-69.7055000000000007
0
LINE
8
BLACK
6
CONTINUOUS
10
119.6074629999999956
20
-69.7055000000000007
11
117.8722470000000015
21
-69.7055000000000007
0
LINE
8
BLACK
6
CONTINUOUS
10
117.8722470000000015
20
-69.7055000000000007
11
117.813769999999991
21
-69.7171309999999949
0
LINE
8
BLACK
6
CONTINUOUS
10
117.813769999999991
20
-69.7171309999999949
11
117.8137689999999935
21
-69.7171319999999923
0
LINE
8
BLACK
6
CONTINUOUS
10
117.8137689999999935
20
-69.7171319999999923
11
117.747446999999994
21
-69.7614469999999898
0
LINE
8
BLACK
6
CONTINUOUS
10
117.747446999999994
20
-69.7614469999999898
11
117.7031319999999965
21
-69.8277690000000035
0
LINE
8
BLACK
6
CONTINUOUS
10
117.7031319999999965
20
-69.8277690000000035
11
117.7031309999999991
21
-69.827770000000001
0
LINE
8
BLACK
6
CONTINUOUS
10
117.7031309999999991
20
-69.827770000000001
11
117.6914999999999907
21
-69.8862469999999973
0
LINE
8
BLACK
6
CONTINUOUS
10
117.6914999999999907
20
-69.8862469999999973
11
117.6914999999999907
21
-70.5757519999999943
0
LINE
8
BLACK
6
CONTINUOUS
10
125.6323179999999979
20
-75.9460009999999954
11
125.6529549999999915
21
-76.1027600000000035
0
LINE
8
BLACK
6
CONTINUOUS
10
125.6529549999999915
20
-76.1027600000000035
11
125.652955999999989
21
-76.1027619999999985
0
LINE
8
BLACK
6
CONTINUOUS
10
125.652955999999989
20
-76.1027619999999985
11
125.7134639999999877
21
-76.2488409999999988
0
LINE
8
BLACK
6
CONTINUOUS
10
125.7134639999999877
20
-76.2488409999999988
11
125.8097179999999895
21
-76.3742819999999938
0
LINE
8
BLACK
6
CONTINUOUS
10
125.8097179999999895
20
-76.3742819999999938
11
125.9351589999999987
21
-76.4705359999999956
0
LINE
8
BLACK
6
CONTINUOUS
10
125.9351589999999987
20
-76.4705359999999956
11
126.081237999999999
21
-76.5310439999999943
0
LINE
8
BLACK
6
CONTINUOUS
10
126.081237999999999
20
-76.5310439999999943
11
126.1596189999999922
21
-76.5413629999999898
0
LINE
8
BLACK
6
CONTINUOUS
10
126.1596189999999922
20
-76.5413629999999898
11
126.2379989999999879
21
-76.5516819999999996
0
LINE
8
BLACK
6
CONTINUOUS
10
126.2379989999999879
20
-76.5516819999999996
11
126.2379999999999995
21
-76.5516819999999996
0
LINE
8
BLACK
6
CONTINUOUS
10
126.2379999999999995
20
-76.5516819999999996
11
126.238000999999997
21
-76.5516819999999996
0
LINE
8
BLACK
6
CONTINUOUS
10
126.238000999999997
20
-76.5516819999999996
11
126.2902539999999902
21
-76.54480199999999
0
LINE
8
BLACK
6
CONTINUOUS
10
126.2902539999999902
20
-76.54480199999999
11
126.3947620000000001
21
-76.5310439999999943
0
LINE
8
BLACK
6
CONTINUOUS
10
126.3947620000000001
20
-76.5310439999999943
11
126.4530499999999904
21
-76.50689899999999
0
LINE
8
BLACK
6
CONTINUOUS
10
126.4530499999999904
20
-76.50689899999999
11
126.5225179999999909
21
-76.4994310000000013
0
LINE
8
BLACK
6
CONTINUOUS
10
126.5225179999999909
20
-76.4994310000000013
11
126.5741349999999983
21
-76.5216899999999924
0
LINE
8
BLACK
6
CONTINUOUS
10
126.5741349999999983
20
-76.5216899999999924
11
126.6465249999999969
21
-76.5751159999999942
0
LINE
8
BLACK
6
CONTINUOUS
10
126.6465249999999969
20
-76.5751159999999942
11
126.771150999999989
21
-76.6187249999999977
0
LINE
8
BLACK
6
CONTINUOUS
10
126.771150999999989
20
-76.6187249999999977
11
126.7711499999999916
21
-76.6187249999999977
0
LINE
8
BLACK
6
CONTINUOUS
10
126.7711499999999916
20
-76.6187249999999977
11
126.8007399999999905
21
-76.6214999999999975
0
LINE
8
BLACK
6
CONTINUOUS
10
126.8007399999999905
20
-76.6214999999999975
11
126.8007439999999946
21
-76.6214999999999975
0
LINE
8
BLACK
6
CONTINUOUS
10
126.8007439999999946
20
-76.6214999999999975
11
127.406259999999989
21
-76.6214999999999975
0
LINE
8
BLACK
6
CONTINUOUS
10
127.406259999999989
20
-76.6214999999999975
11
127.4358489999999904
21
-76.6187249999999977
0
LINE
8
BLACK
6
CONTINUOUS
10
127.4358489999999904
20
-76.6187249999999977
11
127.4378609999999981
21
-76.6180209999999988
0
LINE
8
BLACK
6
CONTINUOUS
10
127.4378609999999981
20
-76.6180209999999988
11
127.5604749999999967
21
-76.5751159999999942
0
LINE
8
BLACK
6
CONTINUOUS
10
127.5604749999999967
20
-76.5751159999999942
11
127.6667109999999923
21
-76.4967109999999906
0
LINE
8
BLACK
6
CONTINUOUS
10
127.6667109999999923
20
-76.4967109999999906
11
127.7451159999999959
21
-76.390474999999995
0
LINE
8
BLACK
6
CONTINUOUS
10
127.7451159999999959
20
-76.390474999999995
11
127.7887249999999995
21
-76.2658490000000029
0
LINE
8
BLACK
6
CONTINUOUS
10
127.7887249999999995
20
-76.2658490000000029
11
127.7914999999999992
21
-76.2362559999999974
0
LINE
8
BLACK
6
CONTINUOUS
10
127.7914999999999992
20
-76.2362559999999974
11
127.7914999999999992
21
-75.6557439999999986
0
LINE
8
BLACK
6
CONTINUOUS
10
127.7914999999999992
20
-75.6557439999999986
11
127.7887249999999995
21
-75.626150999999993
0
LINE
8
BLACK
6
CONTINUOUS
10
127.7887249999999995
20
-75.626150999999993
11
127.7777409999999918
21
-75.5947620000000029
0
LINE
8
BLACK
6
CONTINUOUS
10
127.7777409999999918
20
-75.5947620000000029
11
127.7451149999999984
21
-75.5015229999999917
0
LINE
8
BLACK
6
CONTINUOUS
10
127.7451149999999984
20
-75.5015229999999917
11
127.6667109999999923
21
-75.3952889999999911
0
LINE
8
BLACK
6
CONTINUOUS
10
127.6667109999999923
20
-75.3952889999999911
11
127.6667099999999948
21
-75.3952879999999936
0
LINE
8
BLACK
6
CONTINUOUS
10
127.6667099999999948
20
-75.3952879999999936
11
127.5604759999999942
21
-75.3168840000000017
0
LINE
8
BLACK
6
CONTINUOUS
10
127.5604759999999942
20
-75.3168840000000017
11
127.4358479999999929
21
-75.2732740000000007
0
LINE
8
BLACK
6
CONTINUOUS
10
127.4358479999999929
20
-75.2732740000000007
11
127.4358489999999904
21
-75.2732740000000007
0
LINE
8
BLACK
6
CONTINUOUS
10
127.4358489999999904
20
-75.2732740000000007
11
127.406259999999989
21
-75.2704999999999984
0
LINE
8
BLACK
6
CONTINUOUS
10
127.406259999999989
20
-75.2704999999999984
11
127.4062559999999991
21
-75.2704999999999984
0
LINE
8
BLACK
6
CONTINUOUS
10
127.4062559999999991
20
-75.2704999999999984
11
126.8007439999999946
21
-75.2704999999999984
0
LINE
8
BLACK
6
CONTINUOUS
10
126.8007439999999946
20
-75.2704999999999984
11
126.8007399999999905
21
-75.2704999999999984
0
LINE
8
BLACK
6
CONTINUOUS
10
126.8007399999999905
20
-75.2704999999999984
11
126.7711499999999916
21
-75.2732740000000007
0
LINE
8
BLACK
6
CONTINUOUS
10
126.7711499999999916
20
-75.2732740000000007
11
126.6465229999999877
21
-75.3168840000000017
0
LINE
8
BLACK
6
CONTINUOUS
10
126.6465229999999877
20
-75.3168840000000017
11
126.5741340000000008
21
-75.3703089999999918
0
LINE
8
BLACK
6
CONTINUOUS
10
126.5741340000000008
20
-75.3703089999999918
11
126.5085049999999995
21
-75.3942789999999974
0
LINE
8
BLACK
6
CONTINUOUS
10
126.5085049999999995
20
-75.3942789999999974
11
126.4530499999999904
21
-75.3850989999999967
0
LINE
8
BLACK
6
CONTINUOUS
10
126.4530499999999904
20
-75.3850989999999967
11
126.3947649999999925
21
-75.3609569999999991
0
LINE
8
BLACK
6
CONTINUOUS
10
126.3947649999999925
20
-75.3609569999999991
11
126.3947599999999909
21
-75.3609549999999899
0
LINE
8
BLACK
6
CONTINUOUS
10
126.3947599999999909
20
-75.3609549999999899
11
126.238000999999997
21
-75.3403179999999963
0
LINE
8
BLACK
6
CONTINUOUS
10
126.238000999999997
20
-75.3403179999999963
11
126.2379989999999879
21
-75.3403179999999963
0
LINE
8
BLACK
6
CONTINUOUS
10
126.2379989999999879
20
-75.3403179999999963
11
126.0812389999999965
21
-75.3609549999999899
0
LINE
8
BLACK
6
CONTINUOUS
10
126.0812389999999965
20
-75.3609549999999899
11
126.0812369999999873
21
-75.3609560000000016
0
LINE
8
BLACK
6
CONTINUOUS
10
126.0812369999999873
20
-75.3609560000000016
11
125.9351599999999962
21
-75.4214630000000028
0
LINE
8
BLACK
6
CONTINUOUS
10
125.9351599999999962
20
-75.4214630000000028
11
125.8097179999999895
21
-75.5177180000000021
0
LINE
8
BLACK
6
CONTINUOUS
10
125.8097179999999895
20
-75.5177180000000021
11
125.7134629999999902
21
-75.6431599999999946
0
LINE
8
BLACK
6
CONTINUOUS
10
125.7134629999999902
20
-75.6431599999999946
11
125.652955999999989
21
-75.789237
0
LINE
8
BLACK
6
CONTINUOUS
10
125.652955999999989
20
-75.789237
11
125.6529549999999915
21
-75.7892389999999949
0
LINE
8
BLACK
6
CONTINUOUS
10
125.6529549999999915
20
-75.7892389999999949
11
125.6323179999999979
21
-75.945998000000003
0
LINE
8
BLACK
6
CONTINUOUS
10
125.6323179999999979
20
-75.945998000000003
11
125.6323179999999979
21
-75.9460009999999954
0
LINE
8
BLACK
6
CONTINUOUS
10
117.6914999999999907
20
-68.0357520000000022
11
117.7031309999999991
21
-68.0942289999999986
0
LINE
8
BLACK
6
CONTINUOUS
10
117.7031309999999991
20
-68.0942289999999986
11
117.7031319999999965
21
-68.094229999999996
0
LINE
8
BLACK
6
CONTINUOUS
10
117.7031319999999965
20
-68.094229999999996
11
117.747446999999994
21
-68.1605519999999956
0
LINE
8
BLACK
6
CONTINUOUS
10
117.747446999999994
20
-68.1605519999999956
11
117.8137689999999935
21
-68.204866999999993
0
LINE
8
BLACK
6
CONTINUOUS
10
117.8137689999999935
20
-68.204866999999993
11
117.813769999999991
21
-68.2048679999999905
0
LINE
8
BLACK
6
CONTINUOUS
10
117.813769999999991
20
-68.2048679999999905
11
117.8722470000000015
21
-68.2164989999999989
0
LINE
8
BLACK
6
CONTINUOUS
10
117.8722470000000015
20
-68.2164989999999989
11
117.872249999999994
21
-68.2164999999999964
0
LINE
8
BLACK
6
CONTINUOUS
10
117.872249999999994
20
-68.2164999999999964
11
117.8722519999999889
21
-68.2164999999999964
0
LINE
8
BLACK
6
CONTINUOUS
10
117.8722519999999889
20
-68.2164999999999964
11
119.711749999999995
21
-68.2164999999999964
0
LINE
8
BLACK
6
CONTINUOUS
10
119.711749999999995
20
-68.2164999999999964
11
119.7117509999999925
21
-68.2164989999999989
0
LINE
8
BLACK
6
CONTINUOUS
10
119.7117509999999925
20
-68.2164989999999989
11
119.7265680000000003
21
-68.2135519999999929
0
LINE
8
BLACK
6
CONTINUOUS
10
119.7265680000000003
20
-68.2135519999999929
11
119.7702290000000005
21
-68.2048679999999905
0
LINE
8
BLACK
6
CONTINUOUS
10
119.7702290000000005
20
-68.2048679999999905
11
119.7702290000000005
21
-68.204866999999993
0
LINE
8
BLACK
6
CONTINUOUS
10
119.7702290000000005
20
-68.204866999999993
11
119.7702309999999954
21
-68.204866999999993
0
LINE
8
BLACK
6
CONTINUOUS
10
119.7702309999999954
20
-68.204866999999993
11
119.8365519999999975
21
-68.1605519999999956
0
LINE
8
BLACK
6
CONTINUOUS
10
119.8365519999999975
20
-68.1605519999999956
11
119.880866999999995
21
-68.0942309999999935
0
LINE
8
BLACK
6
CONTINUOUS
10
119.880866999999995
20
-68.0942309999999935
11
119.880866999999995
21
-68.0942289999999986
0
LINE
8
BLACK
6
CONTINUOUS
10
119.880866999999995
20
-68.0942289999999986
11
119.8808679999999924
21
-68.0942289999999986
0
LINE
8
BLACK
6
CONTINUOUS
10
119.8808679999999924
20
-68.0942289999999986
11
119.8924990000000008
21
-68.0357520000000022
0
LINE
8
BLACK
6
CONTINUOUS
10
119.8924990000000008
20
-68.0357520000000022
11
119.8924999999999983
21
-68.0357499999999931
0
LINE
8
BLACK
6
CONTINUOUS
10
119.8924999999999983
20
-68.0357499999999931
11
119.8924999999999983
21
-67.3462490000000003
0
LINE
8
BLACK
6
CONTINUOUS
10
119.8924999999999983
20
-67.3462490000000003
11
119.8924990000000008
21
-67.3462469999999911
0
LINE
8
BLACK
6
CONTINUOUS
10
119.8924990000000008
20
-67.3462469999999911
11
119.8808679999999924
21
-67.2877699999999948
0
LINE
8
BLACK
6
CONTINUOUS
10
119.8808679999999924
20
-67.2877699999999948
11
119.880866999999995
21
-67.2877689999999973
0
LINE
8
BLACK
6
CONTINUOUS
10
119.880866999999995
20
-67.2877689999999973
11
119.8365519999999975
21
-67.2214469999999977
0
LINE
8
BLACK
6
CONTINUOUS
10
119.8365519999999975
20
-67.2214469999999977
11
119.770229999999998
21
-67.1771320000000003
0
LINE
8
BLACK
6
CONTINUOUS
10
119.770229999999998
20
-67.1771320000000003
11
119.7702290000000005
21
-67.1771310000000028
0
LINE
8
BLACK
6
CONTINUOUS
10
119.7702290000000005
20
-67.1771310000000028
11
119.7117519999999899
21
-67.1654999999999944
0
LINE
8
BLACK
6
CONTINUOUS
10
119.7117519999999899
20
-67.1654999999999944
11
119.711748
21
-67.1654999999999944
0
LINE
8
BLACK
6
CONTINUOUS
10
119.711748
20
-67.1654999999999944
11
117.8722519999999889
21
-67.1654999999999944
0
LINE
8
BLACK
6
CONTINUOUS
10
117.8722519999999889
20
-67.1654999999999944
11
117.8722470000000015
21
-67.1654999999999944
0
LINE
8
BLACK
6
CONTINUOUS
10
117.8722470000000015
20
-67.1654999999999944
11
117.813769999999991
21
-67.1771310000000028
0
LINE
8
BLACK
6
CONTINUOUS
10
117.813769999999991
20
-67.1771310000000028
11
117.8137689999999935
21
-67.1771320000000003
0
LINE
8
BLACK
6
CONTINUOUS
10
117.8137689999999935
20
-67.1771320000000003
11
117.747446999999994
21
-67.2214469999999977
0
LINE
8
BLACK
6
CONTINUOUS
10
117.747446999999994
20
-67.2214469999999977
11
117.7031319999999965
21
-67.2877689999999973
0
LINE
8
BLACK
6
CONTINUOUS
10
117.7031319999999965
20
-67.2877689999999973
11
117.7031309999999991
21
-67.2877699999999948
0
LINE
8
BLACK
6
CONTINUOUS
10
117.7031309999999991
20
-67.2877699999999948
11
117.6914999999999907
21
-67.3462469999999911
0
LINE
8
BLACK
6
CONTINUOUS
10
117.6914999999999907
20
-67.3462469999999911
11
117.6914999999999907
21
-68.0357520000000022
0
LINE
8
BLACK
6
CONTINUOUS
10
120.3914999999999935
20
-66.765751999999992
11
120.4031309999999877
21
-66.8242290000000025
0
LINE
8
BLACK
6
CONTINUOUS
10
120.4031309999999877
20
-66.8242290000000025
11
120.4031319999999994
21
-66.82423
0
LINE
8
BLACK
6
CONTINUOUS
10
120.4031319999999994
20
-66.82423
11
120.4474469999999968
21
-66.8905519999999996
0
LINE
8
BLACK
6
CONTINUOUS
10
120.4474469999999968
20
-66.8905519999999996
11
120.5137689999999964
21
-66.934866999999997
0
LINE
8
BLACK
6
CONTINUOUS
10
120.5137689999999964
20
-66.934866999999997
11
120.5137699999999938
21
-66.9348679999999945
0
LINE
8
BLACK
6
CONTINUOUS
10
120.5137699999999938
20
-66.9348679999999945
11
120.5722469999999902
21
-66.9464990000000029
0
LINE
8
BLACK
6
CONTINUOUS
10
120.5722469999999902
20
-66.9464990000000029
11
120.5722499999999968
21
-66.9465000000000003
0
LINE
8
BLACK
6
CONTINUOUS
10
120.5722499999999968
20
-66.9465000000000003
11
120.5722519999999918
21
-66.9465000000000003
0
LINE
8
BLACK
6
CONTINUOUS
10
120.5722519999999918
20
-66.9465000000000003
11
122.4117499999999978
21
-66.9465000000000003
0
LINE
8
BLACK
6
CONTINUOUS
10
122.4117499999999978
20
-66.9465000000000003
11
122.4117509999999953
21
-66.9464990000000029
0
LINE
8
BLACK
6
CONTINUOUS
10
122.4117509999999953
20
-66.9464990000000029
11
122.426567999999989
21
-66.9435519999999968
0
LINE
8
BLACK
6
CONTINUOUS
10
122.426567999999989
20
-66.9435519999999968
11
122.4702289999999891
21
-66.9348679999999945
0
LINE
8
BLACK
6
CONTINUOUS
10
122.4702289999999891
20
-66.9348679999999945
11
122.4702289999999891
21
-66.934866999999997
0
LINE
8
BLACK
6
CONTINUOUS
10
122.4702289999999891
20
-66.934866999999997
11
122.4702309999999983
21
-66.934866999999997
0
LINE
8
BLACK
6
CONTINUOUS
10
122.4702309999999983
20
-66.934866999999997
11
122.5365520000000004
21
-66.8905519999999996
0
LINE
8
BLACK
6
CONTINUOUS
10
122.5365520000000004
20
-66.8905519999999996
11
122.5808669999999978
21
-66.8242309999999975
0
LINE
8
BLACK
6
CONTINUOUS
10
122.5808669999999978
20
-66.8242309999999975
11
122.5808669999999978
21
-66.8242290000000025
0
LINE
8
BLACK
6
CONTINUOUS
10
122.5808669999999978
20
-66.8242290000000025
11
122.5808679999999953
21
-66.8242290000000025
0
LINE
8
BLACK
6
CONTINUOUS
10
122.5808679999999953
20
-66.8242290000000025
11
122.5924989999999895
21
-66.765751999999992
0
LINE
8
BLACK
6
CONTINUOUS
10
122.5924989999999895
20
-66.765751999999992
11
122.5925000000000011
21
-66.765749999999997
0
LINE
8
BLACK
6
CONTINUOUS
10
122.5925000000000011
20
-66.765749999999997
11
122.5925000000000011
21
-66.07624899999999
0
LINE
8
BLACK
6
CONTINUOUS
10
122.5925000000000011
20
-66.07624899999999
11
122.5924989999999895
21
-66.0762469999999951
0
LINE
8
BLACK
6
CONTINUOUS
10
122.5924989999999895
20
-66.0762469999999951
11
122.5808679999999953
21
-66.0177699999999987
0
LINE
8
BLACK
6
CONTINUOUS
10
122.5808679999999953
20
-66.0177699999999987
11
122.5808669999999978
21
-66.0177690000000013
0
LINE
8
BLACK
6
CONTINUOUS
10
122.5808669999999978
20
-66.0177690000000013
11
122.5365520000000004
21
-65.9514470000000017
0
LINE
8
BLACK
6
CONTINUOUS
10
122.5365520000000004
20
-65.9514470000000017
11
122.4702300000000008
21
-65.9071319999999901
0
LINE
8
BLACK
6
CONTINUOUS
10
122.4702300000000008
20
-65.9071319999999901
11
122.4702289999999891
21
-65.9071309999999926
0
LINE
8
BLACK
6
CONTINUOUS
10
122.4702289999999891
20
-65.9071309999999926
11
122.4117519999999928
21
-65.8954999999999984
0
LINE
8
BLACK
6
CONTINUOUS
10
122.4117519999999928
20
-65.8954999999999984
11
122.4117479999999887
21
-65.8954999999999984
0
LINE
8
BLACK
6
CONTINUOUS
10
122.4117479999999887
20
-65.8954999999999984
11
120.5722519999999918
21
-65.8954999999999984
0
LINE
8
BLACK
6
CONTINUOUS
10
120.5722519999999918
20
-65.8954999999999984
11
120.5722469999999902
21
-65.8954999999999984
0
LINE
8
BLACK
6
CONTINUOUS
10
120.5722469999999902
20
-65.8954999999999984
11
120.5137699999999938
21
-65.9071309999999926
0
LINE
8
BLACK
6
CONTINUOUS
10
120.5137699999999938
20
-65.9071309999999926
11
120.5137689999999964
21
-65.9071319999999901
0
LINE
8
BLACK
6
CONTINUOUS
10
120.5137689999999964
20
-65.9071319999999901
11
120.4474469999999968
21
-65.9514470000000017
0
LINE
8
BLACK
6
CONTINUOUS
10
120.4474469999999968
20
-65.9514470000000017
11
120.4031319999999994
21
-66.0177690000000013
0
LINE
8
BLACK
6
CONTINUOUS
10
120.4031319999999994
20
-66.0177690000000013
11
120.4031309999999877
21
-66.0177699999999987
0
LINE
8
BLACK
6
CONTINUOUS
10
120.4031309999999877
20
-66.0177699999999987
11
120.3914999999999935
21
-66.0762469999999951
0
LINE
8
BLACK
6
CONTINUOUS
10
120.3914999999999935
20
-66.0762469999999951
11
120.3914999999999935
21
-66.765751999999992
0
LINE
8
BLACK
6
CONTINUOUS
10
172.4493870000000015
20
-75.4890789999999896
11
172.5264379999999846
21
-75.5405619999999942
0
LINE
8
BLACK
6
CONTINUOUS
10
172.5264379999999846
20
-75.5405619999999942
11
172.5779210000000035
21
-75.6176129999999915
0
LINE
8
BLACK
6
CONTINUOUS
10
172.5779210000000035
20
-75.6176129999999915
11
172.5960000000000036
21
-75.7085000000000008
0
LINE
8
BLACK
6
CONTINUOUS
10
172.5960000000000036
20
-75.7085000000000008
11
172.5960000000000036
21
-75.7959999999999923
0
LINE
8
BLACK
6
CONTINUOUS
10
172.5960000000000036
20
-75.7959999999999923
11
172.6906409999999994
21
-75.7959999999999923
0
LINE
8
BLACK
6
CONTINUOUS
10
172.6906409999999994
20
-75.7959999999999923
11
172.6932569999999885
21
-75.7908649999999966
0
LINE
8
BLACK
6
CONTINUOUS
10
172.6932569999999885
20
-75.7908649999999966
11
172.7817499999999882
21
-75.7023719999999969
0
LINE
8
BLACK
6
CONTINUOUS
10
172.7817499999999882
20
-75.7023719999999969
11
172.8932570000000055
21
-75.6455559999999991
0
LINE
8
BLACK
6
CONTINUOUS
10
172.8932570000000055
20
-75.6455559999999991
11
173.0168639999999982
21
-75.625979000000001
0
LINE
8
BLACK
6
CONTINUOUS
10
173.0168639999999982
20
-75.625979000000001
11
173.1404709999999909
21
-75.6455559999999991
0
LINE
8
BLACK
6
CONTINUOUS
10
173.1404709999999909
20
-75.6455559999999991
11
173.2519779999999798
21
-75.7023719999999969
0
LINE
8
BLACK
6
CONTINUOUS
10
173.2519779999999798
20
-75.7023719999999969
11
173.3404709999999795
21
-75.7908649999999966
0
LINE
8
BLACK
6
CONTINUOUS
10
173.3404709999999795
20
-75.7908649999999966
11
173.3972870000000057
21
-75.9023719999999997
0
LINE
8
BLACK
6
CONTINUOUS
10
173.3972870000000057
20
-75.9023719999999997
11
173.4168640000000039
21
-76.0259789999999924
0
LINE
8
BLACK
6
CONTINUOUS
10
173.4168640000000039
20
-76.0259789999999924
11
173.3972870000000057
21
-76.1495859999999993
0
LINE
8
BLACK
6
CONTINUOUS
10
173.3972870000000057
20
-76.1495859999999993
11
173.3404709999999795
21
-76.2610930000000025
0
LINE
8
BLACK
6
CONTINUOUS
10
173.3404709999999795
20
-76.2610930000000025
11
173.2519779999999798
21
-76.3495860000000022
0
LINE
8
BLACK
6
CONTINUOUS
10
173.2519779999999798
20
-76.3495860000000022
11
173.1404709999999909
21
-76.4064019999999999
0
LINE
8
BLACK
6
CONTINUOUS
10
173.1404709999999909
20
-76.4064019999999999
11
173.0168639999999982
21
-76.4259789999999981
0
LINE
8
BLACK
6
CONTINUOUS
10
173.0168639999999982
20
-76.4259789999999981
11
172.8932570000000055
21
-76.4064019999999999
0
LINE
8
BLACK
6
CONTINUOUS
10
172.8932570000000055
20
-76.4064019999999999
11
172.7817499999999882
21
-76.3495860000000022
0
LINE
8
BLACK
6
CONTINUOUS
10
172.7817499999999882
20
-76.3495860000000022
11
172.6932569999999885
21
-76.2610930000000025
0
LINE
8
BLACK
6
CONTINUOUS
10
172.6932569999999885
20
-76.2610930000000025
11
172.6364409999999907
21
-76.1495859999999993
0
LINE
8
BLACK
6
CONTINUOUS
10
172.6364409999999907
20
-76.1495859999999993
11
172.6279539999999884
21
-76.0960000000000036
0
LINE
8
BLACK
6
CONTINUOUS
10
172.6279539999999884
20
-76.0960000000000036
11
172.5960000000000036
21
-76.0960000000000036
0
LINE
8
BLACK
6
CONTINUOUS
10
172.5960000000000036
20
-76.0960000000000036
11
172.5960000000000036
21
-76.1834999999999951
0
LINE
8
BLACK
6
CONTINUOUS
10
172.5960000000000036
20
-76.1834999999999951
11
172.5779210000000035
21
-76.2743869999999902
0
LINE
8
BLACK
6
CONTINUOUS
10
172.5779210000000035
20
-76.2743869999999902
11
172.5264379999999846
21
-76.3514380000000017
0
LINE
8
BLACK
6
CONTINUOUS
10
172.5264379999999846
20
-76.3514380000000017
11
172.4493870000000015
21
-76.4029209999999921
0
LINE
8
BLACK
6
CONTINUOUS
10
172.4493870000000015
20
-76.4029209999999921
11
172.3584999999999923
21
-76.4209999999999923
0
LINE
8
BLACK
6
CONTINUOUS
10
172.3584999999999923
20
-76.4209999999999923
11
171.8584999999999923
21
-76.4209999999999923
0
LINE
8
BLACK
6
CONTINUOUS
10
171.8584999999999923
20
-76.4209999999999923
11
171.767612999999983
21
-76.4029209999999921
0
LINE
8
BLACK
6
CONTINUOUS
10
171.767612999999983
20
-76.4029209999999921
11
171.6905619999999999
21
-76.3514380000000017
0
LINE
8
BLACK
6
CONTINUOUS
10
171.6905619999999999
20
-76.3514380000000017
11
171.6390789999999811
21
-76.2743869999999902
0
LINE
8
BLACK
6
CONTINUOUS
10
171.6390789999999811
20
-76.2743869999999902
11
171.6209999999999809
21
-76.1834999999999951
0
LINE
8
BLACK
6
CONTINUOUS
10
171.6209999999999809
20
-76.1834999999999951
11
171.6209999999999809
21
-75.7085000000000008
0
LINE
8
BLACK
6
CONTINUOUS
10
171.6209999999999809
20
-75.7085000000000008
11
171.6390789999999811
21
-75.6176129999999915
0
LINE
8
BLACK
6
CONTINUOUS
10
171.6390789999999811
20
-75.6176129999999915
11
171.6905619999999999
21
-75.5405619999999942
0
LINE
8
BLACK
6
CONTINUOUS
10
171.6905619999999999
20
-75.5405619999999942
11
171.767612999999983
21
-75.4890789999999896
0
LINE
8
BLACK
6
CONTINUOUS
10
171.767612999999983
20
-75.4890789999999896
11
171.8584999999999923
21
-75.4710000000000036
0
LINE
8
BLACK
6
CONTINUOUS
10
171.8584999999999923
20
-75.4710000000000036
11
172.3584999999999923
21
-75.4710000000000036
0
LINE
8
BLACK
6
CONTINUOUS
10
172.3584999999999923
20
-75.4710000000000036
11
172.4493870000000015
21
-75.4890789999999896
0
LINE
8
BLACK
6
CONTINUOUS
10
177.160839999999979
20
-54.1216849999999994
11
177.2004680000000008
21
-54.1627679999999998
0
LINE
8
BLACK
6
CONTINUOUS
10
177.2004680000000008
20
-54.1627679999999998
11
177.2460260000000005
21
-54.2396209999999996
0
LINE
8
BLACK
6
CONTINUOUS
10
177.2460260000000005
20
-54.2396209999999996
11
177.6487929999999835
21
-54.9190559999999977
0
LINE
8
BLACK
6
CONTINUOUS
10
177.6487929999999835
20
-54.9190559999999977
11
177.6878389999999968
21
-54.9849219999999974
0
LINE
8
BLACK
6
CONTINUOUS
10
177.6878389999999968
20
-54.9849219999999974
11
177.6899579999999901
21
-54.9886419999999987
0
LINE
8
BLACK
6
CONTINUOUS
10
177.6899579999999901
20
-54.9886419999999987
11
178.2263539999999864
21
-55.9691499999999991
0
LINE
8
BLACK
6
CONTINUOUS
10
178.2263539999999864
20
-55.9691499999999991
11
178.2283429999999953
21
-55.9729399999999941
0
LINE
8
BLACK
6
CONTINUOUS
10
178.2283429999999953
20
-55.9729399999999941
11
178.7305829999999958
21
-56.9713879999999975
0
LINE
8
BLACK
6
CONTINUOUS
10
178.7305829999999958
20
-56.9713879999999975
11
178.7324349999999811
21
-56.9752340000000004
0
LINE
8
BLACK
6
CONTINUOUS
10
178.7324349999999811
20
-56.9752340000000004
11
178.7547559999999862
21
-57.0237079999999992
0
LINE
8
BLACK
6
CONTINUOUS
10
178.7547559999999862
20
-57.0237079999999992
11
179.1999069999999961
21
-57.9904129999999967
0
LINE
8
BLACK
6
CONTINUOUS
10
179.1999069999999961
20
-57.9904129999999967
11
179.2016299999999944
21
-57.9943309999999954
0
LINE
8
BLACK
6
CONTINUOUS
10
179.2016299999999944
20
-57.9943309999999954
11
179.6337859999999864
21
-59.0250459999999961
0
LINE
8
BLACK
6
CONTINUOUS
10
179.6337859999999864
20
-59.0250459999999961
11
179.6353729999999871
21
-59.0290219999999977
0
LINE
8
BLACK
6
CONTINUOUS
10
179.6353729999999871
20
-59.0290219999999977
11
180.0316919999999925
21
-60.0740279999999984
0
LINE
8
BLACK
6
CONTINUOUS
10
180.0316919999999925
20
-60.0740279999999984
11
180.0331410000000005
21
-60.0780559999999966
0
LINE
8
BLACK
6
CONTINUOUS
10
180.0331410000000005
20
-60.0780559999999966
11
180.3931670000000054
21
-61.1361589999999993
0
LINE
8
BLACK
6
CONTINUOUS
10
180.3931670000000054
20
-61.1361589999999993
11
180.3944749999999999
21
-61.140234999999997
0
LINE
8
BLACK
6
CONTINUOUS
10
180.3944749999999999
20
-61.140234999999997
11
180.7177429999999845
21
-62.2100579999999965
0
LINE
8
BLACK
6
CONTINUOUS
10
180.7177429999999845
20
-62.2100579999999965
11
180.7189109999999914
21
-62.2141759999999948
0
LINE
8
BLACK
6
CONTINUOUS
10
180.7189109999999914
20
-62.2141759999999948
11
181.0050799999999924
21
-63.294596999999996
0
LINE
8
BLACK
6
CONTINUOUS
10
181.0050799999999924
20
-63.294596999999996
11
181.0061039999999934
21
-63.2987529999999978
0
LINE
8
BLACK
6
CONTINUOUS
10
181.0061039999999934
20
-63.2987529999999978
11
181.2548019999999838
21
-64.3883739999999989
0
LINE
8
BLACK
6
CONTINUOUS
10
181.2548019999999838
20
-64.3883739999999989
11
181.2556819999999789
21
-64.3925629999999956
0
LINE
8
BLACK
6
CONTINUOUS
10
181.2556819999999789
20
-64.3925629999999956
11
181.4666189999999801
21
-65.4900930000000017
0
LINE
8
BLACK
6
CONTINUOUS
10
181.4666189999999801
20
-65.4900930000000017
11
181.4673549999999977
21
-65.4943109999999962
0
LINE
8
BLACK
6
CONTINUOUS
10
181.4673549999999977
20
-65.4943109999999962
11
181.527908999999994
21
-65.8809519999999935
0
LINE
8
BLACK
6
CONTINUOUS
10
181.527908999999994
20
-65.8809519999999935
11
181.5188339999999982
21
-65.9502289999999931
0
LINE
8
BLACK
6
CONTINUOUS
10
181.5188339999999982
20
-65.9502289999999931
11
181.4737460000000056
21
-66.0036039999999957
0
LINE
8
BLACK
6
CONTINUOUS
10
181.4737460000000056
20
-66.0036039999999957
11
181.4069590000000005
21
-66.0241279999999904
0
LINE
8
BLACK
6
CONTINUOUS
10
181.4069590000000005
20
-66.0241279999999904
11
181.3396769999999947
21
-66.0052869999999956
0
LINE
8
BLACK
6
CONTINUOUS
10
181.3396769999999947
20
-66.0052869999999956
11
181.3023000000000025
21
-65.9690300000000036
0
LINE
8
BLACK
6
CONTINUOUS
10
181.3023000000000025
20
-65.9690300000000036
11
181.2986779999999953
21
-65.9636089999999911
0
LINE
8
BLACK
6
CONTINUOUS
10
181.2986779999999953
20
-65.9636089999999911
11
181.290551999999991
21
-65.9514479999999992
0
LINE
8
BLACK
6
CONTINUOUS
10
181.290551999999991
20
-65.9514479999999992
11
181.2877900000000011
21
-65.9496019999999987
0
LINE
8
BLACK
6
CONTINUOUS
10
181.2877900000000011
20
-65.9496019999999987
11
181.2242300000000057
21
-65.9071319999999901
0
LINE
8
BLACK
6
CONTINUOUS
10
181.2242300000000057
20
-65.9071319999999901
11
181.2242289999999798
21
-65.9071309999999926
0
LINE
8
BLACK
6
CONTINUOUS
10
181.2242289999999798
20
-65.9071309999999926
11
181.1657519999999977
21
-65.8954999999999984
0
LINE
8
BLACK
6
CONTINUOUS
10
181.1657519999999977
20
-65.8954999999999984
11
181.1657479999999794
21
-65.8954999999999984
0
LINE
8
BLACK
6
CONTINUOUS
10
181.1657479999999794
20
-65.8954999999999984
11
179.3262519999999824
21
-65.8954999999999984
0
LINE
8
BLACK
6
CONTINUOUS
10
179.3262519999999824
20
-65.8954999999999984
11
179.3262469999999951
21
-65.8954999999999984
0
LINE
8
BLACK
6
CONTINUOUS
10
179.3262469999999951
20
-65.8954999999999984
11
179.2677699999999845
21
-65.9071309999999926
0
LINE
8
BLACK
6
CONTINUOUS
10
179.2677699999999845
20
-65.9071309999999926
11
179.267768999999987
21
-65.9071319999999901
0
LINE
8
BLACK
6
CONTINUOUS
10
179.267768999999987
20
-65.9071319999999901
11
179.2042099999999891
21
-65.9496019999999987
0
LINE
8
BLACK
6
CONTINUOUS
10
179.2042099999999891
20
-65.9496019999999987
11
179.1375329999999906
21
-65.9704799999999949
0
LINE
8
BLACK
6
CONTINUOUS
10
179.1375329999999906
20
-65.9704799999999949
11
179.1353189999999813
21
-65.9705000000000013
0
LINE
8
BLACK
6
CONTINUOUS
10
179.1353189999999813
20
-65.9705000000000013
11
179.0156389999999931
21
-65.9705000000000013
0
LINE
8
BLACK
6
CONTINUOUS
10
179.0156389999999931
20
-65.9705000000000013
11
178.981000999999992
21
-65.9636089999999911
0
LINE
8
BLACK
6
CONTINUOUS
10
178.981000999999992
20
-65.9636089999999911
11
178.9806130000000053
21
-65.965059999999994
0
LINE
8
BLACK
6
CONTINUOUS
10
178.9806130000000053
20
-65.965059999999994
11
178.9727599999999939
21
-65.9629549999999938
0
LINE
8
BLACK
6
CONTINUOUS
10
178.9727599999999939
20
-65.9629549999999938
11
178.816001
21
-65.9423180000000002
0
LINE
8
BLACK
6
CONTINUOUS
10
178.816001
20
-65.9423180000000002
11
178.815999000000005
21
-65.9423180000000002
0
LINE
8
BLACK
6
CONTINUOUS
10
178.815999000000005
20
-65.9423180000000002
11
178.6592389999999853
21
-65.9629549999999938
0
LINE
8
BLACK
6
CONTINUOUS
10
178.6592389999999853
20
-65.9629549999999938
11
178.6592369999999903
21
-65.9629559999999913
0
LINE
8
BLACK
6
CONTINUOUS
10
178.6592369999999903
20
-65.9629559999999913
11
178.5131599999999992
21
-66.0234629999999925
0
LINE
8
BLACK
6
CONTINUOUS
10
178.5131599999999992
20
-66.0234629999999925
11
178.3877179999999782
21
-66.1197179999999918
0
LINE
8
BLACK
6
CONTINUOUS
10
178.3877179999999782
20
-66.1197179999999918
11
178.2914629999999931
21
-66.2451599999999985
0
LINE
8
BLACK
6
CONTINUOUS
10
178.2914629999999931
20
-66.2451599999999985
11
178.2309559999999919
21
-66.3912370000000038
0
LINE
8
BLACK
6
CONTINUOUS
10
178.2309559999999919
20
-66.3912370000000038
11
178.2309549999999945
21
-66.3912389999999988
0
LINE
8
BLACK
6
CONTINUOUS
10
178.2309549999999945
20
-66.3912389999999988
11
178.2103180000000009
21
-66.5479979999999927
0
LINE
8
BLACK
6
CONTINUOUS
10
178.2103180000000009
20
-66.5479979999999927
11
178.2103180000000009
21
-66.5480009999999993
0
LINE
8
BLACK
6
CONTINUOUS
10
178.2103180000000009
20
-66.5480009999999993
11
178.2309549999999945
21
-66.7047599999999932
0
LINE
8
BLACK
6
CONTINUOUS
10
178.2309549999999945
20
-66.7047599999999932
11
178.2309559999999919
21
-66.7047620000000023
0
LINE
8
BLACK
6
CONTINUOUS
10
178.2309559999999919
20
-66.7047620000000023
11
178.2914639999999906
21
-66.8508420000000001
0
LINE
8
BLACK
6
CONTINUOUS
10
178.2914639999999906
20
-66.8508420000000001
11
178.379839000000004
21
-66.9660140000000013
0
LINE
8
BLACK
6
CONTINUOUS
10
178.379839000000004
20
-66.9660140000000013
11
178.4050330000000031
21
-67.0311829999999986
0
LINE
8
BLACK
6
CONTINUOUS
10
178.4050330000000031
20
-67.0311829999999986
11
178.3909950000000038
21
-67.0996279999999956
0
LINE
8
BLACK
6
CONTINUOUS
10
178.3909950000000038
20
-67.0996279999999956
11
178.3421809999999823
21
-67.1496169999999921
0
LINE
8
BLACK
6
CONTINUOUS
10
178.3421809999999823
20
-67.1496169999999921
11
178.2814630000000022
21
-67.1654999999999944
0
LINE
8
BLACK
6
CONTINUOUS
10
178.2814630000000022
20
-67.1654999999999944
11
176.626246999999978
21
-67.1654999999999944
0
LINE
8
BLACK
6
CONTINUOUS
10
176.626246999999978
20
-67.1654999999999944
11
176.5677699999999959
21
-67.1771310000000028
0
LINE
8
BLACK
6
CONTINUOUS
10
176.5677699999999959
20
-67.1771310000000028
11
176.5677689999999984
21
-67.1771320000000003
0
LINE
8
BLACK
6
CONTINUOUS
10
176.5677689999999984
20
-67.1771320000000003
11
176.5014469999999847
21
-67.2214469999999977
0
LINE
8
BLACK
6
CONTINUOUS
10
176.5014469999999847
20
-67.2214469999999977
11
176.4571320000000014
21
-67.2877689999999973
0
LINE
8
BLACK
6
CONTINUOUS
10
176.4571320000000014
20
-67.2877689999999973
11
176.457131000000004
21
-67.2877699999999948
0
LINE
8
BLACK
6
CONTINUOUS
10
176.457131000000004
20
-67.2877699999999948
11
176.4454999999999814
21
-67.3462469999999911
0
LINE
8
BLACK
6
CONTINUOUS
10
176.4454999999999814
20
-67.3462469999999911
11
176.4454999999999814
21
-68.0357520000000022
0
LINE
8
BLACK
6
CONTINUOUS
10
176.4454999999999814
20
-68.0357520000000022
11
176.457131000000004
21
-68.0942289999999986
0
LINE
8
BLACK
6
CONTINUOUS
10
176.457131000000004
20
-68.0942289999999986
11
176.4571320000000014
21
-68.094229999999996
0
LINE
8
BLACK
6
CONTINUOUS
10
176.4571320000000014
20
-68.094229999999996
11
176.5014469999999847
21
-68.1605519999999956
0
LINE
8
BLACK
6
CONTINUOUS
10
176.5014469999999847
20
-68.1605519999999956
11
176.5677689999999984
21
-68.204866999999993
0
LINE
8
BLACK
6
CONTINUOUS
10
176.5677689999999984
20
-68.204866999999993
11
176.5677699999999959
21
-68.2048679999999905
0
LINE
8
BLACK
6
CONTINUOUS
10
176.5677699999999959
20
-68.2048679999999905
11
176.626246999999978
21
-68.2164989999999989
0
LINE
8
BLACK
6
CONTINUOUS
10
176.626246999999978
20
-68.2164989999999989
11
176.6262499999999989
21
-68.2164999999999964
0
LINE
8
BLACK
6
CONTINUOUS
10
176.6262499999999989
20
-68.2164999999999964
11
176.6262519999999938
21
-68.2164999999999964
0
LINE
8
BLACK
6
CONTINUOUS
10
176.6262519999999938
20
-68.2164999999999964
11
178.3068140000000028
21
-68.2164999999999964
0
LINE
8
BLACK
6
CONTINUOUS
10
178.3068140000000028
20
-68.2164999999999964
11
178.3738529999999969
21
-68.2361849999999919
0
LINE
8
BLACK
6
CONTINUOUS
10
178.3738529999999969
20
-68.2361849999999919
11
178.382300999999984
21
-68.242124000000004
0
LINE
8
BLACK
6
CONTINUOUS
10
178.382300999999984
20
-68.242124000000004
11
178.3877149999999858
21
-68.2462780000000038
0
LINE
8
BLACK
6
CONTINUOUS
10
178.3877149999999858
20
-68.2462780000000038
11
178.3877179999999782
21
-68.2462819999999937
0
LINE
8
BLACK
6
CONTINUOUS
10
178.3877179999999782
20
-68.2462819999999937
11
178.5131590000000017
21
-68.3425359999999955
0
LINE
8
BLACK
6
CONTINUOUS
10
178.5131590000000017
20
-68.3425359999999955
11
178.513165999999984
21
-68.3425409999999971
0
LINE
8
BLACK
6
CONTINUOUS
10
178.513165999999984
20
-68.3425409999999971
11
178.5184869999999933
21
-68.3456130000000002
0
LINE
8
BLACK
6
CONTINUOUS
10
178.5184869999999933
20
-68.3456130000000002
11
178.5667029999999897
21
-68.3961790000000036
0
LINE
8
BLACK
6
CONTINUOUS
10
178.5667029999999897
20
-68.3961790000000036
11
178.5799269999999979
21
-68.4647860000000037
0
LINE
8
BLACK
6
CONTINUOUS
10
178.5799269999999979
20
-68.4647860000000037
11
178.5539589999999919
21
-68.5296510000000012
0
LINE
8
BLACK
6
CONTINUOUS
10
178.5539589999999919
20
-68.5296510000000012
11
178.5184869999999933
21
-68.5603869999999915
0
LINE
8
BLACK
6
CONTINUOUS
10
178.5184869999999933
20
-68.5603869999999915
11
178.513165999999984
21
-68.5634579999999971
0
LINE
8
BLACK
6
CONTINUOUS
10
178.513165999999984
20
-68.5634579999999971
11
178.3877179999999782
21
-68.659717999999998
0
LINE
8
BLACK
6
CONTINUOUS
10
178.3877179999999782
20
-68.659717999999998
11
178.2914629999999931
21
-68.7851599999999905
0
LINE
8
BLACK
6
CONTINUOUS
10
178.2914629999999931
20
-68.7851599999999905
11
178.2309559999999919
21
-68.9312369999999959
0
LINE
8
BLACK
6
CONTINUOUS
10
178.2309559999999919
20
-68.9312369999999959
11
178.2309549999999945
21
-68.9312389999999908
0
LINE
8
BLACK
6
CONTINUOUS
10
178.2309549999999945
20
-68.9312389999999908
11
178.2103180000000009
21
-69.0879979999999989
0
LINE
8
BLACK
6
CONTINUOUS
10
178.2103180000000009
20
-69.0879979999999989
11
178.2103180000000009
21
-69.0880009999999913
0
LINE
8
BLACK
6
CONTINUOUS
10
178.2103180000000009
20
-69.0880009999999913
11
178.2309549999999945
21
-69.2447599999999994
0
LINE
8
BLACK
6
CONTINUOUS
10
178.2309549999999945
20
-69.2447599999999994
11
178.2309559999999919
21
-69.2447619999999944
0
LINE
8
BLACK
6
CONTINUOUS
10
178.2309559999999919
20
-69.2447619999999944
11
178.2914639999999906
21
-69.3908419999999921
0
LINE
8
BLACK
6
CONTINUOUS
10
178.2914639999999906
20
-69.3908419999999921
11
178.379839000000004
21
-69.5060139999999933
0
LINE
8
BLACK
6
CONTINUOUS
10
178.379839000000004
20
-69.5060139999999933
11
178.4050330000000031
21
-69.5711829999999907
0
LINE
8
BLACK
6
CONTINUOUS
10
178.4050330000000031
20
-69.5711829999999907
11
178.3909950000000038
21
-69.6396280000000019
0
LINE
8
BLACK
6
CONTINUOUS
10
178.3909950000000038
20
-69.6396280000000019
11
178.3421809999999823
21
-69.6896169999999984
0
LINE
8
BLACK
6
CONTINUOUS
10
178.3421809999999823
20
-69.6896169999999984
11
178.2814630000000022
21
-69.7055000000000007
0
LINE
8
BLACK
6
CONTINUOUS
10
178.2814630000000022
20
-69.7055000000000007
11
176.626246999999978
21
-69.7055000000000007
0
LINE
8
BLACK
6
CONTINUOUS
10
176.626246999999978
20
-69.7055000000000007
11
176.5677699999999959
21
-69.7171309999999949
0
LINE
8
BLACK
6
CONTINUOUS
10
176.5677699999999959
20
-69.7171309999999949
11
176.5677689999999984
21
-69.7171319999999923
0
LINE
8
BLACK
6
CONTINUOUS
10
176.5677689999999984
20
-69.7171319999999923
11
176.5014469999999847
21
-69.7614469999999898
0
LINE
8
BLACK
6
CONTINUOUS
10
176.5014469999999847
20
-69.7614469999999898
11
176.4571320000000014
21
-69.8277690000000035
0
LINE
8
BLACK
6
CONTINUOUS
10
176.4571320000000014
20
-69.8277690000000035
11
176.457131000000004
21
-69.827770000000001
0
LINE
8
BLACK
6
CONTINUOUS
10
176.457131000000004
20
-69.827770000000001
11
176.4454999999999814
21
-69.8862469999999973
0
LINE
8
BLACK
6
CONTINUOUS
10
176.4454999999999814
20
-69.8862469999999973
11
176.4454999999999814
21
-70.5757519999999943
0
LINE
8
BLACK
6
CONTINUOUS
10
176.4454999999999814
20
-70.5757519999999943
11
176.457131000000004
21
-70.6342289999999906
0
LINE
8
BLACK
6
CONTINUOUS
10
176.457131000000004
20
-70.6342289999999906
11
176.4571320000000014
21
-70.6342300000000023
0
LINE
8
BLACK
6
CONTINUOUS
10
176.4571320000000014
20
-70.6342300000000023
11
176.5014469999999847
21
-70.7005520000000018
0
LINE
8
BLACK
6
CONTINUOUS
10
176.5014469999999847
20
-70.7005520000000018
11
176.5677689999999984
21
-70.7448669999999993
0
LINE
8
BLACK
6
CONTINUOUS
10
176.5677689999999984
20
-70.7448669999999993
11
176.5677699999999959
21
-70.7448679999999968
0
LINE
8
BLACK
6
CONTINUOUS
10
176.5677699999999959
20
-70.7448679999999968
11
176.626246999999978
21
-70.7564989999999909
0
LINE
8
BLACK
6
CONTINUOUS
10
176.626246999999978
20
-70.7564989999999909
11
176.6262499999999989
21
-70.7565000000000026
0
LINE
8
BLACK
6
CONTINUOUS
10
176.6262499999999989
20
-70.7565000000000026
11
176.6262519999999938
21
-70.7565000000000026
0
LINE
8
BLACK
6
CONTINUOUS
10
176.6262519999999938
20
-70.7565000000000026
11
178.3068140000000028
21
-70.7565000000000026
0
LINE
8
BLACK
6
CONTINUOUS
10
178.3068140000000028
20
-70.7565000000000026
11
178.3738529999999969
21
-70.7761849999999981
0
LINE
8
BLACK
6
CONTINUOUS
10
178.3738529999999969
20
-70.7761849999999981
11
178.382300999999984
21
-70.782123999999996
0
LINE
8
BLACK
6
CONTINUOUS
10
178.382300999999984
20
-70.782123999999996
11
178.3877149999999858
21
-70.7862779999999958
0
LINE
8
BLACK
6
CONTINUOUS
10
178.3877149999999858
20
-70.7862779999999958
11
178.3877179999999782
21
-70.7862819999999999
0
LINE
8
BLACK
6
CONTINUOUS
10
178.3877179999999782
20
-70.7862819999999999
11
178.5131590000000017
21
-70.8825360000000018
0
LINE
8
BLACK
6
CONTINUOUS
10
178.5131590000000017
20
-70.8825360000000018
11
178.513165999999984
21
-70.8825410000000034
0
LINE
8
BLACK
6
CONTINUOUS
10
178.513165999999984
20
-70.8825410000000034
11
178.5184869999999933
21
-70.8856129999999922
0
LINE
8
BLACK
6
CONTINUOUS
10
178.5184869999999933
20
-70.8856129999999922
11
178.5667029999999897
21
-70.9361789999999957
0
LINE
8
BLACK
6
CONTINUOUS
10
178.5667029999999897
20
-70.9361789999999957
11
178.5799269999999979
21
-71.0047859999999957
0
LINE
8
BLACK
6
CONTINUOUS
10
178.5799269999999979
20
-71.0047859999999957
11
178.5539589999999919
21
-71.0696509999999932
0
LINE
8
BLACK
6
CONTINUOUS
10
178.5539589999999919
20
-71.0696509999999932
11
178.5184869999999933
21
-71.1003869999999978
0
LINE
8
BLACK
6
CONTINUOUS
10
178.5184869999999933
20
-71.1003869999999978
11
178.513165999999984
21
-71.1034580000000034
0
LINE
8
BLACK
6
CONTINUOUS
10
178.513165999999984
20
-71.1034580000000034
11
178.3877179999999782
21
-71.1997179999999901
0
LINE
8
BLACK
6
CONTINUOUS
10
178.3877179999999782
20
-71.1997179999999901
11
178.2914629999999931
21
-71.3251599999999968
0
LINE
8
BLACK
6
CONTINUOUS
10
178.2914629999999931
20
-71.3251599999999968
11
178.2309559999999919
21
-71.4712370000000021
0
LINE
8
BLACK
6
CONTINUOUS
10
178.2309559999999919
20
-71.4712370000000021
11
178.2309549999999945
21
-71.4712389999999971
0
LINE
8
BLACK
6
CONTINUOUS
10
178.2309549999999945
20
-71.4712389999999971
11
178.2103180000000009
21
-71.627997999999991
0
LINE
8
BLACK
6
CONTINUOUS
10
178.2103180000000009
20
-71.627997999999991
11
178.2103180000000009
21
-71.6280009999999976
0
LINE
8
BLACK
6
CONTINUOUS
10
178.2103180000000009
20
-71.6280009999999976
11
178.2309549999999945
21
-71.7847599999999915
0
LINE
8
BLACK
6
CONTINUOUS
10
178.2309549999999945
20
-71.7847599999999915
11
178.2309559999999919
21
-71.7847620000000006
0
LINE
8
BLACK
6
CONTINUOUS
10
178.2309559999999919
20
-71.7847620000000006
11
178.2914639999999906
21
-71.9308419999999984
0
LINE
8
BLACK
6
CONTINUOUS
10
178.2914639999999906
20
-71.9308419999999984
11
178.379839000000004
21
-72.0460139999999996
0
LINE
8
BLACK
6
CONTINUOUS
10
178.379839000000004
20
-72.0460139999999996
11
178.4050330000000031
21
-72.1111829999999969
0
LINE
8
BLACK
6
CONTINUOUS
10
178.4050330000000031
20
-72.1111829999999969
11
178.3909950000000038
21
-72.1796279999999939
0
LINE
8
BLACK
6
CONTINUOUS
10
178.3909950000000038
20
-72.1796279999999939
11
178.3421809999999823
21
-72.2296169999999904
0
LINE
8
BLACK
6
CONTINUOUS
10
178.3421809999999823
20
-72.2296169999999904
11
178.2814630000000022
21
-72.2454999999999927
0
LINE
8
BLACK
6
CONTINUOUS
10
178.2814630000000022
20
-72.2454999999999927
11
176.626246999999978
21
-72.2454999999999927
0
LINE
8
BLACK
6
CONTINUOUS
10
176.626246999999978
20
-72.2454999999999927
11
176.5677699999999959
21
-72.2571310000000011
0
LINE
8
BLACK
6
CONTINUOUS
10
176.5677699999999959
20
-72.2571310000000011
11
176.5677689999999984
21
-72.2571319999999986
0
LINE
8
BLACK
6
CONTINUOUS
10
176.5677689999999984
20
-72.2571319999999986
11
176.5014469999999847
21
-72.301446999999996
0
LINE
8
BLACK
6
CONTINUOUS
10
176.5014469999999847
20
-72.301446999999996
11
176.4571320000000014
21
-72.3677689999999956
0
LINE
8
BLACK
6
CONTINUOUS
10
176.4571320000000014
20
-72.3677689999999956
11
176.457131000000004
21
-72.367769999999993
0
LINE
8
BLACK
6
CONTINUOUS
10
176.457131000000004
20
-72.367769999999993
11
176.4454999999999814
21
-72.4262470000000036
0
LINE
8
BLACK
6
CONTINUOUS
10
176.4454999999999814
20
-72.4262470000000036
11
176.4454999999999814
21
-73.1157520000000005
0
LINE
8
BLACK
6
CONTINUOUS
10
176.4454999999999814
20
-73.1157520000000005
11
176.457131000000004
21
-73.1742289999999969
0
LINE
8
BLACK
6
CONTINUOUS
10
176.457131000000004
20
-73.1742289999999969
11
176.4571320000000014
21
-73.1742299999999943
0
LINE
8
BLACK
6
CONTINUOUS
10
176.4571320000000014
20
-73.1742299999999943
11
176.5014469999999847
21
-73.2405519999999939
0
LINE
8
BLACK
6
CONTINUOUS
10
176.5014469999999847
20
-73.2405519999999939
11
176.5677689999999984
21
-73.2848669999999913
0
LINE
8
BLACK
6
CONTINUOUS
10
176.5677689999999984
20
-73.2848669999999913
11
176.5677699999999959
21
-73.284868000000003
0
LINE
8
BLACK
6
CONTINUOUS
10
176.5677699999999959
20
-73.284868000000003
11
176.626246999999978
21
-73.2964989999999972
0
LINE
8
BLACK
6
CONTINUOUS
10
176.626246999999978
20
-73.2964989999999972
11
176.6262499999999989
21
-73.2964999999999947
0
LINE
8
BLACK
6
CONTINUOUS
10
176.6262499999999989
20
-73.2964999999999947
11
176.6262519999999938
21
-73.2964999999999947
0
LINE
8
BLACK
6
CONTINUOUS
10
176.6262519999999938
20
-73.2964999999999947
11
177.3019979999999975
21
-73.2964999999999947
0
LINE
8
BLACK
6
CONTINUOUS
10
177.3019979999999975
20
-73.2964999999999947
11
177.3639989999999784
21
-73.3131139999999988
0
LINE
8
BLACK
6
CONTINUOUS
10
177.3639989999999784
20
-73.3131139999999988
11
177.3721139999999821
21
-73.3177989999999937
0
LINE
8
BLACK
6
CONTINUOUS
10
177.3721139999999821
20
-73.3177989999999937
11
177.4866909999999791
21
-73.3485000000000014
0
LINE
8
BLACK
6
CONTINUOUS
10
177.4866909999999791
20
-73.3485000000000014
11
178.3745809999999778
21
-73.3485000000000014
0
LINE
8
BLACK
6
CONTINUOUS
10
178.3745809999999778
20
-73.3485000000000014
11
178.4416200000000003
21
-73.3681849999999969
0
LINE
8
BLACK
6
CONTINUOUS
10
178.4416200000000003
20
-73.3681849999999969
11
178.45006699999999
21
-73.3741239999999948
0
LINE
8
BLACK
6
CONTINUOUS
10
178.45006699999999
20
-73.3741239999999948
11
178.5131569999999783
21
-73.4225349999999963
0
LINE
8
BLACK
6
CONTINUOUS
10
178.5131569999999783
20
-73.4225349999999963
11
178.5131580000000042
21
-73.4225349999999963
0
LINE
8
BLACK
6
CONTINUOUS
10
178.5131580000000042
20
-73.4225349999999963
11
178.5131590000000017
21
-73.4225359999999938
0
LINE
8
BLACK
6
CONTINUOUS
10
178.5131590000000017
20
-73.4225359999999938
11
178.6592379999999878
21
-73.4830439999999925
0
LINE
8
BLACK
6
CONTINUOUS
10
178.6592379999999878
20
-73.4830439999999925
11
178.7376189999999951
21
-73.4933630000000022
0
LINE
8
BLACK
6
CONTINUOUS
10
178.7376189999999951
20
-73.4933630000000022
11
178.815999000000005
21
-73.5036819999999977
0
LINE
8
BLACK
6
CONTINUOUS
10
178.815999000000005
20
-73.5036819999999977
11
178.8160000000000025
21
-73.5036819999999977
0
LINE
8
BLACK
6
CONTINUOUS
10
178.8160000000000025
20
-73.5036819999999977
11
178.816001
21
-73.5036819999999977
0
LINE
8
BLACK
6
CONTINUOUS
10
178.816001
20
-73.5036819999999977
11
178.8757559999999955
21
-73.4958149999999932
0
LINE
8
BLACK
6
CONTINUOUS
10
178.8757559999999955
20
-73.4958149999999932
11
178.9727619999999888
21
-73.4830439999999925
0
LINE
8
BLACK
6
CONTINUOUS
10
178.9727619999999888
20
-73.4830439999999925
11
178.9961059999999975
21
-73.4733739999999926
0
LINE
8
BLACK
6
CONTINUOUS
10
178.9961059999999975
20
-73.4733739999999926
11
179.0655699999999797
21
-73.4659049999999922
0
LINE
8
BLACK
6
CONTINUOUS
10
179.0655699999999797
20
-73.4659049999999922
11
179.1280500000000018
21
-73.497177999999991
0
LINE
8
BLACK
6
CONTINUOUS
10
179.1280500000000018
20
-73.497177999999991
11
179.1637039999999956
21
-73.557265000000001
0
LINE
8
BLACK
6
CONTINUOUS
10
179.1637039999999956
20
-73.557265000000001
11
179.1612130000000036
21
-73.627090999999993
0
LINE
8
BLACK
6
CONTINUOUS
10
179.1612130000000036
20
-73.627090999999993
11
179.1581199999999967
21
-73.6353819999999928
0
LINE
8
BLACK
6
CONTINUOUS
10
179.1581199999999967
20
-73.6353819999999928
11
179.1571329999999875
21
-73.6377650000000017
0
LINE
8
BLACK
6
CONTINUOUS
10
179.1571329999999875
20
-73.6377650000000017
11
179.1454999999999984
21
-73.6962469999999996
0
LINE
8
BLACK
6
CONTINUOUS
10
179.1454999999999984
20
-73.6962469999999996
11
179.1454999999999984
21
-74.3857519999999965
0
LINE
8
BLACK
6
CONTINUOUS
10
179.1454999999999984
20
-74.3857519999999965
11
179.1571309999999926
21
-74.4442289999999929
0
LINE
8
BLACK
6
CONTINUOUS
10
179.1571309999999926
20
-74.4442289999999929
11
179.1812679999999887
21
-74.4803519999999963
0
LINE
8
BLACK
6
CONTINUOUS
10
179.1812679999999887
20
-74.4803519999999963
11
179.2021450000000016
21
-74.5470289999999949
0
LINE
8
BLACK
6
CONTINUOUS
10
179.2021450000000016
20
-74.5470289999999949
11
179.1836600000000033
21
-74.6144089999999949
0
LINE
8
BLACK
6
CONTINUOUS
10
179.1836600000000033
20
-74.6144089999999949
11
179.1316809999999862
21
-74.661098999999993
0
LINE
8
BLACK
6
CONTINUOUS
10
179.1316809999999862
20
-74.661098999999993
11
179.0627109999999789
21
-74.6722749999999991
0
LINE
8
BLACK
6
CONTINUOUS
10
179.0627109999999789
20
-74.6722749999999991
11
179.0619789999999796
21
-74.6721809999999948
0
LINE
8
BLACK
6
CONTINUOUS
10
179.0619789999999796
20
-74.6721809999999948
11
179.0476689999999849
21
-74.6702969999999908
0
LINE
8
BLACK
6
CONTINUOUS
10
179.0476689999999849
20
-74.6702969999999908
11
179.0476679999999874
21
-74.6702969999999908
0
LINE
8
BLACK
6
CONTINUOUS
10
179.0476679999999874
20
-74.6702969999999908
11
178.890907999999996
21
-74.6909339999999986
0
LINE
8
BLACK
6
CONTINUOUS
10
178.890907999999996
20
-74.6909339999999986
11
178.8909060000000011
21
-74.6909349999999961
0
LINE
8
BLACK
6
CONTINUOUS
10
178.8909060000000011
20
-74.6909349999999961
11
178.7448269999999866
21
-74.7514429999999948
0
LINE
8
BLACK
6
CONTINUOUS
10
178.7448269999999866
20
-74.7514429999999948
11
178.6808120000000031
21
-74.8005629999999968
0
LINE
8
BLACK
6
CONTINUOUS
10
178.6808120000000031
20
-74.8005629999999968
11
178.6156430000000057
21
-74.8257559999999984
0
LINE
8
BLACK
6
CONTINUOUS
10
178.6156430000000057
20
-74.8257559999999984
11
178.5471979999999803
21
-74.8117170000000016
0
LINE
8
BLACK
6
CONTINUOUS
10
178.5471979999999803
20
-74.8117170000000016
11
178.5364359999999806
21
-74.8052879999999902
0
LINE
8
BLACK
6
CONTINUOUS
10
178.5364359999999806
20
-74.8052879999999902
11
178.5242299999999886
21
-74.7971319999999906
0
LINE
8
BLACK
6
CONTINUOUS
10
178.5242299999999886
20
-74.7971319999999906
11
178.5242289999999912
21
-74.7971309999999932
0
LINE
8
BLACK
6
CONTINUOUS
10
178.5242289999999912
20
-74.7971309999999932
11
178.4657519999999806
21
-74.785499999999999
0
LINE
8
BLACK
6
CONTINUOUS
10
178.4657519999999806
20
-74.785499999999999
11
178.4657479999999907
21
-74.785499999999999
0
LINE
8
BLACK
6
CONTINUOUS
10
178.4657479999999907
20
-74.785499999999999
11
176.6262519999999938
21
-74.785499999999999
0
LINE
8
BLACK
6
CONTINUOUS
10
176.6262519999999938
20
-74.785499999999999
11
176.626246999999978
21
-74.785499999999999
0
LINE
8
BLACK
6
CONTINUOUS
10
176.626246999999978
20
-74.785499999999999
11
176.5677699999999959
21
-74.7971309999999932
0
LINE
8
BLACK
6
CONTINUOUS
10
176.5677699999999959
20
-74.7971309999999932
11
176.5677689999999984
21
-74.7971319999999906
0
LINE
8
BLACK
6
CONTINUOUS
10
176.5677689999999984
20
-74.7971319999999906
11
176.5014469999999847
21
-74.8414470000000023
0
LINE
8
BLACK
6
CONTINUOUS
10
176.5014469999999847
20
-74.8414470000000023
11
176.4571320000000014
21
-74.9077690000000018
0
LINE
8
BLACK
6
CONTINUOUS
10
176.4571320000000014
20
-74.9077690000000018
11
176.457131000000004
21
-74.9077699999999993
0
LINE
8
BLACK
6
CONTINUOUS
10
176.457131000000004
20
-74.9077699999999993
11
176.4454999999999814
21
-74.9662469999999956
0
LINE
8
BLACK
6
CONTINUOUS
10
176.4454999999999814
20
-74.9662469999999956
11
176.4454999999999814
21
-75.6557519999999926
0
LINE
8
BLACK
6
CONTINUOUS
10
176.4454999999999814
20
-75.6557519999999926
11
176.457131000000004
21
-75.7142290000000031
0
LINE
8
BLACK
6
CONTINUOUS
10
176.457131000000004
20
-75.7142290000000031
11
176.4571320000000014
21
-75.7142300000000006
0
LINE
8
BLACK
6
CONTINUOUS
10
176.4571320000000014
20
-75.7142300000000006
11
176.5014469999999847
21
-75.7805520000000001
0
LINE
8
BLACK
6
CONTINUOUS
10
176.5014469999999847
20
-75.7805520000000001
11
176.5677689999999984
21
-75.8248669999999976
0
LINE
8
BLACK
6
CONTINUOUS
10
176.5677689999999984
20
-75.8248669999999976
11
176.5677699999999959
21
-75.824867999999995
0
LINE
8
BLACK
6
CONTINUOUS
10
176.5677699999999959
20
-75.824867999999995
11
176.626246999999978
21
-75.8364990000000034
0
LINE
8
BLACK
6
CONTINUOUS
10
176.626246999999978
20
-75.8364990000000034
11
176.6262499999999989
21
-75.8365000000000009
0
LINE
8
BLACK
6
CONTINUOUS
10
176.6262499999999989
20
-75.8365000000000009
11
176.6262519999999938
21
-75.8365000000000009
0
LINE
8
BLACK
6
CONTINUOUS
10
176.6262519999999938
20
-75.8365000000000009
11
178.4657499999999857
21
-75.8365000000000009
0
LINE
8
BLACK
6
CONTINUOUS
10
178.4657499999999857
20
-75.8365000000000009
11
178.4657509999999832
21
-75.8364990000000034
0
LINE
8
BLACK
6
CONTINUOUS
10
178.4657509999999832
20
-75.8364990000000034
11
178.4805680000000052
21
-75.8335519999999974
0
LINE
8
BLACK
6
CONTINUOUS
10
178.4805680000000052
20
-75.8335519999999974
11
178.5242289999999912
21
-75.824867999999995
0
LINE
8
BLACK
6
CONTINUOUS
10
178.5242289999999912
20
-75.824867999999995
11
178.5242289999999912
21
-75.8248669999999976
0
LINE
8
BLACK
6
CONTINUOUS
10
178.5242289999999912
20
-75.8248669999999976
11
178.5242309999999861
21
-75.8248669999999976
0
LINE
8
BLACK
6
CONTINUOUS
10
178.5242309999999861
20
-75.8248669999999976
11
178.5852289999999982
21
-75.7841090000000008
0
LINE
8
BLACK
6
CONTINUOUS
10
178.5852289999999982
20
-75.7841090000000008
11
178.6519059999999968
21
-75.7632309999999904
0
LINE
8
BLACK
6
CONTINUOUS
10
178.6519059999999968
20
-75.7632309999999904
11
178.7192859999999826
21
-75.7817149999999913
0
LINE
8
BLACK
6
CONTINUOUS
10
178.7192859999999826
20
-75.7817149999999913
11
178.7296059999999898
21
-75.7888349999999917
0
LINE
8
BLACK
6
CONTINUOUS
10
178.7296059999999898
20
-75.7888349999999917
11
178.7448279999999841
21
-75.8005149999999901
0
LINE
8
BLACK
6
CONTINUOUS
10
178.7448279999999841
20
-75.8005149999999901
11
178.744829999999979
21
-75.8005149999999901
0
LINE
8
BLACK
6
CONTINUOUS
10
178.744829999999979
20
-75.8005149999999901
11
178.7448320000000024
21
-75.8005169999999993
0
LINE
8
BLACK
6
CONTINUOUS
10
178.7448320000000024
20
-75.8005169999999993
11
178.7844790000000046
21
-75.8169389999999908
0
LINE
8
BLACK
6
CONTINUOUS
10
178.7844790000000046
20
-75.8169389999999908
11
178.8909069999999986
21
-75.861023000000003
0
LINE
8
BLACK
6
CONTINUOUS
10
178.8909069999999986
20
-75.861023000000003
11
178.9531470000000013
21
-75.8692169999999919
0
LINE
8
BLACK
6
CONTINUOUS
10
178.9531470000000013
20
-75.8692169999999919
11
179.0476679999999874
21
-75.881660999999994
0
LINE
8
BLACK
6
CONTINUOUS
10
179.0476679999999874
20
-75.881660999999994
11
179.0476689999999849
21
-75.881660999999994
0
LINE
8
BLACK
6
CONTINUOUS
10
179.0476689999999849
20
-75.881660999999994
11
179.1402119999999911
21
-75.8694770000000034
0
LINE
8
BLACK
6
CONTINUOUS
10
179.1402119999999911
20
-75.8694770000000034
11
179.2092449999999815
21
-75.8802419999999955
0
LINE
8
BLACK
6
CONTINUOUS
10
179.2092449999999815
20
-75.8802419999999955
11
179.238901999999996
21
-75.906564000000003
0
LINE
8
BLACK
6
CONTINUOUS
10
179.238901999999996
20
-75.906564000000003
11
179.264599000000004
21
-75.8502969999999976
0
LINE
8
BLACK
6
CONTINUOUS
10
179.264599000000004
20
-75.8502969999999976
11
179.3108589999999936
21
-75.8169389999999908
0
LINE
8
BLACK
6
CONTINUOUS
10
179.3108589999999936
20
-75.8169389999999908
11
179.3505099999999857
21
-75.8005149999999901
0
LINE
8
BLACK
6
CONTINUOUS
10
179.3505099999999857
20
-75.8005149999999901
11
179.4759509999999807
21
-75.7042610000000025
0
LINE
8
BLACK
6
CONTINUOUS
10
179.4759509999999807
20
-75.7042610000000025
11
179.5722049999999967
21
-75.5788199999999932
0
LINE
8
BLACK
6
CONTINUOUS
10
179.5722049999999967
20
-75.5788199999999932
11
179.6000359999999887
21
-75.5116269999999901
0
LINE
8
BLACK
6
CONTINUOUS
10
179.6000359999999887
20
-75.5116269999999901
11
179.6438760000000059
21
-75.457224999999994
0
LINE
8
BLACK
6
CONTINUOUS
10
179.6438760000000059
20
-75.457224999999994
11
179.7101700000000051
21
-75.4351599999999962
0
LINE
8
BLACK
6
CONTINUOUS
10
179.7101700000000051
20
-75.4351599999999962
11
179.7778699999999787
21
-75.4524389999999983
0
LINE
8
BLACK
6
CONTINUOUS
10
179.7778699999999787
20
-75.4524389999999983
11
179.8129729999999995
21
-75.4835939999999965
0
LINE
8
BLACK
6
CONTINUOUS
10
179.8129729999999995
20
-75.4835939999999965
11
179.8154629999999941
21
-75.4868390000000034
0
LINE
8
BLACK
6
CONTINUOUS
10
179.8154629999999941
20
-75.4868390000000034
11
179.8154639999999915
21
-75.4868409999999983
0
LINE
8
BLACK
6
CONTINUOUS
10
179.8154639999999915
20
-75.4868409999999983
11
179.9117179999999792
21
-75.6122819999999933
0
LINE
8
BLACK
6
CONTINUOUS
10
179.9117179999999792
20
-75.6122819999999933
11
180.0371590000000026
21
-75.7085359999999952
0
LINE
8
BLACK
6
CONTINUOUS
10
180.0371590000000026
20
-75.7085359999999952
11
180.1832379999999887
21
-75.7690439999999938
0
LINE
8
BLACK
6
CONTINUOUS
10
180.1832379999999887
20
-75.7690439999999938
11
180.261618999999996
21
-75.7793630000000036
0
LINE
8
BLACK
6
CONTINUOUS
10
180.261618999999996
20
-75.7793630000000036
11
180.3399990000000059
21
-75.7896819999999991
0
LINE
8
BLACK
6
CONTINUOUS
10
180.3399990000000059
20
-75.7896819999999991
11
180.3400000000000034
21
-75.7896819999999991
0
LINE
8
BLACK
6
CONTINUOUS
10
180.3400000000000034
20
-75.7896819999999991
11
180.3400010000000009
21
-75.7896819999999991
0
LINE
8
BLACK
6
CONTINUOUS
10
180.3400010000000009
20
-75.7896819999999991
11
180.4005159999999819
21
-75.7817149999999913
0
LINE
8
BLACK
6
CONTINUOUS
10
180.4005159999999819
20
-75.7817149999999913
11
180.4967619999999897
21
-75.7690439999999938
0
LINE
8
BLACK
6
CONTINUOUS
10
180.4967619999999897
20
-75.7690439999999938
11
180.6428410000000042
21
-75.7085359999999952
0
LINE
8
BLACK
6
CONTINUOUS
10
180.6428410000000042
20
-75.7085359999999952
11
180.7682819999999992
21
-75.6122819999999933
0
LINE
8
BLACK
6
CONTINUOUS
10
180.7682819999999992
20
-75.6122819999999933
11
180.8645359999999869
21
-75.4868409999999983
0
LINE
8
BLACK
6
CONTINUOUS
10
180.8645359999999869
20
-75.4868409999999983
11
180.9250439999999855
21
-75.340761999999998
0
LINE
8
BLACK
6
CONTINUOUS
10
180.9250439999999855
20
-75.340761999999998
11
180.945682000000005
21
-75.1839999999999975
0
LINE
8
BLACK
6
CONTINUOUS
10
180.945682000000005
20
-75.1839999999999975
11
180.9409719999999879
21
-75.1482269999999914
0
LINE
8
BLACK
6
CONTINUOUS
10
180.9409719999999879
20
-75.1482269999999914
11
180.9250439999999855
21
-75.0272389999999945
0
LINE
8
BLACK
6
CONTINUOUS
10
180.9250439999999855
20
-75.0272389999999945
11
180.9250439999999855
21
-75.027237999999997
0
LINE
8
BLACK
6
CONTINUOUS
10
180.9250439999999855
20
-75.027237999999997
11
180.8645359999999869
21
-74.8811589999999967
0
LINE
8
BLACK
6
CONTINUOUS
10
180.8645359999999869
20
-74.8811589999999967
11
180.8645349999999894
21
-74.8811579999999992
0
LINE
8
BLACK
6
CONTINUOUS
10
180.8645349999999894
20
-74.8811579999999992
11
180.8645349999999894
21
-74.8811570000000017
0
LINE
8
BLACK
6
CONTINUOUS
10
180.8645349999999894
20
-74.8811570000000017
11
180.7761610000000019
21
-74.7659859999999981
0
LINE
8
BLACK
6
CONTINUOUS
10
180.7761610000000019
20
-74.7659859999999981
11
180.7509670000000028
21
-74.7008170000000007
0
LINE
8
BLACK
6
CONTINUOUS
10
180.7509670000000028
20
-74.7008170000000007
11
180.7650050000000022
21
-74.6323720000000037
0
LINE
8
BLACK
6
CONTINUOUS
10
180.7650050000000022
20
-74.6323720000000037
11
180.8138189999999952
21
-74.582382999999993
0
LINE
8
BLACK
6
CONTINUOUS
10
180.8138189999999952
20
-74.582382999999993
11
180.8745370000000037
21
-74.5664999999999907
0
LINE
8
BLACK
6
CONTINUOUS
10
180.8745370000000037
20
-74.5664999999999907
11
181.1657500000000027
21
-74.5664999999999907
0
LINE
8
BLACK
6
CONTINUOUS
10
181.1657500000000027
20
-74.5664999999999907
11
181.1657510000000002
21
-74.5664989999999932
0
LINE
8
BLACK
6
CONTINUOUS
10
181.1657510000000002
20
-74.5664989999999932
11
181.1805679999999938
21
-74.5635520000000014
0
LINE
8
BLACK
6
CONTINUOUS
10
181.1805679999999938
20
-74.5635520000000014
11
181.2242289999999798
21
-74.554867999999999
0
LINE
8
BLACK
6
CONTINUOUS
10
181.2242289999999798
20
-74.554867999999999
11
181.2242289999999798
21
-74.5548670000000016
0
LINE
8
BLACK
6
CONTINUOUS
10
181.2242289999999798
20
-74.5548670000000016
11
181.2242310000000032
21
-74.5548670000000016
0
LINE
8
BLACK
6
CONTINUOUS
10
181.2242310000000032
20
-74.5548670000000016
11
181.290551999999991
21
-74.5105519999999899
0
LINE
8
BLACK
6
CONTINUOUS
10
181.290551999999991
20
-74.5105519999999899
11
181.3348670000000027
21
-74.444231000000002
0
LINE
8
BLACK
6
CONTINUOUS
10
181.3348670000000027
20
-74.444231000000002
11
181.3348670000000027
21
-74.4442289999999929
0
LINE
8
BLACK
6
CONTINUOUS
10
181.3348670000000027
20
-74.4442289999999929
11
181.3348680000000002
21
-74.4442289999999929
0
LINE
8
BLACK
6
CONTINUOUS
10
181.3348680000000002
20
-74.4442289999999929
11
181.3464989999999943
21
-74.3857519999999965
0
LINE
8
BLACK
6
CONTINUOUS
10
181.3464989999999943
20
-74.3857519999999965
11
181.3464999999999918
21
-74.3857500000000016
0
LINE
8
BLACK
6
CONTINUOUS
10
181.3464999999999918
20
-74.3857500000000016
11
181.3464999999999918
21
-73.6962489999999946
0
LINE
8
BLACK
6
CONTINUOUS
10
181.3464999999999918
20
-73.6962489999999946
11
181.3464989999999943
21
-73.6962469999999996
0
LINE
8
BLACK
6
CONTINUOUS
10
181.3464989999999943
20
-73.6962469999999996
11
181.3348680000000002
21
-73.6377700000000033
0
LINE
8
BLACK
6
CONTINUOUS
10
181.3348680000000002
20
-73.6377700000000033
11
181.3348670000000027
21
-73.6377689999999916
0
LINE
8
BLACK
6
CONTINUOUS
10
181.3348670000000027
20
-73.6377689999999916
11
181.290551999999991
21
-73.571446999999992
0
LINE
8
BLACK
6
CONTINUOUS
10
181.290551999999991
20
-73.571446999999992
11
181.2242300000000057
21
-73.5271319999999946
0
LINE
8
BLACK
6
CONTINUOUS
10
181.2242300000000057
20
-73.5271319999999946
11
181.2242289999999798
21
-73.5271309999999971
0
LINE
8
BLACK
6
CONTINUOUS
10
181.2242289999999798
20
-73.5271309999999971
11
181.1657519999999977
21
-73.515500000000003
0
LINE
8
BLACK
6
CONTINUOUS
10
181.1657519999999977
20
-73.515500000000003
11
181.1657479999999794
21
-73.515500000000003
0
LINE
8
BLACK
6
CONTINUOUS
10
181.1657479999999794
20
-73.515500000000003
11
179.3505370000000028
21
-73.515500000000003
0
LINE
8
BLACK
6
CONTINUOUS
10
179.3505370000000028
20
-73.515500000000003
11
179.2834979999999803
21
-73.4958149999999932
0
LINE
8
BLACK
6
CONTINUOUS
10
179.2834979999999803
20
-73.4958149999999932
11
179.2377429999999947
21
-73.4430109999999985
0
LINE
8
BLACK
6
CONTINUOUS
10
179.2377429999999947
20
-73.4430109999999985
11
179.2277990000000045
21
-73.3738529999999969
0
LINE
8
BLACK
6
CONTINUOUS
10
179.2277990000000045
20
-73.3738529999999969
11
179.252161000000001
21
-73.3160139999999956
0
LINE
8
BLACK
6
CONTINUOUS
10
179.252161000000001
20
-73.3160139999999956
11
179.3405349999999885
21
-73.2008419999999944
0
LINE
8
BLACK
6
CONTINUOUS
10
179.3405349999999885
20
-73.2008419999999944
11
179.340533999999991
21
-73.2008419999999944
0
LINE
8
BLACK
6
CONTINUOUS
10
179.340533999999991
20
-73.2008419999999944
11
179.340535999999986
21
-73.2008409999999969
0
LINE
8
BLACK
6
CONTINUOUS
10
179.340535999999986
20
-73.2008409999999969
11
179.4010439999999846
21
-73.0547619999999966
0
LINE
8
BLACK
6
CONTINUOUS
10
179.4010439999999846
20
-73.0547619999999966
11
179.4216820000000041
21
-72.8979999999999961
0
LINE
8
BLACK
6
CONTINUOUS
10
179.4216820000000041
20
-72.8979999999999961
11
179.4010439999999846
21
-72.7412379999999956
0
LINE
8
BLACK
6
CONTINUOUS
10
179.4010439999999846
20
-72.7412379999999956
11
179.340535999999986
21
-72.5951589999999953
0
LINE
8
BLACK
6
CONTINUOUS
10
179.340535999999986
20
-72.5951589999999953
11
179.2442819999999983
21
-72.4697180000000003
0
LINE
8
BLACK
6
CONTINUOUS
10
179.2442819999999983
20
-72.4697180000000003
11
179.1188410000000033
21
-72.3734639999999985
0
LINE
8
BLACK
6
CONTINUOUS
10
179.1188410000000033
20
-72.3734639999999985
11
179.1188339999999926
21
-72.3734609999999918
0
LINE
8
BLACK
6
CONTINUOUS
10
179.1188339999999926
20
-72.3734609999999918
11
179.1135149999999783
21
-72.3703900000000004
0
LINE
8
BLACK
6
CONTINUOUS
10
179.1135149999999783
20
-72.3703900000000004
11
179.0652979999999843
21
-72.3198249999999945
0
LINE
8
BLACK
6
CONTINUOUS
10
179.0652979999999843
20
-72.3198249999999945
11
179.0520719999999812
21
-72.2512179999999944
0
LINE
8
BLACK
6
CONTINUOUS
10
179.0520719999999812
20
-72.2512179999999944
11
179.0780369999999948
21
-72.1863519999999994
0
LINE
8
BLACK
6
CONTINUOUS
10
179.0780369999999948
20
-72.1863519999999994
11
179.1135149999999783
21
-72.1556099999999958
0
LINE
8
BLACK
6
CONTINUOUS
10
179.1135149999999783
20
-72.1556099999999958
11
179.1188339999999926
21
-72.1525379999999927
0
LINE
8
BLACK
6
CONTINUOUS
10
179.1188339999999926
20
-72.1525379999999927
11
179.1188410000000033
21
-72.1525359999999978
0
LINE
8
BLACK
6
CONTINUOUS
10
179.1188410000000033
20
-72.1525359999999978
11
179.2442819999999983
21
-72.0562819999999959
0
LINE
8
BLACK
6
CONTINUOUS
10
179.2442819999999983
20
-72.0562819999999959
11
179.2442810000000009
21
-72.0562819999999959
0
LINE
8
BLACK
6
CONTINUOUS
10
179.2442810000000009
20
-72.0562819999999959
11
179.2497009999999875
21
-72.0521239999999921
0
LINE
8
BLACK
6
CONTINUOUS
10
179.2497009999999875
20
-72.0521239999999921
11
179.3148699999999849
21
-72.026929999999993
0
LINE
8
BLACK
6
CONTINUOUS
10
179.3148699999999849
20
-72.026929999999993
11
179.3251869999999997
21
-72.0264999999999986
0
LINE
8
BLACK
6
CONTINUOUS
10
179.3251869999999997
20
-72.0264999999999986
11
181.1657500000000027
21
-72.0264999999999986
0
LINE
8
BLACK
6
CONTINUOUS
10
181.1657500000000027
20
-72.0264999999999986
11
181.1657510000000002
21
-72.0264990000000012
0
LINE
8
BLACK
6
CONTINUOUS
10
181.1657510000000002
20
-72.0264990000000012
11
181.1805679999999938
21
-72.0235519999999951
0
LINE
8
BLACK
6
CONTINUOUS
10
181.1805679999999938
20
-72.0235519999999951
11
181.2242289999999798
21
-72.0148679999999928
0
LINE
8
BLACK
6
CONTINUOUS
10
181.2242289999999798
20
-72.0148679999999928
11
181.2242289999999798
21
-72.0148669999999953
0
LINE
8
BLACK
6
CONTINUOUS
10
181.2242289999999798
20
-72.0148669999999953
11
181.2242310000000032
21
-72.0148669999999953
0
LINE
8
BLACK
6
CONTINUOUS
10
181.2242310000000032
20
-72.0148669999999953
11
181.290551999999991
21
-71.9705519999999979
0
LINE
8
BLACK
6
CONTINUOUS
10
181.290551999999991
20
-71.9705519999999979
11
181.3348670000000027
21
-71.9042309999999958
0
LINE
8
BLACK
6
CONTINUOUS
10
181.3348670000000027
20
-71.9042309999999958
11
181.3348670000000027
21
-71.9042290000000008
0
LINE
8
BLACK
6
CONTINUOUS
10
181.3348670000000027
20
-71.9042290000000008
11
181.3348680000000002
21
-71.9042290000000008
0
LINE
8
BLACK
6
CONTINUOUS
10
181.3348680000000002
20
-71.9042290000000008
11
181.3464989999999943
21
-71.8457519999999903
0
LINE
8
BLACK
6
CONTINUOUS
10
181.3464989999999943
20
-71.8457519999999903
11
181.3464999999999918
21
-71.8457499999999953
0
LINE
8
BLACK
6
CONTINUOUS
10
181.3464999999999918
20
-71.8457499999999953
11
181.3464999999999918
21
-71.1562490000000025
0
LINE
8
BLACK
6
CONTINUOUS
10
181.3464999999999918
20
-71.1562490000000025
11
181.3464989999999943
21
-71.1562469999999934
0
LINE
8
BLACK
6
CONTINUOUS
10
181.3464989999999943
20
-71.1562469999999934
11
181.3348680000000002
21
-71.097769999999997
0
LINE
8
BLACK
6
CONTINUOUS
10
181.3348680000000002
20
-71.097769999999997
11
181.3348670000000027
21
-71.0977689999999996
0
LINE
8
BLACK
6
CONTINUOUS
10
181.3348670000000027
20
-71.0977689999999996
11
181.290551999999991
21
-71.031447
0
LINE
8
BLACK
6
CONTINUOUS
10
181.290551999999991
20
-71.031447
11
181.2242300000000057
21
-70.9871320000000026
0
LINE
8
BLACK
6
CONTINUOUS
10
181.2242300000000057
20
-70.9871320000000026
11
181.2242289999999798
21
-70.9871309999999909
0
LINE
8
BLACK
6
CONTINUOUS
10
181.2242289999999798
20
-70.9871309999999909
11
181.1657519999999977
21
-70.9754999999999967
0
LINE
8
BLACK
6
CONTINUOUS
10
181.1657519999999977
20
-70.9754999999999967
11
181.1657479999999794
21
-70.9754999999999967
0
LINE
8
BLACK
6
CONTINUOUS
10
181.1657479999999794
20
-70.9754999999999967
11
179.3505370000000028
21
-70.9754999999999967
0
LINE
8
BLACK
6
CONTINUOUS
10
179.3505370000000028
20
-70.9754999999999967
11
179.2834979999999803
21
-70.9558150000000012
0
LINE
8
BLACK
6
CONTINUOUS
10
179.2834979999999803
20
-70.9558150000000012
11
179.2377429999999947
21
-70.9030109999999922
0
LINE
8
BLACK
6
CONTINUOUS
10
179.2377429999999947
20
-70.9030109999999922
11
179.2277990000000045
21
-70.8338529999999906
0
LINE
8
BLACK
6
CONTINUOUS
10
179.2277990000000045
20
-70.8338529999999906
11
179.252161000000001
21
-70.7760140000000035
0
LINE
8
BLACK
6
CONTINUOUS
10
179.252161000000001
20
-70.7760140000000035
11
179.3405349999999885
21
-70.6608420000000024
0
LINE
8
BLACK
6
CONTINUOUS
10
179.3405349999999885
20
-70.6608420000000024
11
179.340533999999991
21
-70.6608420000000024
0
LINE
8
BLACK
6
CONTINUOUS
10
179.340533999999991
20
-70.6608420000000024
11
179.340535999999986
21
-70.6608409999999907
0
LINE
8
BLACK
6
CONTINUOUS
10
179.340535999999986
20
-70.6608409999999907
11
179.4010439999999846
21
-70.5147619999999904
0
LINE
8
BLACK
6
CONTINUOUS
10
179.4010439999999846
20
-70.5147619999999904
11
179.4216820000000041
21
-70.3579999999999899
0
LINE
8
BLACK
6
CONTINUOUS
10
179.4216820000000041
20
-70.3579999999999899
11
179.4010439999999846
21
-70.2012380000000036
0
LINE
8
BLACK
6
CONTINUOUS
10
179.4010439999999846
20
-70.2012380000000036
11
179.340535999999986
21
-70.0551590000000033
0
LINE
8
BLACK
6
CONTINUOUS
10
179.340535999999986
20
-70.0551590000000033
11
179.2442819999999983
21
-69.929717999999994
0
LINE
8
BLACK
6
CONTINUOUS
10
179.2442819999999983
20
-69.929717999999994
11
179.1188410000000033
21
-69.8334639999999922
0
LINE
8
BLACK
6
CONTINUOUS
10
179.1188410000000033
20
-69.8334639999999922
11
179.1188339999999926
21
-69.8334609999999998
0
LINE
8
BLACK
6
CONTINUOUS
10
179.1188339999999926
20
-69.8334609999999998
11
179.1135149999999783
21
-69.8303899999999942
0
LINE
8
BLACK
6
CONTINUOUS
10
179.1135149999999783
20
-69.8303899999999942
11
179.0652979999999843
21
-69.7798250000000024
0
LINE
8
BLACK
6
CONTINUOUS
10
179.0652979999999843
20
-69.7798250000000024
11
179.0520719999999812
21
-69.7112180000000023
0
LINE
8
BLACK
6
CONTINUOUS
10
179.0520719999999812
20
-69.7112180000000023
11
179.0780369999999948
21
-69.6463519999999932
0
LINE
8
BLACK
6
CONTINUOUS
10
179.0780369999999948
20
-69.6463519999999932
11
179.1135149999999783
21
-69.6156100000000038
0
LINE
8
BLACK
6
CONTINUOUS
10
179.1135149999999783
20
-69.6156100000000038
11
179.1188300000000027
21
-69.6125399999999956
0
LINE
8
BLACK
6
CONTINUOUS
10
179.1188300000000027
20
-69.6125399999999956
11
179.1188410000000033
21
-69.6125359999999915
0
LINE
8
BLACK
6
CONTINUOUS
10
179.1188410000000033
20
-69.6125359999999915
11
179.1819329999999866
21
-69.564122999999995
0
LINE
8
BLACK
6
CONTINUOUS
10
179.1819329999999866
20
-69.564122999999995
11
179.2471019999999839
21
-69.5389299999999935
0
LINE
8
BLACK
6
CONTINUOUS
10
179.2471019999999839
20
-69.5389299999999935
11
179.2574189999999987
21
-69.5384999999999991
0
LINE
8
BLACK
6
CONTINUOUS
10
179.2574189999999987
20
-69.5384999999999991
11
180.3053060000000016
21
-69.5384999999999991
0
LINE
8
BLACK
6
CONTINUOUS
10
180.3053060000000016
20
-69.5384999999999991
11
180.3053089999999941
21
-69.5384999999999991
0
LINE
8
BLACK
6
CONTINUOUS
10
180.3053089999999941
20
-69.5384999999999991
11
180.4198859999999911
21
-69.5077989999999915
0
LINE
8
BLACK
6
CONTINUOUS
10
180.4198859999999911
20
-69.5077989999999915
11
180.4280009999999947
21
-69.5031139999999965
0
LINE
8
BLACK
6
CONTINUOUS
10
180.4280009999999947
20
-69.5031139999999965
11
180.490002000000004
21
-69.4864999999999924
0
LINE
8
BLACK
6
CONTINUOUS
10
180.490002000000004
20
-69.4864999999999924
11
181.1657500000000027
21
-69.4864999999999924
0
LINE
8
BLACK
6
CONTINUOUS
10
181.1657500000000027
20
-69.4864999999999924
11
181.1657510000000002
21
-69.4864989999999949
0
LINE
8
BLACK
6
CONTINUOUS
10
181.1657510000000002
20
-69.4864989999999949
11
181.1805679999999938
21
-69.4835520000000031
0
LINE
8
BLACK
6
CONTINUOUS
10
181.1805679999999938
20
-69.4835520000000031
11
181.2242289999999798
21
-69.4748680000000007
0
LINE
8
BLACK
6
CONTINUOUS
10
181.2242289999999798
20
-69.4748680000000007
11
181.2242289999999798
21
-69.4748670000000033
0
LINE
8
BLACK
6
CONTINUOUS
10
181.2242289999999798
20
-69.4748670000000033
11
181.2242310000000032
21
-69.4748670000000033
0
LINE
8
BLACK
6
CONTINUOUS
10
181.2242310000000032
20
-69.4748670000000033
11
181.290551999999991
21
-69.4305519999999916
0
LINE
8
BLACK
6
CONTINUOUS
10
181.290551999999991
20
-69.4305519999999916
11
181.3348670000000027
21
-69.3642310000000037
0
LINE
8
BLACK
6
CONTINUOUS
10
181.3348670000000027
20
-69.3642310000000037
11
181.3348670000000027
21
-69.3642289999999946
0
LINE
8
BLACK
6
CONTINUOUS
10
181.3348670000000027
20
-69.3642289999999946
11
181.3348680000000002
21
-69.3642289999999946
0
LINE
8
BLACK
6
CONTINUOUS
10
181.3348680000000002
20
-69.3642289999999946
11
181.3464989999999943
21
-69.3057519999999982
0
LINE
8
BLACK
6
CONTINUOUS
10
181.3464989999999943
20
-69.3057519999999982
11
181.3464999999999918
21
-69.3057500000000033
0
LINE
8
BLACK
6
CONTINUOUS
10
181.3464999999999918
20
-69.3057500000000033
11
181.3464999999999918
21
-68.6162489999999963
0
LINE
8
BLACK
6
CONTINUOUS
10
181.3464999999999918
20
-68.6162489999999963
11
181.3464989999999943
21
-68.6162470000000013
0
LINE
8
BLACK
6
CONTINUOUS
10
181.3464989999999943
20
-68.6162470000000013
11
181.3348680000000002
21
-68.5577699999999908
0
LINE
8
BLACK
6
CONTINUOUS
10
181.3348680000000002
20
-68.5577699999999908
11
181.3348670000000027
21
-68.5577689999999933
0
LINE
8
BLACK
6
CONTINUOUS
10
181.3348670000000027
20
-68.5577689999999933
11
181.290551999999991
21
-68.4914469999999937
0
LINE
8
BLACK
6
CONTINUOUS
10
181.290551999999991
20
-68.4914469999999937
11
181.2242300000000057
21
-68.4471319999999963
0
LINE
8
BLACK
6
CONTINUOUS
10
181.2242300000000057
20
-68.4471319999999963
11
181.2242289999999798
21
-68.4471309999999988
0
LINE
8
BLACK
6
CONTINUOUS
10
181.2242289999999798
20
-68.4471309999999988
11
181.1657519999999977
21
-68.4354999999999905
0
LINE
8
BLACK
6
CONTINUOUS
10
181.1657519999999977
20
-68.4354999999999905
11
181.1657479999999794
21
-68.4354999999999905
0
LINE
8
BLACK
6
CONTINUOUS
10
181.1657479999999794
20
-68.4354999999999905
11
179.3505370000000028
21
-68.4354999999999905
0
LINE
8
BLACK
6
CONTINUOUS
10
179.3505370000000028
20
-68.4354999999999905
11
179.2834979999999803
21
-68.4158149999999949
0
LINE
8
BLACK
6
CONTINUOUS
10
179.2834979999999803
20
-68.4158149999999949
11
179.2377429999999947
21
-68.3630110000000002
0
LINE
8
BLACK
6
CONTINUOUS
10
179.2377429999999947
20
-68.3630110000000002
11
179.2277990000000045
21
-68.2938529999999986
0
LINE
8
BLACK
6
CONTINUOUS
10
179.2277990000000045
20
-68.2938529999999986
11
179.252161000000001
21
-68.2360139999999973
0
LINE
8
BLACK
6
CONTINUOUS
10
179.252161000000001
20
-68.2360139999999973
11
179.2802039999999977
21
-68.199466000000001
0
LINE
8
BLACK
6
CONTINUOUS
10
179.2802039999999977
20
-68.199466000000001
11
179.340535999999986
21
-68.1208409999999986
0
LINE
8
BLACK
6
CONTINUOUS
10
179.340535999999986
20
-68.1208409999999986
11
179.4010439999999846
21
-67.9747619999999984
0
LINE
8
BLACK
6
CONTINUOUS
10
179.4010439999999846
20
-67.9747619999999984
11
179.4216820000000041
21
-67.8179999999999978
0
LINE
8
BLACK
6
CONTINUOUS
10
179.4216820000000041
20
-67.8179999999999978
11
179.4010439999999846
21
-67.6612379999999973
0
LINE
8
BLACK
6
CONTINUOUS
10
179.4010439999999846
20
-67.6612379999999973
11
179.340535999999986
21
-67.515158999999997
0
LINE
8
BLACK
6
CONTINUOUS
10
179.340535999999986
20
-67.515158999999997
11
179.2442819999999983
21
-67.389718000000002
0
LINE
8
BLACK
6
CONTINUOUS
10
179.2442819999999983
20
-67.389718000000002
11
179.1188410000000033
21
-67.2934640000000002
0
LINE
8
BLACK
6
CONTINUOUS
10
179.1188410000000033
20
-67.2934640000000002
11
179.1188339999999926
21
-67.2934609999999935
0
LINE
8
BLACK
6
CONTINUOUS
10
179.1188339999999926
20
-67.2934609999999935
11
179.1135149999999783
21
-67.2903900000000021
0
LINE
8
BLACK
6
CONTINUOUS
10
179.1135149999999783
20
-67.2903900000000021
11
179.0652979999999843
21
-67.2398249999999962
0
LINE
8
BLACK
6
CONTINUOUS
10
179.0652979999999843
20
-67.2398249999999962
11
179.0520719999999812
21
-67.1712179999999961
0
LINE
8
BLACK
6
CONTINUOUS
10
179.0520719999999812
20
-67.1712179999999961
11
179.0780369999999948
21
-67.1063520000000011
0
LINE
8
BLACK
6
CONTINUOUS
10
179.0780369999999948
20
-67.1063520000000011
11
179.1135149999999783
21
-67.0756099999999975
0
LINE
8
BLACK
6
CONTINUOUS
10
179.1135149999999783
20
-67.0756099999999975
11
179.1188339999999926
21
-67.0725379999999944
0
LINE
8
BLACK
6
CONTINUOUS
10
179.1188339999999926
20
-67.0725379999999944
11
179.1188410000000033
21
-67.0725359999999995
0
LINE
8
BLACK
6
CONTINUOUS
10
179.1188410000000033
20
-67.0725359999999995
11
179.2442819999999983
21
-66.9762819999999977
0
LINE
8
BLACK
6
CONTINUOUS
10
179.2442819999999983
20
-66.9762819999999977
11
179.2442810000000009
21
-66.9762819999999977
0
LINE
8
BLACK
6
CONTINUOUS
10
179.2442810000000009
20
-66.9762819999999977
11
179.2497009999999875
21
-66.9721239999999938
0
LINE
8
BLACK
6
CONTINUOUS
10
179.2497009999999875
20
-66.9721239999999938
11
179.3148699999999849
21
-66.9469299999999947
0
LINE
8
BLACK
6
CONTINUOUS
10
179.3148699999999849
20
-66.9469299999999947
11
179.3251869999999997
21
-66.9465000000000003
0
LINE
8
BLACK
6
CONTINUOUS
10
179.3251869999999997
20
-66.9465000000000003
11
181.1657500000000027
21
-66.9465000000000003
0
LINE
8
BLACK
6
CONTINUOUS
10
181.1657500000000027
20
-66.9465000000000003
11
181.1657510000000002
21
-66.9464990000000029
0
LINE
8
BLACK
6
CONTINUOUS
10
181.1657510000000002
20
-66.9464990000000029
11
181.1805679999999938
21
-66.9435519999999968
0
LINE
8
BLACK
6
CONTINUOUS
10
181.1805679999999938
20
-66.9435519999999968
11
181.2242289999999798
21
-66.9348679999999945
0
LINE
8
BLACK
6
CONTINUOUS
10
181.2242289999999798
20
-66.9348679999999945
11
181.2242289999999798
21
-66.934866999999997
0
LINE
8
BLACK
6
CONTINUOUS
10
181.2242289999999798
20
-66.934866999999997
11
181.2242310000000032
21
-66.934866999999997
0
LINE
8
BLACK
6
CONTINUOUS
10
181.2242310000000032
20
-66.934866999999997
11
181.290551999999991
21
-66.8905519999999996
0
LINE
8
BLACK
6
CONTINUOUS
10
181.290551999999991
20
-66.8905519999999996
11
181.3348670000000027
21
-66.8242309999999975
0
LINE
8
BLACK
6
CONTINUOUS
10
181.3348670000000027
20
-66.8242309999999975
11
181.3348670000000027
21
-66.8242290000000025
0
LINE
8
BLACK
6
CONTINUOUS
10
181.3348670000000027
20
-66.8242290000000025
11
181.3348680000000002
21
-66.8242290000000025
0
LINE
8
BLACK
6
CONTINUOUS
10
181.3348680000000002
20
-66.8242290000000025
11
181.3464989999999943
21
-66.765751999999992
0
LINE
8
BLACK
6
CONTINUOUS
10
181.3464989999999943
20
-66.765751999999992
11
181.3464999999999918
21
-66.765749999999997
0
LINE
8
BLACK
6
CONTINUOUS
10
181.3464999999999918
20
-66.765749999999997
11
181.3464999999999918
21
-66.3157920000000018
0
LINE
8
BLACK
6
CONTINUOUS
10
181.3464999999999918
20
-66.3157920000000018
11
181.3661850000000015
21
-66.2487529999999936
0
LINE
8
BLACK
6
CONTINUOUS
10
181.3661850000000015
20
-66.2487529999999936
11
181.4189889999999821
21
-66.2029979999999938
0
LINE
8
BLACK
6
CONTINUOUS
10
181.4189889999999821
20
-66.2029979999999938
11
181.4881469999999979
21
-66.1930540000000036
0
LINE
8
BLACK
6
CONTINUOUS
10
181.4881469999999979
20
-66.1930540000000036
11
181.5517030000000034
21
-66.2220789999999937
0
LINE
8
BLACK
6
CONTINUOUS
10
181.5517030000000034
20
-66.2220789999999937
11
181.589476999999988
21
-66.2808569999999975
0
LINE
8
BLACK
6
CONTINUOUS
10
181.589476999999988
20
-66.2808569999999975
11
181.5930070000000001
21
-66.296605999999997
0
LINE
8
BLACK
6
CONTINUOUS
10
181.5930070000000001
20
-66.296605999999997
11
181.6402899999999931
21
-66.5985149999999919
0
LINE
8
BLACK
6
CONTINUOUS
10
181.6402899999999931
20
-66.5985149999999919
11
181.640878999999984
21
-66.6027550000000019
0
LINE
8
BLACK
6
CONTINUOUS
10
181.640878999999984
20
-66.6027550000000019
11
181.7755970000000048
21
-67.7122619999999955
0
LINE
8
BLACK
6
CONTINUOUS
10
181.7755970000000048
20
-67.7122619999999955
11
181.7760389999999973
21
-67.716518999999991
0
LINE
8
BLACK
6
CONTINUOUS
10
181.7760389999999973
20
-67.716518999999991
11
181.8723779999999977
21
-68.8299659999999989
0
LINE
8
BLACK
6
CONTINUOUS
10
181.8723779999999977
20
-68.8299659999999989
11
181.8726739999999893
21
-68.8342370000000017
0
LINE
8
BLACK
6
CONTINUOUS
10
181.8726739999999893
20
-68.8342370000000017
11
181.9305249999999887
21
-69.9503929999999912
0
LINE
8
BLACK
6
CONTINUOUS
10
181.9305249999999887
20
-69.9503929999999912
11
181.9306729999999845
21
-69.9546709999999905
0
LINE
8
BLACK
6
CONTINUOUS
10
181.9306729999999845
20
-69.9546709999999905
11
181.9499649999999917
21
-71.0722009999999926
0
LINE
8
BLACK
6
CONTINUOUS
10
181.9499649999999917
20
-71.0722009999999926
11
181.9499659999999892
21
-71.0764049999999941
0
LINE
8
BLACK
6
CONTINUOUS
10
181.9499659999999892
20
-71.0764049999999941
11
181.9320179999999993
21
-72.1542889999999915
0
LINE
8
BLACK
6
CONTINUOUS
10
181.9320179999999993
20
-72.1542889999999915
11
181.9318799999999783
21
-72.1584160000000026
0
LINE
8
BLACK
6
CONTINUOUS
10
181.9318799999999783
20
-72.1584160000000026
11
181.8780549999999891
21
-73.2350919999999945
0
LINE
8
BLACK
6
CONTINUOUS
10
181.8780549999999891
20
-73.2350919999999945
11
181.8777809999999988
21
-73.2392119999999949
0
LINE
8
BLACK
6
CONTINUOUS
10
181.8777809999999988
20
-73.2392119999999949
11
181.7881329999999878
21
-74.3135690000000011
0
LINE
8
BLACK
6
CONTINUOUS
10
181.7881329999999878
20
-74.3135690000000011
11
181.7877210000000048
21
-74.3176780000000008
0
LINE
8
BLACK
6
CONTINUOUS
10
181.7877210000000048
20
-74.3176780000000008
11
181.6623539999999934
21
-75.3884410000000003
0
LINE
8
BLACK
6
CONTINUOUS
10
181.6623539999999934
20
-75.3884410000000003
11
181.6618049999999869
21
-75.3925330000000002
0
LINE
8
BLACK
6
CONTINUOUS
10
181.6618049999999869
20
-75.3925330000000002
11
181.552646999999979
21
-76.1155189999999919
0
LINE
8
BLACK
6
CONTINUOUS
10
181.552646999999979
20
-76.1155189999999919
11
181.5231749999999806
21
-76.1788679999999943
0
LINE
8
BLACK
6
CONTINUOUS
10
181.5231749999999806
20
-76.1788679999999943
11
181.464131999999978
21
-76.2162270000000035
0
LINE
8
BLACK
6
CONTINUOUS
10
181.464131999999978
20
-76.2162270000000035
11
181.3942639999999926
21
-76.2157349999999951
0
LINE
8
BLACK
6
CONTINUOUS
10
181.3942639999999926
20
-76.2157349999999951
11
181.3357539999999801
21
-76.1775469999999899
0
LINE
8
BLACK
6
CONTINUOUS
10
181.3357539999999801
20
-76.1775469999999899
11
181.3269349999999918
21
-76.1658979999999985
0
LINE
8
BLACK
6
CONTINUOUS
10
181.3269349999999918
20
-76.1658979999999985
11
181.290551999999991
21
-76.1114469999999983
0
LINE
8
BLACK
6
CONTINUOUS
10
181.290551999999991
20
-76.1114469999999983
11
181.2242300000000057
21
-76.0671320000000009
0
LINE
8
BLACK
6
CONTINUOUS
10
181.2242300000000057
20
-76.0671320000000009
11
181.2242289999999798
21
-76.0671310000000034
0
LINE
8
BLACK
6
CONTINUOUS
10
181.2242289999999798
20
-76.0671310000000034
11
181.1657519999999977
21
-76.055499999999995
0
LINE
8
BLACK
6
CONTINUOUS
10
181.1657519999999977
20
-76.055499999999995
11
181.1657479999999794
21
-76.055499999999995
0
LINE
8
BLACK
6
CONTINUOUS
10
181.1657479999999794
20
-76.055499999999995
11
179.3583119999999838
21
-76.055499999999995
0
LINE
8
BLACK
6
CONTINUOUS
10
179.3583119999999838
20
-76.055499999999995
11
179.2912729999999897
21
-76.0358149999999995
0
LINE
8
BLACK
6
CONTINUOUS
10
179.2912729999999897
20
-76.0358149999999995
11
179.2737369999999828
21
-76.0155779999999908
0
LINE
8
BLACK
6
CONTINUOUS
10
179.2737369999999828
20
-76.0155779999999908
11
179.2599069999999983
21
-76.0606909999999914
0
LINE
8
BLACK
6
CONTINUOUS
10
179.2599069999999983
20
-76.0606909999999914
11
179.2252890000000036
21
-76.095517000000001
0
LINE
8
BLACK
6
CONTINUOUS
10
179.2252890000000036
20
-76.095517000000001
11
179.2014470000000017
21
-76.1114469999999983
0
LINE
8
BLACK
6
CONTINUOUS
10
179.2014470000000017
20
-76.1114469999999983
11
179.1571319999999901
21
-76.1777689999999978
0
LINE
8
BLACK
6
CONTINUOUS
10
179.1571319999999901
20
-76.1777689999999978
11
179.1571309999999926
21
-76.1777699999999953
0
LINE
8
BLACK
6
CONTINUOUS
10
179.1571309999999926
20
-76.1777699999999953
11
179.1454999999999984
21
-76.2362469999999917
0
LINE
8
BLACK
6
CONTINUOUS
10
179.1454999999999984
20
-76.2362469999999917
11
179.1454999999999984
21
-76.9257520000000028
0
LINE
8
BLACK
6
CONTINUOUS
10
179.1454999999999984
20
-76.9257520000000028
11
179.1571309999999926
21
-76.9842289999999991
0
LINE
8
BLACK
6
CONTINUOUS
10
179.1571309999999926
20
-76.9842289999999991
11
179.1571319999999901
21
-76.9842299999999966
0
LINE
8
BLACK
6
CONTINUOUS
10
179.1571319999999901
20
-76.9842299999999966
11
179.2014470000000017
21
-77.0505519999999962
0
LINE
8
BLACK
6
CONTINUOUS
10
179.2014470000000017
20
-77.0505519999999962
11
179.267768999999987
21
-77.0948669999999936
0
LINE
8
BLACK
6
CONTINUOUS
10
179.267768999999987
20
-77.0948669999999936
11
179.2677699999999845
21
-77.0948679999999911
0
LINE
8
BLACK
6
CONTINUOUS
10
179.2677699999999845
20
-77.0948679999999911
11
179.3262469999999951
21
-77.1064989999999995
0
LINE
8
BLACK
6
CONTINUOUS
10
179.3262469999999951
20
-77.1064989999999995
11
179.3262499999999875
21
-77.1064999999999969
0
LINE
8
BLACK
6
CONTINUOUS
10
179.3262499999999875
20
-77.1064999999999969
11
179.3262519999999824
21
-77.1064999999999969
0
LINE
8
BLACK
6
CONTINUOUS
10
179.3262519999999824
20
-77.1064999999999969
11
179.551462999999984
21
-77.1064999999999969
0
LINE
8
BLACK
6
CONTINUOUS
10
179.551462999999984
20
-77.1064999999999969
11
179.6185019999999781
21
-77.1261849999999924
0
LINE
8
BLACK
6
CONTINUOUS
10
179.6185019999999781
20
-77.1261849999999924
11
179.6642569999999921
21
-77.1789890000000014
0
LINE
8
BLACK
6
CONTINUOUS
10
179.6642569999999921
20
-77.1789890000000014
11
179.6742009999999823
21
-77.248147000000003
0
LINE
8
BLACK
6
CONTINUOUS
10
179.6742009999999823
20
-77.248147000000003
11
179.6498389999999858
21
-77.3059859999999901
0
LINE
8
BLACK
6
CONTINUOUS
10
179.6498389999999858
20
-77.3059859999999901
11
179.5614640000000009
21
-77.4211569999999938
0
LINE
8
BLACK
6
CONTINUOUS
10
179.5614640000000009
20
-77.4211569999999938
11
179.5009560000000022
21
-77.5672369999999916
0
LINE
8
BLACK
6
CONTINUOUS
10
179.5009560000000022
20
-77.5672369999999916
11
179.5009550000000047
21
-77.5672390000000007
0
LINE
8
BLACK
6
CONTINUOUS
10
179.5009550000000047
20
-77.5672390000000007
11
179.4803179999999827
21
-77.7239979999999946
0
LINE
8
BLACK
6
CONTINUOUS
10
179.4803179999999827
20
-77.7239979999999946
11
179.4803179999999827
21
-77.7240010000000012
0
LINE
8
BLACK
6
CONTINUOUS
10
179.4803179999999827
20
-77.7240010000000012
11
179.5009550000000047
21
-77.8807599999999951
0
LINE
8
BLACK
6
CONTINUOUS
10
179.5009550000000047
20
-77.8807599999999951
11
179.5009560000000022
21
-77.8807619999999901
0
LINE
8
BLACK
6
CONTINUOUS
10
179.5009560000000022
20
-77.8807619999999901
11
179.5614640000000009
21
-78.0268409999999903
0
LINE
8
BLACK
6
CONTINUOUS
10
179.5614640000000009
20
-78.0268409999999903
11
179.6577179999999885
21
-78.1522819999999996
0
LINE
8
BLACK
6
CONTINUOUS
10
179.6577179999999885
20
-78.1522819999999996
11
179.7831589999999835
21
-78.2485360000000014
0
LINE
8
BLACK
6
CONTINUOUS
10
179.7831589999999835
20
-78.2485360000000014
11
179.929237999999998
21
-78.3090440000000001
0
LINE
8
BLACK
6
CONTINUOUS
10
179.929237999999998
20
-78.3090440000000001
11
180.0076190000000054
21
-78.3193629999999956
0
LINE
8
BLACK
6
CONTINUOUS
10
180.0076190000000054
20
-78.3193629999999956
11
180.0859989999999868
21
-78.3296819999999911
0
LINE
8
BLACK
6
CONTINUOUS
10
180.0859989999999868
20
-78.3296819999999911
11
180.0859999999999843
21
-78.3296819999999911
0
LINE
8
BLACK
6
CONTINUOUS
10
180.0859999999999843
20
-78.3296819999999911
11
180.0860009999999818
21
-78.3296819999999911
0
LINE
8
BLACK
6
CONTINUOUS
10
180.0860009999999818
20
-78.3296819999999911
11
180.1382539999999892
21
-78.3228019999999958
0
LINE
8
BLACK
6
CONTINUOUS
10
180.1382539999999892
20
-78.3228019999999958
11
180.242761999999999
21
-78.3090440000000001
0
LINE
8
BLACK
6
CONTINUOUS
10
180.242761999999999
20
-78.3090440000000001
11
180.3888409999999851
21
-78.2485360000000014
0
LINE
8
BLACK
6
CONTINUOUS
10
180.3888409999999851
20
-78.2485360000000014
11
180.5142819999999801
21
-78.1522819999999996
0
LINE
8
BLACK
6
CONTINUOUS
10
180.5142819999999801
20
-78.1522819999999996
11
180.6105359999999962
21
-78.0268409999999903
0
LINE
8
BLACK
6
CONTINUOUS
10
180.6105359999999962
20
-78.0268409999999903
11
180.6710439999999949
21
-77.8807619999999901
0
LINE
8
BLACK
6
CONTINUOUS
10
180.6710439999999949
20
-77.8807619999999901
11
180.6916819999999859
21
-77.7239999999999895
0
LINE
8
BLACK
6
CONTINUOUS
10
180.6916819999999859
20
-77.7239999999999895
11
180.6875990000000058
21
-77.6929899999999947
0
LINE
8
BLACK
6
CONTINUOUS
10
180.6875990000000058
20
-77.6929899999999947
11
180.6907640000000015
21
-77.6447119999999984
0
LINE
8
BLACK
6
CONTINUOUS
10
180.6907640000000015
20
-77.6447119999999984
11
180.6964999999999861
21
-77.6233089999999919
0
LINE
8
BLACK
6
CONTINUOUS
10
180.6964999999999861
20
-77.6233089999999919
11
180.6964999999999861
21
-77.2304999999999922
0
LINE
8
BLACK
6
CONTINUOUS
10
180.6964999999999861
20
-77.2304999999999922
11
180.7161849999999959
21
-77.1634609999999981
0
LINE
8
BLACK
6
CONTINUOUS
10
180.7161849999999959
20
-77.1634609999999981
11
180.7689890000000048
21
-77.1177059999999983
0
LINE
8
BLACK
6
CONTINUOUS
10
180.7689890000000048
20
-77.1177059999999983
11
180.8204999999999814
21
-77.1064999999999969
0
LINE
8
BLACK
6
CONTINUOUS
10
180.8204999999999814
20
-77.1064999999999969
11
181.1657490000000053
21
-77.1064999999999969
0
LINE
8
BLACK
6
CONTINUOUS
10
181.1657490000000053
20
-77.1064999999999969
11
181.2096970000000056
21
-77.0977579999999989
0
LINE
8
BLACK
6
CONTINUOUS
10
181.2096970000000056
20
-77.0977579999999989
11
181.2792879999999798
21
-77.1039849999999944
0
LINE
8
BLACK
6
CONTINUOUS
10
181.2792879999999798
20
-77.1039849999999944
11
181.3344659999999919
21
-77.146846999999994
0
LINE
8
BLACK
6
CONTINUOUS
10
181.3344659999999919
20
-77.146846999999994
11
181.3577109999999948
21
-77.21273699999999
0
LINE
8
BLACK
6
CONTINUOUS
10
181.3577109999999948
20
-77.21273699999999
11
181.3558149999999785
21
-77.2419589999999943
0
LINE
8
BLACK
6
CONTINUOUS
10
181.3558149999999785
20
-77.2419589999999943
11
181.3038359999999898
21
-77.5225810000000024
0
LINE
8
BLACK
6
CONTINUOUS
10
181.3038359999999898
20
-77.5225810000000024
11
181.3030169999999828
21
-77.5266280000000023
0
LINE
8
BLACK
6
CONTINUOUS
10
181.3030169999999828
20
-77.5266280000000023
11
181.0714810000000057
21
-78.5795569999999941
0
LINE
8
BLACK
6
CONTINUOUS
10
181.0714810000000057
20
-78.5795569999999941
11
181.0705269999999985
21
-78.5835739999999987
0
LINE
8
BLACK
6
CONTINUOUS
10
181.0705269999999985
20
-78.5835739999999987
11
180.8040729999999883
21
-79.6281749999999988
0
LINE
8
BLACK
6
CONTINUOUS
10
180.8040729999999883
20
-79.6281749999999988
11
180.8029860000000042
21
-79.6321590000000015
0
LINE
8
BLACK
6
CONTINUOUS
10
180.8029860000000042
20
-79.6321590000000015
11
180.5018969999999854
21
-80.6673260000000028
0
LINE
8
BLACK
6
CONTINUOUS
10
180.5018969999999854
20
-80.6673260000000028
11
180.5006779999999935
21
-80.6712709999999902
0
LINE
8
BLACK
6
CONTINUOUS
10
180.5006779999999935
20
-80.6712709999999902
11
180.165286999999978
21
-81.6958460000000031
0
LINE
8
BLACK
6
CONTINUOUS
10
180.165286999999978
20
-81.6958460000000031
11
180.1639370000000042
21
-81.6997479999999996
0
LINE
8
BLACK
6
CONTINUOUS
10
180.1639370000000042
20
-81.6997479999999996
11
179.7946249999999964
21
-82.7125729999999919
0
LINE
8
BLACK
6
CONTINUOUS
10
179.7946249999999964
20
-82.7125729999999919
11
179.7931459999999788
21
-82.7164279999999934
0
LINE
8
BLACK
6
CONTINUOUS
10
179.7931459999999788
20
-82.7164279999999934
11
179.3903239999999926
21
-83.7163839999999908
0
LINE
8
BLACK
6
CONTINUOUS
10
179.3903239999999926
20
-83.7163839999999908
11
179.388717999999983
21
-83.7201879999999932
0
LINE
8
BLACK
6
CONTINUOUS
10
179.388717999999983
20
-83.7201879999999932
11
178.9528129999999919
21
-84.7062049999999971
0
LINE
8
BLACK
6
CONTINUOUS
10
178.9528129999999919
20
-84.7062049999999971
11
178.9510809999999879
21
-84.7099529999999987
0
LINE
8
BLACK
6
CONTINUOUS
10
178.9510809999999879
20
-84.7099529999999987
11
178.6177040000000034
21
-85.4008859999999999
0
LINE
8
BLACK
6
CONTINUOUS
10
178.6177040000000034
20
-85.4008859999999999
11
178.570841999999999
21
-85.4527099999999962
0
LINE
8
BLACK
6
CONTINUOUS
10
178.570841999999999
20
-85.4527099999999962
11
178.5060239999999965
21
-85.4709999999999894
0
LINE
8
BLACK
6
CONTINUOUS
10
178.5060239999999965
20
-85.4709999999999894
11
172.5909999999999798
21
-85.4709999999999894
0
LINE
8
BLACK
6
CONTINUOUS
10
172.5909999999999798
20
-85.4709999999999894
11
172.5909999999999798
21
-85.4919999999999902
0
LINE
8
BLACK
6
CONTINUOUS
10
172.5909999999999798
20
-85.4919999999999902
11
169.7909999999999968
21
-85.4919999999999902
0
LINE
8
BLACK
6
CONTINUOUS
10
169.7909999999999968
20
-85.4919999999999902
11
169.7909999999999968
21
-84.5919999999999987
0
LINE
8
BLACK
6
CONTINUOUS
10
169.7909999999999968
20
-84.5919999999999987
11
169.8109169999999892
21
-84.5919999999999987
0
LINE
8
BLACK
6
CONTINUOUS
10
169.8109169999999892
20
-84.5919999999999987
11
169.7995970000000057
21
-84.477060999999992
0
LINE
8
BLACK
6
CONTINUOUS
10
169.7995970000000057
20
-84.477060999999992
11
169.7989999999999782
21
-84.4649069999999966
0
LINE
8
BLACK
6
CONTINUOUS
10
169.7989999999999782
20
-84.4649069999999966
11
169.7989999999999782
21
-84.2920000000000016
0
LINE
8
BLACK
6
CONTINUOUS
10
169.7989999999999782
20
-84.2920000000000016
11
169.7909999999999968
21
-84.2920000000000016
0
LINE
8
BLACK
6
CONTINUOUS
10
169.7909999999999968
20
-84.2920000000000016
11
169.7909999999999968
21
-83.3919999999999959
0
LINE
8
BLACK
6
CONTINUOUS
10
169.7909999999999968
20
-83.3919999999999959
11
169.7989999999999782
21
-83.3919999999999959
0
LINE
8
BLACK
6
CONTINUOUS
10
169.7989999999999782
20
-83.3919999999999959
11
169.7989999999999782
21
-83.0919999999999987
0
LINE
8
BLACK
6
CONTINUOUS
10
169.7989999999999782
20
-83.0919999999999987
11
169.7909999999999968
21
-83.0919999999999987
0
LINE
8
BLACK
6
CONTINUOUS
10
169.7909999999999968
20
-83.0919999999999987
11
169.7909999999999968
21
-82.1919999999999931
0
LINE
8
BLACK
6
CONTINUOUS
10
169.7909999999999968
20
-82.1919999999999931
11
169.7989999999999782
21
-82.1919999999999931
0
LINE
8
BLACK
6
CONTINUOUS
10
169.7989999999999782
20
-82.1919999999999931
11
169.7989999999999782
21
-81.8919999999999959
0
LINE
8
BLACK
6
CONTINUOUS
10
169.7989999999999782
20
-81.8919999999999959
11
169.7909999999999968
21
-81.8919999999999959
0
LINE
8
BLACK
6
CONTINUOUS
10
169.7909999999999968
20
-81.8919999999999959
11
169.7909999999999968
21
-80.9919999999999902
0
LINE
8
BLACK
6
CONTINUOUS
10
169.7909999999999968
20
-80.9919999999999902
11
169.7989999999999782
21
-80.9919999999999902
0
LINE
8
BLACK
6
CONTINUOUS
10
169.7989999999999782
20
-80.9919999999999902
11
169.7989999999999782
21
-80.6919999999999931
0
LINE
8
BLACK
6
CONTINUOUS
10
169.7989999999999782
20
-80.6919999999999931
11
169.7909999999999968
21
-80.6919999999999931
0
LINE
8
BLACK
6
CONTINUOUS
10
169.7909999999999968
20
-80.6919999999999931
11
169.7909999999999968
21
-79.7920000000000016
0
LINE
8
BLACK
6
CONTINUOUS
10
169.7909999999999968
20
-79.7920000000000016
11
169.7989999999999782
21
-79.7920000000000016
0
LINE
8
BLACK
6
CONTINUOUS
10
169.7989999999999782
20
-79.7920000000000016
11
169.7989999999999782
21
-79.4919999999999902
0
LINE
8
BLACK
6
CONTINUOUS
10
169.7989999999999782
20
-79.4919999999999902
11
169.7909999999999968
21
-79.4919999999999902
0
LINE
8
BLACK
6
CONTINUOUS
10
169.7909999999999968
20
-79.4919999999999902
11
169.7909999999999968
21
-78.5919999999999987
0
LINE
8
BLACK
6
CONTINUOUS
10
169.7909999999999968
20
-78.5919999999999987
11
169.7989999999999782
21
-78.5919999999999987
0
LINE
8
BLACK
6
CONTINUOUS
10
169.7989999999999782
20
-78.5919999999999987
11
169.7989999999999782
21
-78.2920000000000016
0
LINE
8
BLACK
6
CONTINUOUS
10
169.7989999999999782
20
-78.2920000000000016
11
169.7909999999999968
21
-78.2920000000000016
0
LINE
8
BLACK
6
CONTINUOUS
10
169.7909999999999968
20
-78.2920000000000016
11
169.7909999999999968
21
-77.3919999999999959
0
LINE
8
BLACK
6
CONTINUOUS
10
169.7909999999999968
20
-77.3919999999999959
11
169.7989999999999782
21
-77.3919999999999959
0
LINE
8
BLACK
6
CONTINUOUS
10
169.7989999999999782
20
-77.3919999999999959
11
169.7989999999999782
21
-76.739498999999995
0
LINE
8
BLACK
6
CONTINUOUS
10
169.7989999999999782
20
-76.739498999999995
11
169.8186849999999879
21
-76.6724600000000009
0
LINE
8
BLACK
6
CONTINUOUS
10
169.8186849999999879
20
-76.6724600000000009
11
169.8714889999999968
21
-76.6267050000000012
0
LINE
8
BLACK
6
CONTINUOUS
10
169.8714889999999968
20
-76.6267050000000012
11
169.9406469999999842
21
-76.6167609999999968
0
LINE
8
BLACK
6
CONTINUOUS
10
169.9406469999999842
20
-76.6167609999999968
11
169.9494719999999859
21
-76.6183580000000006
0
LINE
8
BLACK
6
CONTINUOUS
10
169.9494719999999859
20
-76.6183580000000006
11
169.9511439999999993
21
-76.6187219999999911
0
LINE
8
BLACK
6
CONTINUOUS
10
169.9511439999999993
20
-76.6187219999999911
11
169.9511509999999817
21
-76.6187249999999977
0
LINE
8
BLACK
6
CONTINUOUS
10
169.9511509999999817
20
-76.6187249999999977
11
169.9659469999999999
21
-76.6201119999999918
0
LINE
8
BLACK
6
CONTINUOUS
10
169.9659469999999999
20
-76.6201119999999918
11
169.9807399999999973
21
-76.6214999999999975
0
LINE
8
BLACK
6
CONTINUOUS
10
169.9807399999999973
20
-76.6214999999999975
11
169.9807439999999872
21
-76.6214999999999975
0
LINE
8
BLACK
6
CONTINUOUS
10
169.9807439999999872
20
-76.6214999999999975
11
170.5862599999999816
21
-76.6214999999999975
0
LINE
8
BLACK
6
CONTINUOUS
10
170.5862599999999816
20
-76.6214999999999975
11
170.6158489999999972
21
-76.6187249999999977
0
LINE
8
BLACK
6
CONTINUOUS
10
170.6158489999999972
20
-76.6187249999999977
11
170.6214619999999798
21
-76.6167609999999968
0
LINE
8
BLACK
6
CONTINUOUS
10
170.6214619999999798
20
-76.6167609999999968
11
170.7404750000000035
21
-76.5751159999999942
0
LINE
8
BLACK
6
CONTINUOUS
10
170.7404750000000035
20
-76.5751159999999942
11
170.8467109999999991
21
-76.4967109999999906
0
LINE
8
BLACK
6
CONTINUOUS
10
170.8467109999999991
20
-76.4967109999999906
11
170.9251160000000027
21
-76.390474999999995
0
LINE
8
BLACK
6
CONTINUOUS
10
170.9251160000000027
20
-76.390474999999995
11
170.9687250000000063
21
-76.2658490000000029
0
LINE
8
BLACK
6
CONTINUOUS
10
170.9687250000000063
20
-76.2658490000000029
11
170.9714999999999918
21
-76.2362559999999974
0
LINE
8
BLACK
6
CONTINUOUS
10
170.9714999999999918
20
-76.2362559999999974
11
170.9714999999999918
21
-75.6557439999999986
0
LINE
8
BLACK
6
CONTINUOUS
10
170.9714999999999918
20
-75.6557439999999986
11
170.9714999999999918
21
-75.655738999999997
0
LINE
8
BLACK
6
CONTINUOUS
10
170.9714999999999918
20
-75.655738999999997
11
170.9687250000000063
21
-75.626150999999993
0
LINE
8
BLACK
6
CONTINUOUS
10
170.9687250000000063
20
-75.626150999999993
11
170.9587679999999921
21
-75.5976969999999966
0
LINE
8
BLACK
6
CONTINUOUS
10
170.9587679999999921
20
-75.5976969999999966
11
170.9329649999999958
21
-75.5239559999999983
0
LINE
8
BLACK
6
CONTINUOUS
10
170.9329649999999958
20
-75.5239559999999983
11
170.9251160000000027
21
-75.5015250000000009
0
LINE
8
BLACK
6
CONTINUOUS
10
170.9251160000000027
20
-75.5015250000000009
11
170.9250549999999862
21
-75.5014429999999948
0
LINE
8
BLACK
6
CONTINUOUS
10
170.9250549999999862
20
-75.5014429999999948
11
170.8467109999999991
21
-75.3952889999999911
0
LINE
8
BLACK
6
CONTINUOUS
10
170.8467109999999991
20
-75.3952889999999911
11
170.8467100000000016
21
-75.3952879999999936
0
LINE
8
BLACK
6
CONTINUOUS
10
170.8467100000000016
20
-75.3952879999999936
11
170.740476000000001
21
-75.3168840000000017
0
LINE
8
BLACK
6
CONTINUOUS
10
170.740476000000001
20
-75.3168840000000017
11
170.6158479999999997
21
-75.2732740000000007
0
LINE
8
BLACK
6
CONTINUOUS
10
170.6158479999999997
20
-75.2732740000000007
11
170.6158489999999972
21
-75.2732740000000007
0
LINE
8
BLACK
6
CONTINUOUS
10
170.6158489999999972
20
-75.2732740000000007
11
170.5862599999999816
21
-75.2704999999999984
0
LINE
8
BLACK
6
CONTINUOUS
10
170.5862599999999816
20
-75.2704999999999984
11
170.5862559999999917
21
-75.2704999999999984
0
LINE
8
BLACK
6
CONTINUOUS
10
170.5862559999999917
20
-75.2704999999999984
11
169.9807439999999872
21
-75.2704999999999984
0
LINE
8
BLACK
6
CONTINUOUS
10
169.9807439999999872
20
-75.2704999999999984
11
169.9807399999999973
21
-75.2704999999999984
0
LINE
8
BLACK
6
CONTINUOUS
10
169.9807399999999973
20
-75.2704999999999984
11
169.9511499999999842
21
-75.2732740000000007
0
LINE
8
BLACK
6
CONTINUOUS
10
169.9511499999999842
20
-75.2732740000000007
11
169.8265229999999804
21
-75.3168840000000017
0
LINE
8
BLACK
6
CONTINUOUS
10
169.8265229999999804
20
-75.3168840000000017
11
169.7989999999999782
21
-75.3371959999999916
0
LINE
8
BLACK
6
CONTINUOUS
10
169.7989999999999782
20
-75.3371959999999916
11
169.7989999999999782
21
-75.3109999999999928
0
LINE
8
BLACK
6
CONTINUOUS
10
169.7989999999999782
20
-75.3109999999999928
11
168.7989999999999782
21
-75.3109999999999928
0
LINE
8
BLACK
6
CONTINUOUS
10
168.7989999999999782
20
-75.3109999999999928
11
168.7989969999999857
21
-75.3109999999999928
0
LINE
8
BLACK
6
CONTINUOUS
10
168.7989969999999857
20
-75.3109999999999928
11
165.5980930000000058
21
-75.3109999999999928
0
LINE
8
BLACK
6
CONTINUOUS
10
165.5980930000000058
20
-75.3109999999999928
11
165.5859389999999962
21
-75.3104029999999938
0
LINE
8
BLACK
6
CONTINUOUS
10
165.5859389999999962
20
-75.3104029999999938
11
165.4090649999999982
21
-75.292981999999995
0
LINE
8
BLACK
6
CONTINUOUS
10
165.4090649999999982
20
-75.292981999999995
11
165.3852239999999938
21
-75.2882400000000018
0
LINE
8
BLACK
6
CONTINUOUS
10
165.3852239999999938
20
-75.2882400000000018
11
165.2210010000000011
21
-75.2384239999999949
0
LINE
8
BLACK
6
CONTINUOUS
10
165.2210010000000011
20
-75.2384239999999949
11
165.1985430000000008
21
-75.2291209999999921
0
LINE
8
BLACK
6
CONTINUOUS
10
165.1985430000000008
20
-75.2291209999999921
11
165.0472010000000012
21
-75.1482269999999914
0
LINE
8
BLACK
6
CONTINUOUS
10
165.0472010000000012
20
-75.1482269999999914
11
165.0269889999999862
21
-75.1347219999999965
0
LINE
8
BLACK
6
CONTINUOUS
10
165.0269889999999862
20
-75.1347219999999965
11
164.8943329999999889
21
-75.0258539999999954
0
LINE
8
BLACK
6
CONTINUOUS
10
164.8943329999999889
20
-75.0258539999999954
11
164.8771449999999845
21
-75.008665999999991
0
LINE
8
BLACK
6
CONTINUOUS
10
164.8771449999999845
20
-75.008665999999991
11
164.7682769999999834
21
-74.8760099999999937
0
LINE
8
BLACK
6
CONTINUOUS
10
164.7682769999999834
20
-74.8760099999999937
11
164.7547720000000027
21
-74.855797999999993
0
LINE
8
BLACK
6
CONTINUOUS
10
164.7547720000000027
20
-74.855797999999993
11
164.7277739999999824
21
-74.8052879999999902
0
LINE
8
BLACK
6
CONTINUOUS
10
164.7277739999999824
20
-74.8052879999999902
11
164.6738770000000045
21
-74.7044530000000009
0
LINE
8
BLACK
6
CONTINUOUS
10
164.6738770000000045
20
-74.7044530000000009
11
164.664574999999985
21
-74.681997999999993
0
LINE
8
BLACK
6
CONTINUOUS
10
164.664574999999985
20
-74.681997999999993
11
164.6616259999999841
21
-74.6722749999999991
0
LINE
8
BLACK
6
CONTINUOUS
10
164.6616259999999841
20
-74.6722749999999991
11
164.6147569999999973
21
-74.5177690000000013
0
LINE
8
BLACK
6
CONTINUOUS
10
164.6147569999999973
20
-74.5177690000000013
11
164.6100179999999966
21
-74.4939409999999924
0
LINE
8
BLACK
6
CONTINUOUS
10
164.6100179999999966
20
-74.4939409999999924
11
164.5925969999999836
21
-74.3170609999999954
0
LINE
8
BLACK
6
CONTINUOUS
10
164.5925969999999836
20
-74.3170609999999954
11
164.5919999999999845
21
-74.304907
0
LINE
8
BLACK
6
CONTINUOUS
10
164.5919999999999845
20
-74.304907
11
164.5919999999999845
21
-63.4840029999999942
0
LINE
8
BLACK
6
CONTINUOUS
10
164.5919999999999845
20
-63.4840029999999942
11
164.5919999999999845
21
-63.4839999999999947
0
LINE
8
BLACK
6
CONTINUOUS
10
164.5919999999999845
20
-63.4839999999999947
11
164.5919999999999845
21
-62.4839999999999947
0
LINE
8
BLACK
6
CONTINUOUS
10
164.5919999999999845
20
-62.4839999999999947
11
163.5919999999999845
21
-62.4839999999999947
0
LINE
8
BLACK
6
CONTINUOUS
10
163.5919999999999845
20
-62.4839999999999947
11
163.5919969999999921
21
-62.4839999999999947
0
LINE
8
BLACK
6
CONTINUOUS
10
163.5919969999999921
20
-62.4839999999999947
11
163.4390929999999855
21
-62.4839999999999947
0
LINE
8
BLACK
6
CONTINUOUS
10
163.4390929999999855
20
-62.4839999999999947
11
163.4269390000000044
21
-62.4834029999999956
0
LINE
8
BLACK
6
CONTINUOUS
10
163.4269390000000044
20
-62.4834029999999956
11
163.2500650000000064
21
-62.4659819999999968
0
LINE
8
BLACK
6
CONTINUOUS
10
163.2500650000000064
20
-62.4659819999999968
11
163.226224000000002
21
-62.4612399999999965
0
LINE
8
BLACK
6
CONTINUOUS
10
163.226224000000002
20
-62.4612399999999965
11
163.0620009999999809
21
-62.4114239999999967
0
LINE
8
BLACK
6
CONTINUOUS
10
163.0620009999999809
20
-62.4114239999999967
11
163.0395429999999806
21
-62.402120999999994
0
LINE
8
BLACK
6
CONTINUOUS
10
163.0395429999999806
20
-62.402120999999994
11
162.8882009999999809
21
-62.3212270000000004
0
LINE
8
BLACK
6
CONTINUOUS
10
162.8882009999999809
20
-62.3212270000000004
11
162.8679889999999943
21
-62.3077219999999983
0
LINE
8
BLACK
6
CONTINUOUS
10
162.8679889999999943
20
-62.3077219999999983
11
162.7353329999999971
21
-62.1988539999999972
0
LINE
8
BLACK
6
CONTINUOUS
10
162.7353329999999971
20
-62.1988539999999972
11
162.7181449999999927
21
-62.1816659999999999
0
LINE
8
BLACK
6
CONTINUOUS
10
162.7181449999999927
20
-62.1816659999999999
11
162.6092769999999916
21
-62.0490099999999956
0
LINE
8
BLACK
6
CONTINUOUS
10
162.6092769999999916
20
-62.0490099999999956
11
162.5957719999999824
21
-62.0287979999999948
0
LINE
8
BLACK
6
CONTINUOUS
10
162.5957719999999824
20
-62.0287979999999948
11
162.5148779999999817
21
-61.8774559999999951
0
LINE
8
BLACK
6
CONTINUOUS
10
162.5148779999999817
20
-61.8774559999999951
11
162.5055749999999932
21
-61.8549979999999948
0
LINE
8
BLACK
6
CONTINUOUS
10
162.5055749999999932
20
-61.8549979999999948
11
162.4557570000000055
21
-61.690768999999996
0
LINE
8
BLACK
6
CONTINUOUS
10
162.4557570000000055
20
-61.690768999999996
11
162.4510180000000048
21
-61.6669409999999942
0
LINE
8
BLACK
6
CONTINUOUS
10
162.4510180000000048
20
-61.6669409999999942
11
162.4335969999999918
21
-61.4900609999999972
0
LINE
8
BLACK
6
CONTINUOUS
10
162.4335969999999918
20
-61.4900609999999972
11
162.4329999999999927
21
-61.4779069999999948
0
LINE
8
BLACK
6
CONTINUOUS
10
162.4329999999999927
20
-61.4779069999999948
11
162.4329999999999927
21
-55.1080919999999992
0
LINE
8
BLACK
6
CONTINUOUS
10
162.4329999999999927
20
-55.1080919999999992
11
162.4335969999999918
21
-55.0959379999999967
0
LINE
8
BLACK
6
CONTINUOUS
10
162.4335969999999918
20
-55.0959379999999967
11
162.4420140000000004
21
-55.0104789999999966
0
LINE
8
BLACK
6
CONTINUOUS
10
162.4420140000000004
20
-55.0104789999999966
11
162.4510180000000048
21
-54.9190559999999977
0
LINE
8
BLACK
6
CONTINUOUS
10
162.4510180000000048
20
-54.9190559999999977
11
162.4557570000000055
21
-54.895232
0
LINE
8
BLACK
6
CONTINUOUS
10
162.4557570000000055
20
-54.895232
11
162.5055769999999882
21
-54.7309939999999955
0
LINE
8
BLACK
6
CONTINUOUS
10
162.5055769999999882
20
-54.7309939999999955
11
162.5148749999999893
21
-54.7085489999999979
0
LINE
8
BLACK
6
CONTINUOUS
10
162.5148749999999893
20
-54.7085489999999979
11
162.5957750000000033
21
-54.5571950000000001
0
LINE
8
BLACK
6
CONTINUOUS
10
162.5957750000000033
20
-54.5571950000000001
11
162.6092720000000043
21
-54.5369949999999974
0
LINE
8
BLACK
6
CONTINUOUS
10
162.6092720000000043
20
-54.5369949999999974
11
162.7181489999999826
21
-54.4043279999999996
0
LINE
8
BLACK
6
CONTINUOUS
10
162.7181489999999826
20
-54.4043279999999996
11
162.7353279999999813
21
-54.3871490000000009
0
LINE
8
BLACK
6
CONTINUOUS
10
162.7353279999999813
20
-54.3871490000000009
11
162.8679949999999792
21
-54.2782719999999941
0
LINE
8
BLACK
6
CONTINUOUS
10
162.8679949999999792
20
-54.2782719999999941
11
162.8881949999999961
21
-54.2647750000000002
0
LINE
8
BLACK
6
CONTINUOUS
10
162.8881949999999961
20
-54.2647750000000002
11
163.0395489999999938
21
-54.1838750000000005
0
LINE
8
BLACK
6
CONTINUOUS
10
163.0395489999999938
20
-54.1838750000000005
11
163.0619939999999986
21
-54.1745769999999993
0
LINE
8
BLACK
6
CONTINUOUS
10
163.0619939999999986
20
-54.1745769999999993
11
163.2262319999999818
21
-54.1247569999999953
0
LINE
8
BLACK
6
CONTINUOUS
10
163.2262319999999818
20
-54.1247569999999953
11
163.2500560000000007
21
-54.1200179999999946
0
LINE
8
BLACK
6
CONTINUOUS
10
163.2500560000000007
20
-54.1200179999999946
11
163.4269390000000044
21
-54.1025969999999958
0
LINE
8
BLACK
6
CONTINUOUS
10
163.4269390000000044
20
-54.1025969999999958
11
163.4390929999999855
21
-54.1019999999999968
0
LINE
8
BLACK
6
CONTINUOUS
10
163.4390929999999855
20
-54.1019999999999968
11
177.0938009999999849
21
-54.1019999999999968
0
LINE
8
BLACK
6
CONTINUOUS
10
177.0938009999999849
20
-54.1019999999999968
11
177.160839999999979
21
-54.1216849999999994
0
LINE
8
BLACK
6
CONTINUOUS
10
171.4205000000000041
20
-76.2362600000000015
11
171.4232739999999922
21
-76.2658490000000029
0
LINE
8
BLACK
6
CONTINUOUS
10
171.4232739999999922
20
-76.2658490000000029
11
171.4668839999999932
21
-76.3904759999999925
0
LINE
8
BLACK
6
CONTINUOUS
10
171.4668839999999932
20
-76.3904759999999925
11
171.5452879999999993
21
-76.4967099999999931
0
LINE
8
BLACK
6
CONTINUOUS
10
171.5452879999999993
20
-76.4967099999999931
11
171.5452889999999968
21
-76.4967109999999906
0
LINE
8
BLACK
6
CONTINUOUS
10
171.5452889999999968
20
-76.4967109999999906
11
171.6515229999999974
21
-76.5751149999999967
0
LINE
8
BLACK
6
CONTINUOUS
10
171.6515229999999974
20
-76.5751149999999967
11
171.6515239999999949
21
-76.5751149999999967
0
LINE
8
BLACK
6
CONTINUOUS
10
171.6515239999999949
20
-76.5751149999999967
11
171.6515249999999924
21
-76.5751159999999942
0
LINE
8
BLACK
6
CONTINUOUS
10
171.6515249999999924
20
-76.5751159999999942
11
171.7761509999999987
21
-76.6187249999999977
0
LINE
8
BLACK
6
CONTINUOUS
10
171.7761509999999987
20
-76.6187249999999977
11
171.7761500000000012
21
-76.6187249999999977
0
LINE
8
BLACK
6
CONTINUOUS
10
171.7761500000000012
20
-76.6187249999999977
11
171.8057399999999859
21
-76.6214999999999975
0
LINE
8
BLACK
6
CONTINUOUS
10
171.8057399999999859
20
-76.6214999999999975
11
171.8057440000000042
21
-76.6214999999999975
0
LINE
8
BLACK
6
CONTINUOUS
10
171.8057440000000042
20
-76.6214999999999975
11
172.4112599999999986
21
-76.6214999999999975
0
LINE
8
BLACK
6
CONTINUOUS
10
172.4112599999999986
20
-76.6214999999999975
11
172.4408489999999858
21
-76.6187249999999977
0
LINE
8
BLACK
6
CONTINUOUS
10
172.4408489999999858
20
-76.6187249999999977
11
172.4464619999999968
21
-76.6167609999999968
0
LINE
8
BLACK
6
CONTINUOUS
10
172.4464619999999968
20
-76.6167609999999968
11
172.5654749999999922
21
-76.5751159999999942
0
LINE
8
BLACK
6
CONTINUOUS
10
172.5654749999999922
20
-76.5751159999999942
11
172.5840519999999856
21
-76.5614049999999935
0
LINE
8
BLACK
6
CONTINUOUS
10
172.5840519999999856
20
-76.5614049999999935
11
172.6496779999999944
21
-76.5374319999999955
0
LINE
8
BLACK
6
CONTINUOUS
10
172.6496779999999944
20
-76.5374319999999955
11
172.7054540000000031
21
-76.5499599999999987
0
LINE
8
BLACK
6
CONTINUOUS
10
172.7054540000000031
20
-76.5499599999999987
11
172.7065130000000011
21
-76.5474049999999977
0
LINE
8
BLACK
6
CONTINUOUS
10
172.7065130000000011
20
-76.5474049999999977
11
172.8118350000000021
21
-76.5910300000000035
0
LINE
8
BLACK
6
CONTINUOUS
10
172.8118350000000021
20
-76.5910300000000035
11
172.8601019999999835
21
-76.611023000000003
0
LINE
8
BLACK
6
CONTINUOUS
10
172.8601019999999835
20
-76.611023000000003
11
172.9036869999999908
21
-76.6167609999999968
0
LINE
8
BLACK
6
CONTINUOUS
10
172.9036869999999908
20
-76.6167609999999968
11
173.0168630000000007
21
-76.631660999999994
0
LINE
8
BLACK
6
CONTINUOUS
10
173.0168630000000007
20
-76.631660999999994
11
173.0168639999999982
21
-76.631660999999994
0
LINE
8
BLACK
6
CONTINUOUS
10
173.0168639999999982
20
-76.631660999999994
11
173.0168649999999957
21
-76.631660999999994
0
LINE
8
BLACK
6
CONTINUOUS
10
173.0168649999999957
20
-76.631660999999994
11
173.0691180000000031
21
-76.6247809999999987
0
LINE
8
BLACK
6
CONTINUOUS
10
173.0691180000000031
20
-76.6247809999999987
11
173.1736259999999845
21
-76.611023000000003
0
LINE
8
BLACK
6
CONTINUOUS
10
173.1736259999999845
20
-76.611023000000003
11
173.319704999999999
21
-76.5505149999999901
0
LINE
8
BLACK
6
CONTINUOUS
10
173.319704999999999
20
-76.5505149999999901
11
173.445145999999994
21
-76.4542610000000025
0
LINE
8
BLACK
6
CONTINUOUS
10
173.445145999999994
20
-76.4542610000000025
11
173.5413999999999817
21
-76.3288199999999932
0
LINE
8
BLACK
6
CONTINUOUS
10
173.5413999999999817
20
-76.3288199999999932
11
173.6019079999999803
21
-76.1827409999999929
0
LINE
8
BLACK
6
CONTINUOUS
10
173.6019079999999803
20
-76.1827409999999929
11
173.6225459999999998
21
-76.0259789999999924
0
LINE
8
BLACK
6
CONTINUOUS
10
173.6225459999999998
20
-76.0259789999999924
11
173.6019079999999803
21
-75.8692169999999919
0
LINE
8
BLACK
6
CONTINUOUS
10
173.6019079999999803
20
-75.8692169999999919
11
173.5413999999999817
21
-75.7231379999999916
0
LINE
8
BLACK
6
CONTINUOUS
10
173.5413999999999817
20
-75.7231379999999916
11
173.445145999999994
21
-75.5976969999999966
0
LINE
8
BLACK
6
CONTINUOUS
10
173.445145999999994
20
-75.5976969999999966
11
173.319704999999999
21
-75.5014429999999948
0
LINE
8
BLACK
6
CONTINUOUS
10
173.319704999999999
20
-75.5014429999999948
11
173.2921079999999847
21
-75.490011999999993
0
LINE
8
BLACK
6
CONTINUOUS
10
173.2921079999999847
20
-75.490011999999993
11
173.1736259999999845
21
-75.4409349999999961
0
LINE
8
BLACK
6
CONTINUOUS
10
173.1736259999999845
20
-75.4409349999999961
11
173.1736239999999896
21
-75.4409339999999986
0
LINE
8
BLACK
6
CONTINUOUS
10
173.1736239999999896
20
-75.4409339999999986
11
173.0168649999999957
21
-75.4202969999999908
0
LINE
8
BLACK
6
CONTINUOUS
10
173.0168649999999957
20
-75.4202969999999908
11
173.0168630000000007
21
-75.4202969999999908
0
LINE
8
BLACK
6
CONTINUOUS
10
173.0168630000000007
20
-75.4202969999999908
11
172.860102999999981
21
-75.4409339999999986
0
LINE
8
BLACK
6
CONTINUOUS
10
172.860102999999981
20
-75.4409339999999986
11
172.860100999999986
21
-75.4409349999999961
0
LINE
8
BLACK
6
CONTINUOUS
10
172.860100999999986
20
-75.4409349999999961
11
172.8312369999999873
21
-75.4528909999999939
0
LINE
8
BLACK
6
CONTINUOUS
10
172.8312369999999873
20
-75.4528909999999939
11
172.7617669999999919
21
-75.4603579999999994
0
LINE
8
BLACK
6
CONTINUOUS
10
172.7617669999999919
20
-75.4603579999999994
11
172.6992889999999932
21
-75.429081999999994
0
LINE
8
BLACK
6
CONTINUOUS
10
172.6992889999999932
20
-75.429081999999994
11
172.684014999999988
21
-75.4119609999999909
0
LINE
8
BLACK
6
CONTINUOUS
10
172.684014999999988
20
-75.4119609999999909
11
172.6717099999999903
21
-75.3952879999999936
0
LINE
8
BLACK
6
CONTINUOUS
10
172.6717099999999903
20
-75.3952879999999936
11
172.5654759999999897
21
-75.3168840000000017
0
LINE
8
BLACK
6
CONTINUOUS
10
172.5654759999999897
20
-75.3168840000000017
11
172.4408479999999884
21
-75.2732740000000007
0
LINE
8
BLACK
6
CONTINUOUS
10
172.4408479999999884
20
-75.2732740000000007
11
172.4408489999999858
21
-75.2732740000000007
0
LINE
8
BLACK
6
CONTINUOUS
10
172.4408489999999858
20
-75.2732740000000007
11
172.4112599999999986
21
-75.2704999999999984
0
LINE
8
BLACK
6
CONTINUOUS
10
172.4112599999999986
20
-75.2704999999999984
11
172.4112559999999803
21
-75.2704999999999984
0
LINE
8
BLACK
6
CONTINUOUS
10
172.4112559999999803
20
-75.2704999999999984
11
171.8057440000000042
21
-75.2704999999999984
0
LINE
8
BLACK
6
CONTINUOUS
10
171.8057440000000042
20
-75.2704999999999984
11
171.8057399999999859
21
-75.2704999999999984
0
LINE
8
BLACK
6
CONTINUOUS
10
171.8057399999999859
20
-75.2704999999999984
11
171.7761500000000012
21
-75.2732740000000007
0
LINE
8
BLACK
6
CONTINUOUS
10
171.7761500000000012
20
-75.2732740000000007
11
171.6515229999999974
21
-75.3168840000000017
0
LINE
8
BLACK
6
CONTINUOUS
10
171.6515229999999974
20
-75.3168840000000017
11
171.5452889999999968
21
-75.3952879999999936
0
LINE
8
BLACK
6
CONTINUOUS
10
171.5452889999999968
20
-75.3952879999999936
11
171.5452879999999993
21
-75.3952889999999911
0
LINE
8
BLACK
6
CONTINUOUS
10
171.5452879999999993
20
-75.3952889999999911
11
171.4668839999999932
21
-75.5015229999999917
0
LINE
8
BLACK
6
CONTINUOUS
10
171.4668839999999932
20
-75.5015229999999917
11
171.4232739999999922
21
-75.6261499999999955
0
LINE
8
BLACK
6
CONTINUOUS
10
171.4232739999999922
20
-75.6261499999999955
11
171.4205000000000041
21
-75.655738999999997
0
LINE
8
BLACK
6
CONTINUOUS
10
171.4205000000000041
20
-75.655738999999997
11
171.4205000000000041
21
-76.2362600000000015
0
LINE
8
BLACK
6
CONTINUOUS
10
126.1076069999999874
20
-77.3435769999999962
11
126.2191139999999905
21
-77.400392999999994
0
LINE
8
BLACK
6
CONTINUOUS
10
126.2191139999999905
20
-77.400392999999994
11
126.3076069999999902
21
-77.4888859999999937
0
LINE
8
BLACK
6
CONTINUOUS
10
126.3076069999999902
20
-77.4888859999999937
11
126.3601469999999978
21
-77.5919999999999987
0
LINE
8
BLACK
6
CONTINUOUS
10
126.3601469999999978
20
-77.5919999999999987
11
126.5835000000000008
21
-77.5919999999999987
0
LINE
8
BLACK
6
CONTINUOUS
10
126.5835000000000008
20
-77.5919999999999987
11
126.5835000000000008
21
-77.3919999999999959
0
LINE
8
BLACK
6
CONTINUOUS
10
126.5835000000000008
20
-77.3919999999999959
11
129.383499999999998
21
-77.3919999999999959
0
LINE
8
BLACK
6
CONTINUOUS
10
129.383499999999998
20
-77.3919999999999959
11
129.383499999999998
21
-78.2920000000000016
0
LINE
8
BLACK
6
CONTINUOUS
10
129.383499999999998
20
-78.2920000000000016
11
126.5835000000000008
21
-78.2920000000000016
0
LINE
8
BLACK
6
CONTINUOUS
10
126.5835000000000008
20
-78.2920000000000016
11
126.5835000000000008
21
-78.0919999999999987
0
LINE
8
BLACK
6
CONTINUOUS
10
126.5835000000000008
20
-78.0919999999999987
11
126.1319879999999927
21
-78.0919999999999987
0
LINE
8
BLACK
6
CONTINUOUS
10
126.1319879999999927
20
-78.0919999999999987
11
126.1076069999999874
21
-78.104422999999997
0
LINE
8
BLACK
6
CONTINUOUS
10
126.1076069999999874
20
-78.104422999999997
11
125.9839999999999947
21
-78.1239999999999952
0
LINE
8
BLACK
6
CONTINUOUS
10
125.9839999999999947
20
-78.1239999999999952
11
125.8603929999999878
21
-78.104422999999997
0
LINE
8
BLACK
6
CONTINUOUS
10
125.8603929999999878
20
-78.104422999999997
11
125.8271799999999985
21
-78.0874999999999915
0
LINE
8
BLACK
6
CONTINUOUS
10
125.8271799999999985
20
-78.0874999999999915
11
125.4749999999999943
21
-78.0874999999999915
0
LINE
8
BLACK
6
CONTINUOUS
10
125.4749999999999943
20
-78.0874999999999915
11
125.4569209999999941
21
-78.1783870000000007
0
LINE
8
BLACK
6
CONTINUOUS
10
125.4569209999999941
20
-78.1783870000000007
11
125.4054379999999895
21
-78.2554379999999981
0
LINE
8
BLACK
6
CONTINUOUS
10
125.4054379999999895
20
-78.2554379999999981
11
125.3283869999999922
21
-78.3069210000000027
0
LINE
8
BLACK
6
CONTINUOUS
10
125.3283869999999922
20
-78.3069210000000027
11
125.2374999999999972
21
-78.3250000000000028
0
LINE
8
BLACK
6
CONTINUOUS
10
125.2374999999999972
20
-78.3250000000000028
11
124.7624999999999886
21
-78.3250000000000028
0
LINE
8
BLACK
6
CONTINUOUS
10
124.7624999999999886
20
-78.3250000000000028
11
124.6716129999999936
21
-78.3069210000000027
0
LINE
8
BLACK
6
CONTINUOUS
10
124.6716129999999936
20
-78.3069210000000027
11
124.5945619999999963
21
-78.2554379999999981
0
LINE
8
BLACK
6
CONTINUOUS
10
124.5945619999999963
20
-78.2554379999999981
11
124.5430789999999917
21
-78.1783870000000007
0
LINE
8
BLACK
6
CONTINUOUS
10
124.5430789999999917
20
-78.1783870000000007
11
124.5249999999999915
21
-78.0874999999999915
0
LINE
8
BLACK
6
CONTINUOUS
10
124.5249999999999915
20
-78.0874999999999915
11
124.5249999999999915
21
-77.5874999999999915
0
LINE
8
BLACK
6
CONTINUOUS
10
124.5249999999999915
20
-77.5874999999999915
11
124.5430789999999917
21
-77.4966129999999964
0
LINE
8
BLACK
6
CONTINUOUS
10
124.5430789999999917
20
-77.4966129999999964
11
124.5945619999999963
21
-77.4195619999999991
0
LINE
8
BLACK
6
CONTINUOUS
10
124.5945619999999963
20
-77.4195619999999991
11
124.6716129999999936
21
-77.3680789999999945
0
LINE
8
BLACK
6
CONTINUOUS
10
124.6716129999999936
20
-77.3680789999999945
11
124.7624999999999886
21
-77.3499999999999943
0
LINE
8
BLACK
6
CONTINUOUS
10
124.7624999999999886
20
-77.3499999999999943
11
125.2374999999999972
21
-77.3499999999999943
0
LINE
8
BLACK
6
CONTINUOUS
10
125.2374999999999972
20
-77.3499999999999943
11
125.3283869999999922
21
-77.3680789999999945
0
LINE
8
BLACK
6
CONTINUOUS
10
125.3283869999999922
20
-77.3680789999999945
11
125.4054379999999895
21
-77.4195619999999991
0
LINE
8
BLACK
6
CONTINUOUS
10
125.4054379999999895
20
-77.4195619999999991
11
125.4569209999999941
21
-77.4966129999999964
0
LINE
8
BLACK
6
CONTINUOUS
10
125.4569209999999941
20
-77.4966129999999964
11
125.4749999999999943
21
-77.5874999999999915
0
LINE
8
BLACK
6
CONTINUOUS
10
125.4749999999999943
20
-77.5874999999999915
11
125.6101460000000003
21
-77.5874999999999915
0
LINE
8
BLACK
6
CONTINUOUS
10
125.6101460000000003
20
-77.5874999999999915
11
125.6603929999999991
21
-77.4888859999999937
0
LINE
8
BLACK
6
CONTINUOUS
10
125.6603929999999991
20
-77.4888859999999937
11
125.7488859999999988
21
-77.400392999999994
0
LINE
8
BLACK
6
CONTINUOUS
10
125.7488859999999988
20
-77.400392999999994
11
125.8603929999999878
21
-77.3435769999999962
0
LINE
8
BLACK
6
CONTINUOUS
10
125.8603929999999878
20
-77.3435769999999962
11
125.9839999999999947
21
-77.3239999999999981
0
LINE
8
BLACK
6
CONTINUOUS
10
125.9839999999999947
20
-77.3239999999999981
11
126.1076069999999874
21
-77.3435769999999962
0
LINE
8
BLACK
6
CONTINUOUS
10
181.1459999999999866
20
-76.9059999999999917
11
180.4959999999999809
21
-76.9059999999999917
0
LINE
8
BLACK
6
CONTINUOUS
10
180.4959999999999809
20
-76.9059999999999917
11
180.4959999999999809
21
-77.563999999999993
0
LINE
8
BLACK
6
CONTINUOUS
10
180.4959999999999809
20
-77.563999999999993
11
180.4911960000000022
21
-77.61277299999999
0
LINE
8
BLACK
6
CONTINUOUS
10
180.4911960000000022
20
-77.61277299999999
11
180.474693000000002
21
-77.6526130000000023
0
LINE
8
BLACK
6
CONTINUOUS
10
180.474693000000002
20
-77.6526130000000023
11
180.48599999999999
21
-77.7239999999999895
0
LINE
8
BLACK
6
CONTINUOUS
10
180.48599999999999
20
-77.7239999999999895
11
180.4664229999999918
21
-77.8476069999999964
0
LINE
8
BLACK
6
CONTINUOUS
10
180.4664229999999918
20
-77.8476069999999964
11
180.4096069999999941
21
-77.9591139999999996
0
LINE
8
BLACK
6
CONTINUOUS
10
180.4096069999999941
20
-77.9591139999999996
11
180.3211139999999943
21
-78.0476069999999993
0
LINE
8
BLACK
6
CONTINUOUS
10
180.3211139999999943
20
-78.0476069999999993
11
180.2096070000000054
21
-78.104422999999997
0
LINE
8
BLACK
6
CONTINUOUS
10
180.2096070000000054
20
-78.104422999999997
11
180.0859999999999843
21
-78.1239999999999952
0
LINE
8
BLACK
6
CONTINUOUS
10
180.0859999999999843
20
-78.1239999999999952
11
179.9623929999999916
21
-78.104422999999997
0
LINE
8
BLACK
6
CONTINUOUS
10
179.9623929999999916
20
-78.104422999999997
11
179.8508860000000027
21
-78.0476069999999993
0
LINE
8
BLACK
6
CONTINUOUS
10
179.8508860000000027
20
-78.0476069999999993
11
179.762393000000003
21
-77.9591139999999996
0
LINE
8
BLACK
6
CONTINUOUS
10
179.762393000000003
20
-77.9591139999999996
11
179.7055770000000052
21
-77.8476069999999964
0
LINE
8
BLACK
6
CONTINUOUS
10
179.7055770000000052
20
-77.8476069999999964
11
179.6859999999999786
21
-77.7239999999999895
0
LINE
8
BLACK
6
CONTINUOUS
10
179.6859999999999786
20
-77.7239999999999895
11
179.7055770000000052
21
-77.6003929999999968
0
LINE
8
BLACK
6
CONTINUOUS
10
179.7055770000000052
20
-77.6003929999999968
11
179.762393000000003
21
-77.4888859999999937
0
LINE
8
BLACK
6
CONTINUOUS
10
179.762393000000003
20
-77.4888859999999937
11
179.8508860000000027
21
-77.400392999999994
0
LINE
8
BLACK
6
CONTINUOUS
10
179.8508860000000027
20
-77.400392999999994
11
179.9623929999999916
21
-77.3435769999999962
0
LINE
8
BLACK
6
CONTINUOUS
10
179.9623929999999916
20
-77.3435769999999962
11
179.9959999999999809
21
-77.3382539999999921
0
LINE
8
BLACK
6
CONTINUOUS
10
179.9959999999999809
20
-77.3382539999999921
11
179.9959999999999809
21
-76.9059999999999917
0
LINE
8
BLACK
6
CONTINUOUS
10
179.9959999999999809
20
-76.9059999999999917
11
179.3460000000000036
21
-76.9059999999999917
0
LINE
8
BLACK
6
CONTINUOUS
10
179.3460000000000036
20
-76.9059999999999917
11
179.3460000000000036
21
-76.2560000000000002
0
LINE
8
BLACK
6
CONTINUOUS
10
179.3460000000000036
20
-76.2560000000000002
11
181.1459999999999866
21
-76.2560000000000002
0
LINE
8
BLACK
6
CONTINUOUS
10
181.1459999999999866
20
-76.2560000000000002
11
181.1459999999999866
21
-76.9059999999999917
0
LINE
8
BLACK
6
CONTINUOUS
10
170.6243869999999845
20
-75.4890789999999896
11
170.701437999999996
21
-75.5405619999999942
0
LINE
8
BLACK
6
CONTINUOUS
10
170.701437999999996
20
-75.5405619999999942
11
170.7529209999999864
21
-75.6176129999999915
0
LINE
8
BLACK
6
CONTINUOUS
10
170.7529209999999864
20
-75.6176129999999915
11
170.7709999999999866
21
-75.7085000000000008
0
LINE
8
BLACK
6
CONTINUOUS
10
170.7709999999999866
20
-75.7085000000000008
11
170.7709999999999866
21
-76.1834999999999951
0
LINE
8
BLACK
6
CONTINUOUS
10
170.7709999999999866
20
-76.1834999999999951
11
170.7529209999999864
21
-76.2743869999999902
0
LINE
8
BLACK
6
CONTINUOUS
10
170.7529209999999864
20
-76.2743869999999902
11
170.701437999999996
21
-76.3514380000000017
0
LINE
8
BLACK
6
CONTINUOUS
10
170.701437999999996
20
-76.3514380000000017
11
170.6243869999999845
21
-76.4029209999999921
0
LINE
8
BLACK
6
CONTINUOUS
10
170.6243869999999845
20
-76.4029209999999921
11
170.5335000000000036
21
-76.4209999999999923
0
LINE
8
BLACK
6
CONTINUOUS
10
170.5335000000000036
20
-76.4209999999999923
11
170.0335000000000036
21
-76.4209999999999923
0
LINE
8
BLACK
6
CONTINUOUS
10
170.0335000000000036
20
-76.4209999999999923
11
169.9426129999999944
21
-76.4029209999999921
0
LINE
8
BLACK
6
CONTINUOUS
10
169.9426129999999944
20
-76.4029209999999921
11
169.8655619999999828
21
-76.3514380000000017
0
LINE
8
BLACK
6
CONTINUOUS
10
169.8655619999999828
20
-76.3514380000000017
11
169.8140789999999924
21
-76.2743869999999902
0
LINE
8
BLACK
6
CONTINUOUS
10
169.8140789999999924
20
-76.2743869999999902
11
169.8016779999999812
21
-76.2120489999999933
0
LINE
8
BLACK
6
CONTINUOUS
10
169.8016779999999812
20
-76.2120489999999933
11
169.7984229999999854
21
-76.2326070000000016
0
LINE
8
BLACK
6
CONTINUOUS
10
169.7984229999999854
20
-76.2326070000000016
11
169.7416069999999877
21
-76.3441139999999905
0
LINE
8
BLACK
6
CONTINUOUS
10
169.7416069999999877
20
-76.3441139999999905
11
169.653113999999988
21
-76.4326069999999902
0
LINE
8
BLACK
6
CONTINUOUS
10
169.653113999999988
20
-76.4326069999999902
11
169.5416069999999991
21
-76.4894230000000022
0
LINE
8
BLACK
6
CONTINUOUS
10
169.5416069999999991
20
-76.4894230000000022
11
169.4180000000000064
21
-76.5090000000000003
0
LINE
8
BLACK
6
CONTINUOUS
10
169.4180000000000064
20
-76.5090000000000003
11
169.2943929999999852
21
-76.4894230000000022
0
LINE
8
BLACK
6
CONTINUOUS
10
169.2943929999999852
20
-76.4894230000000022
11
169.1828859999999963
21
-76.4326069999999902
0
LINE
8
BLACK
6
CONTINUOUS
10
169.1828859999999963
20
-76.4326069999999902
11
169.0943929999999966
21
-76.3441139999999905
0
LINE
8
BLACK
6
CONTINUOUS
10
169.0943929999999966
20
-76.3441139999999905
11
169.0375769999999989
21
-76.2326070000000016
0
LINE
8
BLACK
6
CONTINUOUS
10
169.0375769999999989
20
-76.2326070000000016
11
169.0180000000000007
21
-76.1089999999999947
0
LINE
8
BLACK
6
CONTINUOUS
10
169.0180000000000007
20
-76.1089999999999947
11
169.0375769999999989
21
-75.985393000000002
0
LINE
8
BLACK
6
CONTINUOUS
10
169.0375769999999989
20
-75.985393000000002
11
169.0943929999999966
21
-75.8738859999999988
0
LINE
8
BLACK
6
CONTINUOUS
10
169.0943929999999966
20
-75.8738859999999988
11
169.1828859999999963
21
-75.7853929999999991
0
LINE
8
BLACK
6
CONTINUOUS
10
169.1828859999999963
20
-75.7853929999999991
11
169.2943929999999852
21
-75.7285770000000014
0
LINE
8
BLACK
6
CONTINUOUS
10
169.2943929999999852
20
-75.7285770000000014
11
169.4180000000000064
21
-75.7090000000000032
0
LINE
8
BLACK
6
CONTINUOUS
10
169.4180000000000064
20
-75.7090000000000032
11
169.5416069999999991
21
-75.7285770000000014
0
LINE
8
BLACK
6
CONTINUOUS
10
169.5416069999999991
20
-75.7285770000000014
11
169.653113999999988
21
-75.7853929999999991
0
LINE
8
BLACK
6
CONTINUOUS
10
169.653113999999988
20
-75.7853929999999991
11
169.6637209999999811
21
-75.7959999999999923
0
LINE
8
BLACK
6
CONTINUOUS
10
169.6637209999999811
20
-75.7959999999999923
11
169.7959999999999923
21
-75.7959999999999923
0
LINE
8
BLACK
6
CONTINUOUS
10
169.7959999999999923
20
-75.7959999999999923
11
169.7959999999999923
21
-75.7085000000000008
0
LINE
8
BLACK
6
CONTINUOUS
10
169.7959999999999923
20
-75.7085000000000008
11
169.8140789999999924
21
-75.6176129999999915
0
LINE
8
BLACK
6
CONTINUOUS
10
169.8140789999999924
20
-75.6176129999999915
11
169.8655619999999828
21
-75.5405619999999942
0
LINE
8
BLACK
6
CONTINUOUS
10
169.8655619999999828
20
-75.5405619999999942
11
169.9426129999999944
21
-75.4890789999999896
0
LINE
8
BLACK
6
CONTINUOUS
10
169.9426129999999944
20
-75.4890789999999896
11
170.0335000000000036
21
-75.4710000000000036
0
LINE
8
BLACK
6
CONTINUOUS
10
170.0335000000000036
20
-75.4710000000000036
11
170.5335000000000036
21
-75.4710000000000036
0
LINE
8
BLACK
6
CONTINUOUS
10
170.5335000000000036
20
-75.4710000000000036
11
170.6243869999999845
21
-75.4890789999999896
0
LINE
8
BLACK
6
CONTINUOUS
10
129.2693869999999947
20
-75.4890789999999896
11
129.3464380000000062
21
-75.5405619999999942
0
LINE
8
BLACK
6
CONTINUOUS
10
129.3464380000000062
20
-75.5405619999999942
11
129.3979209999999966
21
-75.6176129999999915
0
LINE
8
BLACK
6
CONTINUOUS
10
129.3979209999999966
20
-75.6176129999999915
11
129.4159999999999968
21
-75.7085000000000008
0
LINE
8
BLACK
6
CONTINUOUS
10
129.4159999999999968
20
-75.7085000000000008
11
129.4159999999999968
21
-75.7959999999999923
0
LINE
8
BLACK
6
CONTINUOUS
10
129.4159999999999968
20
-75.7959999999999923
11
129.4270249999999862
21
-75.7959999999999923
0
LINE
8
BLACK
6
CONTINUOUS
10
129.4270249999999862
20
-75.7959999999999923
11
129.4703930000000014
21
-75.7108860000000021
0
LINE
8
BLACK
6
CONTINUOUS
10
129.4703930000000014
20
-75.7108860000000021
11
129.5588860000000011
21
-75.6223930000000024
0
LINE
8
BLACK
6
CONTINUOUS
10
129.5588860000000011
20
-75.6223930000000024
11
129.67039299999999
21
-75.5655769999999904
0
LINE
8
BLACK
6
CONTINUOUS
10
129.67039299999999
20
-75.5655769999999904
11
129.7939999999999827
21
-75.5459999999999923
0
LINE
8
BLACK
6
CONTINUOUS
10
129.7939999999999827
20
-75.5459999999999923
11
129.9176070000000038
21
-75.5655769999999904
0
LINE
8
BLACK
6
CONTINUOUS
10
129.9176070000000038
20
-75.5655769999999904
11
130.0291139999999928
21
-75.6223930000000024
0
LINE
8
BLACK
6
CONTINUOUS
10
130.0291139999999928
20
-75.6223930000000024
11
130.1176069999999925
21
-75.7108860000000021
0
LINE
8
BLACK
6
CONTINUOUS
10
130.1176069999999925
20
-75.7108860000000021
11
130.1744229999999902
21
-75.822392999999991
0
LINE
8
BLACK
6
CONTINUOUS
10
130.1744229999999902
20
-75.822392999999991
11
130.1939999999999884
21
-75.945999999999998
0
LINE
8
BLACK
6
CONTINUOUS
10
130.1939999999999884
20
-75.945999999999998
11
130.1744229999999902
21
-76.0696069999999906
0
LINE
8
BLACK
6
CONTINUOUS
10
130.1744229999999902
20
-76.0696069999999906
11
130.1176069999999925
21
-76.1811139999999938
0
LINE
8
BLACK
6
CONTINUOUS
10
130.1176069999999925
20
-76.1811139999999938
11
130.0291139999999928
21
-76.2696069999999935
0
LINE
8
BLACK
6
CONTINUOUS
10
130.0291139999999928
20
-76.2696069999999935
11
129.9176070000000038
21
-76.3264229999999912
0
LINE
8
BLACK
6
CONTINUOUS
10
129.9176070000000038
20
-76.3264229999999912
11
129.7939999999999827
21
-76.3460000000000036
0
LINE
8
BLACK
6
CONTINUOUS
10
129.7939999999999827
20
-76.3460000000000036
11
129.67039299999999
21
-76.3264229999999912
0
LINE
8
BLACK
6
CONTINUOUS
10
129.67039299999999
20
-76.3264229999999912
11
129.5588860000000011
21
-76.2696069999999935
0
LINE
8
BLACK
6
CONTINUOUS
10
129.5588860000000011
20
-76.2696069999999935
11
129.4703930000000014
21
-76.1811139999999938
0
LINE
8
BLACK
6
CONTINUOUS
10
129.4703930000000014
20
-76.1811139999999938
11
129.4270249999999862
21
-76.0960000000000036
0
LINE
8
BLACK
6
CONTINUOUS
10
129.4270249999999862
20
-76.0960000000000036
11
129.4159999999999968
21
-76.0960000000000036
0
LINE
8
BLACK
6
CONTINUOUS
10
129.4159999999999968
20
-76.0960000000000036
11
129.4159999999999968
21
-76.1834999999999951
0
LINE
8
BLACK
6
CONTINUOUS
10
129.4159999999999968
20
-76.1834999999999951
11
129.3979209999999966
21
-76.2743869999999902
0
LINE
8
BLACK
6
CONTINUOUS
10
129.3979209999999966
20
-76.2743869999999902
11
129.3464380000000062
21
-76.3514380000000017
0
LINE
8
BLACK
6
CONTINUOUS
10
129.3464380000000062
20
-76.3514380000000017
11
129.2693869999999947
21
-76.4029209999999921
0
LINE
8
BLACK
6
CONTINUOUS
10
129.2693869999999947
20
-76.4029209999999921
11
129.1784999999999854
21
-76.4209999999999923
0
LINE
8
BLACK
6
CONTINUOUS
10
129.1784999999999854
20
-76.4209999999999923
11
128.6784999999999854
21
-76.4209999999999923
0
LINE
8
BLACK
6
CONTINUOUS
10
128.6784999999999854
20
-76.4209999999999923
11
128.5876130000000046
21
-76.4029209999999921
0
LINE
8
BLACK
6
CONTINUOUS
10
128.5876130000000046
20
-76.4029209999999921
11
128.5105619999999931
21
-76.3514380000000017
0
LINE
8
BLACK
6
CONTINUOUS
10
128.5105619999999931
20
-76.3514380000000017
11
128.4590790000000027
21
-76.2743869999999902
0
LINE
8
BLACK
6
CONTINUOUS
10
128.4590790000000027
20
-76.2743869999999902
11
128.4410000000000025
21
-76.1834999999999951
0
LINE
8
BLACK
6
CONTINUOUS
10
128.4410000000000025
20
-76.1834999999999951
11
128.4410000000000025
21
-75.7085000000000008
0
LINE
8
BLACK
6
CONTINUOUS
10
128.4410000000000025
20
-75.7085000000000008
11
128.4590790000000027
21
-75.6176129999999915
0
LINE
8
BLACK
6
CONTINUOUS
10
128.4590790000000027
20
-75.6176129999999915
11
128.5105619999999931
21
-75.5405619999999942
0
LINE
8
BLACK
6
CONTINUOUS
10
128.5105619999999931
20
-75.5405619999999942
11
128.5876130000000046
21
-75.4890789999999896
0
LINE
8
BLACK
6
CONTINUOUS
10
128.5876130000000046
20
-75.4890789999999896
11
128.6784999999999854
21
-75.4710000000000036
0
LINE
8
BLACK
6
CONTINUOUS
10
128.6784999999999854
20
-75.4710000000000036
11
129.1784999999999854
21
-75.4710000000000036
0
LINE
8
BLACK
6
CONTINUOUS
10
129.1784999999999854
20
-75.4710000000000036
11
129.2693869999999947
21
-75.4890789999999896
0
LINE
8
BLACK
6
CONTINUOUS
10
138.2375739999999951
20
-74.4661849999999959
11
138.2582160000000044
21
-74.4828189999999921
0
LINE
8
BLACK
6
CONTINUOUS
10
138.2582160000000044
20
-74.4828189999999921
11
138.5493060000000014
21
-74.7739090000000033
0
LINE
8
BLACK
6
CONTINUOUS
10
138.5493060000000014
20
-74.7739090000000033
11
138.5827909999999861
21
-74.8352319999999906
0
LINE
8
BLACK
6
CONTINUOUS
10
138.5827909999999861
20
-74.8352319999999906
11
138.5778070000000071
21
-74.9049239999999941
0
LINE
8
BLACK
6
CONTINUOUS
10
138.5778070000000071
20
-74.9049239999999941
11
138.5543289999999956
21
-74.9414589999999947
0
LINE
8
BLACK
6
CONTINUOUS
10
138.5543289999999956
20
-74.9414589999999947
11
138.5548069999999825
21
-74.9418119999999988
0
LINE
8
BLACK
6
CONTINUOUS
10
138.5548069999999825
20
-74.9418119999999988
11
138.5493559999999889
21
-74.9491960000000006
0
LINE
8
BLACK
6
CONTINUOUS
10
138.5493559999999889
20
-74.9491960000000006
11
138.5493129999999837
21
-74.9492649999999969
0
LINE
8
BLACK
6
CONTINUOUS
10
138.5493129999999837
20
-74.9492649999999969
11
138.54928799999999
21
-74.9492889999999932
0
LINE
8
BLACK
6
CONTINUOUS
10
138.54928799999999
20
-74.9492889999999932
11
138.4708839999999839
21
-75.0555229999999938
0
LINE
8
BLACK
6
CONTINUOUS
10
138.4708839999999839
20
-75.0555229999999938
11
138.4272749999999803
21
-75.180146999999991
0
LINE
8
BLACK
6
CONTINUOUS
10
138.4272749999999803
20
-75.180146999999991
11
138.4272749999999803
21
-75.1801509999999951
0
LINE
8
BLACK
6
CONTINUOUS
10
138.4272749999999803
20
-75.1801509999999951
11
138.4255469999999946
21
-75.1985770000000002
0
LINE
8
BLACK
6
CONTINUOUS
10
138.4255469999999946
20
-75.1985770000000002
11
138.39969099999999
21
-75.2634839999999912
0
LINE
8
BLACK
6
CONTINUOUS
10
138.39969099999999
20
-75.2634839999999912
11
138.3428459999999802
21
-75.3041099999999943
0
LINE
8
BLACK
6
CONTINUOUS
10
138.3428459999999802
20
-75.3041099999999943
11
138.3020889999999952
21
-75.3109999999999928
0
LINE
8
BLACK
6
CONTINUOUS
10
138.3020889999999952
20
-75.3109999999999928
11
138.1466110000000072
21
-75.3109999999999928
0
LINE
8
BLACK
6
CONTINUOUS
10
138.1466110000000072
20
-75.3109999999999928
11
138.0795719999999847
21
-75.2913149999999973
0
LINE
8
BLACK
6
CONTINUOUS
10
138.0795719999999847
20
-75.2913149999999973
11
138.0338169999999991
21
-75.2385110000000026
0
LINE
8
BLACK
6
CONTINUOUS
10
138.0338169999999991
20
-75.2385110000000026
11
138.0233220000000074
21
-75.200255999999996
0
LINE
8
BLACK
6
CONTINUOUS
10
138.0233220000000074
20
-75.200255999999996
11
138.0187579999999912
21
-75.1578119999999927
0
LINE
8
BLACK
6
CONTINUOUS
10
138.0187579999999912
20
-75.1578119999999927
11
137.9697669999999903
21
-75.0264619999999951
0
LINE
8
BLACK
6
CONTINUOUS
10
137.9697669999999903
20
-75.0264619999999951
11
137.8857579999999814
21
-74.9142409999999899
0
LINE
8
BLACK
6
CONTINUOUS
10
137.8857579999999814
20
-74.9142409999999899
11
137.7735370000000046
21
-74.8302319999999952
0
LINE
8
BLACK
6
CONTINUOUS
10
137.7735370000000046
20
-74.8302319999999952
11
137.6421870000000069
21
-74.7812409999999943
0
LINE
8
BLACK
6
CONTINUOUS
10
137.6421870000000069
20
-74.7812409999999943
11
137.5841460000000041
21
-74.7749999999999915
0
LINE
8
BLACK
6
CONTINUOUS
10
137.5841460000000041
20
-74.7749999999999915
11
137.5374999999999943
21
-74.7749999999999915
0
LINE
8
BLACK
6
CONTINUOUS
10
137.5374999999999943
20
-74.7749999999999915
11
137.5374999999999943
21
-75.0249999999999915
0
LINE
8
BLACK
6
CONTINUOUS
10
137.5374999999999943
20
-75.0249999999999915
11
137.6283870000000036
21
-75.0430789999999917
0
LINE
8
BLACK
6
CONTINUOUS
10
137.6283870000000036
20
-75.0430789999999917
11
137.7054379999999867
21
-75.0945619999999963
0
LINE
8
BLACK
6
CONTINUOUS
10
137.7054379999999867
20
-75.0945619999999963
11
137.7569210000000055
21
-75.1716129999999936
0
LINE
8
BLACK
6
CONTINUOUS
10
137.7569210000000055
20
-75.1716129999999936
11
137.7750000000000057
21
-75.2625000000000028
0
LINE
8
BLACK
6
CONTINUOUS
10
137.7750000000000057
20
-75.2625000000000028
11
137.7750000000000057
21
-75.7374999999999972
0
LINE
8
BLACK
6
CONTINUOUS
10
137.7750000000000057
20
-75.7374999999999972
11
137.7569210000000055
21
-75.8283869999999922
0
LINE
8
BLACK
6
CONTINUOUS
10
137.7569210000000055
20
-75.8283869999999922
11
137.7054379999999867
21
-75.9054379999999895
0
LINE
8
BLACK
6
CONTINUOUS
10
137.7054379999999867
20
-75.9054379999999895
11
137.6283870000000036
21
-75.9569209999999941
0
LINE
8
BLACK
6
CONTINUOUS
10
137.6283870000000036
20
-75.9569209999999941
11
137.5374999999999943
21
-75.9749999999999943
0
LINE
8
BLACK
6
CONTINUOUS
10
137.5374999999999943
20
-75.9749999999999943
11
137.0374999999999943
21
-75.9749999999999943
0
LINE
8
BLACK
6
CONTINUOUS
10
137.0374999999999943
20
-75.9749999999999943
11
136.946612999999985
21
-75.9569209999999941
0
LINE
8
BLACK
6
CONTINUOUS
10
136.946612999999985
20
-75.9569209999999941
11
136.8695620000000019
21
-75.9054379999999895
0
LINE
8
BLACK
6
CONTINUOUS
10
136.8695620000000019
20
-75.9054379999999895
11
136.8180789999999831
21
-75.8283869999999922
0
LINE
8
BLACK
6
CONTINUOUS
10
136.8180789999999831
20
-75.8283869999999922
11
136.8024859999999876
21
-75.75
0
LINE
8
BLACK
6
CONTINUOUS
10
136.8024859999999876
20
-75.75
11
136.7292699999999854
21
-75.75
0
LINE
8
BLACK
6
CONTINUOUS
10
136.7292699999999854
20
-75.75
11
136.723606999999987
21
-75.7611139999999921
0
LINE
8
BLACK
6
CONTINUOUS
10
136.723606999999987
20
-75.7611139999999921
11
136.6351139999999873
21
-75.8496069999999918
0
LINE
8
BLACK
6
CONTINUOUS
10
136.6351139999999873
20
-75.8496069999999918
11
136.5236069999999984
21
-75.9064229999999895
0
LINE
8
BLACK
6
CONTINUOUS
10
136.5236069999999984
20
-75.9064229999999895
11
136.4000000000000057
21
-75.9260000000000019
0
LINE
8
BLACK
6
CONTINUOUS
10
136.4000000000000057
20
-75.9260000000000019
11
136.2763929999999846
21
-75.9064229999999895
0
LINE
8
BLACK
6
CONTINUOUS
10
136.2763929999999846
20
-75.9064229999999895
11
136.1648859999999956
21
-75.8496069999999918
0
LINE
8
BLACK
6
CONTINUOUS
10
136.1648859999999956
20
-75.8496069999999918
11
136.0763929999999959
21
-75.7611139999999921
0
LINE
8
BLACK
6
CONTINUOUS
10
136.0763929999999959
20
-75.7611139999999921
11
136.0195769999999982
21
-75.6496070000000032
0
LINE
8
BLACK
6
CONTINUOUS
10
136.0195769999999982
20
-75.6496070000000032
11
136.
21
-75.5259999999999962
0
LINE
8
BLACK
6
CONTINUOUS
10
136.
20
-75.5259999999999962
11
136.0195769999999982
21
-75.4023930000000036
0
LINE
8
BLACK
6
CONTINUOUS
10
136.0195769999999982
20
-75.4023930000000036
11
136.0763929999999959
21
-75.2908860000000004
0
LINE
8
BLACK
6
CONTINUOUS
10
136.0763929999999959
20
-75.2908860000000004
11
136.1648859999999956
21
-75.2023930000000007
0
LINE
8
BLACK
6
CONTINUOUS
10
136.1648859999999956
20
-75.2023930000000007
11
136.2763929999999846
21
-75.145577000000003
0
LINE
8
BLACK
6
CONTINUOUS
10
136.2763929999999846
20
-75.145577000000003
11
136.4000000000000057
21
-75.1259999999999906
0
LINE
8
BLACK
6
CONTINUOUS
10
136.4000000000000057
20
-75.1259999999999906
11
136.5236069999999984
21
-75.145577000000003
0
LINE
8
BLACK
6
CONTINUOUS
10
136.5236069999999984
20
-75.145577000000003
11
136.6351139999999873
21
-75.2023930000000007
0
LINE
8
BLACK
6
CONTINUOUS
10
136.6351139999999873
20
-75.2023930000000007
11
136.6827209999999866
21
-75.25
0
LINE
8
BLACK
6
CONTINUOUS
10
136.6827209999999866
20
-75.25
11
136.8024859999999876
21
-75.25
0
LINE
8
BLACK
6
CONTINUOUS
10
136.8024859999999876
20
-75.25
11
136.8180789999999831
21
-75.1716129999999936
0
LINE
8
BLACK
6
CONTINUOUS
10
136.8180789999999831
20
-75.1716129999999936
11
136.8695620000000019
21
-75.0945619999999963
0
LINE
8
BLACK
6
CONTINUOUS
10
136.8695620000000019
20
-75.0945619999999963
11
136.946612999999985
21
-75.0430789999999917
0
LINE
8
BLACK
6
CONTINUOUS
10
136.946612999999985
20
-75.0430789999999917
11
137.0374999999999943
21
-75.0249999999999915
0
LINE
8
BLACK
6
CONTINUOUS
10
137.0374999999999943
20
-75.0249999999999915
11
137.0802919999999858
21
-75.0249999999999915
0
LINE
8
BLACK
6
CONTINUOUS
10
137.0802919999999858
20
-75.0249999999999915
11
137.0718929999999887
21
-75.0181070000000005
0
LINE
8
BLACK
6
CONTINUOUS
10
137.0718929999999887
20
-75.0181070000000005
11
137.0374999999999943
21
-74.9761979999999966
0
LINE
8
BLACK
6
CONTINUOUS
10
137.0374999999999943
20
-74.9761979999999966
11
137.0374999999999943
21
-74.7749999999999915
0
LINE
8
BLACK
6
CONTINUOUS
10
137.0374999999999943
20
-74.7749999999999915
11
136.9908619999999928
21
-74.7749999999999915
0
LINE
8
BLACK
6
CONTINUOUS
10
136.9908619999999928
20
-74.7749999999999915
11
136.9867729999999995
21
-74.7754400000000032
0
LINE
8
BLACK
6
CONTINUOUS
10
136.9867729999999995
20
-74.7754400000000032
11
136.9180139999999994
21
-74.763032999999993
0
LINE
8
BLACK
6
CONTINUOUS
10
136.9180139999999994
20
-74.763032999999993
11
136.8668779999999856
21
-74.7154209999999921
0
LINE
8
BLACK
6
CONTINUOUS
10
136.8668779999999856
20
-74.7154209999999921
11
136.8641790000000071
21
-74.7106319999999897
0
LINE
8
BLACK
6
CONTINUOUS
10
136.8641790000000071
20
-74.7106319999999897
11
136.8608710000000031
21
-74.7044429999999977
0
LINE
8
BLACK
6
CONTINUOUS
10
136.8608710000000031
20
-74.7044429999999977
11
136.8515749999999969
21
-74.6819969999999955
0
LINE
8
BLACK
6
CONTINUOUS
10
136.8515749999999969
20
-74.6819969999999955
11
136.8286719999999832
21
-74.6064939999999979
0
LINE
8
BLACK
6
CONTINUOUS
10
136.8286719999999832
20
-74.6064939999999979
11
136.8280489999999929
21
-74.5366279999999932
0
LINE
8
BLACK
6
CONTINUOUS
10
136.8280489999999929
20
-74.5366279999999932
11
136.8652979999999957
21
-74.4775149999999968
0
LINE
8
BLACK
6
CONTINUOUS
10
136.8652979999999957
20
-74.4775149999999968
11
136.9285919999999805
21
-74.4479240000000004
0
LINE
8
BLACK
6
CONTINUOUS
10
136.9285919999999805
20
-74.4479240000000004
11
136.9473329999999862
21
-74.4465000000000003
0
LINE
8
BLACK
6
CONTINUOUS
10
136.9473329999999862
20
-74.4465000000000003
11
138.170535000000001
21
-74.4465000000000003
0
LINE
8
BLACK
6
CONTINUOUS
10
138.170535000000001
20
-74.4465000000000003
11
138.2375739999999951
21
-74.4661849999999959
0
LINE
8
BLACK
6
CONTINUOUS
10
139.6084999999999923
20
-73.5459999999999923
11
139.6362790000000018
21
-73.5459999999999923
0
LINE
8
BLACK
6
CONTINUOUS
10
139.6362790000000018
20
-73.5459999999999923
11
139.7188859999999977
21
-73.4633929999999964
0
LINE
8
BLACK
6
CONTINUOUS
10
139.7188859999999977
20
-73.4633929999999964
11
139.8303929999999866
21
-73.4065769999999986
0
LINE
8
BLACK
6
CONTINUOUS
10
139.8303929999999866
20
-73.4065769999999986
11
139.9540000000000077
21
-73.3870000000000005
0
LINE
8
BLACK
6
CONTINUOUS
10
139.9540000000000077
20
-73.3870000000000005
11
140.0776070000000004
21
-73.4065769999999986
0
LINE
8
BLACK
6
CONTINUOUS
10
140.0776070000000004
20
-73.4065769999999986
11
140.1891139999999893
21
-73.4633929999999964
0
LINE
8
BLACK
6
CONTINUOUS
10
140.1891139999999893
20
-73.4633929999999964
11
140.2776069999999891
21
-73.5518859999999961
0
LINE
8
BLACK
6
CONTINUOUS
10
140.2776069999999891
20
-73.5518859999999961
11
140.3344229999999868
21
-73.6633929999999992
0
LINE
8
BLACK
6
CONTINUOUS
10
140.3344229999999868
20
-73.6633929999999992
11
140.353999999999985
21
-73.7869999999999919
0
LINE
8
BLACK
6
CONTINUOUS
10
140.353999999999985
20
-73.7869999999999919
11
140.3344229999999868
21
-73.9106069999999988
0
LINE
8
BLACK
6
CONTINUOUS
10
140.3344229999999868
20
-73.9106069999999988
11
140.2776069999999891
21
-74.022114000000002
0
LINE
8
BLACK
6
CONTINUOUS
10
140.2776069999999891
20
-74.022114000000002
11
140.1891139999999893
21
-74.1106070000000017
0
LINE
8
BLACK
6
CONTINUOUS
10
140.1891139999999893
20
-74.1106070000000017
11
140.0776070000000004
21
-74.1674229999999994
0
LINE
8
BLACK
6
CONTINUOUS
10
140.0776070000000004
20
-74.1674229999999994
11
139.9540000000000077
21
-74.1869999999999976
0
LINE
8
BLACK
6
CONTINUOUS
10
139.9540000000000077
20
-74.1869999999999976
11
139.8303929999999866
21
-74.1674229999999994
0
LINE
8
BLACK
6
CONTINUOUS
10
139.8303929999999866
20
-74.1674229999999994
11
139.7188859999999977
21
-74.1106070000000017
0
LINE
8
BLACK
6
CONTINUOUS
10
139.7188859999999977
20
-74.1106070000000017
11
139.6542790000000025
21
-74.0459999999999923
0
LINE
8
BLACK
6
CONTINUOUS
10
139.6542790000000025
20
-74.0459999999999923
11
139.6084999999999923
21
-74.0459999999999923
0
LINE
8
BLACK
6
CONTINUOUS
10
139.6084999999999923
20
-74.0459999999999923
11
139.6084999999999923
21
-74.2459999999999951
0
LINE
8
BLACK
6
CONTINUOUS
10
139.6084999999999923
20
-74.2459999999999951
11
139.0120540000000062
21
-74.2459999999999951
0
LINE
8
BLACK
6
CONTINUOUS
10
139.0120540000000062
20
-74.2459999999999951
11
139.2892769999999985
21
-74.5232230000000015
0
LINE
8
BLACK
6
CONTINUOUS
10
139.2892769999999985
20
-74.5232230000000015
11
139.3203619999999887
21
-74.5611019999999911
0
LINE
8
BLACK
6
CONTINUOUS
10
139.3203619999999887
20
-74.5611019999999911
11
139.3203670000000045
21
-74.5611069999999927
0
LINE
8
BLACK
6
CONTINUOUS
10
139.3203670000000045
20
-74.5611069999999927
11
139.3576960000000042
21
-74.6512269999999916
0
LINE
8
BLACK
6
CONTINUOUS
10
139.3576960000000042
20
-74.6512269999999916
11
139.3624999999999829
21
-74.7000000000000028
0
LINE
8
BLACK
6
CONTINUOUS
10
139.3624999999999829
20
-74.7000000000000028
11
139.3624999999999829
21
-75.0249999999999915
0
LINE
8
BLACK
6
CONTINUOUS
10
139.3624999999999829
20
-75.0249999999999915
11
139.4533869999999922
21
-75.0430789999999917
0
LINE
8
BLACK
6
CONTINUOUS
10
139.4533869999999922
20
-75.0430789999999917
11
139.5304380000000037
21
-75.0945619999999963
0
LINE
8
BLACK
6
CONTINUOUS
10
139.5304380000000037
20
-75.0945619999999963
11
139.5819209999999941
21
-75.1716129999999936
0
LINE
8
BLACK
6
CONTINUOUS
10
139.5819209999999941
20
-75.1716129999999936
11
139.5999999999999943
21
-75.2625000000000028
0
LINE
8
BLACK
6
CONTINUOUS
10
139.5999999999999943
20
-75.2625000000000028
11
139.5999999999999943
21
-75.7374999999999972
0
LINE
8
BLACK
6
CONTINUOUS
10
139.5999999999999943
20
-75.7374999999999972
11
139.5819209999999941
21
-75.8283869999999922
0
LINE
8
BLACK
6
CONTINUOUS
10
139.5819209999999941
20
-75.8283869999999922
11
139.5304380000000037
21
-75.9054379999999895
0
LINE
8
BLACK
6
CONTINUOUS
10
139.5304380000000037
20
-75.9054379999999895
11
139.4533869999999922
21
-75.9569209999999941
0
LINE
8
BLACK
6
CONTINUOUS
10
139.4533869999999922
20
-75.9569209999999941
11
139.3624999999999829
21
-75.9749999999999943
0
LINE
8
BLACK
6
CONTINUOUS
10
139.3624999999999829
20
-75.9749999999999943
11
138.8624999999999829
21
-75.9749999999999943
0
LINE
8
BLACK
6
CONTINUOUS
10
138.8624999999999829
20
-75.9749999999999943
11
138.7716130000000021
21
-75.9569209999999941
0
LINE
8
BLACK
6
CONTINUOUS
10
138.7716130000000021
20
-75.9569209999999941
11
138.6945619999999906
21
-75.9054379999999895
0
LINE
8
BLACK
6
CONTINUOUS
10
138.6945619999999906
20
-75.9054379999999895
11
138.6430790000000002
21
-75.8283869999999922
0
LINE
8
BLACK
6
CONTINUOUS
10
138.6430790000000002
20
-75.8283869999999922
11
138.625
21
-75.7374999999999972
0
LINE
8
BLACK
6
CONTINUOUS
10
138.625
20
-75.7374999999999972
11
138.625
21
-75.2625000000000028
0
LINE
8
BLACK
6
CONTINUOUS
10
138.625
20
-75.2625000000000028
11
138.6430790000000002
21
-75.1716129999999936
0
LINE
8
BLACK
6
CONTINUOUS
10
138.6430790000000002
20
-75.1716129999999936
11
138.6945619999999906
21
-75.0945619999999963
0
LINE
8
BLACK
6
CONTINUOUS
10
138.6945619999999906
20
-75.0945619999999963
11
138.7716130000000021
21
-75.0430789999999917
0
LINE
8
BLACK
6
CONTINUOUS
10
138.7716130000000021
20
-75.0430789999999917
11
138.8624999999999829
21
-75.0249999999999915
0
LINE
8
BLACK
6
CONTINUOUS
10
138.8624999999999829
20
-75.0249999999999915
11
138.8624999999999829
21
-74.8035539999999912
0
LINE
8
BLACK
6
CONTINUOUS
10
138.8624999999999829
20
-74.8035539999999912
11
138.304946000000001
21
-74.2459999999999951
0
LINE
8
BLACK
6
CONTINUOUS
10
138.304946000000001
20
-74.2459999999999951
11
136.8084999999999809
21
-74.2459999999999951
0
LINE
8
BLACK
6
CONTINUOUS
10
136.8084999999999809
20
-74.2459999999999951
11
136.8084999999999809
21
-73.3460000000000036
0
LINE
8
BLACK
6
CONTINUOUS
10
136.8084999999999809
20
-73.3460000000000036
11
139.6084999999999923
21
-73.3460000000000036
0
LINE
8
BLACK
6
CONTINUOUS
10
139.6084999999999923
20
-73.3460000000000036
11
139.6084999999999923
21
-73.5459999999999923
0
LINE
8
BLACK
6
CONTINUOUS
10
179.171276000000006
20
-74.8955559999999991
11
179.2827829999999949
21
-74.9523719999999969
0
LINE
8
BLACK
6
CONTINUOUS
10
179.2827829999999949
20
-74.9523719999999969
11
179.3712759999999946
21
-75.0408649999999966
0
LINE
8
BLACK
6
CONTINUOUS
10
179.3712759999999946
20
-75.0408649999999966
11
179.4280919999999924
21
-75.1523719999999997
0
LINE
8
BLACK
6
CONTINUOUS
10
179.4280919999999924
20
-75.1523719999999997
11
179.4476689999999905
21
-75.2759789999999924
0
LINE
8
BLACK
6
CONTINUOUS
10
179.4476689999999905
20
-75.2759789999999924
11
179.4280919999999924
21
-75.3995859999999993
0
LINE
8
BLACK
6
CONTINUOUS
10
179.4280919999999924
20
-75.3995859999999993
11
179.3712759999999946
21
-75.5110930000000025
0
LINE
8
BLACK
6
CONTINUOUS
10
179.3712759999999946
20
-75.5110930000000025
11
179.2827829999999949
21
-75.5995860000000022
0
LINE
8
BLACK
6
CONTINUOUS
10
179.2827829999999949
20
-75.5995860000000022
11
179.171276000000006
21
-75.6564019999999999
0
LINE
8
BLACK
6
CONTINUOUS
10
179.171276000000006
20
-75.6564019999999999
11
179.0476689999999849
21
-75.6759789999999981
0
LINE
8
BLACK
6
CONTINUOUS
10
179.0476689999999849
20
-75.6759789999999981
11
178.9240619999999922
21
-75.6564019999999999
0
LINE
8
BLACK
6
CONTINUOUS
10
178.9240619999999922
20
-75.6564019999999999
11
178.8125550000000032
21
-75.5995860000000022
0
LINE
8
BLACK
6
CONTINUOUS
10
178.8125550000000032
20
-75.5995860000000022
11
178.7739689999999939
21
-75.5609999999999928
0
LINE
8
BLACK
6
CONTINUOUS
10
178.7739689999999939
20
-75.5609999999999928
11
178.445999999999998
21
-75.5609999999999928
0
LINE
8
BLACK
6
CONTINUOUS
10
178.445999999999998
20
-75.5609999999999928
11
178.445999999999998
21
-75.6359999999999957
0
LINE
8
BLACK
6
CONTINUOUS
10
178.445999999999998
20
-75.6359999999999957
11
176.6459999999999866
21
-75.6359999999999957
0
LINE
8
BLACK
6
CONTINUOUS
10
176.6459999999999866
20
-75.6359999999999957
11
176.6459999999999866
21
-74.98599999999999
0
LINE
8
BLACK
6
CONTINUOUS
10
176.6459999999999866
20
-74.98599999999999
11
178.445999999999998
21
-74.98599999999999
0
LINE
8
BLACK
6
CONTINUOUS
10
178.445999999999998
20
-74.98599999999999
11
178.445999999999998
21
-75.0609999999999928
0
LINE
8
BLACK
6
CONTINUOUS
10
178.445999999999998
20
-75.0609999999999928
11
178.7138029999999844
21
-75.0609999999999928
0
LINE
8
BLACK
6
CONTINUOUS
10
178.7138029999999844
20
-75.0609999999999928
11
178.7240620000000035
21
-75.0408649999999966
0
LINE
8
BLACK
6
CONTINUOUS
10
178.7240620000000035
20
-75.0408649999999966
11
178.8125550000000032
21
-74.9523719999999969
0
LINE
8
BLACK
6
CONTINUOUS
10
178.8125550000000032
20
-74.9523719999999969
11
178.9240619999999922
21
-74.8955559999999991
0
LINE
8
BLACK
6
CONTINUOUS
10
178.9240619999999922
20
-74.8955559999999991
11
179.0476689999999849
21
-74.875979000000001
0
LINE
8
BLACK
6
CONTINUOUS
10
179.0476689999999849
20
-74.875979000000001
11
179.171276000000006
21
-74.8955559999999991
0
LINE
8
BLACK
6
CONTINUOUS
10
181.1459999999999866
20
-74.3659999999999997
11
180.4959999999999809
21
-74.3659999999999997
0
LINE
8
BLACK
6
CONTINUOUS
10
180.4959999999999809
20
-74.3659999999999997
11
180.4959999999999809
21
-74.8200819999999993
0
LINE
8
BLACK
6
CONTINUOUS
10
180.4959999999999809
20
-74.8200819999999993
11
180.575113999999985
21
-74.860393000000002
0
LINE
8
BLACK
6
CONTINUOUS
10
180.575113999999985
20
-74.860393000000002
11
180.6636069999999847
21
-74.9488860000000017
0
LINE
8
BLACK
6
CONTINUOUS
10
180.6636069999999847
20
-74.9488860000000017
11
180.7204229999999825
21
-75.0603929999999906
0
LINE
8
BLACK
6
CONTINUOUS
10
180.7204229999999825
20
-75.0603929999999906
11
180.7399999999999807
21
-75.1839999999999975
0
LINE
8
BLACK
6
CONTINUOUS
10
180.7399999999999807
20
-75.1839999999999975
11
180.7204229999999825
21
-75.3076069999999902
0
LINE
8
BLACK
6
CONTINUOUS
10
180.7204229999999825
20
-75.3076069999999902
11
180.6636069999999847
21
-75.4191139999999933
0
LINE
8
BLACK
6
CONTINUOUS
10
180.6636069999999847
20
-75.4191139999999933
11
180.575113999999985
21
-75.507606999999993
0
LINE
8
BLACK
6
CONTINUOUS
10
180.575113999999985
20
-75.507606999999993
11
180.4636069999999961
21
-75.5644229999999908
0
LINE
8
BLACK
6
CONTINUOUS
10
180.4636069999999961
20
-75.5644229999999908
11
180.3400000000000034
21
-75.5840000000000032
0
LINE
8
BLACK
6
CONTINUOUS
10
180.3400000000000034
20
-75.5840000000000032
11
180.2163929999999823
21
-75.5644229999999908
0
LINE
8
BLACK
6
CONTINUOUS
10
180.2163929999999823
20
-75.5644229999999908
11
180.1048859999999934
21
-75.507606999999993
0
LINE
8
BLACK
6
CONTINUOUS
10
180.1048859999999934
20
-75.507606999999993
11
180.0163929999999937
21
-75.4191139999999933
0
LINE
8
BLACK
6
CONTINUOUS
10
180.0163929999999937
20
-75.4191139999999933
11
179.9595769999999959
21
-75.3076069999999902
0
LINE
8
BLACK
6
CONTINUOUS
10
179.9595769999999959
20
-75.3076069999999902
11
179.9399999999999977
21
-75.1839999999999975
0
LINE
8
BLACK
6
CONTINUOUS
10
179.9399999999999977
20
-75.1839999999999975
11
179.9595769999999959
21
-75.0603929999999906
0
LINE
8
BLACK
6
CONTINUOUS
10
179.9595769999999959
20
-75.0603929999999906
11
179.9959999999999809
21
-74.9889089999999925
0
LINE
8
BLACK
6
CONTINUOUS
10
179.9959999999999809
20
-74.9889089999999925
11
179.9959999999999809
21
-74.3659999999999997
0
LINE
8
BLACK
6
CONTINUOUS
10
179.9959999999999809
20
-74.3659999999999997
11
179.3460000000000036
21
-74.3659999999999997
0
LINE
8
BLACK
6
CONTINUOUS
10
179.3460000000000036
20
-74.3659999999999997
11
179.3460000000000036
21
-73.715999999999994
0
LINE
8
BLACK
6
CONTINUOUS
10
179.3460000000000036
20
-73.715999999999994
11
181.1459999999999866
21
-73.715999999999994
0
LINE
8
BLACK
6
CONTINUOUS
10
181.1459999999999866
20
-73.715999999999994
11
181.1459999999999866
21
-74.3659999999999997
0
LINE
8
BLACK
6
CONTINUOUS
10
146.9610610000000008
20
-59.1825969999999941
11
147.1379409999999837
21
-59.200018
0
LINE
8
BLACK
6
CONTINUOUS
10
147.1379409999999837
20
-59.200018
11
147.1617689999999925
21
-59.2047570000000007
0
LINE
8
BLACK
6
CONTINUOUS
10
147.1617689999999925
20
-59.2047570000000007
11
147.3260009999999909
21
-59.2545760000000001
0
LINE
8
BLACK
6
CONTINUOUS
10
147.3260009999999909
20
-59.2545760000000001
11
147.3484530000000063
21
-59.2638770000000008
0
LINE
8
BLACK
6
CONTINUOUS
10
147.3484530000000063
20
-59.2638770000000008
11
147.4997979999999984
21
-59.344771999999999
0
LINE
8
BLACK
6
CONTINUOUS
10
147.4997979999999984
20
-59.344771999999999
11
147.520009999999985
21
-59.358276999999994
0
LINE
8
BLACK
6
CONTINUOUS
10
147.520009999999985
20
-59.358276999999994
11
147.534294999999986
21
-59.3699999999999974
0
LINE
8
BLACK
6
CONTINUOUS
10
147.534294999999986
20
-59.3699999999999974
11
147.9060000000000059
21
-59.3699999999999974
0
LINE
8
BLACK
6
CONTINUOUS
10
147.9060000000000059
20
-59.3699999999999974
11
147.9060000000000059
21
-59.8887209999999968
0
LINE
8
BLACK
6
CONTINUOUS
10
147.9060000000000059
20
-59.8887209999999968
11
147.9322400000000073
21
-59.9752239999999972
0
LINE
8
BLACK
6
CONTINUOUS
10
147.9322400000000073
20
-59.9752239999999972
11
147.9369820000000004
21
-59.9990649999999945
0
LINE
8
BLACK
6
CONTINUOUS
10
147.9369820000000004
20
-59.9990649999999945
11
147.954402999999985
21
-60.175937999999995
0
LINE
8
BLACK
6
CONTINUOUS
10
147.954402999999985
20
-60.175937999999995
11
147.9549999999999841
21
-60.1880919999999975
0
LINE
8
BLACK
6
CONTINUOUS
10
147.9549999999999841
20
-60.1880919999999975
11
147.9549999999999841
21
-62.8649999999999949
0
LINE
8
BLACK
6
CONTINUOUS
10
147.9549999999999841
20
-62.8649999999999949
11
147.9549999999999841
21
-63.2459999999999951
0
LINE
8
BLACK
6
CONTINUOUS
10
147.9549999999999841
20
-63.2459999999999951
11
148.2684399999999982
21
-63.2459999999999951
0
LINE
8
BLACK
6
CONTINUOUS
10
148.2684399999999982
20
-63.2459999999999951
11
148.2765909999999963
21
-63.253698
0
LINE
8
BLACK
6
CONTINUOUS
10
148.2765909999999963
20
-63.253698
11
148.2934999999999945
21
-63.3162090000000006
0
LINE
8
BLACK
6
CONTINUOUS
10
148.2934999999999945
20
-63.3162090000000006
11
148.2934999999999945
21
-63.6159999999999997
0
LINE
8
BLACK
6
CONTINUOUS
10
148.2934999999999945
20
-63.6159999999999997
11
148.4559999999999889
21
-63.6159999999999997
0
LINE
8
BLACK
6
CONTINUOUS
10
148.4559999999999889
20
-63.6159999999999997
11
148.5516709999999989
21
-63.6350300000000004
0
LINE
8
BLACK
6
CONTINUOUS
10
148.5516709999999989
20
-63.6350300000000004
11
148.6327770000000044
21
-63.6892229999999984
0
LINE
8
BLACK
6
CONTINUOUS
10
148.6327770000000044
20
-63.6892229999999984
11
148.6869700000000023
21
-63.7703289999999967
0
LINE
8
BLACK
6
CONTINUOUS
10
148.6869700000000023
20
-63.7703289999999967
11
148.7059999999999889
21
-63.8659999999999997
0
LINE
8
BLACK
6
CONTINUOUS
10
148.7059999999999889
20
-63.8659999999999997
11
148.7059999999999889
21
-65.1659999999999968
0
LINE
8
BLACK
6
CONTINUOUS
10
148.7059999999999889
20
-65.1659999999999968
11
148.6869700000000023
21
-65.2616709999999927
0
LINE
8
BLACK
6
CONTINUOUS
10
148.6869700000000023
20
-65.2616709999999927
11
148.6327770000000044
21
-65.3427769999999981
0
LINE
8
BLACK
6
CONTINUOUS
10
148.6327770000000044
20
-65.3427769999999981
11
148.5516709999999989
21
-65.396969999999996
0
LINE
8
BLACK
6
CONTINUOUS
10
148.5516709999999989
20
-65.396969999999996
11
148.4559999999999889
21
-65.4159999999999968
0
LINE
8
BLACK
6
CONTINUOUS
10
148.4559999999999889
20
-65.4159999999999968
11
147.6310000000000002
21
-65.4159999999999968
0
LINE
8
BLACK
6
CONTINUOUS
10
147.6310000000000002
20
-65.4159999999999968
11
147.5353289999999902
21
-65.396969999999996
0
LINE
8
BLACK
6
CONTINUOUS
10
147.5353289999999902
20
-65.396969999999996
11
147.4542229999999847
21
-65.3427769999999981
0
LINE
8
BLACK
6
CONTINUOUS
10
147.4542229999999847
20
-65.3427769999999981
11
147.4000299999999868
21
-65.2616709999999927
0
LINE
8
BLACK
6
CONTINUOUS
10
147.4000299999999868
20
-65.2616709999999927
11
147.3810000000000002
21
-65.1659999999999968
0
LINE
8
BLACK
6
CONTINUOUS
10
147.3810000000000002
20
-65.1659999999999968
11
147.3810000000000002
21
-64.7659999999999911
0
LINE
8
BLACK
6
CONTINUOUS
10
147.3810000000000002
20
-64.7659999999999911
11
147.1310000000000002
21
-64.7659999999999911
0
LINE
8
BLACK
6
CONTINUOUS
10
147.1310000000000002
20
-64.7659999999999911
11
147.1310000000000002
21
-65.2138439999999946
0
LINE
8
BLACK
6
CONTINUOUS
10
147.1310000000000002
20
-65.2138439999999946
11
147.1374009999999828
21
-65.2733719999999948
0
LINE
8
BLACK
6
CONTINUOUS
10
147.1374009999999828
20
-65.2733719999999948
11
147.1374030000000062
21
-65.2733789999999914
0
LINE
8
BLACK
6
CONTINUOUS
10
147.1374030000000062
20
-65.2733789999999914
11
147.1876450000000034
21
-65.4080859999999973
0
LINE
8
BLACK
6
CONTINUOUS
10
147.1876450000000034
20
-65.4080859999999973
11
147.1876489999999933
21
-65.4080929999999938
0
LINE
8
BLACK
6
CONTINUOUS
10
147.1876489999999933
20
-65.4080929999999938
11
147.273809
21
-65.523186999999993
0
LINE
8
BLACK
6
CONTINUOUS
10
147.273809
20
-65.523186999999993
11
147.2738119999999924
21
-65.5231899999999996
0
LINE
8
BLACK
6
CONTINUOUS
10
147.2738119999999924
20
-65.5231899999999996
11
147.3889059999999915
21
-65.6093499999999921
0
LINE
8
BLACK
6
CONTINUOUS
10
147.3889059999999915
20
-65.6093499999999921
11
147.3889130000000023
21
-65.6093539999999962
0
LINE
8
BLACK
6
CONTINUOUS
10
147.3889130000000023
20
-65.6093539999999962
11
147.523619999999994
21
-65.6595959999999934
0
LINE
8
BLACK
6
CONTINUOUS
10
147.523619999999994
20
-65.6595959999999934
11
147.5236270000000047
21
-65.6595980000000026
0
LINE
8
BLACK
6
CONTINUOUS
10
147.5236270000000047
20
-65.6595980000000026
11
147.5525749999999903
21
-65.6627110000000016
0
LINE
8
BLACK
6
CONTINUOUS
10
147.5525749999999903
20
-65.6627110000000016
11
147.6171259999999847
21
-65.6894489999999962
0
LINE
8
BLACK
6
CONTINUOUS
10
147.6171259999999847
20
-65.6894489999999962
11
147.6569739999999911
21
-65.7468420000000009
0
LINE
8
BLACK
6
CONTINUOUS
10
147.6569739999999911
20
-65.7468420000000009
11
147.6594670000000065
21
-65.8166669999999954
0
LINE
8
BLACK
6
CONTINUOUS
10
147.6594670000000065
20
-65.8166669999999954
11
147.6238139999999817
21
-65.8767560000000003
0
LINE
8
BLACK
6
CONTINUOUS
10
147.6238139999999817
20
-65.8767560000000003
11
147.561333999999988
21
-65.9080299999999966
0
LINE
8
BLACK
6
CONTINUOUS
10
147.561333999999988
20
-65.9080299999999966
11
147.5525749999999903
21
-65.9092890000000011
0
LINE
8
BLACK
6
CONTINUOUS
10
147.5525749999999903
20
-65.9092890000000011
11
147.5236270000000047
21
-65.9124010000000027
0
LINE
8
BLACK
6
CONTINUOUS
10
147.5236270000000047
20
-65.9124010000000027
11
147.523619999999994
21
-65.9124029999999976
0
LINE
8
BLACK
6
CONTINUOUS
10
147.523619999999994
20
-65.9124029999999976
11
147.3889130000000023
21
-65.9626449999999949
0
LINE
8
BLACK
6
CONTINUOUS
10
147.3889130000000023
20
-65.9626449999999949
11
147.3889059999999915
21
-65.962648999999999
0
LINE
8
BLACK
6
CONTINUOUS
10
147.3889059999999915
20
-65.962648999999999
11
147.2738119999999924
21
-66.0488089999999914
0
LINE
8
BLACK
6
CONTINUOUS
10
147.2738119999999924
20
-66.0488089999999914
11
147.273809
21
-66.0488119999999981
0
LINE
8
BLACK
6
CONTINUOUS
10
147.273809
20
-66.0488119999999981
11
147.1876489999999933
21
-66.1639059999999972
0
LINE
8
BLACK
6
CONTINUOUS
10
147.1876489999999933
20
-66.1639059999999972
11
147.1876450000000034
21
-66.1639129999999938
0
LINE
8
BLACK
6
CONTINUOUS
10
147.1876450000000034
20
-66.1639129999999938
11
147.1374030000000062
21
-66.2986199999999997
0
LINE
8
BLACK
6
CONTINUOUS
10
147.1374030000000062
20
-66.2986199999999997
11
147.1374009999999828
21
-66.2986269999999962
0
LINE
8
BLACK
6
CONTINUOUS
10
147.1374009999999828
20
-66.2986269999999962
11
147.1310000000000002
21
-66.3581549999999964
0
LINE
8
BLACK
6
CONTINUOUS
10
147.1310000000000002
20
-66.3581549999999964
11
147.1310000000000002
21
-66.8059999999999974
0
LINE
8
BLACK
6
CONTINUOUS
10
147.1310000000000002
20
-66.8059999999999974
11
147.3810000000000002
21
-66.8059999999999974
0
LINE
8
BLACK
6
CONTINUOUS
10
147.3810000000000002
20
-66.8059999999999974
11
147.3810000000000002
21
-66.4059999999999917
0
LINE
8
BLACK
6
CONTINUOUS
10
147.3810000000000002
20
-66.4059999999999917
11
147.4000299999999868
21
-66.3103289999999959
0
LINE
8
BLACK
6
CONTINUOUS
10
147.4000299999999868
20
-66.3103289999999959
11
147.4542229999999847
21
-66.2292229999999904
0
LINE
8
BLACK
6
CONTINUOUS
10
147.4542229999999847
20
-66.2292229999999904
11
147.5353289999999902
21
-66.1750299999999925
0
LINE
8
BLACK
6
CONTINUOUS
10
147.5353289999999902
20
-66.1750299999999925
11
147.6310000000000002
21
-66.1559999999999917
0
LINE
8
BLACK
6
CONTINUOUS
10
147.6310000000000002
20
-66.1559999999999917
11
148.4559999999999889
21
-66.1559999999999917
0
LINE
8
BLACK
6
CONTINUOUS
10
148.4559999999999889
20
-66.1559999999999917
11
148.5516709999999989
21
-66.1750299999999925
0
LINE
8
BLACK
6
CONTINUOUS
10
148.5516709999999989
20
-66.1750299999999925
11
148.6327770000000044
21
-66.2292229999999904
0
LINE
8
BLACK
6
CONTINUOUS
10
148.6327770000000044
20
-66.2292229999999904
11
148.6869700000000023
21
-66.3103289999999959
0
LINE
8
BLACK
6
CONTINUOUS
10
148.6869700000000023
20
-66.3103289999999959
11
148.7059999999999889
21
-66.4059999999999917
0
LINE
8
BLACK
6
CONTINUOUS
10
148.7059999999999889
20
-66.4059999999999917
11
148.7059999999999889
21
-67.7060000000000031
0
LINE
8
BLACK
6
CONTINUOUS
10
148.7059999999999889
20
-67.7060000000000031
11
148.6869700000000023
21
-67.8016709999999989
0
LINE
8
BLACK
6
CONTINUOUS
10
148.6869700000000023
20
-67.8016709999999989
11
148.6327770000000044
21
-67.8827769999999902
0
LINE
8
BLACK
6
CONTINUOUS
10
148.6327770000000044
20
-67.8827769999999902
11
148.5516709999999989
21
-67.9369700000000023
0
LINE
8
BLACK
6
CONTINUOUS
10
148.5516709999999989
20
-67.9369700000000023
11
148.4559999999999889
21
-67.9560000000000031
0
LINE
8
BLACK
6
CONTINUOUS
10
148.4559999999999889
20
-67.9560000000000031
11
147.6310000000000002
21
-67.9560000000000031
0
LINE
8
BLACK
6
CONTINUOUS
10
147.6310000000000002
20
-67.9560000000000031
11
147.5353289999999902
21
-67.9369700000000023
0
LINE
8
BLACK
6
CONTINUOUS
10
147.5353289999999902
20
-67.9369700000000023
11
147.4542229999999847
21
-67.8827769999999902
0
LINE
8
BLACK
6
CONTINUOUS
10
147.4542229999999847
20
-67.8827769999999902
11
147.4000299999999868
21
-67.8016709999999989
0
LINE
8
BLACK
6
CONTINUOUS
10
147.4000299999999868
20
-67.8016709999999989
11
147.3810000000000002
21
-67.7060000000000031
0
LINE
8
BLACK
6
CONTINUOUS
10
147.3810000000000002
20
-67.7060000000000031
11
147.3810000000000002
21
-67.3059999999999974
0
LINE
8
BLACK
6
CONTINUOUS
10
147.3810000000000002
20
-67.3059999999999974
11
147.1310000000000002
21
-67.3059999999999974
0
LINE
8
BLACK
6
CONTINUOUS
10
147.1310000000000002
20
-67.3059999999999974
11
147.1310000000000002
21
-67.7538440000000008
0
LINE
8
BLACK
6
CONTINUOUS
10
147.1310000000000002
20
-67.7538440000000008
11
147.1374009999999828
21
-67.8133720000000011
0
LINE
8
BLACK
6
CONTINUOUS
10
147.1374009999999828
20
-67.8133720000000011
11
147.1374030000000062
21
-67.8133789999999976
0
LINE
8
BLACK
6
CONTINUOUS
10
147.1374030000000062
20
-67.8133789999999976
11
147.1876450000000034
21
-67.9480860000000035
0
LINE
8
BLACK
6
CONTINUOUS
10
147.1876450000000034
20
-67.9480860000000035
11
147.1876489999999933
21
-67.9480930000000001
0
LINE
8
BLACK
6
CONTINUOUS
10
147.1876489999999933
20
-67.9480930000000001
11
147.273809
21
-68.0631869999999992
0
LINE
8
BLACK
6
CONTINUOUS
10
147.273809
20
-68.0631869999999992
11
147.2738119999999924
21
-68.0631899999999916
0
LINE
8
BLACK
6
CONTINUOUS
10
147.2738119999999924
20
-68.0631899999999916
11
147.347771999999992
21
-68.1185569999999956
0
LINE
8
BLACK
6
CONTINUOUS
10
147.347771999999992
20
-68.1185569999999956
11
147.3896430000000066
21
-68.1744910000000033
0
LINE
8
BLACK
6
CONTINUOUS
10
147.3896430000000066
20
-68.1744910000000033
11
147.3913959999999861
21
-68.1989999999999981
0
LINE
8
BLACK
6
CONTINUOUS
10
147.3913959999999861
20
-68.1989999999999981
11
146.8119999999999834
21
-68.1989999999999981
0
LINE
8
BLACK
6
CONTINUOUS
10
146.8119999999999834
20
-68.1989999999999981
11
146.8119999999999834
21
-69.1989999999999981
0
LINE
8
BLACK
6
CONTINUOUS
10
146.8119999999999834
20
-69.1989999999999981
11
146.8119999999999834
21
-69.1990029999999905
0
LINE
8
BLACK
6
CONTINUOUS
10
146.8119999999999834
20
-69.1990029999999905
11
146.8119999999999834
21
-74.304907
0
LINE
8
BLACK
6
CONTINUOUS
10
146.8119999999999834
20
-74.304907
11
146.8114029999999843
21
-74.3170609999999954
0
LINE
8
BLACK
6
CONTINUOUS
10
146.8114029999999843
20
-74.3170609999999954
11
146.7939819999999997
21
-74.4939339999999959
0
LINE
8
BLACK
6
CONTINUOUS
10
146.7939819999999997
20
-74.4939339999999959
11
146.7892400000000066
21
-74.5177750000000003
0
LINE
8
BLACK
6
CONTINUOUS
10
146.7892400000000066
20
-74.5177750000000003
11
146.7394239999999854
21
-74.681997999999993
0
LINE
8
BLACK
6
CONTINUOUS
10
146.7394239999999854
20
-74.681997999999993
11
146.7301209999999969
21
-74.7044559999999933
0
LINE
8
BLACK
6
CONTINUOUS
10
146.7301209999999969
20
-74.7044559999999933
11
146.6492269999999962
21
-74.855797999999993
0
LINE
8
BLACK
6
CONTINUOUS
10
146.6492269999999962
20
-74.855797999999993
11
146.635721999999987
21
-74.8760099999999937
0
LINE
8
BLACK
6
CONTINUOUS
10
146.635721999999987
20
-74.8760099999999937
11
146.5268539999999859
21
-75.008665999999991
0
LINE
8
BLACK
6
CONTINUOUS
10
146.5268539999999859
20
-75.008665999999991
11
146.5096659999999815
21
-75.0258539999999954
0
LINE
8
BLACK
6
CONTINUOUS
10
146.5096659999999815
20
-75.0258539999999954
11
146.3770099999999843
21
-75.1347219999999965
0
LINE
8
BLACK
6
CONTINUOUS
10
146.3770099999999843
20
-75.1347219999999965
11
146.3567979999999977
21
-75.1482269999999914
0
LINE
8
BLACK
6
CONTINUOUS
10
146.3567979999999977
20
-75.1482269999999914
11
146.2054559999999981
21
-75.2291209999999921
0
LINE
8
BLACK
6
CONTINUOUS
10
146.2054559999999981
20
-75.2291209999999921
11
146.1829979999999978
21
-75.2384239999999949
0
LINE
8
BLACK
6
CONTINUOUS
10
146.1829979999999978
20
-75.2384239999999949
11
146.0187750000000051
21
-75.2882400000000018
0
LINE
8
BLACK
6
CONTINUOUS
10
146.0187750000000051
20
-75.2882400000000018
11
145.9949340000000007
21
-75.292981999999995
0
LINE
8
BLACK
6
CONTINUOUS
10
145.9949340000000007
20
-75.292981999999995
11
145.8180610000000001
21
-75.3104029999999938
0
LINE
8
BLACK
6
CONTINUOUS
10
145.8180610000000001
20
-75.3104029999999938
11
145.8059069999999906
21
-75.3109999999999928
0
LINE
8
BLACK
6
CONTINUOUS
10
145.8059069999999906
20
-75.3109999999999928
11
145.6627739999999847
21
-75.3109999999999928
0
LINE
8
BLACK
6
CONTINUOUS
10
145.6627739999999847
20
-75.3109999999999928
11
145.5957349999999906
21
-75.2913149999999973
0
LINE
8
BLACK
6
CONTINUOUS
10
145.5957349999999906
20
-75.2913149999999973
11
145.549980000000005
21
-75.2385110000000026
0
LINE
8
BLACK
6
CONTINUOUS
10
145.549980000000005
20
-75.2385110000000026
11
145.5400359999999864
21
-75.169353000000001
0
LINE
8
BLACK
6
CONTINUOUS
10
145.5400359999999864
20
-75.169353000000001
11
145.5635079999999846
21
-75.1126890000000031
0
LINE
8
BLACK
6
CONTINUOUS
10
145.5635079999999846
20
-75.1126890000000031
11
145.6193499999999972
21
-75.0380930000000035
0
LINE
8
BLACK
6
CONTINUOUS
10
145.6193499999999972
20
-75.0380930000000035
11
145.6193539999999871
21
-75.0380859999999927
0
LINE
8
BLACK
6
CONTINUOUS
10
145.6193539999999871
20
-75.0380859999999927
11
145.6695959999999843
21
-74.903379000000001
0
LINE
8
BLACK
6
CONTINUOUS
10
145.6695959999999843
20
-74.903379000000001
11
145.6695979999999793
21
-74.9033719999999903
0
LINE
8
BLACK
6
CONTINUOUS
10
145.6695979999999793
20
-74.9033719999999903
11
145.6759989999999902
21
-74.84384399999999
0
LINE
8
BLACK
6
CONTINUOUS
10
145.6759989999999902
20
-74.84384399999999
11
145.6759999999999877
21
-74.8438269999999903
0
LINE
8
BLACK
6
CONTINUOUS
10
145.6759999999999877
20
-74.8438269999999903
11
145.6759999999999877
21
-74.633499999999998
0
LINE
8
BLACK
6
CONTINUOUS
10
145.6759999999999877
20
-74.633499999999998
11
145.4259999999999877
21
-74.633499999999998
0
LINE
8
BLACK
6
CONTINUOUS
10
145.4259999999999877
20
-74.633499999999998
11
145.4259999999999877
21
-74.7959999999999923
0
LINE
8
BLACK
6
CONTINUOUS
10
145.4259999999999877
20
-74.7959999999999923
11
145.4069700000000012
21
-74.8916710000000023
0
LINE
8
BLACK
6
CONTINUOUS
10
145.4069700000000012
20
-74.8916710000000023
11
145.3527770000000032
21
-74.9727769999999936
0
LINE
8
BLACK
6
CONTINUOUS
10
145.3527770000000032
20
-74.9727769999999936
11
145.2716709999999978
21
-75.0269699999999915
0
LINE
8
BLACK
6
CONTINUOUS
10
145.2716709999999978
20
-75.0269699999999915
11
145.1759999999999877
21
-75.0459999999999923
0
LINE
8
BLACK
6
CONTINUOUS
10
145.1759999999999877
20
-75.0459999999999923
11
143.8760000000000048
21
-75.0459999999999923
0
LINE
8
BLACK
6
CONTINUOUS
10
143.8760000000000048
20
-75.0459999999999923
11
143.7803289999999947
21
-75.0269699999999915
0
LINE
8
BLACK
6
CONTINUOUS
10
143.7803289999999947
20
-75.0269699999999915
11
143.6992229999999893
21
-74.9727769999999936
0
LINE
8
BLACK
6
CONTINUOUS
10
143.6992229999999893
20
-74.9727769999999936
11
143.6450299999999913
21
-74.8916710000000023
0
LINE
8
BLACK
6
CONTINUOUS
10
143.6450299999999913
20
-74.8916710000000023
11
143.6260000000000048
21
-74.7959999999999923
0
LINE
8
BLACK
6
CONTINUOUS
10
143.6260000000000048
20
-74.7959999999999923
11
143.6260000000000048
21
-73.9710000000000036
0
LINE
8
BLACK
6
CONTINUOUS
10
143.6260000000000048
20
-73.9710000000000036
11
143.6450299999999913
21
-73.8753289999999936
0
LINE
8
BLACK
6
CONTINUOUS
10
143.6450299999999913
20
-73.8753289999999936
11
143.6992229999999893
21
-73.7942230000000023
0
LINE
8
BLACK
6
CONTINUOUS
10
143.6992229999999893
20
-73.7942230000000023
11
143.7803289999999947
21
-73.7400299999999902
0
LINE
8
BLACK
6
CONTINUOUS
10
143.7803289999999947
20
-73.7400299999999902
11
143.8760000000000048
21
-73.7210000000000036
0
LINE
8
BLACK
6
CONTINUOUS
10
143.8760000000000048
20
-73.7210000000000036
11
144.275999999999982
21
-73.7210000000000036
0
LINE
8
BLACK
6
CONTINUOUS
10
144.275999999999982
20
-73.7210000000000036
11
144.275999999999982
21
-73.4710000000000036
0
LINE
8
BLACK
6
CONTINUOUS
10
144.275999999999982
20
-73.4710000000000036
11
143.8281549999999811
21
-73.4710000000000036
0
LINE
8
BLACK
6
CONTINUOUS
10
143.8281549999999811
20
-73.4710000000000036
11
143.7686269999999809
21
-73.4774010000000004
0
LINE
8
BLACK
6
CONTINUOUS
10
143.7686269999999809
20
-73.4774010000000004
11
143.7686199999999985
21
-73.4774029999999954
0
LINE
8
BLACK
6
CONTINUOUS
10
143.7686199999999985
20
-73.4774029999999954
11
143.6339130000000068
21
-73.5276449999999926
0
LINE
8
BLACK
6
CONTINUOUS
10
143.6339130000000068
20
-73.5276449999999926
11
143.6339059999999961
21
-73.5276489999999967
0
LINE
8
BLACK
6
CONTINUOUS
10
143.6339059999999961
20
-73.5276489999999967
11
143.5188119999999969
21
-73.6138090000000034
0
LINE
8
BLACK
6
CONTINUOUS
10
143.5188119999999969
20
-73.6138090000000034
11
143.5188090000000045
21
-73.6138119999999958
0
LINE
8
BLACK
6
CONTINUOUS
10
143.5188090000000045
20
-73.6138119999999958
11
143.4326489999999978
21
-73.7289059999999949
0
LINE
8
BLACK
6
CONTINUOUS
10
143.4326489999999978
20
-73.7289059999999949
11
143.4326449999999795
21
-73.7289129999999915
0
LINE
8
BLACK
6
CONTINUOUS
10
143.4326449999999795
20
-73.7289129999999915
11
143.3824029999999823
21
-73.8636199999999974
0
LINE
8
BLACK
6
CONTINUOUS
10
143.3824029999999823
20
-73.8636199999999974
11
143.3824009999999873
21
-73.8636269999999939
0
LINE
8
BLACK
6
CONTINUOUS
10
143.3824009999999873
20
-73.8636269999999939
11
143.379289
21
-73.8925749999999937
0
LINE
8
BLACK
6
CONTINUOUS
10
143.379289
20
-73.8925749999999937
11
143.3525510000000054
21
-73.9571260000000024
0
LINE
8
BLACK
6
CONTINUOUS
10
143.3525510000000054
20
-73.9571260000000024
11
143.2951579999999865
21
-73.9969739999999945
0
LINE
8
BLACK
6
CONTINUOUS
10
143.2951579999999865
20
-73.9969739999999945
11
143.2253330000000062
21
-73.9994669999999957
0
LINE
8
BLACK
6
CONTINUOUS
10
143.2253330000000062
20
-73.9994669999999957
11
143.1652440000000013
21
-73.9638139999999993
0
LINE
8
BLACK
6
CONTINUOUS
10
143.1652440000000013
20
-73.9638139999999993
11
143.133970000000005
21
-73.9013339999999914
0
LINE
8
BLACK
6
CONTINUOUS
10
143.133970000000005
20
-73.9013339999999914
11
143.1327110000000005
21
-73.8925749999999937
0
LINE
8
BLACK
6
CONTINUOUS
10
143.1327110000000005
20
-73.8925749999999937
11
143.1295979999999872
21
-73.8636269999999939
0
LINE
8
BLACK
6
CONTINUOUS
10
143.1295979999999872
20
-73.8636269999999939
11
143.1295959999999923
21
-73.8636199999999974
0
LINE
8
BLACK
6
CONTINUOUS
10
143.1295959999999923
20
-73.8636199999999974
11
143.079353999999995
21
-73.7289129999999915
0
LINE
8
BLACK
6
CONTINUOUS
10
143.079353999999995
20
-73.7289129999999915
11
143.0793500000000051
21
-73.7289059999999949
0
LINE
8
BLACK
6
CONTINUOUS
10
143.0793500000000051
20
-73.7289059999999949
11
142.9931899999999985
21
-73.6138119999999958
0
LINE
8
BLACK
6
CONTINUOUS
10
142.9931899999999985
20
-73.6138119999999958
11
142.993187000000006
21
-73.6138090000000034
0
LINE
8
BLACK
6
CONTINUOUS
10
142.993187000000006
20
-73.6138090000000034
11
142.8780930000000069
21
-73.5276489999999967
0
LINE
8
BLACK
6
CONTINUOUS
10
142.8780930000000069
20
-73.5276489999999967
11
142.8780859999999961
21
-73.5276449999999926
0
LINE
8
BLACK
6
CONTINUOUS
10
142.8780859999999961
20
-73.5276449999999926
11
142.7433790000000045
21
-73.4774029999999954
0
LINE
8
BLACK
6
CONTINUOUS
10
142.7433790000000045
20
-73.4774029999999954
11
142.7433719999999937
21
-73.4774010000000004
0
LINE
8
BLACK
6
CONTINUOUS
10
142.7433719999999937
20
-73.4774010000000004
11
142.6838439999999935
21
-73.4710000000000036
0
LINE
8
BLACK
6
CONTINUOUS
10
142.6838439999999935
20
-73.4710000000000036
11
142.23599999999999
21
-73.4710000000000036
0
LINE
8
BLACK
6
CONTINUOUS
10
142.23599999999999
20
-73.4710000000000036
11
142.23599999999999
21
-73.7210000000000036
0
LINE
8
BLACK
6
CONTINUOUS
10
142.23599999999999
20
-73.7210000000000036
11
142.6359999999999957
21
-73.7210000000000036
0
LINE
8
BLACK
6
CONTINUOUS
10
142.6359999999999957
20
-73.7210000000000036
11
142.7316710000000057
21
-73.7400299999999902
0
LINE
8
BLACK
6
CONTINUOUS
10
142.7316710000000057
20
-73.7400299999999902
11
142.8127769999999828
21
-73.7942230000000023
0
LINE
8
BLACK
6
CONTINUOUS
10
142.8127769999999828
20
-73.7942230000000023
11
142.8669699999999807
21
-73.8753289999999936
0
LINE
8
BLACK
6
CONTINUOUS
10
142.8669699999999807
20
-73.8753289999999936
11
142.8859999999999957
21
-73.9710000000000036
0
LINE
8
BLACK
6
CONTINUOUS
10
142.8859999999999957
20
-73.9710000000000036
11
142.8859999999999957
21
-74.7959999999999923
0
LINE
8
BLACK
6
CONTINUOUS
10
142.8859999999999957
20
-74.7959999999999923
11
142.8669699999999807
21
-74.8916710000000023
0
LINE
8
BLACK
6
CONTINUOUS
10
142.8669699999999807
20
-74.8916710000000023
11
142.8127769999999828
21
-74.9727769999999936
0
LINE
8
BLACK
6
CONTINUOUS
10
142.8127769999999828
20
-74.9727769999999936
11
142.7316710000000057
21
-75.0269699999999915
0
LINE
8
BLACK
6
CONTINUOUS
10
142.7316710000000057
20
-75.0269699999999915
11
142.6359999999999957
21
-75.0459999999999923
0
LINE
8
BLACK
6
CONTINUOUS
10
142.6359999999999957
20
-75.0459999999999923
11
141.3359999999999843
21
-75.0459999999999923
0
LINE
8
BLACK
6
CONTINUOUS
10
141.3359999999999843
20
-75.0459999999999923
11
141.2403290000000027
21
-75.0269699999999915
0
LINE
8
BLACK
6
CONTINUOUS
10
141.2403290000000027
20
-75.0269699999999915
11
141.1592229999999972
21
-74.9727769999999936
0
LINE
8
BLACK
6
CONTINUOUS
10
141.1592229999999972
20
-74.9727769999999936
11
141.1050299999999993
21
-74.8916710000000023
0
LINE
8
BLACK
6
CONTINUOUS
10
141.1050299999999993
20
-74.8916710000000023
11
141.0859999999999843
21
-74.7959999999999923
0
LINE
8
BLACK
6
CONTINUOUS
10
141.0859999999999843
20
-74.7959999999999923
11
141.0859999999999843
21
-74.633499999999998
0
LINE
8
BLACK
6
CONTINUOUS
10
141.0859999999999843
20
-74.633499999999998
11
140.8359999999999843
21
-74.633499999999998
0
LINE
8
BLACK
6
CONTINUOUS
10
140.8359999999999843
20
-74.633499999999998
11
140.8359999999999843
21
-74.84384399999999
0
LINE
8
BLACK
6
CONTINUOUS
10
140.8359999999999843
20
-74.84384399999999
11
140.8424009999999953
21
-74.9033719999999903
0
LINE
8
BLACK
6
CONTINUOUS
10
140.8424009999999953
20
-74.9033719999999903
11
140.8424029999999902
21
-74.903379000000001
0
LINE
8
BLACK
6
CONTINUOUS
10
140.8424029999999902
20
-74.903379000000001
11
140.8926449999999875
21
-75.0380859999999927
0
LINE
8
BLACK
6
CONTINUOUS
10
140.8926449999999875
20
-75.0380859999999927
11
140.8926490000000058
21
-75.0380930000000035
0
LINE
8
BLACK
6
CONTINUOUS
10
140.8926490000000058
20
-75.0380930000000035
11
140.9484919999999875
21
-75.1126890000000031
0
LINE
8
BLACK
6
CONTINUOUS
10
140.9484919999999875
20
-75.1126890000000031
11
140.9729099999999846
21
-75.1781529999999947
0
LINE
8
BLACK
6
CONTINUOUS
10
140.9729099999999846
20
-75.1781529999999947
11
140.9580589999999916
21
-75.2464259999999996
0
LINE
8
BLACK
6
CONTINUOUS
10
140.9580589999999916
20
-75.2464259999999996
11
140.9086539999999843
21
-75.2958319999999901
0
LINE
8
BLACK
6
CONTINUOUS
10
140.9086539999999843
20
-75.2958319999999901
11
140.8492259999999874
21
-75.3109999999999928
0
LINE
8
BLACK
6
CONTINUOUS
10
140.8492259999999874
20
-75.3109999999999928
11
139.9229109999999991
21
-75.3109999999999928
0
LINE
8
BLACK
6
CONTINUOUS
10
139.9229109999999991
20
-75.3109999999999928
11
139.8558720000000051
21
-75.2913149999999973
0
LINE
8
BLACK
6
CONTINUOUS
10
139.8558720000000051
20
-75.2913149999999973
11
139.8101169999999911
21
-75.2385110000000026
0
LINE
8
BLACK
6
CONTINUOUS
10
139.8101169999999911
20
-75.2385110000000026
11
139.7994529999999997
21
-75.1985779999999977
0
LINE
8
BLACK
6
CONTINUOUS
10
139.7994529999999997
20
-75.1985779999999977
11
139.7977249999999856
21
-75.1801509999999951
0
LINE
8
BLACK
6
CONTINUOUS
10
139.7977249999999856
20
-75.1801509999999951
11
139.7945799999999963
21
-75.1711639999999903
0
LINE
8
BLACK
6
CONTINUOUS
10
139.7945799999999963
20
-75.1711639999999903
11
139.7541149999999845
21
-75.0555229999999938
0
LINE
8
BLACK
6
CONTINUOUS
10
139.7541149999999845
20
-75.0555229999999938
11
139.6757120000000043
21
-74.9492899999999906
0
LINE
8
BLACK
6
CONTINUOUS
10
139.6757120000000043
20
-74.9492899999999906
11
139.613365999999985
21
-74.9032759999999911
0
LINE
8
BLACK
6
CONTINUOUS
10
139.613365999999985
20
-74.9032759999999911
11
139.5711149999999918
21
-74.8476280000000003
0
LINE
8
BLACK
6
CONTINUOUS
10
139.5711149999999918
20
-74.8476280000000003
11
139.5629999999999882
21
-74.8035059999999987
0
LINE
8
BLACK
6
CONTINUOUS
10
139.5629999999999882
20
-74.8035059999999987
11
139.5629999999999882
21
-74.6406929999999988
0
LINE
8
BLACK
6
CONTINUOUS
10
139.5629999999999882
20
-74.6406929999999988
11
139.5629989999999907
21
-74.6406889999999947
0
LINE
8
BLACK
6
CONTINUOUS
10
139.5629989999999907
20
-74.6406889999999947
11
139.5610729999999933
21
-74.633499999999998
0
LINE
8
BLACK
6
CONTINUOUS
10
139.5610729999999933
20
-74.633499999999998
11
139.5511669999999924
21
-74.5965300000000013
0
LINE
8
BLACK
6
CONTINUOUS
10
139.5511669999999924
20
-74.5965300000000013
11
139.5528280000000052
21
-74.5266819999999939
0
LINE
8
BLACK
6
CONTINUOUS
10
139.5528280000000052
20
-74.5266819999999939
11
139.5919899999999814
21
-74.4688189999999963
0
LINE
8
BLACK
6
CONTINUOUS
10
139.5919899999999814
20
-74.4688189999999963
11
139.6467489999999998
21
-74.4428190000000001
0
LINE
8
BLACK
6
CONTINUOUS
10
139.6467489999999998
20
-74.4428190000000001
11
139.6867309999999804
21
-74.434866999999997
0
LINE
8
BLACK
6
CONTINUOUS
10
139.6867309999999804
20
-74.434866999999997
11
139.7446589999999844
21
-74.3961589999999973
0
LINE
8
BLACK
6
CONTINUOUS
10
139.7446589999999844
20
-74.3961589999999973
11
139.811335999999983
21
-74.3752810000000011
0
LINE
8
BLACK
6
CONTINUOUS
10
139.811335999999983
20
-74.3752810000000011
11
139.8297289999999862
21
-74.3763209999999901
0
LINE
8
BLACK
6
CONTINUOUS
10
139.8297289999999862
20
-74.3763209999999901
11
139.9540000000000077
21
-74.3926819999999935
0
LINE
8
BLACK
6
CONTINUOUS
10
139.9540000000000077
20
-74.3926819999999935
11
139.9540010000000052
21
-74.3926819999999935
0
LINE
8
BLACK
6
CONTINUOUS
10
139.9540010000000052
20
-74.3926819999999935
11
140.0062539999999842
21
-74.3858019999999982
0
LINE
8
BLACK
6
CONTINUOUS
10
140.0062539999999842
20
-74.3858019999999982
11
140.110761999999994
21
-74.3720440000000025
0
LINE
8
BLACK
6
CONTINUOUS
10
140.110761999999994
20
-74.3720440000000025
11
140.2568409999999801
21
-74.3115359999999896
0
LINE
8
BLACK
6
CONTINUOUS
10
140.2568409999999801
20
-74.3115359999999896
11
140.3822820000000036
21
-74.215282000000002
0
LINE
8
BLACK
6
CONTINUOUS
10
140.3822820000000036
20
-74.215282000000002
11
140.4785359999999912
21
-74.0898409999999927
0
LINE
8
BLACK
6
CONTINUOUS
10
140.4785359999999912
20
-74.0898409999999927
11
140.5390439999999899
21
-73.9437619999999924
0
LINE
8
BLACK
6
CONTINUOUS
10
140.5390439999999899
20
-73.9437619999999924
11
140.5417569999999898
21
-73.9231549999999942
0
LINE
8
BLACK
6
CONTINUOUS
10
140.5417569999999898
20
-73.9231549999999942
11
140.5571160000000077
21
-73.8064919999999915
0
LINE
8
BLACK
6
CONTINUOUS
10
140.5571160000000077
20
-73.8064919999999915
11
140.5596819999999809
21
-73.7870010000000036
0
LINE
8
BLACK
6
CONTINUOUS
10
140.5596819999999809
20
-73.7870010000000036
11
140.5596819999999809
21
-73.786997999999997
0
LINE
8
BLACK
6
CONTINUOUS
10
140.5596819999999809
20
-73.786997999999997
11
140.5459229999999877
21
-73.6824919999999963
0
LINE
8
BLACK
6
CONTINUOUS
10
140.5459229999999877
20
-73.6824919999999963
11
140.5390439999999899
21
-73.6302379999999914
0
LINE
8
BLACK
6
CONTINUOUS
10
140.5390439999999899
20
-73.6302379999999914
11
140.4785359999999912
21
-73.4841589999999911
0
LINE
8
BLACK
6
CONTINUOUS
10
140.4785359999999912
20
-73.4841589999999911
11
140.3822820000000036
21
-73.3587179999999961
0
LINE
8
BLACK
6
CONTINUOUS
10
140.3822820000000036
20
-73.3587179999999961
11
140.2568409999999801
21
-73.2624639999999943
0
LINE
8
BLACK
6
CONTINUOUS
10
140.2568409999999801
20
-73.2624639999999943
11
140.110761999999994
21
-73.2019559999999956
0
LINE
8
BLACK
6
CONTINUOUS
10
140.110761999999994
20
-73.2019559999999956
11
140.0268820000000005
21
-73.1909129999999948
0
LINE
8
BLACK
6
CONTINUOUS
10
140.0268820000000005
20
-73.1909129999999948
11
139.9663139999999828
21
-73.1829389999999904
0
LINE
8
BLACK
6
CONTINUOUS
10
139.9663139999999828
20
-73.1829389999999904
11
139.9024179999999831
21
-73.1546719999999908
0
LINE
8
BLACK
6
CONTINUOUS
10
139.9024179999999831
20
-73.1546719999999908
11
139.9006559999999979
21
-73.152000000000001
0
LINE
8
BLACK
6
CONTINUOUS
10
139.9006559999999979
20
-73.152000000000001
11
139.6609320000000025
21
-73.152000000000001
0
LINE
8
BLACK
6
CONTINUOUS
10
139.6609320000000025
20
-73.152000000000001
11
139.6282520000000034
21
-73.1454999999999984
0
LINE
8
BLACK
6
CONTINUOUS
10
139.6282520000000034
20
-73.1454999999999984
11
139.628247999999985
21
-73.1454999999999984
0
LINE
8
BLACK
6
CONTINUOUS
10
139.628247999999985
20
-73.1454999999999984
11
136.9029999999999916
21
-73.1454999999999984
0
LINE
8
BLACK
6
CONTINUOUS
10
136.9029999999999916
20
-73.1454999999999984
11
136.8359609999999975
21
-73.1258150000000029
0
LINE
8
BLACK
6
CONTINUOUS
10
136.8359609999999975
20
-73.1258150000000029
11
136.7902059999999835
21
-73.0730109999999939
0
LINE
8
BLACK
6
CONTINUOUS
10
136.7902059999999835
20
-73.0730109999999939
11
136.7789999999999964
21
-73.0215000000000032
0
LINE
8
BLACK
6
CONTINUOUS
10
136.7789999999999964
20
-73.0215000000000032
11
136.7789999999999964
21
-65.5389610000000005
0
LINE
8
BLACK
6
CONTINUOUS
10
136.7789999999999964
20
-65.5389610000000005
11
136.7797799999999881
21
-65.5250779999999935
0
LINE
8
BLACK
6
CONTINUOUS
10
136.7797799999999881
20
-65.5250779999999935
11
136.7816739999999811
21
-65.5082609999999903
0
LINE
8
BLACK
6
CONTINUOUS
10
136.7816739999999811
20
-65.5082609999999903
11
136.7997249999999951
21
-65.3480550000000022
0
LINE
8
BLACK
6
CONTINUOUS
10
136.7997249999999951
20
-65.3480550000000022
11
136.8059010000000058
21
-65.320998000000003
0
LINE
8
BLACK
6
CONTINUOUS
10
136.8059010000000058
20
-65.320998000000003
11
136.8084999999999809
21
-65.3135699999999986
0
LINE
8
BLACK
6
CONTINUOUS
10
136.8084999999999809
20
-65.3135699999999986
11
136.8084999999999809
21
-64.945999999999998
0
LINE
8
BLACK
6
CONTINUOUS
10
136.8084999999999809
20
-64.945999999999998
11
137.0046690000000069
21
-64.945999999999998
0
LINE
8
BLACK
6
CONTINUOUS
10
137.0046690000000069
20
-64.945999999999998
11
137.1038409999999885
21
-64.8468280000000021
0
LINE
8
BLACK
6
CONTINUOUS
10
137.1038409999999885
20
-64.8468280000000021
11
137.1255400000000009
21
-64.8295229999999947
0
LINE
8
BLACK
6
CONTINUOUS
10
137.1255400000000009
20
-64.8295229999999947
11
137.2704559999999958
21
-64.7384660000000025
0
LINE
8
BLACK
6
CONTINUOUS
10
137.2704559999999958
20
-64.7384660000000025
11
137.2954579999999964
21
-64.7264260000000036
0
LINE
8
BLACK
6
CONTINUOUS
10
137.2954579999999964
20
-64.7264260000000036
11
137.4569979999999987
21
-64.6699009999999959
0
LINE
8
BLACK
6
CONTINUOUS
10
137.4569979999999987
20
-64.6699009999999959
11
137.4840549999999837
21
-64.6637249999999995
0
LINE
8
BLACK
6
CONTINUOUS
10
137.4840549999999837
20
-64.6637249999999995
11
137.6444339999999897
21
-64.6456549999999908
0
LINE
8
BLACK
6
CONTINUOUS
10
137.6444339999999897
20
-64.6456549999999908
11
137.6680010000000038
21
-64.6430000000000007
0
LINE
8
BLACK
6
CONTINUOUS
10
137.6680010000000038
20
-64.6430000000000007
11
138.5569999999999879
21
-64.6430000000000007
0
LINE
8
BLACK
6
CONTINUOUS
10
138.5569999999999879
20
-64.6430000000000007
11
138.5569999999999879
21
-64.3889999999999958
0
LINE
8
BLACK
6
CONTINUOUS
10
138.5569999999999879
20
-64.3889999999999958
11
138.5569999999999879
21
-63.8181549999999973
0
LINE
8
BLACK
6
CONTINUOUS
10
138.5569999999999879
20
-63.8181549999999973
11
138.5569999999999879
21
-63.2295589999999947
0
LINE
8
BLACK
6
CONTINUOUS
10
138.5569999999999879
20
-63.2295589999999947
11
138.5766849999999977
21
-63.1625200000000007
0
LINE
8
BLACK
6
CONTINUOUS
10
138.5766849999999977
20
-63.1625200000000007
11
138.6294890000000066
21
-63.1167649999999938
0
LINE
8
BLACK
6
CONTINUOUS
10
138.6294890000000066
20
-63.1167649999999938
11
138.698646999999994
21
-63.1068209999999965
0
LINE
8
BLACK
6
CONTINUOUS
10
138.698646999999994
20
-63.1068209999999965
11
138.7564859999999953
21
-63.131183
0
LINE
8
BLACK
6
CONTINUOUS
10
138.7564859999999953
20
-63.131183
11
138.7621589999999969
21
-63.1355359999999948
0
LINE
8
BLACK
6
CONTINUOUS
10
138.7621589999999969
20
-63.1355359999999948
11
138.908237999999983
21
-63.1960440000000006
0
LINE
8
BLACK
6
CONTINUOUS
10
138.908237999999983
20
-63.1960440000000006
11
138.9866189999999904
21
-63.2063629999999961
0
LINE
8
BLACK
6
CONTINUOUS
10
138.9866189999999904
20
-63.2063629999999961
11
139.0649990000000003
21
-63.2166819999999987
0
LINE
8
BLACK
6
CONTINUOUS
10
139.0649990000000003
20
-63.2166819999999987
11
139.0649999999999977
21
-63.2166819999999987
0
LINE
8
BLACK
6
CONTINUOUS
10
139.0649999999999977
20
-63.2166819999999987
11
139.0650009999999952
21
-63.2166819999999987
0
LINE
8
BLACK
6
CONTINUOUS
10
139.0650009999999952
20
-63.2166819999999987
11
139.1172540000000026
21
-63.2098019999999963
0
LINE
8
BLACK
6
CONTINUOUS
10
139.1172540000000026
20
-63.2098019999999963
11
139.221761999999984
21
-63.1960440000000006
0
LINE
8
BLACK
6
CONTINUOUS
10
139.221761999999984
20
-63.1960440000000006
11
139.3678409999999985
21
-63.1355359999999948
0
LINE
8
BLACK
6
CONTINUOUS
10
139.3678409999999985
20
-63.1355359999999948
11
139.4932819999999936
21
-63.039282
0
LINE
8
BLACK
6
CONTINUOUS
10
139.4932819999999936
20
-63.039282
11
139.5895359999999812
21
-62.9138409999999979
0
LINE
8
BLACK
6
CONTINUOUS
10
139.5895359999999812
20
-62.9138409999999979
11
139.6500439999999799
21
-62.7677619999999976
0
LINE
8
BLACK
6
CONTINUOUS
10
139.6500439999999799
20
-62.7677619999999976
11
139.6706819999999993
21
-62.6109999999999971
0
LINE
8
BLACK
6
CONTINUOUS
10
139.6706819999999993
20
-62.6109999999999971
11
139.6639920000000075
21
-62.560184999999997
0
LINE
8
BLACK
6
CONTINUOUS
10
139.6639920000000075
20
-62.560184999999997
11
139.6747569999999996
21
-62.4911499999999975
0
LINE
8
BLACK
6
CONTINUOUS
10
139.6747569999999996
20
-62.4911499999999975
11
139.7211369999999988
21
-62.4388939999999977
0
LINE
8
BLACK
6
CONTINUOUS
10
139.7211369999999988
20
-62.4388939999999977
11
139.7869309999999814
21
-62.4199999999999946
0
LINE
8
BLACK
6
CONTINUOUS
10
139.7869309999999814
20
-62.4199999999999946
11
139.8269999999999982
21
-62.4199999999999946
0
LINE
8
BLACK
6
CONTINUOUS
10
139.8269999999999982
20
-62.4199999999999946
11
139.8269999999999982
21
-62.1699999999999946
0
LINE
8
BLACK
6
CONTINUOUS
10
139.8269999999999982
20
-62.1699999999999946
11
139.8059999999999832
21
-62.1699999999999946
0
LINE
8
BLACK
6
CONTINUOUS
10
139.8059999999999832
20
-62.1699999999999946
11
139.8059999999999832
21
-59.3699999999999974
0
LINE
8
BLACK
6
CONTINUOUS
10
139.8059999999999832
20
-59.3699999999999974
11
139.8269999999999982
21
-59.3699999999999974
0
LINE
8
BLACK
6
CONTINUOUS
10
139.8269999999999982
20
-59.3699999999999974
11
139.8269999999999982
21
-59.1819999999999951
0
LINE
8
BLACK
6
CONTINUOUS
10
139.8269999999999982
20
-59.1819999999999951
11
146.9489069999999913
21
-59.1819999999999951
0
LINE
8
BLACK
6
CONTINUOUS
10
146.9489069999999913
20
-59.1819999999999951
11
146.9610610000000008
21
-59.1825969999999941
0
LINE
8
BLACK
6
CONTINUOUS
10
144.775999999999982
20
-73.7210000000000036
11
145.1759999999999877
21
-73.7210000000000036
0
LINE
8
BLACK
6
CONTINUOUS
10
145.1759999999999877
20
-73.7210000000000036
11
145.2716709999999978
21
-73.7400299999999902
0
LINE
8
BLACK
6
CONTINUOUS
10
145.2716709999999978
20
-73.7400299999999902
11
145.3527770000000032
21
-73.7942230000000023
0
LINE
8
BLACK
6
CONTINUOUS
10
145.3527770000000032
20
-73.7942230000000023
11
145.4069700000000012
21
-73.8753289999999936
0
LINE
8
BLACK
6
CONTINUOUS
10
145.4069700000000012
20
-73.8753289999999936
11
145.4259999999999877
21
-73.9710000000000036
0
LINE
8
BLACK
6
CONTINUOUS
10
145.4259999999999877
20
-73.9710000000000036
11
145.4259999999999877
21
-74.133499999999998
0
LINE
8
BLACK
6
CONTINUOUS
10
145.4259999999999877
20
-74.133499999999998
11
145.6759999999999877
21
-74.133499999999998
0
LINE
8
BLACK
6
CONTINUOUS
10
145.6759999999999877
20
-74.133499999999998
11
145.6759999999999877
21
-73.9231719999999939
0
LINE
8
BLACK
6
CONTINUOUS
10
145.6759999999999877
20
-73.9231719999999939
11
145.6759989999999902
21
-73.9231549999999942
0
LINE
8
BLACK
6
CONTINUOUS
10
145.6759989999999902
20
-73.9231549999999942
11
145.6695979999999793
21
-73.8636269999999939
0
LINE
8
BLACK
6
CONTINUOUS
10
145.6695979999999793
20
-73.8636269999999939
11
145.6695959999999843
21
-73.8636199999999974
0
LINE
8
BLACK
6
CONTINUOUS
10
145.6695959999999843
20
-73.8636199999999974
11
145.6193539999999871
21
-73.7289129999999915
0
LINE
8
BLACK
6
CONTINUOUS
10
145.6193539999999871
20
-73.7289129999999915
11
145.6193499999999972
21
-73.7289059999999949
0
LINE
8
BLACK
6
CONTINUOUS
10
145.6193499999999972
20
-73.7289059999999949
11
145.5331899999999905
21
-73.6138119999999958
0
LINE
8
BLACK
6
CONTINUOUS
10
145.5331899999999905
20
-73.6138119999999958
11
145.5331869999999981
21
-73.6138090000000034
0
LINE
8
BLACK
6
CONTINUOUS
10
145.5331869999999981
20
-73.6138090000000034
11
145.4180929999999989
21
-73.5276489999999967
0
LINE
8
BLACK
6
CONTINUOUS
10
145.4180929999999989
20
-73.5276489999999967
11
145.4180859999999882
21
-73.5276449999999926
0
LINE
8
BLACK
6
CONTINUOUS
10
145.4180859999999882
20
-73.5276449999999926
11
145.2833789999999965
21
-73.4774029999999954
0
LINE
8
BLACK
6
CONTINUOUS
10
145.2833789999999965
20
-73.4774029999999954
11
145.2833719999999857
21
-73.4774010000000004
0
LINE
8
BLACK
6
CONTINUOUS
10
145.2833719999999857
20
-73.4774010000000004
11
145.2238439999999855
21
-73.4710000000000036
0
LINE
8
BLACK
6
CONTINUOUS
10
145.2238439999999855
20
-73.4710000000000036
11
144.775999999999982
21
-73.4710000000000036
0
LINE
8
BLACK
6
CONTINUOUS
10
144.775999999999982
20
-73.4710000000000036
11
144.775999999999982
21
-73.7210000000000036
0
LINE
8
BLACK
6
CONTINUOUS
10
140.8359999999999843
20
-74.133499999999998
11
141.0859999999999843
21
-74.133499999999998
0
LINE
8
BLACK
6
CONTINUOUS
10
141.0859999999999843
20
-74.133499999999998
11
141.0859999999999843
21
-73.9710000000000036
0
LINE
8
BLACK
6
CONTINUOUS
10
141.0859999999999843
20
-73.9710000000000036
11
141.1050299999999993
21
-73.8753289999999936
0
LINE
8
BLACK
6
CONTINUOUS
10
141.1050299999999993
20
-73.8753289999999936
11
141.1592229999999972
21
-73.7942230000000023
0
LINE
8
BLACK
6
CONTINUOUS
10
141.1592229999999972
20
-73.7942230000000023
11
141.2403290000000027
21
-73.7400299999999902
0
LINE
8
BLACK
6
CONTINUOUS
10
141.2403290000000027
20
-73.7400299999999902
11
141.3359999999999843
21
-73.7210000000000036
0
LINE
8
BLACK
6
CONTINUOUS
10
141.3359999999999843
20
-73.7210000000000036
11
141.73599999999999
21
-73.7210000000000036
0
LINE
8
BLACK
6
CONTINUOUS
10
141.73599999999999
20
-73.7210000000000036
11
141.73599999999999
21
-73.4710000000000036
0
LINE
8
BLACK
6
CONTINUOUS
10
141.73599999999999
20
-73.4710000000000036
11
141.2881549999999891
21
-73.4710000000000036
0
LINE
8
BLACK
6
CONTINUOUS
10
141.2881549999999891
20
-73.4710000000000036
11
141.2286269999999888
21
-73.4774010000000004
0
LINE
8
BLACK
6
CONTINUOUS
10
141.2286269999999888
20
-73.4774010000000004
11
141.2286200000000065
21
-73.4774029999999954
0
LINE
8
BLACK
6
CONTINUOUS
10
141.2286200000000065
20
-73.4774029999999954
11
141.0939129999999864
21
-73.5276449999999926
0
LINE
8
BLACK
6
CONTINUOUS
10
141.0939129999999864
20
-73.5276449999999926
11
141.093906000000004
21
-73.5276489999999967
0
LINE
8
BLACK
6
CONTINUOUS
10
141.093906000000004
20
-73.5276489999999967
11
140.9788120000000049
21
-73.6138090000000034
0
LINE
8
BLACK
6
CONTINUOUS
10
140.9788120000000049
20
-73.6138090000000034
11
140.9788089999999841
21
-73.6138119999999958
0
LINE
8
BLACK
6
CONTINUOUS
10
140.9788089999999841
20
-73.6138119999999958
11
140.8926490000000058
21
-73.7289059999999949
0
LINE
8
BLACK
6
CONTINUOUS
10
140.8926490000000058
20
-73.7289059999999949
11
140.8926449999999875
21
-73.7289129999999915
0
LINE
8
BLACK
6
CONTINUOUS
10
140.8926449999999875
20
-73.7289129999999915
11
140.8424029999999902
21
-73.8636199999999974
0
LINE
8
BLACK
6
CONTINUOUS
10
140.8424029999999902
20
-73.8636199999999974
11
140.8424009999999953
21
-73.8636269999999939
0
LINE
8
BLACK
6
CONTINUOUS
10
140.8424009999999953
20
-73.8636269999999939
11
140.8359999999999843
21
-73.9231549999999942
0
LINE
8
BLACK
6
CONTINUOUS
10
140.8359999999999843
20
-73.9231549999999942
11
140.8359999999999843
21
-74.133499999999998
0
LINE
8
BLACK
6
CONTINUOUS
10
147.1310000000000002
20
-64.2659999999999911
11
147.3810000000000002
21
-64.2659999999999911
0
LINE
8
BLACK
6
CONTINUOUS
10
147.3810000000000002
20
-64.2659999999999911
11
147.3810000000000002
21
-63.8659999999999997
0
LINE
8
BLACK
6
CONTINUOUS
10
147.3810000000000002
20
-63.8659999999999997
11
147.4000299999999868
21
-63.7703289999999967
0
LINE
8
BLACK
6
CONTINUOUS
10
147.4000299999999868
20
-63.7703289999999967
11
147.4542229999999847
21
-63.6892229999999984
0
LINE
8
BLACK
6
CONTINUOUS
10
147.4542229999999847
20
-63.6892229999999984
11
147.5353289999999902
21
-63.6350300000000004
0
LINE
8
BLACK
6
CONTINUOUS
10
147.5353289999999902
20
-63.6350300000000004
11
147.6310000000000002
21
-63.6159999999999997
0
LINE
8
BLACK
6
CONTINUOUS
10
147.6310000000000002
20
-63.6159999999999997
11
147.7934999999999945
21
-63.6159999999999997
0
LINE
8
BLACK
6
CONTINUOUS
10
147.7934999999999945
20
-63.6159999999999997
11
147.7934999999999945
21
-63.3659999999999997
0
LINE
8
BLACK
6
CONTINUOUS
10
147.7934999999999945
20
-63.3659999999999997
11
147.583155000000005
21
-63.3659999999999997
0
LINE
8
BLACK
6
CONTINUOUS
10
147.583155000000005
20
-63.3659999999999997
11
147.5236270000000047
21
-63.3724009999999964
0
LINE
8
BLACK
6
CONTINUOUS
10
147.5236270000000047
20
-63.3724009999999964
11
147.523619999999994
21
-63.3724029999999985
0
LINE
8
BLACK
6
CONTINUOUS
10
147.523619999999994
20
-63.3724029999999985
11
147.3889130000000023
21
-63.4226449999999957
0
LINE
8
BLACK
6
CONTINUOUS
10
147.3889130000000023
20
-63.4226449999999957
11
147.3889059999999915
21
-63.4226489999999998
0
LINE
8
BLACK
6
CONTINUOUS
10
147.3889059999999915
20
-63.4226489999999998
11
147.2738119999999924
21
-63.5088089999999994
0
LINE
8
BLACK
6
CONTINUOUS
10
147.2738119999999924
20
-63.5088089999999994
11
147.273809
21
-63.5088119999999989
0
LINE
8
BLACK
6
CONTINUOUS
10
147.273809
20
-63.5088119999999989
11
147.1876489999999933
21
-63.6239059999999981
0
LINE
8
BLACK
6
CONTINUOUS
10
147.1876489999999933
20
-63.6239059999999981
11
147.1876450000000034
21
-63.6239129999999946
0
LINE
8
BLACK
6
CONTINUOUS
10
147.1876450000000034
20
-63.6239129999999946
11
147.1374030000000062
21
-63.7586200000000005
0
LINE
8
BLACK
6
CONTINUOUS
10
147.1374030000000062
20
-63.7586200000000005
11
147.1374009999999828
21
-63.7586269999999971
0
LINE
8
BLACK
6
CONTINUOUS
10
147.1374009999999828
20
-63.7586269999999971
11
147.1310000000000002
21
-63.8181549999999973
0
LINE
8
BLACK
6
CONTINUOUS
10
147.1310000000000002
20
-63.8181549999999973
11
147.1310000000000002
21
-64.2659999999999911
0
LINE
8
BLACK
6
CONTINUOUS
10
159.5709070000000054
20
-63.2656849999999977
11
159.6166619999999909
21
-63.3184889999999996
0
LINE
8
BLACK
6
CONTINUOUS
10
159.6166619999999909
20
-63.3184889999999996
11
159.6266059999999811
21
-63.3876469999999941
0
LINE
8
BLACK
6
CONTINUOUS
10
159.6266059999999811
20
-63.3876469999999941
11
159.6104990000000043
21
-63.4268679999999989
0
LINE
8
BLACK
6
CONTINUOUS
10
159.6104990000000043
20
-63.4268679999999989
11
159.6132259999999974
21
-63.4283089999999987
0
LINE
8
BLACK
6
CONTINUOUS
10
159.6132259999999974
20
-63.4283089999999987
11
159.6088849999999866
21
-63.4365219999999965
0
LINE
8
BLACK
6
CONTINUOUS
10
159.6088849999999866
20
-63.4365219999999965
11
159.5652739999999881
21
-63.5611499999999978
0
LINE
8
BLACK
6
CONTINUOUS
10
159.5652739999999881
20
-63.5611499999999978
11
159.5625
21
-63.5907389999999992
0
LINE
8
BLACK
6
CONTINUOUS
10
159.5625
20
-63.5907389999999992
11
159.5625
21
-64.1712600000000037
0
LINE
8
BLACK
6
CONTINUOUS
10
159.5625
20
-64.1712600000000037
11
159.5652739999999881
21
-64.200848999999991
0
LINE
8
BLACK
6
CONTINUOUS
10
159.5652739999999881
20
-64.200848999999991
11
159.6088839999999891
21
-64.3254759999999948
0
LINE
8
BLACK
6
CONTINUOUS
10
159.6088839999999891
20
-64.3254759999999948
11
159.6568389999999908
21
-64.3904519999999962
0
LINE
8
BLACK
6
CONTINUOUS
10
159.6568389999999908
20
-64.3904519999999962
11
159.6872889999999927
21
-64.4317109999999929
0
LINE
8
BLACK
6
CONTINUOUS
10
159.6872889999999927
20
-64.4317109999999929
11
159.7496349999999836
21
-64.4777239999999949
0
LINE
8
BLACK
6
CONTINUOUS
10
159.7496349999999836
20
-64.4777239999999949
11
159.7918839999999818
21
-64.5333679999999958
0
LINE
8
BLACK
6
CONTINUOUS
10
159.7918839999999818
20
-64.5333679999999958
11
159.7999999999999829
21
-64.5774919999999923
0
LINE
8
BLACK
6
CONTINUOUS
10
159.7999999999999829
20
-64.5774919999999923
11
159.7999999999999829
21
-64.7134999999999962
0
LINE
8
BLACK
6
CONTINUOUS
10
159.7999999999999829
20
-64.7134999999999962
11
159.7803150000000016
21
-64.7805389999999903
0
LINE
8
BLACK
6
CONTINUOUS
10
159.7803150000000016
20
-64.7805389999999903
11
159.7275109999999927
21
-64.8262939999999901
0
LINE
8
BLACK
6
CONTINUOUS
10
159.7275109999999927
20
-64.8262939999999901
11
159.6759999999999877
21
-64.8374999999999915
0
LINE
8
BLACK
6
CONTINUOUS
10
159.6759999999999877
20
-64.8374999999999915
11
159.6162469999999871
21
-64.8374999999999915
0
LINE
8
BLACK
6
CONTINUOUS
10
159.6162469999999871
20
-64.8374999999999915
11
159.557770000000005
21
-64.8491309999999999
0
LINE
8
BLACK
6
CONTINUOUS
10
159.557770000000005
20
-64.8491309999999999
11
159.5577689999999791
21
-64.8491319999999973
0
LINE
8
BLACK
6
CONTINUOUS
10
159.5577689999999791
20
-64.8491319999999973
11
159.4914469999999937
21
-64.8934469999999948
0
LINE
8
BLACK
6
CONTINUOUS
10
159.4914469999999937
20
-64.8934469999999948
11
159.4758269999999811
21
-64.9168250000000029
0
LINE
8
BLACK
6
CONTINUOUS
10
159.4758269999999811
20
-64.9168250000000029
11
159.4222139999999968
21
-64.9616290000000021
0
LINE
8
BLACK
6
CONTINUOUS
10
159.4222139999999968
20
-64.9616290000000021
11
159.3528890000000047
21
-64.9703349999999915
0
LINE
8
BLACK
6
CONTINUOUS
10
159.3528890000000047
20
-64.9703349999999915
11
159.3252750000000049
21
-64.9624939999999924
0
LINE
8
BLACK
6
CONTINUOUS
10
159.3252750000000049
20
-64.9624939999999924
11
159.2877619999999865
21
-64.9469560000000001
0
LINE
8
BLACK
6
CONTINUOUS
10
159.2877619999999865
20
-64.9469560000000001
11
159.2877599999999916
21
-64.9469550000000027
0
LINE
8
BLACK
6
CONTINUOUS
10
159.2877599999999916
20
-64.9469550000000027
11
159.1310009999999977
21
-64.9263179999999949
0
LINE
8
BLACK
6
CONTINUOUS
10
159.1310009999999977
20
-64.9263179999999949
11
159.1309990000000028
21
-64.9263179999999949
0
LINE
8
BLACK
6
CONTINUOUS
10
159.1309990000000028
20
-64.9263179999999949
11
158.974238999999983
21
-64.9469550000000027
0
LINE
8
BLACK
6
CONTINUOUS
10
158.974238999999983
20
-64.9469550000000027
11
158.974236999999988
21
-64.9469560000000001
0
LINE
8
BLACK
6
CONTINUOUS
10
158.974236999999988
20
-64.9469560000000001
11
158.8281599999999969
21
-65.0074630000000013
0
LINE
8
BLACK
6
CONTINUOUS
10
158.8281599999999969
20
-65.0074630000000013
11
158.7027180000000044
21
-65.1037180000000006
0
LINE
8
BLACK
6
CONTINUOUS
10
158.7027180000000044
20
-65.1037180000000006
11
158.6064629999999909
21
-65.2291599999999931
0
LINE
8
BLACK
6
CONTINUOUS
10
158.6064629999999909
20
-65.2291599999999931
11
158.5459559999999897
21
-65.3752369999999985
0
LINE
8
BLACK
6
CONTINUOUS
10
158.5459559999999897
20
-65.3752369999999985
11
158.5459549999999922
21
-65.3752389999999934
0
LINE
8
BLACK
6
CONTINUOUS
10
158.5459549999999922
20
-65.3752389999999934
11
158.5253179999999986
21
-65.5319980000000015
0
LINE
8
BLACK
6
CONTINUOUS
10
158.5253179999999986
20
-65.5319980000000015
11
158.5253179999999986
21
-65.532000999999994
0
LINE
8
BLACK
6
CONTINUOUS
10
158.5253179999999986
20
-65.532000999999994
11
158.5459549999999922
21
-65.688760000000002
0
LINE
8
BLACK
6
CONTINUOUS
10
158.5459549999999922
20
-65.688760000000002
11
158.5459559999999897
21
-65.688761999999997
0
LINE
8
BLACK
6
CONTINUOUS
10
158.5459559999999897
20
-65.688761999999997
11
158.6064639999999883
21
-65.8348409999999973
0
LINE
8
BLACK
6
CONTINUOUS
10
158.6064639999999883
20
-65.8348409999999973
11
158.7027180000000044
21
-65.9602819999999923
0
LINE
8
BLACK
6
CONTINUOUS
10
158.7027180000000044
20
-65.9602819999999923
11
158.8281589999999994
21
-66.0565359999999941
0
LINE
8
BLACK
6
CONTINUOUS
10
158.8281589999999994
20
-66.0565359999999941
11
158.9742379999999855
21
-66.1170439999999928
0
LINE
8
BLACK
6
CONTINUOUS
10
158.9742379999999855
20
-66.1170439999999928
11
159.0281849999999793
21
-66.1241459999999961
0
LINE
8
BLACK
6
CONTINUOUS
10
159.0281849999999793
20
-66.1241459999999961
11
159.0920820000000049
21
-66.1524119999999982
0
LINE
8
BLACK
6
CONTINUOUS
10
159.0920820000000049
20
-66.1524119999999982
11
159.1017039999999838
21
-66.1670000000000016
0
LINE
8
BLACK
6
CONTINUOUS
10
159.1017039999999838
20
-66.1670000000000016
11
162.5106769999999869
21
-66.1670000000000016
0
LINE
8
BLACK
6
CONTINUOUS
10
162.5106769999999869
20
-66.1670000000000016
11
162.5487939999999867
21
-66.2109889999999979
0
LINE
8
BLACK
6
CONTINUOUS
10
162.5487939999999867
20
-66.2109889999999979
11
162.5600000000000023
21
-66.2625000000000028
0
LINE
8
BLACK
6
CONTINUOUS
10
162.5600000000000023
20
-66.2625000000000028
11
162.5600000000000023
21
-74.304907
0
LINE
8
BLACK
6
CONTINUOUS
10
162.5600000000000023
20
-74.304907
11
162.5594030000000032
21
-74.3170609999999954
0
LINE
8
BLACK
6
CONTINUOUS
10
162.5594030000000032
20
-74.3170609999999954
11
162.5419819999999902
21
-74.4939339999999959
0
LINE
8
BLACK
6
CONTINUOUS
10
162.5419819999999902
20
-74.4939339999999959
11
162.5372399999999971
21
-74.5177750000000003
0
LINE
8
BLACK
6
CONTINUOUS
10
162.5372399999999971
20
-74.5177750000000003
11
162.4874240000000043
21
-74.681997999999993
0
LINE
8
BLACK
6
CONTINUOUS
10
162.4874240000000043
20
-74.681997999999993
11
162.4781209999999874
21
-74.7044559999999933
0
LINE
8
BLACK
6
CONTINUOUS
10
162.4781209999999874
20
-74.7044559999999933
11
162.3972269999999867
21
-74.855797999999993
0
LINE
8
BLACK
6
CONTINUOUS
10
162.3972269999999867
20
-74.855797999999993
11
162.3837220000000059
21
-74.8760099999999937
0
LINE
8
BLACK
6
CONTINUOUS
10
162.3837220000000059
20
-74.8760099999999937
11
162.2748540000000048
21
-75.008665999999991
0
LINE
8
BLACK
6
CONTINUOUS
10
162.2748540000000048
20
-75.008665999999991
11
162.2576660000000004
21
-75.0258539999999954
0
LINE
8
BLACK
6
CONTINUOUS
10
162.2576660000000004
20
-75.0258539999999954
11
162.1250100000000032
21
-75.1347219999999965
0
LINE
8
BLACK
6
CONTINUOUS
10
162.1250100000000032
20
-75.1347219999999965
11
162.1047979999999882
21
-75.1482269999999914
0
LINE
8
BLACK
6
CONTINUOUS
10
162.1047979999999882
20
-75.1482269999999914
11
161.9534559999999885
21
-75.2291209999999921
0
LINE
8
BLACK
6
CONTINUOUS
10
161.9534559999999885
20
-75.2291209999999921
11
161.9309979999999882
21
-75.2384239999999949
0
LINE
8
BLACK
6
CONTINUOUS
10
161.9309979999999882
20
-75.2384239999999949
11
161.7667749999999955
21
-75.2882400000000018
0
LINE
8
BLACK
6
CONTINUOUS
10
161.7667749999999955
20
-75.2882400000000018
11
161.7429339999999911
21
-75.292981999999995
0
LINE
8
BLACK
6
CONTINUOUS
10
161.7429339999999911
20
-75.292981999999995
11
161.5660609999999906
21
-75.3104029999999938
0
LINE
8
BLACK
6
CONTINUOUS
10
161.5660609999999906
20
-75.3104029999999938
11
161.5539069999999811
21
-75.3109999999999928
0
LINE
8
BLACK
6
CONTINUOUS
10
161.5539069999999811
20
-75.3109999999999928
11
159.0039999999999907
21
-75.3109999999999928
0
LINE
8
BLACK
6
CONTINUOUS
10
159.0039999999999907
20
-75.3109999999999928
11
158.6617139999999893
21
-75.3109999999999928
0
LINE
8
BLACK
6
CONTINUOUS
10
158.6617139999999893
20
-75.3109999999999928
11
158.5946749999999952
21
-75.2913149999999973
0
LINE
8
BLACK
6
CONTINUOUS
10
158.5946749999999952
20
-75.2913149999999973
11
158.5489199999999812
21
-75.2385110000000026
0
LINE
8
BLACK
6
CONTINUOUS
10
158.5489199999999812
20
-75.2385110000000026
11
158.538975999999991
21
-75.169353000000001
0
LINE
8
BLACK
6
CONTINUOUS
10
158.538975999999991
20
-75.169353000000001
11
158.5561749999999961
21
-75.1219040000000007
0
LINE
8
BLACK
6
CONTINUOUS
10
158.5561749999999961
20
-75.1219040000000007
11
158.5603539999999896
21
-75.1151279999999986
0
LINE
8
BLACK
6
CONTINUOUS
10
158.5603539999999896
20
-75.1151279999999986
11
158.5603579999999795
21
-75.1151189999999929
0
LINE
8
BLACK
6
CONTINUOUS
10
158.5603579999999795
20
-75.1151189999999929
11
158.6155049999999846
21
-74.9486969999999957
0
LINE
8
BLACK
6
CONTINUOUS
10
158.6155049999999846
20
-74.9486969999999957
11
158.6155059999999821
21
-74.9486899999999991
0
LINE
8
BLACK
6
CONTINUOUS
10
158.6155059999999821
20
-74.9486899999999991
11
158.6259989999999789
21
-74.8459859999999964
0
LINE
8
BLACK
6
CONTINUOUS
10
158.6259989999999789
20
-74.8459859999999964
11
158.6260000000000048
21
-74.8459730000000008
0
LINE
8
BLACK
6
CONTINUOUS
10
158.6260000000000048
20
-74.8459730000000008
11
158.6260000000000048
21
-74.633499999999998
0
LINE
8
BLACK
6
CONTINUOUS
10
158.6260000000000048
20
-74.633499999999998
11
158.1260000000000048
21
-74.633499999999998
0
LINE
8
BLACK
6
CONTINUOUS
10
158.1260000000000048
20
-74.633499999999998
11
158.1260000000000048
21
-74.7959999999999923
0
LINE
8
BLACK
6
CONTINUOUS
10
158.1260000000000048
20
-74.7959999999999923
11
158.1069699999999898
21
-74.8916710000000023
0
LINE
8
BLACK
6
CONTINUOUS
10
158.1069699999999898
20
-74.8916710000000023
11
158.0527769999999919
21
-74.9727769999999936
0
LINE
8
BLACK
6
CONTINUOUS
10
158.0527769999999919
20
-74.9727769999999936
11
157.9716709999999864
21
-75.0269699999999915
0
LINE
8
BLACK
6
CONTINUOUS
10
157.9716709999999864
20
-75.0269699999999915
11
157.8760000000000048
21
-75.0459999999999923
0
LINE
8
BLACK
6
CONTINUOUS
10
157.8760000000000048
20
-75.0459999999999923
11
156.5759999999999934
21
-75.0459999999999923
0
LINE
8
BLACK
6
CONTINUOUS
10
156.5759999999999934
20
-75.0459999999999923
11
156.4803289999999834
21
-75.0269699999999915
0
LINE
8
BLACK
6
CONTINUOUS
10
156.4803289999999834
20
-75.0269699999999915
11
156.3992230000000063
21
-74.9727769999999936
0
LINE
8
BLACK
6
CONTINUOUS
10
156.3992230000000063
20
-74.9727769999999936
11
156.34502999999998
21
-74.8916710000000023
0
LINE
8
BLACK
6
CONTINUOUS
10
156.34502999999998
20
-74.8916710000000023
11
156.3259999999999934
21
-74.7959999999999923
0
LINE
8
BLACK
6
CONTINUOUS
10
156.3259999999999934
20
-74.7959999999999923
11
156.3259999999999934
21
-74.633499999999998
0
LINE
8
BLACK
6
CONTINUOUS
10
156.3259999999999934
20
-74.633499999999998
11
155.5859999999999843
21
-74.633499999999998
0
LINE
8
BLACK
6
CONTINUOUS
10
155.5859999999999843
20
-74.633499999999998
11
155.5859999999999843
21
-74.7959999999999923
0
LINE
8
BLACK
6
CONTINUOUS
10
155.5859999999999843
20
-74.7959999999999923
11
155.5669699999999978
21
-74.8916710000000023
0
LINE
8
BLACK
6
CONTINUOUS
10
155.5669699999999978
20
-74.8916710000000023
11
155.5127769999999998
21
-74.9727769999999936
0
LINE
8
BLACK
6
CONTINUOUS
10
155.5127769999999998
20
-74.9727769999999936
11
155.4316709999999944
21
-75.0269699999999915
0
LINE
8
BLACK
6
CONTINUOUS
10
155.4316709999999944
20
-75.0269699999999915
11
155.3359999999999843
21
-75.0459999999999923
0
LINE
8
BLACK
6
CONTINUOUS
10
155.3359999999999843
20
-75.0459999999999923
11
154.0360000000000014
21
-75.0459999999999923
0
LINE
8
BLACK
6
CONTINUOUS
10
154.0360000000000014
20
-75.0459999999999923
11
153.9403289999999913
21
-75.0269699999999915
0
LINE
8
BLACK
6
CONTINUOUS
10
153.9403289999999913
20
-75.0269699999999915
11
153.8592229999999859
21
-74.9727769999999936
0
LINE
8
BLACK
6
CONTINUOUS
10
153.8592229999999859
20
-74.9727769999999936
11
153.8050299999999879
21
-74.8916710000000023
0
LINE
8
BLACK
6
CONTINUOUS
10
153.8050299999999879
20
-74.8916710000000023
11
153.7860000000000014
21
-74.7959999999999923
0
LINE
8
BLACK
6
CONTINUOUS
10
153.7860000000000014
20
-74.7959999999999923
11
153.7860000000000014
21
-73.9710000000000036
0
LINE
8
BLACK
6
CONTINUOUS
10
153.7860000000000014
20
-73.9710000000000036
11
153.8050299999999879
21
-73.8753289999999936
0
LINE
8
BLACK
6
CONTINUOUS
10
153.8050299999999879
20
-73.8753289999999936
11
153.8592229999999859
21
-73.7942230000000023
0
LINE
8
BLACK
6
CONTINUOUS
10
153.8592229999999859
20
-73.7942230000000023
11
153.9403289999999913
21
-73.7400299999999902
0
LINE
8
BLACK
6
CONTINUOUS
10
153.9403289999999913
20
-73.7400299999999902
11
154.0360000000000014
21
-73.7210000000000036
0
LINE
8
BLACK
6
CONTINUOUS
10
154.0360000000000014
20
-73.7210000000000036
11
154.436000000000007
21
-73.7210000000000036
0
LINE
8
BLACK
6
CONTINUOUS
10
154.436000000000007
20
-73.7210000000000036
11
154.436000000000007
21
-73.2210000000000036
0
LINE
8
BLACK
6
CONTINUOUS
10
154.436000000000007
20
-73.2210000000000036
11
153.9860280000000046
21
-73.2210000000000036
0
LINE
8
BLACK
6
CONTINUOUS
10
153.9860280000000046
20
-73.2210000000000036
11
153.9860070000000007
21
-73.2210019999999986
0
LINE
8
BLACK
6
CONTINUOUS
10
153.9860070000000007
20
-73.2210019999999986
11
153.9335999999999842
21
-73.2263549999999981
0
LINE
8
BLACK
6
CONTINUOUS
10
153.9335999999999842
20
-73.2263549999999981
11
153.8649069999999881
21
-73.2135839999999973
0
LINE
8
BLACK
6
CONTINUOUS
10
153.8649069999999881
20
-73.2135839999999973
11
153.8140239999999892
21
-73.1657029999999935
0
LINE
8
BLACK
6
CONTINUOUS
10
153.8140239999999892
20
-73.1657029999999935
11
153.796999999999997
21
-73.102997000000002
0
LINE
8
BLACK
6
CONTINUOUS
10
153.796999999999997
20
-73.102997000000002
11
153.796999999999997
21
-64.2520919999999904
0
LINE
8
BLACK
6
CONTINUOUS
10
153.796999999999997
20
-64.2520919999999904
11
153.7975969999999961
21
-64.2399379999999951
0
LINE
8
BLACK
6
CONTINUOUS
10
153.7975969999999961
20
-64.2399379999999951
11
153.8043610000000001
21
-64.1712600000000037
0
LINE
8
BLACK
6
CONTINUOUS
10
153.8043610000000001
20
-64.1712600000000037
11
153.8150179999999807
21
-64.0630560000000031
0
LINE
8
BLACK
6
CONTINUOUS
10
153.8150179999999807
20
-64.0630560000000031
11
153.8197569999999814
21
-64.0392319999999984
0
LINE
8
BLACK
6
CONTINUOUS
10
153.8197569999999814
20
-64.0392319999999984
11
153.8695769999999925
21
-63.8749939999999938
0
LINE
8
BLACK
6
CONTINUOUS
10
153.8695769999999925
20
-63.8749939999999938
11
153.8788749999999936
21
-63.8525489999999962
0
LINE
8
BLACK
6
CONTINUOUS
10
153.8788749999999936
20
-63.8525489999999962
11
153.9597749999999792
21
-63.7011949999999985
0
LINE
8
BLACK
6
CONTINUOUS
10
153.9597749999999792
20
-63.7011949999999985
11
153.9732719999999802
21
-63.6809949999999958
0
LINE
8
BLACK
6
CONTINUOUS
10
153.9732719999999802
20
-63.6809949999999958
11
154.0821489999999869
21
-63.5483279999999979
0
LINE
8
BLACK
6
CONTINUOUS
10
154.0821489999999869
20
-63.5483279999999979
11
154.0993279999999856
21
-63.5311489999999992
0
LINE
8
BLACK
6
CONTINUOUS
10
154.0993279999999856
20
-63.5311489999999992
11
154.2319949999999835
21
-63.4222719999999995
0
LINE
8
BLACK
6
CONTINUOUS
10
154.2319949999999835
20
-63.4222719999999995
11
154.2521950000000004
21
-63.4087749999999986
0
LINE
8
BLACK
6
CONTINUOUS
10
154.2521950000000004
20
-63.4087749999999986
11
154.4035489999999982
21
-63.3278749999999988
0
LINE
8
BLACK
6
CONTINUOUS
10
154.4035489999999982
20
-63.3278749999999988
11
154.4259940000000029
21
-63.3185769999999977
0
LINE
8
BLACK
6
CONTINUOUS
10
154.4259940000000029
20
-63.3185769999999977
11
154.5902319999999861
21
-63.2687569999999937
0
LINE
8
BLACK
6
CONTINUOUS
10
154.5902319999999861
20
-63.2687569999999937
11
154.614056000000005
21
-63.2640180000000001
0
LINE
8
BLACK
6
CONTINUOUS
10
154.614056000000005
20
-63.2640180000000001
11
154.7909389999999803
21
-63.2465969999999942
0
LINE
8
BLACK
6
CONTINUOUS
10
154.7909389999999803
20
-63.2465969999999942
11
154.8030929999999898
21
-63.2459999999999951
0
LINE
8
BLACK
6
CONTINUOUS
10
154.8030929999999898
20
-63.2459999999999951
11
159.5038679999999829
21
-63.2459999999999951
0
LINE
8
BLACK
6
CONTINUOUS
10
159.5038679999999829
20
-63.2459999999999951
11
159.5709070000000054
21
-63.2656849999999977
0
LINE
8
BLACK
6
CONTINUOUS
10
154.936000000000007
20
-73.7210000000000036
11
155.3359999999999843
21
-73.7210000000000036
0
LINE
8
BLACK
6
CONTINUOUS
10
155.3359999999999843
20
-73.7210000000000036
11
155.4316709999999944
21
-73.7400299999999902
0
LINE
8
BLACK
6
CONTINUOUS
10
155.4316709999999944
20
-73.7400299999999902
11
155.5127769999999998
21
-73.7942230000000023
0
LINE
8
BLACK
6
CONTINUOUS
10
155.5127769999999998
20
-73.7942230000000023
11
155.5669699999999978
21
-73.8753289999999936
0
LINE
8
BLACK
6
CONTINUOUS
10
155.5669699999999978
20
-73.8753289999999936
11
155.5859999999999843
21
-73.9710000000000036
0
LINE
8
BLACK
6
CONTINUOUS
10
155.5859999999999843
20
-73.9710000000000036
11
155.5859999999999843
21
-74.133499999999998
0
LINE
8
BLACK
6
CONTINUOUS
10
155.5859999999999843
20
-74.133499999999998
11
156.3259999999999934
21
-74.133499999999998
0
LINE
8
BLACK
6
CONTINUOUS
10
156.3259999999999934
20
-74.133499999999998
11
156.3259999999999934
21
-73.9710000000000036
0
LINE
8
BLACK
6
CONTINUOUS
10
156.3259999999999934
20
-73.9710000000000036
11
156.34502999999998
21
-73.8753289999999936
0
LINE
8
BLACK
6
CONTINUOUS
10
156.34502999999998
20
-73.8753289999999936
11
156.3992230000000063
21
-73.7942230000000023
0
LINE
8
BLACK
6
CONTINUOUS
10
156.3992230000000063
20
-73.7942230000000023
11
156.4803289999999834
21
-73.7400299999999902
0
LINE
8
BLACK
6
CONTINUOUS
10
156.4803289999999834
20
-73.7400299999999902
11
156.5759999999999934
21
-73.7210000000000036
0
LINE
8
BLACK
6
CONTINUOUS
10
156.5759999999999934
20
-73.7210000000000036
11
156.9759999999999991
21
-73.7210000000000036
0
LINE
8
BLACK
6
CONTINUOUS
10
156.9759999999999991
20
-73.7210000000000036
11
156.9759999999999991
21
-73.2210000000000036
0
LINE
8
BLACK
6
CONTINUOUS
10
156.9759999999999991
20
-73.2210000000000036
11
156.5260279999999966
21
-73.2210000000000036
0
LINE
8
BLACK
6
CONTINUOUS
10
156.5260279999999966
20
-73.2210000000000036
11
156.5260119999999802
21
-73.2210010000000011
0
LINE
8
BLACK
6
CONTINUOUS
10
156.5260119999999802
20
-73.2210010000000011
11
156.4233020000000067
21
-73.2314939999999979
0
LINE
8
BLACK
6
CONTINUOUS
10
156.4233020000000067
20
-73.2314939999999979
11
156.2568799999999953
21
-73.286641000000003
0
LINE
8
BLACK
6
CONTINUOUS
10
156.2568799999999953
20
-73.286641000000003
11
156.2568749999999795
21
-73.286642999999998
0
LINE
8
BLACK
6
CONTINUOUS
10
156.2568749999999795
20
-73.286642999999998
11
156.1076539999999966
21
-73.3786839999999927
0
LINE
8
BLACK
6
CONTINUOUS
10
156.1076539999999966
20
-73.3786839999999927
11
156.0436809999999923
21
-73.4426579999999944
0
LINE
8
BLACK
6
CONTINUOUS
10
156.0436809999999923
20
-73.4426579999999944
11
155.9823580000000049
21
-73.4761429999999933
0
LINE
8
BLACK
6
CONTINUOUS
10
155.9823580000000049
20
-73.4761429999999933
11
155.9126660000000015
21
-73.4711590000000001
0
LINE
8
BLACK
6
CONTINUOUS
10
155.9126660000000015
20
-73.4711590000000001
11
155.8683189999999854
21
-73.4426579999999944
0
LINE
8
BLACK
6
CONTINUOUS
10
155.8683189999999854
20
-73.4426579999999944
11
155.8043449999999837
21
-73.3786839999999927
0
LINE
8
BLACK
6
CONTINUOUS
10
155.8043449999999837
20
-73.3786839999999927
11
155.6551240000000007
21
-73.286642999999998
0
LINE
8
BLACK
6
CONTINUOUS
10
155.6551240000000007
20
-73.286642999999998
11
155.6551189999999849
21
-73.286641000000003
0
LINE
8
BLACK
6
CONTINUOUS
10
155.6551189999999849
20
-73.286641000000003
11
155.4886970000000019
21
-73.2314939999999979
0
LINE
8
BLACK
6
CONTINUOUS
10
155.4886970000000019
20
-73.2314939999999979
11
155.4886899999999912
21
-73.2314930000000004
0
LINE
8
BLACK
6
CONTINUOUS
10
155.4886899999999912
20
-73.2314930000000004
11
155.3859860000000026
21
-73.2210000000000036
0
LINE
8
BLACK
6
CONTINUOUS
10
155.3859860000000026
20
-73.2210000000000036
11
154.936000000000007
21
-73.2210000000000036
0
LINE
8
BLACK
6
CONTINUOUS
10
154.936000000000007
20
-73.2210000000000036
11
154.936000000000007
21
-73.7210000000000036
0
LINE
8
BLACK
6
CONTINUOUS
10
157.4759999999999991
20
-73.7210000000000036
11
157.8760000000000048
21
-73.7210000000000036
0
LINE
8
BLACK
6
CONTINUOUS
10
157.8760000000000048
20
-73.7210000000000036
11
157.9716709999999864
21
-73.7400299999999902
0
LINE
8
BLACK
6
CONTINUOUS
10
157.9716709999999864
20
-73.7400299999999902
11
158.0527769999999919
21
-73.7942230000000023
0
LINE
8
BLACK
6
CONTINUOUS
10
158.0527769999999919
20
-73.7942230000000023
11
158.1069699999999898
21
-73.8753289999999936
0
LINE
8
BLACK
6
CONTINUOUS
10
158.1069699999999898
20
-73.8753289999999936
11
158.1260000000000048
21
-73.9710000000000036
0
LINE
8
BLACK
6
CONTINUOUS
10
158.1260000000000048
20
-73.9710000000000036
11
158.1260000000000048
21
-74.133499999999998
0
LINE
8
BLACK
6
CONTINUOUS
10
158.1260000000000048
20
-74.133499999999998
11
158.6259989999999789
21
-74.133499999999998
0
LINE
8
BLACK
6
CONTINUOUS
10
158.6259989999999789
20
-74.133499999999998
11
158.6259989999999789
21
-73.9210279999999926
0
LINE
8
BLACK
6
CONTINUOUS
10
158.6259989999999789
20
-73.9210279999999926
11
158.6259979999999814
21
-73.9210130000000021
0
LINE
8
BLACK
6
CONTINUOUS
10
158.6259979999999814
20
-73.9210130000000021
11
158.6155049999999846
21
-73.8183020000000027
0
LINE
8
BLACK
6
CONTINUOUS
10
158.6155049999999846
20
-73.8183020000000027
11
158.5603579999999795
21
-73.6518799999999914
0
LINE
8
BLACK
6
CONTINUOUS
10
158.5603579999999795
20
-73.6518799999999914
11
158.5603559999999845
21
-73.6518749999999898
0
LINE
8
BLACK
6
CONTINUOUS
10
158.5603559999999845
20
-73.6518749999999898
11
158.4683149999999898
21
-73.5026539999999926
0
LINE
8
BLACK
6
CONTINUOUS
10
158.4683149999999898
20
-73.5026539999999926
11
158.3443450000000041
21
-73.3786839999999927
0
LINE
8
BLACK
6
CONTINUOUS
10
158.3443450000000041
20
-73.3786839999999927
11
158.1951239999999927
21
-73.286642999999998
0
LINE
8
BLACK
6
CONTINUOUS
10
158.1951239999999927
20
-73.286642999999998
11
158.1951190000000054
21
-73.286641000000003
0
LINE
8
BLACK
6
CONTINUOUS
10
158.1951190000000054
20
-73.286641000000003
11
158.028696999999994
21
-73.2314939999999979
0
LINE
8
BLACK
6
CONTINUOUS
10
158.028696999999994
20
-73.2314939999999979
11
158.0286899999999832
21
-73.2314930000000004
0
LINE
8
BLACK
6
CONTINUOUS
10
158.0286899999999832
20
-73.2314930000000004
11
157.9259859999999946
21
-73.2210000000000036
0
LINE
8
BLACK
6
CONTINUOUS
10
157.9259859999999946
20
-73.2210000000000036
11
157.4759999999999991
21
-73.2210000000000036
0
LINE
8
BLACK
6
CONTINUOUS
10
157.4759999999999991
20
-73.2210000000000036
11
157.4759999999999991
21
-73.7210000000000036
0
LINE
8
BLACK
6
CONTINUOUS
10
178.445999999999998
20
-72.6479999999999961
11
178.5072789999999827
21
-72.6479999999999961
0
LINE
8
BLACK
6
CONTINUOUS
10
178.5072789999999827
20
-72.6479999999999961
11
178.5808859999999925
21
-72.5743930000000006
0
LINE
8
BLACK
6
CONTINUOUS
10
178.5808859999999925
20
-72.5743930000000006
11
178.6923929999999814
21
-72.5175770000000028
0
LINE
8
BLACK
6
CONTINUOUS
10
178.6923929999999814
20
-72.5175770000000028
11
178.8160000000000025
21
-72.4979999999999905
0
LINE
8
BLACK
6
CONTINUOUS
10
178.8160000000000025
20
-72.4979999999999905
11
178.9396069999999952
21
-72.5175770000000028
0
LINE
8
BLACK
6
CONTINUOUS
10
178.9396069999999952
20
-72.5175770000000028
11
179.0511139999999841
21
-72.5743930000000006
0
LINE
8
BLACK
6
CONTINUOUS
10
179.0511139999999841
20
-72.5743930000000006
11
179.1396069999999838
21
-72.6628860000000003
0
LINE
8
BLACK
6
CONTINUOUS
10
179.1396069999999838
20
-72.6628860000000003
11
179.1964229999999816
21
-72.7743930000000034
0
LINE
8
BLACK
6
CONTINUOUS
10
179.1964229999999816
20
-72.7743930000000034
11
179.2159999999999798
21
-72.8979999999999961
0
LINE
8
BLACK
6
CONTINUOUS
10
179.2159999999999798
20
-72.8979999999999961
11
179.1964229999999816
21
-73.021607000000003
0
LINE
8
BLACK
6
CONTINUOUS
10
179.1964229999999816
20
-73.021607000000003
11
179.1396069999999838
21
-73.133113999999992
0
LINE
8
BLACK
6
CONTINUOUS
10
179.1396069999999838
20
-73.133113999999992
11
179.0511139999999841
21
-73.2216069999999917
0
LINE
8
BLACK
6
CONTINUOUS
10
179.0511139999999841
20
-73.2216069999999917
11
178.9396069999999952
21
-73.2784230000000036
0
LINE
8
BLACK
6
CONTINUOUS
10
178.9396069999999952
20
-73.2784230000000036
11
178.8160000000000025
21
-73.2980000000000018
0
LINE
8
BLACK
6
CONTINUOUS
10
178.8160000000000025
20
-73.2980000000000018
11
178.6923929999999814
21
-73.2784230000000036
0
LINE
8
BLACK
6
CONTINUOUS
10
178.6923929999999814
20
-73.2784230000000036
11
178.5808859999999925
21
-73.2216069999999917
0
LINE
8
BLACK
6
CONTINUOUS
10
178.5808859999999925
20
-73.2216069999999917
11
178.5072789999999827
21
-73.1479999999999961
0
LINE
8
BLACK
6
CONTINUOUS
10
178.5072789999999827
20
-73.1479999999999961
11
177.5459999999999923
21
-73.1479999999999961
0
LINE
8
BLACK
6
CONTINUOUS
10
177.5459999999999923
20
-73.1479999999999961
11
177.497226999999981
21
-73.1431960000000032
0
LINE
8
BLACK
6
CONTINUOUS
10
177.497226999999981
20
-73.1431960000000032
11
177.4071069999999963
21
-73.1058670000000035
0
LINE
8
BLACK
6
CONTINUOUS
10
177.4071069999999963
20
-73.1058670000000035
11
177.3972399999999823
21
-73.0960000000000036
0
LINE
8
BLACK
6
CONTINUOUS
10
177.3972399999999823
20
-73.0960000000000036
11
176.6459999999999866
21
-73.0960000000000036
0
LINE
8
BLACK
6
CONTINUOUS
10
176.6459999999999866
20
-73.0960000000000036
11
176.6459999999999866
21
-72.445999999999998
0
LINE
8
BLACK
6
CONTINUOUS
10
176.6459999999999866
20
-72.445999999999998
11
178.445999999999998
21
-72.445999999999998
0
LINE
8
BLACK
6
CONTINUOUS
10
178.445999999999998
20
-72.445999999999998
11
178.445999999999998
21
-72.6479999999999961
0
LINE
8
BLACK
6
CONTINUOUS
10
181.1459999999999866
20
-71.8259999999999934
11
179.3460000000000036
21
-71.8259999999999934
0
LINE
8
BLACK
6
CONTINUOUS
10
179.3460000000000036
20
-71.8259999999999934
11
179.3460000000000036
21
-71.7509999999999906
0
LINE
8
BLACK
6
CONTINUOUS
10
179.3460000000000036
20
-71.7509999999999906
11
179.196518999999995
21
-71.7509999999999906
0
LINE
8
BLACK
6
CONTINUOUS
10
179.196518999999995
20
-71.7509999999999906
11
179.1964229999999816
21
-71.7516069999999928
0
LINE
8
BLACK
6
CONTINUOUS
10
179.1964229999999816
20
-71.7516069999999928
11
179.1396069999999838
21
-71.8631139999999959
0
LINE
8
BLACK
6
CONTINUOUS
10
179.1396069999999838
20
-71.8631139999999959
11
179.0511139999999841
21
-71.9516069999999957
0
LINE
8
BLACK
6
CONTINUOUS
10
179.0511139999999841
20
-71.9516069999999957
11
178.9396069999999952
21
-72.0084229999999934
0
LINE
8
BLACK
6
CONTINUOUS
10
178.9396069999999952
20
-72.0084229999999934
11
178.8160000000000025
21
-72.0279999999999916
0
LINE
8
BLACK
6
CONTINUOUS
10
178.8160000000000025
20
-72.0279999999999916
11
178.6923929999999814
21
-72.0084229999999934
0
LINE
8
BLACK
6
CONTINUOUS
10
178.6923929999999814
20
-72.0084229999999934
11
178.5808859999999925
21
-71.9516069999999957
0
LINE
8
BLACK
6
CONTINUOUS
10
178.5808859999999925
20
-71.9516069999999957
11
178.4923929999999928
21
-71.8631139999999959
0
LINE
8
BLACK
6
CONTINUOUS
10
178.4923929999999928
20
-71.8631139999999959
11
178.435576999999995
21
-71.7516069999999928
0
LINE
8
BLACK
6
CONTINUOUS
10
178.435576999999995
20
-71.7516069999999928
11
178.4159999999999968
21
-71.6280000000000001
0
LINE
8
BLACK
6
CONTINUOUS
10
178.4159999999999968
20
-71.6280000000000001
11
178.435576999999995
21
-71.5043929999999932
0
LINE
8
BLACK
6
CONTINUOUS
10
178.435576999999995
20
-71.5043929999999932
11
178.4923929999999928
21
-71.3928859999999901
0
LINE
8
BLACK
6
CONTINUOUS
10
178.4923929999999928
20
-71.3928859999999901
11
178.5808859999999925
21
-71.3043929999999904
0
LINE
8
BLACK
6
CONTINUOUS
10
178.5808859999999925
20
-71.3043929999999904
11
178.6923929999999814
21
-71.2475769999999926
0
LINE
8
BLACK
6
CONTINUOUS
10
178.6923929999999814
20
-71.2475769999999926
11
178.8160000000000025
21
-71.2279999999999944
0
LINE
8
BLACK
6
CONTINUOUS
10
178.8160000000000025
20
-71.2279999999999944
11
178.9396069999999952
21
-71.2475769999999926
0
LINE
8
BLACK
6
CONTINUOUS
10
178.9396069999999952
20
-71.2475769999999926
11
178.9463250000000016
21
-71.2509999999999906
0
LINE
8
BLACK
6
CONTINUOUS
10
178.9463250000000016
20
-71.2509999999999906
11
179.3460000000000036
21
-71.2509999999999906
0
LINE
8
BLACK
6
CONTINUOUS
10
179.3460000000000036
20
-71.2509999999999906
11
179.3460000000000036
21
-71.1760000000000019
0
LINE
8
BLACK
6
CONTINUOUS
10
179.3460000000000036
20
-71.1760000000000019
11
181.1459999999999866
21
-71.1760000000000019
0
LINE
8
BLACK
6
CONTINUOUS
10
181.1459999999999866
20
-71.1760000000000019
11
181.1459999999999866
21
-71.8259999999999934
0
LINE
8
BLACK
6
CONTINUOUS
10
178.445999999999998
20
-69.9809999999999945
11
178.6856750000000034
21
-69.9809999999999945
0
LINE
8
BLACK
6
CONTINUOUS
10
178.6856750000000034
20
-69.9809999999999945
11
178.6923929999999814
21
-69.9775769999999966
0
LINE
8
BLACK
6
CONTINUOUS
10
178.6923929999999814
20
-69.9775769999999966
11
178.8160000000000025
21
-69.9579999999999984
0
LINE
8
BLACK
6
CONTINUOUS
10
178.8160000000000025
20
-69.9579999999999984
11
178.9396069999999952
21
-69.9775769999999966
0
LINE
8
BLACK
6
CONTINUOUS
10
178.9396069999999952
20
-69.9775769999999966
11
179.0511139999999841
21
-70.0343929999999943
0
LINE
8
BLACK
6
CONTINUOUS
10
179.0511139999999841
20
-70.0343929999999943
11
179.1396069999999838
21
-70.1228859999999941
0
LINE
8
BLACK
6
CONTINUOUS
10
179.1396069999999838
20
-70.1228859999999941
11
179.1964229999999816
21
-70.2343929999999972
0
LINE
8
BLACK
6
CONTINUOUS
10
179.1964229999999816
20
-70.2343929999999972
11
179.2159999999999798
21
-70.3579999999999899
0
LINE
8
BLACK
6
CONTINUOUS
10
179.2159999999999798
20
-70.3579999999999899
11
179.1964229999999816
21
-70.4816069999999968
0
LINE
8
BLACK
6
CONTINUOUS
10
179.1964229999999816
20
-70.4816069999999968
11
179.1396069999999838
21
-70.5931139999999999
0
LINE
8
BLACK
6
CONTINUOUS
10
179.1396069999999838
20
-70.5931139999999999
11
179.0511139999999841
21
-70.6816069999999996
0
LINE
8
BLACK
6
CONTINUOUS
10
179.0511139999999841
20
-70.6816069999999996
11
178.9396069999999952
21
-70.7384229999999974
0
LINE
8
BLACK
6
CONTINUOUS
10
178.9396069999999952
20
-70.7384229999999974
11
178.8160000000000025
21
-70.7579999999999956
0
LINE
8
BLACK
6
CONTINUOUS
10
178.8160000000000025
20
-70.7579999999999956
11
178.6923929999999814
21
-70.7384229999999974
0
LINE
8
BLACK
6
CONTINUOUS
10
178.6923929999999814
20
-70.7384229999999974
11
178.5808859999999925
21
-70.6816069999999996
0
LINE
8
BLACK
6
CONTINUOUS
10
178.5808859999999925
20
-70.6816069999999996
11
178.4923929999999928
21
-70.5931139999999999
0
LINE
8
BLACK
6
CONTINUOUS
10
178.4923929999999928
20
-70.5931139999999999
11
178.445999999999998
21
-70.5020629999999926
0
LINE
8
BLACK
6
CONTINUOUS
10
178.445999999999998
20
-70.5020629999999926
11
178.445999999999998
21
-70.5559999999999974
0
LINE
8
BLACK
6
CONTINUOUS
10
178.445999999999998
20
-70.5559999999999974
11
176.6459999999999866
21
-70.5559999999999974
0
LINE
8
BLACK
6
CONTINUOUS
10
176.6459999999999866
20
-70.5559999999999974
11
176.6459999999999866
21
-69.9059999999999917
0
LINE
8
BLACK
6
CONTINUOUS
10
176.6459999999999866
20
-69.9059999999999917
11
178.445999999999998
21
-69.9059999999999917
0
LINE
8
BLACK
6
CONTINUOUS
10
178.445999999999998
20
-69.9059999999999917
11
178.445999999999998
21
-69.9809999999999945
0
LINE
8
BLACK
6
CONTINUOUS
10
181.1459999999999866
20
-69.2860000000000014
11
180.3947599999999909
21
-69.2860000000000014
0
LINE
8
BLACK
6
CONTINUOUS
10
180.3947599999999909
20
-69.2860000000000014
11
180.3848930000000053
21
-69.2958670000000012
0
LINE
8
BLACK
6
CONTINUOUS
10
180.3848930000000053
20
-69.2958670000000012
11
180.2947729999999922
21
-69.3331960000000009
0
LINE
8
BLACK
6
CONTINUOUS
10
180.2947729999999922
20
-69.3331960000000009
11
180.2459999999999809
21
-69.3379999999999939
0
LINE
8
BLACK
6
CONTINUOUS
10
180.2459999999999809
20
-69.3379999999999939
11
179.1247209999999939
21
-69.3379999999999939
0
LINE
8
BLACK
6
CONTINUOUS
10
179.1247209999999939
20
-69.3379999999999939
11
179.0511139999999841
21
-69.4116070000000036
0
LINE
8
BLACK
6
CONTINUOUS
10
179.0511139999999841
20
-69.4116070000000036
11
178.9396069999999952
21
-69.4684230000000014
0
LINE
8
BLACK
6
CONTINUOUS
10
178.9396069999999952
20
-69.4684230000000014
11
178.8160000000000025
21
-69.4879999999999995
0
LINE
8
BLACK
6
CONTINUOUS
10
178.8160000000000025
20
-69.4879999999999995
11
178.6923929999999814
21
-69.4684230000000014
0
LINE
8
BLACK
6
CONTINUOUS
10
178.6923929999999814
20
-69.4684230000000014
11
178.5808859999999925
21
-69.4116070000000036
0
LINE
8
BLACK
6
CONTINUOUS
10
178.5808859999999925
20
-69.4116070000000036
11
178.4923929999999928
21
-69.3231140000000039
0
LINE
8
BLACK
6
CONTINUOUS
10
178.4923929999999928
20
-69.3231140000000039
11
178.435576999999995
21
-69.2116070000000008
0
LINE
8
BLACK
6
CONTINUOUS
10
178.435576999999995
20
-69.2116070000000008
11
178.4159999999999968
21
-69.0879999999999939
0
LINE
8
BLACK
6
CONTINUOUS
10
178.4159999999999968
20
-69.0879999999999939
11
178.435576999999995
21
-68.9643930000000012
0
LINE
8
BLACK
6
CONTINUOUS
10
178.435576999999995
20
-68.9643930000000012
11
178.4923929999999928
21
-68.852885999999998
0
LINE
8
BLACK
6
CONTINUOUS
10
178.4923929999999928
20
-68.852885999999998
11
178.5808859999999925
21
-68.7643929999999983
0
LINE
8
BLACK
6
CONTINUOUS
10
178.5808859999999925
20
-68.7643929999999983
11
178.6923929999999814
21
-68.7075770000000006
0
LINE
8
BLACK
6
CONTINUOUS
10
178.6923929999999814
20
-68.7075770000000006
11
178.8160000000000025
21
-68.6880000000000024
0
LINE
8
BLACK
6
CONTINUOUS
10
178.8160000000000025
20
-68.6880000000000024
11
178.9396069999999952
21
-68.7075770000000006
0
LINE
8
BLACK
6
CONTINUOUS
10
178.9396069999999952
20
-68.7075770000000006
11
179.0511139999999841
21
-68.7643929999999983
0
LINE
8
BLACK
6
CONTINUOUS
10
179.0511139999999841
20
-68.7643929999999983
11
179.1247209999999939
21
-68.8379999999999939
0
LINE
8
BLACK
6
CONTINUOUS
10
179.1247209999999939
20
-68.8379999999999939
11
179.3460000000000036
21
-68.8379999999999939
0
LINE
8
BLACK
6
CONTINUOUS
10
179.3460000000000036
20
-68.8379999999999939
11
179.3460000000000036
21
-68.6359999999999957
0
LINE
8
BLACK
6
CONTINUOUS
10
179.3460000000000036
20
-68.6359999999999957
11
181.1459999999999866
21
-68.6359999999999957
0
LINE
8
BLACK
6
CONTINUOUS
10
181.1459999999999866
20
-68.6359999999999957
11
181.1459999999999866
21
-69.2860000000000014
0
LINE
8
BLACK
6
CONTINUOUS
10
178.445999999999998
20
-67.4410000000000025
11
178.6856750000000034
21
-67.4410000000000025
0
LINE
8
BLACK
6
CONTINUOUS
10
178.6856750000000034
20
-67.4410000000000025
11
178.6923929999999814
21
-67.4375769999999903
0
LINE
8
BLACK
6
CONTINUOUS
10
178.6923929999999814
20
-67.4375769999999903
11
178.8160000000000025
21
-67.4179999999999922
0
LINE
8
BLACK
6
CONTINUOUS
10
178.8160000000000025
20
-67.4179999999999922
11
178.9396069999999952
21
-67.4375769999999903
0
LINE
8
BLACK
6
CONTINUOUS
10
178.9396069999999952
20
-67.4375769999999903
11
179.0511139999999841
21
-67.4943930000000023
0
LINE
8
BLACK
6
CONTINUOUS
10
179.0511139999999841
20
-67.4943930000000023
11
179.1396069999999838
21
-67.582886000000002
0
LINE
8
BLACK
6
CONTINUOUS
10
179.1396069999999838
20
-67.582886000000002
11
179.1964229999999816
21
-67.6943929999999909
0
LINE
8
BLACK
6
CONTINUOUS
10
179.1964229999999816
20
-67.6943929999999909
11
179.2159999999999798
21
-67.8179999999999978
0
LINE
8
BLACK
6
CONTINUOUS
10
179.2159999999999798
20
-67.8179999999999978
11
179.1964229999999816
21
-67.9416069999999905
0
LINE
8
BLACK
6
CONTINUOUS
10
179.1964229999999816
20
-67.9416069999999905
11
179.1396069999999838
21
-68.0531139999999937
0
LINE
8
BLACK
6
CONTINUOUS
10
179.1396069999999838
20
-68.0531139999999937
11
179.0511139999999841
21
-68.1416069999999934
0
LINE
8
BLACK
6
CONTINUOUS
10
179.0511139999999841
20
-68.1416069999999934
11
178.9396069999999952
21
-68.1984229999999911
0
LINE
8
BLACK
6
CONTINUOUS
10
178.9396069999999952
20
-68.1984229999999911
11
178.8160000000000025
21
-68.2180000000000035
0
LINE
8
BLACK
6
CONTINUOUS
10
178.8160000000000025
20
-68.2180000000000035
11
178.6923929999999814
21
-68.1984229999999911
0
LINE
8
BLACK
6
CONTINUOUS
10
178.6923929999999814
20
-68.1984229999999911
11
178.5808859999999925
21
-68.1416069999999934
0
LINE
8
BLACK
6
CONTINUOUS
10
178.5808859999999925
20
-68.1416069999999934
11
178.4923929999999928
21
-68.0531139999999937
0
LINE
8
BLACK
6
CONTINUOUS
10
178.4923929999999928
20
-68.0531139999999937
11
178.445999999999998
21
-67.9620630000000006
0
LINE
8
BLACK
6
CONTINUOUS
10
178.445999999999998
20
-67.9620630000000006
11
178.445999999999998
21
-68.0159999999999911
0
LINE
8
BLACK
6
CONTINUOUS
10
178.445999999999998
20
-68.0159999999999911
11
176.6459999999999866
21
-68.0159999999999911
0
LINE
8
BLACK
6
CONTINUOUS
10
176.6459999999999866
20
-68.0159999999999911
11
176.6459999999999866
21
-67.3659999999999997
0
LINE
8
BLACK
6
CONTINUOUS
10
176.6459999999999866
20
-67.3659999999999997
11
178.445999999999998
21
-67.3659999999999997
0
LINE
8
BLACK
6
CONTINUOUS
10
178.445999999999998
20
-67.3659999999999997
11
178.445999999999998
21
-67.4410000000000025
0
LINE
8
BLACK
6
CONTINUOUS
10
181.1459999999999866
20
-66.7459999999999951
11
179.3460000000000036
21
-66.7459999999999951
0
LINE
8
BLACK
6
CONTINUOUS
10
179.3460000000000036
20
-66.7459999999999951
11
179.3460000000000036
21
-66.6709999999999923
0
LINE
8
BLACK
6
CONTINUOUS
10
179.3460000000000036
20
-66.6709999999999923
11
179.196518999999995
21
-66.6709999999999923
0
LINE
8
BLACK
6
CONTINUOUS
10
179.196518999999995
20
-66.6709999999999923
11
179.1964229999999816
21
-66.6716069999999945
0
LINE
8
BLACK
6
CONTINUOUS
10
179.1964229999999816
20
-66.6716069999999945
11
179.1396069999999838
21
-66.7831139999999976
0
LINE
8
BLACK
6
CONTINUOUS
10
179.1396069999999838
20
-66.7831139999999976
11
179.0511139999999841
21
-66.8716069999999974
0
LINE
8
BLACK
6
CONTINUOUS
10
179.0511139999999841
20
-66.8716069999999974
11
178.9396069999999952
21
-66.9284229999999951
0
LINE
8
BLACK
6
CONTINUOUS
10
178.9396069999999952
20
-66.9284229999999951
11
178.8160000000000025
21
-66.9479999999999933
0
LINE
8
BLACK
6
CONTINUOUS
10
178.8160000000000025
20
-66.9479999999999933
11
178.6923929999999814
21
-66.9284229999999951
0
LINE
8
BLACK
6
CONTINUOUS
10
178.6923929999999814
20
-66.9284229999999951
11
178.5808859999999925
21
-66.8716069999999974
0
LINE
8
BLACK
6
CONTINUOUS
10
178.5808859999999925
20
-66.8716069999999974
11
178.4923929999999928
21
-66.7831139999999976
0
LINE
8
BLACK
6
CONTINUOUS
10
178.4923929999999928
20
-66.7831139999999976
11
178.435576999999995
21
-66.6716069999999945
0
LINE
8
BLACK
6
CONTINUOUS
10
178.435576999999995
20
-66.6716069999999945
11
178.4159999999999968
21
-66.5480000000000018
0
LINE
8
BLACK
6
CONTINUOUS
10
178.4159999999999968
20
-66.5480000000000018
11
178.435576999999995
21
-66.4243929999999949
0
LINE
8
BLACK
6
CONTINUOUS
10
178.435576999999995
20
-66.4243929999999949
11
178.4923929999999928
21
-66.3128859999999918
0
LINE
8
BLACK
6
CONTINUOUS
10
178.4923929999999928
20
-66.3128859999999918
11
178.5808859999999925
21
-66.2243929999999921
0
LINE
8
BLACK
6
CONTINUOUS
10
178.5808859999999925
20
-66.2243929999999921
11
178.6923929999999814
21
-66.1675769999999943
0
LINE
8
BLACK
6
CONTINUOUS
10
178.6923929999999814
20
-66.1675769999999943
11
178.8160000000000025
21
-66.1479999999999961
0
LINE
8
BLACK
6
CONTINUOUS
10
178.8160000000000025
20
-66.1479999999999961
11
178.9396069999999952
21
-66.1675769999999943
0
LINE
8
BLACK
6
CONTINUOUS
10
178.9396069999999952
20
-66.1675769999999943
11
178.9463250000000016
21
-66.1709999999999923
0
LINE
8
BLACK
6
CONTINUOUS
10
178.9463250000000016
20
-66.1709999999999923
11
179.3460000000000036
21
-66.1709999999999923
0
LINE
8
BLACK
6
CONTINUOUS
10
179.3460000000000036
20
-66.1709999999999923
11
179.3460000000000036
21
-66.0960000000000036
0
LINE
8
BLACK
6
CONTINUOUS
10
179.3460000000000036
20
-66.0960000000000036
11
181.1459999999999866
21
-66.0960000000000036
0
LINE
8
BLACK
6
CONTINUOUS
10
181.1459999999999866
20
-66.0960000000000036
11
181.1459999999999866
21
-66.7459999999999951
0
LINE
8
BLACK
6
CONTINUOUS
10
160.5913869999999974
20
-63.424078999999999
11
160.6684379999999805
21
-63.4755619999999965
0
LINE
8
BLACK
6
CONTINUOUS
10
160.6684379999999805
20
-63.4755619999999965
11
160.7199209999999994
21
-63.5526129999999938
0
LINE
8
BLACK
6
CONTINUOUS
10
160.7199209999999994
20
-63.5526129999999938
11
160.7379999999999995
21
-63.643499999999996
0
LINE
8
BLACK
6
CONTINUOUS
10
160.7379999999999995
20
-63.643499999999996
11
160.7379999999999995
21
-64.1184999999999974
0
LINE
8
BLACK
6
CONTINUOUS
10
160.7379999999999995
20
-64.1184999999999974
11
160.7199209999999994
21
-64.2093869999999924
0
LINE
8
BLACK
6
CONTINUOUS
10
160.7199209999999994
20
-64.2093869999999924
11
160.6684379999999805
21
-64.286438000000004
0
LINE
8
BLACK
6
CONTINUOUS
10
160.6684379999999805
20
-64.286438000000004
11
160.5913869999999974
21
-64.3379209999999944
0
LINE
8
BLACK
6
CONTINUOUS
10
160.5913869999999974
20
-64.3379209999999944
11
160.5004999999999882
21
-64.3559999999999945
0
LINE
8
BLACK
6
CONTINUOUS
10
160.5004999999999882
20
-64.3559999999999945
11
160.5004999999999882
21
-64.598945999999998
0
LINE
8
BLACK
6
CONTINUOUS
10
160.5004999999999882
20
-64.598945999999998
11
160.9395539999999869
21
-65.0379999999999967
0
LINE
8
BLACK
6
CONTINUOUS
10
160.9395539999999869
20
-65.0379999999999967
11
162.4359999999999786
21
-65.0379999999999967
0
LINE
8
BLACK
6
CONTINUOUS
10
162.4359999999999786
20
-65.0379999999999967
11
162.4359999999999786
21
-65.9380000000000024
0
LINE
8
BLACK
6
CONTINUOUS
10
162.4359999999999786
20
-65.9380000000000024
11
159.6359999999999957
21
-65.9380000000000024
0
LINE
8
BLACK
6
CONTINUOUS
10
159.6359999999999957
20
-65.9380000000000024
11
159.6359999999999957
21
-65.7379999999999995
0
LINE
8
BLACK
6
CONTINUOUS
10
159.6359999999999957
20
-65.7379999999999995
11
159.4694409999999891
21
-65.7379999999999995
0
LINE
8
BLACK
6
CONTINUOUS
10
159.4694409999999891
20
-65.7379999999999995
11
159.4546069999999816
21
-65.7671139999999923
0
LINE
8
BLACK
6
CONTINUOUS
10
159.4546069999999816
20
-65.7671139999999923
11
159.3661139999999818
21
-65.855606999999992
0
LINE
8
BLACK
6
CONTINUOUS
10
159.3661139999999818
20
-65.855606999999992
11
159.2546069999999929
21
-65.912423000000004
0
LINE
8
BLACK
6
CONTINUOUS
10
159.2546069999999929
20
-65.912423000000004
11
159.1310000000000002
21
-65.9320000000000022
0
LINE
8
BLACK
6
CONTINUOUS
10
159.1310000000000002
20
-65.9320000000000022
11
159.0073929999999791
21
-65.912423000000004
0
LINE
8
BLACK
6
CONTINUOUS
10
159.0073929999999791
20
-65.912423000000004
11
158.8958859999999902
21
-65.855606999999992
0
LINE
8
BLACK
6
CONTINUOUS
10
158.8958859999999902
20
-65.855606999999992
11
158.8073929999999905
21
-65.7671139999999923
0
LINE
8
BLACK
6
CONTINUOUS
10
158.8073929999999905
20
-65.7671139999999923
11
158.7505769999999927
21
-65.6556070000000034
0
LINE
8
BLACK
6
CONTINUOUS
10
158.7505769999999927
20
-65.6556070000000034
11
158.7309999999999945
21
-65.5319999999999965
0
LINE
8
BLACK
6
CONTINUOUS
10
158.7309999999999945
20
-65.5319999999999965
11
158.7505769999999927
21
-65.4083930000000038
0
LINE
8
BLACK
6
CONTINUOUS
10
158.7505769999999927
20
-65.4083930000000038
11
158.8073929999999905
21
-65.2968860000000006
0
LINE
8
BLACK
6
CONTINUOUS
10
158.8073929999999905
20
-65.2968860000000006
11
158.8958859999999902
21
-65.2083930000000009
0
LINE
8
BLACK
6
CONTINUOUS
10
158.8958859999999902
20
-65.2083930000000009
11
159.0073929999999791
21
-65.1515770000000032
0
LINE
8
BLACK
6
CONTINUOUS
10
159.0073929999999791
20
-65.1515770000000032
11
159.1310000000000002
21
-65.1319999999999908
0
LINE
8
BLACK
6
CONTINUOUS
10
159.1310000000000002
20
-65.1319999999999908
11
159.2546069999999929
21
-65.1515770000000032
0
LINE
8
BLACK
6
CONTINUOUS
10
159.2546069999999929
20
-65.1515770000000032
11
159.3661139999999818
21
-65.2083930000000009
0
LINE
8
BLACK
6
CONTINUOUS
10
159.3661139999999818
20
-65.2083930000000009
11
159.3957209999999804
21
-65.2379999999999995
0
LINE
8
BLACK
6
CONTINUOUS
10
159.3957209999999804
20
-65.2379999999999995
11
159.6359999999999957
21
-65.2379999999999995
0
LINE
8
BLACK
6
CONTINUOUS
10
159.6359999999999957
20
-65.2379999999999995
11
159.6359999999999957
21
-65.0379999999999967
0
LINE
8
BLACK
6
CONTINUOUS
10
159.6359999999999957
20
-65.0379999999999967
11
160.2324459999999817
21
-65.0379999999999967
0
LINE
8
BLACK
6
CONTINUOUS
10
160.2324459999999817
20
-65.0379999999999967
11
160.0737230000000011
21
-64.8792770000000019
0
LINE
8
BLACK
6
CONTINUOUS
10
160.0737230000000011
20
-64.8792770000000019
11
160.0426369999999849
21
-64.8413970000000006
0
LINE
8
BLACK
6
CONTINUOUS
10
160.0426369999999849
20
-64.8413970000000006
11
160.042632999999995
21
-64.8413929999999965
0
LINE
8
BLACK
6
CONTINUOUS
10
160.042632999999995
20
-64.8413929999999965
11
160.0053039999999953
21
-64.7512729999999976
0
LINE
8
BLACK
6
CONTINUOUS
10
160.0053039999999953
20
-64.7512729999999976
11
160.0004999999999882
21
-64.7025000000000006
0
LINE
8
BLACK
6
CONTINUOUS
10
160.0004999999999882
20
-64.7025000000000006
11
160.0004999999999882
21
-64.3559999999999945
0
LINE
8
BLACK
6
CONTINUOUS
10
160.0004999999999882
20
-64.3559999999999945
11
159.9096129999999789
21
-64.3379209999999944
0
LINE
8
BLACK
6
CONTINUOUS
10
159.9096129999999789
20
-64.3379209999999944
11
159.8325619999999958
21
-64.286438000000004
0
LINE
8
BLACK
6
CONTINUOUS
10
159.8325619999999958
20
-64.286438000000004
11
159.7810790000000054
21
-64.2093869999999924
0
LINE
8
BLACK
6
CONTINUOUS
10
159.7810790000000054
20
-64.2093869999999924
11
159.7630000000000052
21
-64.1184999999999974
0
LINE
8
BLACK
6
CONTINUOUS
10
159.7630000000000052
20
-64.1184999999999974
11
159.7630000000000052
21
-63.643499999999996
0
LINE
8
BLACK
6
CONTINUOUS
10
159.7630000000000052
20
-63.643499999999996
11
159.7810790000000054
21
-63.5526129999999938
0
LINE
8
BLACK
6
CONTINUOUS
10
159.7810790000000054
20
-63.5526129999999938
11
159.8325619999999958
21
-63.4755619999999965
0
LINE
8
BLACK
6
CONTINUOUS
10
159.8325619999999958
20
-63.4755619999999965
11
159.9096129999999789
21
-63.424078999999999
0
LINE
8
BLACK
6
CONTINUOUS
10
159.9096129999999789
20
-63.424078999999999
11
160.0004999999999882
21
-63.4059999999999988
0
LINE
8
BLACK
6
CONTINUOUS
10
160.0004999999999882
20
-63.4059999999999988
11
160.5004999999999882
21
-63.4059999999999988
0
LINE
8
BLACK
6
CONTINUOUS
10
160.5004999999999882
20
-63.4059999999999988
11
160.5913869999999974
21
-63.424078999999999
0
LINE
8
BLACK
6
CONTINUOUS
10
162.4163869999999861
20
-63.424078999999999
11
162.4934379999999976
21
-63.4755619999999965
0
LINE
8
BLACK
6
CONTINUOUS
10
162.4934379999999976
20
-63.4755619999999965
11
162.544920999999988
21
-63.5526129999999938
0
LINE
8
BLACK
6
CONTINUOUS
10
162.544920999999988
20
-63.5526129999999938
11
162.5605139999999835
21
-63.6310000000000002
0
LINE
8
BLACK
6
CONTINUOUS
10
162.5605139999999835
20
-63.6310000000000002
11
162.6322789999999827
21
-63.6310000000000002
0
LINE
8
BLACK
6
CONTINUOUS
10
162.6322789999999827
20
-63.6310000000000002
11
162.7058859999999925
21
-63.5573929999999976
0
LINE
8
BLACK
6
CONTINUOUS
10
162.7058859999999925
20
-63.5573929999999976
11
162.8173929999999814
21
-63.5005769999999998
0
LINE
8
BLACK
6
CONTINUOUS
10
162.8173929999999814
20
-63.5005769999999998
11
162.9410000000000025
21
-63.4809999999999945
0
LINE
8
BLACK
6
CONTINUOUS
10
162.9410000000000025
20
-63.4809999999999945
11
163.0646069999999952
21
-63.5005769999999998
0
LINE
8
BLACK
6
CONTINUOUS
10
163.0646069999999952
20
-63.5005769999999998
11
163.1761139999999841
21
-63.5573929999999976
0
LINE
8
BLACK
6
CONTINUOUS
10
163.1761139999999841
20
-63.5573929999999976
11
163.2646069999999838
21
-63.6458859999999973
0
LINE
8
BLACK
6
CONTINUOUS
10
163.2646069999999838
20
-63.6458859999999973
11
163.3214229999999816
21
-63.7573930000000004
0
LINE
8
BLACK
6
CONTINUOUS
10
163.3214229999999816
20
-63.7573930000000004
11
163.3409999999999798
21
-63.8810000000000002
0
LINE
8
BLACK
6
CONTINUOUS
10
163.3409999999999798
20
-63.8810000000000002
11
163.3214229999999816
21
-64.0046069999999929
0
LINE
8
BLACK
6
CONTINUOUS
10
163.3214229999999816
20
-64.0046069999999929
11
163.2646069999999838
21
-64.1161139999999961
0
LINE
8
BLACK
6
CONTINUOUS
10
163.2646069999999838
20
-64.1161139999999961
11
163.1761139999999841
21
-64.2046069999999958
0
LINE
8
BLACK
6
CONTINUOUS
10
163.1761139999999841
20
-64.2046069999999958
11
163.0646069999999952
21
-64.2614229999999935
0
LINE
8
BLACK
6
CONTINUOUS
10
163.0646069999999952
20
-64.2614229999999935
11
162.9410000000000025
21
-64.2809999999999917
0
LINE
8
BLACK
6
CONTINUOUS
10
162.9410000000000025
20
-64.2809999999999917
11
162.8173929999999814
21
-64.2614229999999935
0
LINE
8
BLACK
6
CONTINUOUS
10
162.8173929999999814
20
-64.2614229999999935
11
162.7058859999999925
21
-64.2046069999999958
0
LINE
8
BLACK
6
CONTINUOUS
10
162.7058859999999925
20
-64.2046069999999958
11
162.6322789999999827
21
-64.1310000000000002
0
LINE
8
BLACK
6
CONTINUOUS
10
162.6322789999999827
20
-64.1310000000000002
11
162.5605139999999835
21
-64.1310000000000002
0
LINE
8
BLACK
6
CONTINUOUS
10
162.5605139999999835
20
-64.1310000000000002
11
162.544920999999988
21
-64.2093869999999924
0
LINE
8
BLACK
6
CONTINUOUS
10
162.544920999999988
20
-64.2093869999999924
11
162.4934379999999976
21
-64.286438000000004
0
LINE
8
BLACK
6
CONTINUOUS
10
162.4934379999999976
20
-64.286438000000004
11
162.4163869999999861
21
-64.3379209999999944
0
LINE
8
BLACK
6
CONTINUOUS
10
162.4163869999999861
20
-64.3379209999999944
11
162.3255000000000052
21
-64.3559999999999945
0
LINE
8
BLACK
6
CONTINUOUS
10
162.3255000000000052
20
-64.3559999999999945
11
161.8255000000000052
21
-64.3559999999999945
0
LINE
8
BLACK
6
CONTINUOUS
10
161.8255000000000052
20
-64.3559999999999945
11
161.734612999999996
21
-64.3379209999999944
0
LINE
8
BLACK
6
CONTINUOUS
10
161.734612999999996
20
-64.3379209999999944
11
161.6575619999999844
21
-64.286438000000004
0
LINE
8
BLACK
6
CONTINUOUS
10
161.6575619999999844
20
-64.286438000000004
11
161.606078999999994
21
-64.2093869999999924
0
LINE
8
BLACK
6
CONTINUOUS
10
161.606078999999994
20
-64.2093869999999924
11
161.5879999999999939
21
-64.1184999999999974
0
LINE
8
BLACK
6
CONTINUOUS
10
161.5879999999999939
20
-64.1184999999999974
11
161.5879999999999939
21
-63.643499999999996
0
LINE
8
BLACK
6
CONTINUOUS
10
161.5879999999999939
20
-63.643499999999996
11
161.606078999999994
21
-63.5526129999999938
0
LINE
8
BLACK
6
CONTINUOUS
10
161.606078999999994
20
-63.5526129999999938
11
161.6575619999999844
21
-63.4755619999999965
0
LINE
8
BLACK
6
CONTINUOUS
10
161.6575619999999844
20
-63.4755619999999965
11
161.734612999999996
21
-63.424078999999999
0
LINE
8
BLACK
6
CONTINUOUS
10
161.734612999999996
20
-63.424078999999999
11
161.8255000000000052
21
-63.4059999999999988
0
LINE
8
BLACK
6
CONTINUOUS
10
161.8255000000000052
20
-63.4059999999999988
11
162.3255000000000052
21
-63.4059999999999988
0
LINE
8
BLACK
6
CONTINUOUS
10
162.3255000000000052
20
-63.4059999999999988
11
162.4163869999999861
21
-63.424078999999999
0
LINE
8
BLACK
6
CONTINUOUS
10
139.5060000000000002
20
-62.1699999999999946
11
139.3059999999999832
21
-62.1699999999999946
0
LINE
8
BLACK
6
CONTINUOUS
10
139.3059999999999832
20
-62.1699999999999946
11
139.3059999999999832
21
-62.2932789999999983
0
LINE
8
BLACK
6
CONTINUOUS
10
139.3059999999999832
20
-62.2932789999999983
11
139.3886070000000075
21
-62.3758859999999942
0
LINE
8
BLACK
6
CONTINUOUS
10
139.3886070000000075
20
-62.3758859999999942
11
139.4454230000000052
21
-62.4873929999999973
0
LINE
8
BLACK
6
CONTINUOUS
10
139.4454230000000052
20
-62.4873929999999973
11
139.4650000000000034
21
-62.6109999999999971
0
LINE
8
BLACK
6
CONTINUOUS
10
139.4650000000000034
20
-62.6109999999999971
11
139.4454230000000052
21
-62.7346069999999969
0
LINE
8
BLACK
6
CONTINUOUS
10
139.4454230000000052
20
-62.7346069999999969
11
139.3886070000000075
21
-62.846114
0
LINE
8
BLACK
6
CONTINUOUS
10
139.3886070000000075
20
-62.846114
11
139.3001140000000078
21
-62.9346069999999997
0
LINE
8
BLACK
6
CONTINUOUS
10
139.3001140000000078
20
-62.9346069999999997
11
139.1886069999999904
21
-62.9914229999999975
0
LINE
8
BLACK
6
CONTINUOUS
10
139.1886069999999904
20
-62.9914229999999975
11
139.0649999999999977
21
-63.0109999999999957
0
LINE
8
BLACK
6
CONTINUOUS
10
139.0649999999999977
20
-63.0109999999999957
11
138.941393000000005
21
-62.9914229999999975
0
LINE
8
BLACK
6
CONTINUOUS
10
138.941393000000005
20
-62.9914229999999975
11
138.8298859999999877
21
-62.9346069999999997
0
LINE
8
BLACK
6
CONTINUOUS
10
138.8298859999999877
20
-62.9346069999999997
11
138.741392999999988
21
-62.846114
0
LINE
8
BLACK
6
CONTINUOUS
10
138.741392999999988
20
-62.846114
11
138.6845769999999902
21
-62.7346069999999969
0
LINE
8
BLACK
6
CONTINUOUS
10
138.6845769999999902
20
-62.7346069999999969
11
138.664999999999992
21
-62.6109999999999971
0
LINE
8
BLACK
6
CONTINUOUS
10
138.664999999999992
20
-62.6109999999999971
11
138.6845769999999902
21
-62.4873929999999973
0
LINE
8
BLACK
6
CONTINUOUS
10
138.6845769999999902
20
-62.4873929999999973
11
138.741392999999988
21
-62.3758859999999942
0
LINE
8
BLACK
6
CONTINUOUS
10
138.741392999999988
20
-62.3758859999999942
11
138.8059999999999832
21
-62.311278999999999
0
LINE
8
BLACK
6
CONTINUOUS
10
138.8059999999999832
20
-62.311278999999999
11
138.8059999999999832
21
-62.1699999999999946
0
LINE
8
BLACK
6
CONTINUOUS
10
138.8059999999999832
20
-62.1699999999999946
11
138.6059999999999945
21
-62.1699999999999946
0
LINE
8
BLACK
6
CONTINUOUS
10
138.6059999999999945
20
-62.1699999999999946
11
138.6059999999999945
21
-61.5735529999999969
0
LINE
8
BLACK
6
CONTINUOUS
10
138.6059999999999945
20
-61.5735529999999969
11
138.4902769999999919
21
-61.689276999999997
0
LINE
8
BLACK
6
CONTINUOUS
10
138.4902769999999919
20
-61.689276999999997
11
138.4523969999999906
21
-61.7203619999999944
0
LINE
8
BLACK
6
CONTINUOUS
10
138.4523969999999906
20
-61.7203619999999944
11
138.4523930000000007
21
-61.720366999999996
0
LINE
8
BLACK
6
CONTINUOUS
10
138.4523930000000007
20
-61.720366999999996
11
138.3622729999999876
21
-61.7576959999999957
0
LINE
8
BLACK
6
CONTINUOUS
10
138.3622729999999876
20
-61.7576959999999957
11
138.3135000000000048
21
-61.7624999999999957
0
LINE
8
BLACK
6
CONTINUOUS
10
138.3135000000000048
20
-61.7624999999999957
11
137.875
21
-61.7624999999999957
0
LINE
8
BLACK
6
CONTINUOUS
10
137.875
20
-61.7624999999999957
11
137.8569209999999998
21
-61.8533869999999979
0
LINE
8
BLACK
6
CONTINUOUS
10
137.8569209999999998
20
-61.8533869999999979
11
137.805437999999981
21
-61.9304379999999952
0
LINE
8
BLACK
6
CONTINUOUS
10
137.805437999999981
20
-61.9304379999999952
11
137.7283869999999979
21
-61.9819209999999998
0
LINE
8
BLACK
6
CONTINUOUS
10
137.7283869999999979
20
-61.9819209999999998
11
137.6374999999999886
21
-62.
0
LINE
8
BLACK
6
CONTINUOUS
10
137.6374999999999886
20
-62.
11
137.1624999999999943
21
-62.
0
LINE
8
BLACK
6
CONTINUOUS
10
137.1624999999999943
20
-62.
11
137.071612999999985
21
-61.9819209999999998
0
LINE
8
BLACK
6
CONTINUOUS
10
137.071612999999985
20
-61.9819209999999998
11
136.9945620000000019
21
-61.9304379999999952
0
LINE
8
BLACK
6
CONTINUOUS
10
136.9945620000000019
20
-61.9304379999999952
11
136.9430789999999831
21
-61.8533869999999979
0
LINE
8
BLACK
6
CONTINUOUS
10
136.9430789999999831
20
-61.8533869999999979
11
136.9249999999999829
21
-61.7624999999999957
0
LINE
8
BLACK
6
CONTINUOUS
10
136.9249999999999829
20
-61.7624999999999957
11
136.9249999999999829
21
-61.2624999999999957
0
LINE
8
BLACK
6
CONTINUOUS
10
136.9249999999999829
20
-61.2624999999999957
11
136.9430789999999831
21
-61.1716130000000007
0
LINE
8
BLACK
6
CONTINUOUS
10
136.9430789999999831
20
-61.1716130000000007
11
136.9945620000000019
21
-61.0945619999999963
0
LINE
8
BLACK
6
CONTINUOUS
10
136.9945620000000019
20
-61.0945619999999963
11
137.071612999999985
21
-61.0430789999999988
0
LINE
8
BLACK
6
CONTINUOUS
10
137.071612999999985
20
-61.0430789999999988
11
137.1624999999999943
21
-61.0249999999999986
0
LINE
8
BLACK
6
CONTINUOUS
10
137.1624999999999943
20
-61.0249999999999986
11
137.6374999999999886
21
-61.0249999999999986
0
LINE
8
BLACK
6
CONTINUOUS
10
137.6374999999999886
20
-61.0249999999999986
11
137.7283869999999979
21
-61.0430789999999988
0
LINE
8
BLACK
6
CONTINUOUS
10
137.7283869999999979
20
-61.0430789999999988
11
137.805437999999981
21
-61.0945619999999963
0
LINE
8
BLACK
6
CONTINUOUS
10
137.805437999999981
20
-61.0945619999999963
11
137.8569209999999998
21
-61.1716130000000007
0
LINE
8
BLACK
6
CONTINUOUS
10
137.8569209999999998
20
-61.1716130000000007
11
137.875
21
-61.2624999999999957
0
LINE
8
BLACK
6
CONTINUOUS
10
137.875
20
-61.2624999999999957
11
138.2099460000000022
21
-61.2624999999999957
0
LINE
8
BLACK
6
CONTINUOUS
10
138.2099460000000022
20
-61.2624999999999957
11
138.6059999999999945
21
-60.8664459999999963
0
LINE
8
BLACK
6
CONTINUOUS
10
138.6059999999999945
20
-60.8664459999999963
11
138.6059999999999945
21
-59.3699999999999974
0
LINE
8
BLACK
6
CONTINUOUS
10
138.6059999999999945
20
-59.3699999999999974
11
139.5060000000000002
21
-59.3699999999999974
0
LINE
8
BLACK
6
CONTINUOUS
10
139.5060000000000002
20
-59.3699999999999974
11
139.5060000000000002
21
-62.1699999999999946
0
LINE
8
BLACK
6
CONTINUOUS
10
137.5236069999999984
20
-58.3195769999999953
11
137.6351139999999873
21
-58.3763930000000002
0
LINE
8
BLACK
6
CONTINUOUS
10
137.6351139999999873
20
-58.3763930000000002
11
137.723606999999987
21
-58.4648859999999999
0
LINE
8
BLACK
6
CONTINUOUS
10
137.723606999999987
20
-58.4648859999999999
11
137.7804229999999848
21
-58.5763929999999959
0
LINE
8
BLACK
6
CONTINUOUS
10
137.7804229999999848
20
-58.5763929999999959
11
137.7999999999999829
21
-58.6999999999999957
0
LINE
8
BLACK
6
CONTINUOUS
10
137.7999999999999829
20
-58.6999999999999957
11
137.7804229999999848
21
-58.8236069999999955
0
LINE
8
BLACK
6
CONTINUOUS
10
137.7804229999999848
20
-58.8236069999999955
11
137.723606999999987
21
-58.9351139999999987
0
LINE
8
BLACK
6
CONTINUOUS
10
137.723606999999987
20
-58.9351139999999987
11
137.6500000000000057
21
-59.0087209999999942
0
LINE
8
BLACK
6
CONTINUOUS
10
137.6500000000000057
20
-59.0087209999999942
11
137.6500000000000057
21
-59.2024860000000004
0
LINE
8
BLACK
6
CONTINUOUS
10
137.6500000000000057
20
-59.2024860000000004
11
137.7283869999999979
21
-59.2180789999999959
0
LINE
8
BLACK
6
CONTINUOUS
10
137.7283869999999979
20
-59.2180789999999959
11
137.805437999999981
21
-59.2695620000000005
0
LINE
8
BLACK
6
CONTINUOUS
10
137.805437999999981
20
-59.2695620000000005
11
137.8569209999999998
21
-59.3466129999999978
0
LINE
8
BLACK
6
CONTINUOUS
10
137.8569209999999998
20
-59.3466129999999978
11
137.875
21
-59.4375
0
LINE
8
BLACK
6
CONTINUOUS
10
137.875
20
-59.4375
11
137.875
21
-59.9375
0
LINE
8
BLACK
6
CONTINUOUS
10
137.875
20
-59.9375
11
137.8569209999999998
21
-60.0283869999999951
0
LINE
8
BLACK
6
CONTINUOUS
10
137.8569209999999998
20
-60.0283869999999951
11
137.805437999999981
21
-60.1054379999999995
0
LINE
8
BLACK
6
CONTINUOUS
10
137.805437999999981
20
-60.1054379999999995
11
137.7283869999999979
21
-60.156920999999997
0
LINE
8
BLACK
6
CONTINUOUS
10
137.7283869999999979
20
-60.156920999999997
11
137.6374999999999886
21
-60.1749999999999972
0
LINE
8
BLACK
6
CONTINUOUS
10
137.6374999999999886
20
-60.1749999999999972
11
137.1624999999999943
21
-60.1749999999999972
0
LINE
8
BLACK
6
CONTINUOUS
10
137.1624999999999943
20
-60.1749999999999972
11
137.071612999999985
21
-60.156920999999997
0
LINE
8
BLACK
6
CONTINUOUS
10
137.071612999999985
20
-60.156920999999997
11
136.9945620000000019
21
-60.1054379999999995
0
LINE
8
BLACK
6
CONTINUOUS
10
136.9945620000000019
20
-60.1054379999999995
11
136.9430789999999831
21
-60.0283869999999951
0
LINE
8
BLACK
6
CONTINUOUS
10
136.9430789999999831
20
-60.0283869999999951
11
136.9249999999999829
21
-59.9375
0
LINE
8
BLACK
6
CONTINUOUS
10
136.9249999999999829
20
-59.9375
11
136.9249999999999829
21
-59.4375
0
LINE
8
BLACK
6
CONTINUOUS
10
136.9249999999999829
20
-59.4375
11
136.9430789999999831
21
-59.3466129999999978
0
LINE
8
BLACK
6
CONTINUOUS
10
136.9430789999999831
20
-59.3466129999999978
11
136.9945620000000019
21
-59.2695620000000005
0
LINE
8
BLACK
6
CONTINUOUS
10
136.9945620000000019
20
-59.2695620000000005
11
137.071612999999985
21
-59.2180789999999959
0
LINE
8
BLACK
6
CONTINUOUS
10
137.071612999999985
20
-59.2180789999999959
11
137.1500000000000057
21
-59.2024860000000004
0
LINE
8
BLACK
6
CONTINUOUS
10
137.1500000000000057
20
-59.2024860000000004
11
137.1500000000000057
21
-59.0087209999999942
0
LINE
8
BLACK
6
CONTINUOUS
10
137.1500000000000057
20
-59.0087209999999942
11
137.0763929999999959
21
-58.9351139999999987
0
LINE
8
BLACK
6
CONTINUOUS
10
137.0763929999999959
20
-58.9351139999999987
11
137.0195769999999982
21
-58.8236069999999955
0
LINE
8
BLACK
6
CONTINUOUS
10
137.0195769999999982
20
-58.8236069999999955
11
137.
21
-58.6999999999999957
0
LINE
8
BLACK
6
CONTINUOUS
10
137.
20
-58.6999999999999957
11
137.0195769999999982
21
-58.5763929999999959
0
LINE
8
BLACK
6
CONTINUOUS
10
137.0195769999999982
20
-58.5763929999999959
11
137.0763929999999959
21
-58.4648859999999999
0
LINE
8
BLACK
6
CONTINUOUS
10
137.0763929999999959
20
-58.4648859999999999
11
137.1648859999999956
21
-58.3763930000000002
0
LINE
8
BLACK
6
CONTINUOUS
10
137.1648859999999956
20
-58.3763930000000002
11
137.2763929999999846
21
-58.3195769999999953
0
LINE
8
BLACK
6
CONTINUOUS
10
137.2763929999999846
20
-58.3195769999999953
11
137.4000000000000057
21
-58.2999999999999972
0
LINE
8
BLACK
6
CONTINUOUS
10
137.4000000000000057
20
-58.2999999999999972
11
137.5236069999999984
21
-58.3195769999999953
0
LINE
8
BLACK
6
CONTINUOUS
10
160.6059999999999945
20
-50.2959999999999994
11
160.7272789999999816
21
-50.2959999999999994
0
LINE
8
BLACK
6
CONTINUOUS
10
160.7272789999999816
20
-50.2959999999999994
11
160.8008859999999913
21
-50.2223929999999967
0
LINE
8
BLACK
6
CONTINUOUS
10
160.8008859999999913
20
-50.2223929999999967
11
160.9123929999999802
21
-50.165576999999999
0
LINE
8
BLACK
6
CONTINUOUS
10
160.9123929999999802
20
-50.165576999999999
11
161.0360000000000014
21
-50.1460000000000008
0
LINE
8
BLACK
6
CONTINUOUS
10
161.0360000000000014
20
-50.1460000000000008
11
161.1596069999999941
21
-50.165576999999999
0
LINE
8
BLACK
6
CONTINUOUS
10
161.1596069999999941
20
-50.165576999999999
11
161.271113999999983
21
-50.2223929999999967
0
LINE
8
BLACK
6
CONTINUOUS
10
161.271113999999983
20
-50.2223929999999967
11
161.3596069999999827
21
-50.3108859999999964
0
LINE
8
BLACK
6
CONTINUOUS
10
161.3596069999999827
20
-50.3108859999999964
11
161.4164229999999804
21
-50.4223929999999996
0
LINE
8
BLACK
6
CONTINUOUS
10
161.4164229999999804
20
-50.4223929999999996
11
161.4359999999999786
21
-50.5459999999999994
0
LINE
8
BLACK
6
CONTINUOUS
10
161.4359999999999786
20
-50.5459999999999994
11
161.4296489999999835
21
-50.5860950000000003
0
LINE
8
BLACK
6
CONTINUOUS
10
161.4296489999999835
20
-50.5860950000000003
11
162.0520539999999983
21
-51.2085000000000008
0
LINE
8
BLACK
6
CONTINUOUS
10
162.0520539999999983
20
-51.2085000000000008
11
162.4659999999999798
21
-51.2085000000000008
0
LINE
8
BLACK
6
CONTINUOUS
10
162.4659999999999798
20
-51.2085000000000008
11
162.4840789999999799
21
-51.1176129999999986
0
LINE
8
BLACK
6
CONTINUOUS
10
162.4840789999999799
20
-51.1176129999999986
11
162.5355619999999988
21
-51.0405619999999942
0
LINE
8
BLACK
6
CONTINUOUS
10
162.5355619999999988
20
-51.0405619999999942
11
162.6126129999999819
21
-50.9890789999999967
0
LINE
8
BLACK
6
CONTINUOUS
10
162.6126129999999819
20
-50.9890789999999967
11
162.7034999999999911
21
-50.9709999999999965
0
LINE
8
BLACK
6
CONTINUOUS
10
162.7034999999999911
20
-50.9709999999999965
11
163.1784999999999854
21
-50.9709999999999965
0
LINE
8
BLACK
6
CONTINUOUS
10
163.1784999999999854
20
-50.9709999999999965
11
163.2693869999999947
21
-50.9890789999999967
0
LINE
8
BLACK
6
CONTINUOUS
10
163.2693869999999947
20
-50.9890789999999967
11
163.3464380000000062
21
-51.0405619999999942
0
LINE
8
BLACK
6
CONTINUOUS
10
163.3464380000000062
20
-51.0405619999999942
11
163.3979209999999966
21
-51.1176129999999986
0
LINE
8
BLACK
6
CONTINUOUS
10
163.3979209999999966
20
-51.1176129999999986
11
163.4159999999999968
21
-51.2085000000000008
0
LINE
8
BLACK
6
CONTINUOUS
10
163.4159999999999968
20
-51.2085000000000008
11
163.4159999999999968
21
-51.7085000000000008
0
LINE
8
BLACK
6
CONTINUOUS
10
163.4159999999999968
20
-51.7085000000000008
11
163.3979209999999966
21
-51.7993869999999959
0
LINE
8
BLACK
6
CONTINUOUS
10
163.3979209999999966
20
-51.7993869999999959
11
163.3464380000000062
21
-51.8764380000000003
0
LINE
8
BLACK
6
CONTINUOUS
10
163.3464380000000062
20
-51.8764380000000003
11
163.2693869999999947
21
-51.9279209999999978
0
LINE
8
BLACK
6
CONTINUOUS
10
163.2693869999999947
20
-51.9279209999999978
11
163.1784999999999854
21
-51.945999999999998
0
LINE
8
BLACK
6
CONTINUOUS
10
163.1784999999999854
20
-51.945999999999998
11
162.7034999999999911
21
-51.945999999999998
0
LINE
8
BLACK
6
CONTINUOUS
10
162.7034999999999911
20
-51.945999999999998
11
162.6126129999999819
21
-51.9279209999999978
0
LINE
8
BLACK
6
CONTINUOUS
10
162.6126129999999819
20
-51.9279209999999978
11
162.5355619999999988
21
-51.8764380000000003
0
LINE
8
BLACK
6
CONTINUOUS
10
162.5355619999999988
20
-51.8764380000000003
11
162.4840789999999799
21
-51.7993869999999959
0
LINE
8
BLACK
6
CONTINUOUS
10
162.4840789999999799
20
-51.7993869999999959
11
162.4659999999999798
21
-51.7085000000000008
0
LINE
8
BLACK
6
CONTINUOUS
10
162.4659999999999798
20
-51.7085000000000008
11
161.9484999999999957
21
-51.7085000000000008
0
LINE
8
BLACK
6
CONTINUOUS
10
161.9484999999999957
20
-51.7085000000000008
11
161.8997269999999844
21
-51.7036960000000008
0
LINE
8
BLACK
6
CONTINUOUS
10
161.8997269999999844
20
-51.7036960000000008
11
161.8623989999999822
21
-51.6882339999999942
0
LINE
8
BLACK
6
CONTINUOUS
10
161.8623989999999822
20
-51.6882339999999942
11
161.8096079999999972
21
-51.6663679999999985
0
LINE
8
BLACK
6
CONTINUOUS
10
161.8096079999999972
20
-51.6663679999999985
11
161.7717229999999802
21
-51.635276999999995
0
LINE
8
BLACK
6
CONTINUOUS
10
161.7717229999999802
20
-51.635276999999995
11
161.0760949999999809
21
-50.9396489999999957
0
LINE
8
BLACK
6
CONTINUOUS
10
161.0760949999999809
20
-50.9396489999999957
11
161.0360000000000014
21
-50.945999999999998
0
LINE
8
BLACK
6
CONTINUOUS
10
161.0360000000000014
20
-50.945999999999998
11
160.9123929999999802
21
-50.9264229999999998
0
LINE
8
BLACK
6
CONTINUOUS
10
160.9123929999999802
20
-50.9264229999999998
11
160.8008859999999913
21
-50.8696069999999949
0
LINE
8
BLACK
6
CONTINUOUS
10
160.8008859999999913
20
-50.8696069999999949
11
160.7272789999999816
21
-50.7959999999999994
0
LINE
8
BLACK
6
CONTINUOUS
10
160.7272789999999816
20
-50.7959999999999994
11
160.6059999999999945
21
-50.7959999999999994
0
LINE
8
BLACK
6
CONTINUOUS
10
160.6059999999999945
20
-50.7959999999999994
11
160.6059999999999945
21
-51.9134999999999991
0
LINE
8
BLACK
6
CONTINUOUS
10
160.6059999999999945
20
-51.9134999999999991
11
159.7059999999999889
21
-51.9134999999999991
0
LINE
8
BLACK
6
CONTINUOUS
10
159.7059999999999889
20
-51.9134999999999991
11
159.7059999999999889
21
-49.1134999999999948
0
LINE
8
BLACK
6
CONTINUOUS
10
159.7059999999999889
20
-49.1134999999999948
11
160.6059999999999945
21
-49.1134999999999948
0
LINE
8
BLACK
6
CONTINUOUS
10
160.6059999999999945
20
-49.1134999999999948
11
160.6059999999999945
21
-50.2959999999999994
0
LINE
8
BLACK
6
CONTINUOUS
10
149.7296069999999872
20
-49.9115770000000012
11
149.8411140000000046
21
-49.9683929999999989
0
LINE
8
BLACK
6
CONTINUOUS
10
149.8411140000000046
20
-49.9683929999999989
11
149.9296070000000043
21
-50.0568859999999987
0
LINE
8
BLACK
6
CONTINUOUS
10
149.9296070000000043
20
-50.0568859999999987
11
149.986423000000002
21
-50.1683929999999947
0
LINE
8
BLACK
6
CONTINUOUS
10
149.986423000000002
20
-50.1683929999999947
11
150.0060000000000002
21
-50.2919999999999945
0
LINE
8
BLACK
6
CONTINUOUS
10
150.0060000000000002
20
-50.2919999999999945
11
149.986423000000002
21
-50.4156069999999943
0
LINE
8
BLACK
6
CONTINUOUS
10
149.986423000000002
20
-50.4156069999999943
11
149.9296070000000043
21
-50.5271139999999974
0
LINE
8
BLACK
6
CONTINUOUS
10
149.9296070000000043
20
-50.5271139999999974
11
149.8411140000000046
21
-50.6156069999999971
0
LINE
8
BLACK
6
CONTINUOUS
10
149.8411140000000046
20
-50.6156069999999971
11
149.7560000000000002
21
-50.6589749999999981
0
LINE
8
BLACK
6
CONTINUOUS
10
149.7560000000000002
20
-50.6589749999999981
11
149.7560000000000002
21
-50.6699999999999946
0
LINE
8
BLACK
6
CONTINUOUS
10
149.7560000000000002
20
-50.6699999999999946
11
149.8435000000000059
21
-50.6699999999999946
0
LINE
8
BLACK
6
CONTINUOUS
10
149.8435000000000059
20
-50.6699999999999946
11
149.9343869999999868
21
-50.6880789999999948
0
LINE
8
BLACK
6
CONTINUOUS
10
149.9343869999999868
20
-50.6880789999999948
11
150.0114379999999983
21
-50.7395619999999994
0
LINE
8
BLACK
6
CONTINUOUS
10
150.0114379999999983
20
-50.7395619999999994
11
150.0629209999999887
21
-50.8166129999999967
0
LINE
8
BLACK
6
CONTINUOUS
10
150.0629209999999887
20
-50.8166129999999967
11
150.0809999999999889
21
-50.9074999999999989
0
LINE
8
BLACK
6
CONTINUOUS
10
150.0809999999999889
20
-50.9074999999999989
11
150.0809999999999889
21
-51.4074999999999989
0
LINE
8
BLACK
6
CONTINUOUS
10
150.0809999999999889
20
-51.4074999999999989
11
150.0629209999999887
21
-51.498387000000001
0
LINE
8
BLACK
6
CONTINUOUS
10
150.0629209999999887
20
-51.498387000000001
11
150.0114379999999983
21
-51.5754379999999983
0
LINE
8
BLACK
6
CONTINUOUS
10
150.0114379999999983
20
-51.5754379999999983
11
149.9343869999999868
21
-51.6269209999999958
0
LINE
8
BLACK
6
CONTINUOUS
10
149.9343869999999868
20
-51.6269209999999958
11
149.8435000000000059
21
-51.644999999999996
0
LINE
8
BLACK
6
CONTINUOUS
10
149.8435000000000059
20
-51.644999999999996
11
149.3684999999999832
21
-51.644999999999996
0
LINE
8
BLACK
6
CONTINUOUS
10
149.3684999999999832
20
-51.644999999999996
11
149.2776130000000023
21
-51.6269209999999958
0
LINE
8
BLACK
6
CONTINUOUS
10
149.2776130000000023
20
-51.6269209999999958
11
149.2005619999999908
21
-51.5754379999999983
0
LINE
8
BLACK
6
CONTINUOUS
10
149.2005619999999908
20
-51.5754379999999983
11
149.1490790000000004
21
-51.498387000000001
0
LINE
8
BLACK
6
CONTINUOUS
10
149.1490790000000004
20
-51.498387000000001
11
149.1310000000000002
21
-51.4074999999999989
0
LINE
8
BLACK
6
CONTINUOUS
10
149.1310000000000002
20
-51.4074999999999989
11
149.1310000000000002
21
-50.9074999999999989
0
LINE
8
BLACK
6
CONTINUOUS
10
149.1310000000000002
20
-50.9074999999999989
11
149.1490790000000004
21
-50.8166129999999967
0
LINE
8
BLACK
6
CONTINUOUS
10
149.1490790000000004
20
-50.8166129999999967
11
149.2005619999999908
21
-50.7395619999999994
0
LINE
8
BLACK
6
CONTINUOUS
10
149.2005619999999908
20
-50.7395619999999994
11
149.2776130000000023
21
-50.6880789999999948
0
LINE
8
BLACK
6
CONTINUOUS
10
149.2776130000000023
20
-50.6880789999999948
11
149.3684999999999832
21
-50.6699999999999946
0
LINE
8
BLACK
6
CONTINUOUS
10
149.3684999999999832
20
-50.6699999999999946
11
149.4559999999999889
21
-50.6699999999999946
0
LINE
8
BLACK
6
CONTINUOUS
10
149.4559999999999889
20
-50.6699999999999946
11
149.4559999999999889
21
-50.6589749999999981
0
LINE
8
BLACK
6
CONTINUOUS
10
149.4559999999999889
20
-50.6589749999999981
11
149.3708859999999845
21
-50.6156069999999971
0
LINE
8
BLACK
6
CONTINUOUS
10
149.3708859999999845
20
-50.6156069999999971
11
149.2823929999999848
21
-50.5271139999999974
0
LINE
8
BLACK
6
CONTINUOUS
10
149.2823929999999848
20
-50.5271139999999974
11
149.225576999999987
21
-50.4156069999999943
0
LINE
8
BLACK
6
CONTINUOUS
10
149.225576999999987
20
-50.4156069999999943
11
149.2059999999999889
21
-50.2919999999999945
0
LINE
8
BLACK
6
CONTINUOUS
10
149.2059999999999889
20
-50.2919999999999945
11
149.225576999999987
21
-50.1683929999999947
0
LINE
8
BLACK
6
CONTINUOUS
10
149.225576999999987
20
-50.1683929999999947
11
149.2823929999999848
21
-50.0568859999999987
0
LINE
8
BLACK
6
CONTINUOUS
10
149.2823929999999848
20
-50.0568859999999987
11
149.3708859999999845
21
-49.9683929999999989
0
LINE
8
BLACK
6
CONTINUOUS
10
149.3708859999999845
20
-49.9683929999999989
11
149.4823930000000018
21
-49.9115770000000012
0
LINE
8
BLACK
6
CONTINUOUS
10
149.4823930000000018
20
-49.9115770000000012
11
149.6059999999999945
21
-49.8919999999999959
0
LINE
8
BLACK
6
CONTINUOUS
10
149.6059999999999945
20
-49.8919999999999959
11
149.7296069999999872
21
-49.9115770000000012
0
LINE
8
BLACK
6
CONTINUOUS
10
150.0136059999999816
20
-38.5797109999999961
11
151.1305920000000071
21
-38.6182879999999997
0
LINE
8
BLACK
6
CONTINUOUS
10
151.1305920000000071
20
-38.6182879999999997
11
151.1348099999999874
21
-38.6185059999999964
0
LINE
8
BLACK
6
CONTINUOUS
10
151.1348099999999874
20
-38.6185059999999964
11
152.2498459999999909
21
-38.6956179999999961
0
LINE
8
BLACK
6
CONTINUOUS
10
152.2498459999999909
20
-38.6956179999999961
11
152.2540879999999959
21
-38.6959850000000003
0
LINE
8
BLACK
6
CONTINUOUS
10
152.2540879999999959
20
-38.6959850000000003
11
153.3658089999999845
21
-38.8115379999999988
0
LINE
8
BLACK
6
CONTINUOUS
10
153.3658089999999845
20
-38.8115379999999988
11
153.369954000000007
21
-38.8120410000000007
0
LINE
8
BLACK
6
CONTINUOUS
10
153.369954000000007
20
-38.8120410000000007
11
154.4770739999999876
21
-38.9659049999999993
0
LINE
8
BLACK
6
CONTINUOUS
10
154.4770739999999876
20
-38.9659049999999993
11
154.4812069999999835
21
-38.9665529999999976
0
LINE
8
BLACK
6
CONTINUOUS
10
154.4812069999999835
20
-38.9665529999999976
11
155.5822859999999821
21
-39.1585259999999948
0
LINE
8
BLACK
6
CONTINUOUS
10
155.5822859999999821
20
-39.1585259999999948
11
155.5864589999999907
21
-39.159327999999995
0
LINE
8
BLACK
6
CONTINUOUS
10
155.5864589999999907
20
-39.159327999999995
11
156.6762499999999818
21
-39.3883499999999955
0
LINE
8
BLACK
6
CONTINUOUS
10
156.6762499999999818
20
-39.3883499999999955
11
156.6802129999999806
21
-39.3891829999999956
0
LINE
8
BLACK
6
CONTINUOUS
10
156.6802129999999806
20
-39.3891829999999956
11
156.6843869999999868
21
-39.3901350000000008
0
LINE
8
BLACK
6
CONTINUOUS
10
156.6843869999999868
20
-39.3901350000000008
11
157.7695809999999881
21
-39.6576109999999957
0
LINE
8
BLACK
6
CONTINUOUS
10
157.7695809999999881
20
-39.6576109999999957
11
157.7736859999999979
21
-39.6586980000000011
0
LINE
8
BLACK
6
CONTINUOUS
10
157.7736859999999979
20
-39.6586980000000011
11
158.407921999999985
21
-39.8384579999999957
0
LINE
8
BLACK
6
CONTINUOUS
10
158.407921999999985
20
-39.8384579999999957
11
158.4599649999999826
21
-39.8532089999999997
0
LINE
8
BLACK
6
CONTINUOUS
10
158.4599649999999826
20
-39.8532089999999997
11
158.5190959999999905
21
-39.8904289999999975
0
LINE
8
BLACK
6
CONTINUOUS
10
158.5190959999999905
20
-39.8904289999999975
11
158.5487179999999796
21
-39.9537079999999989
0
LINE
8
BLACK
6
CONTINUOUS
10
158.5487179999999796
20
-39.9537079999999989
11
158.5394259999999917
21
-40.0229569999999981
0
LINE
8
BLACK
6
CONTINUOUS
10
158.5394259999999917
20
-40.0229569999999981
11
158.5211419999999976
21
-40.0522149999999968
0
LINE
8
BLACK
6
CONTINUOUS
10
158.5211419999999976
20
-40.0522149999999968
11
158.413944999999984
21
-40.1799689999999998
0
LINE
8
BLACK
6
CONTINUOUS
10
158.413944999999984
20
-40.1799689999999998
11
158.183525000000003
21
-40.5090409999999963
0
LINE
8
BLACK
6
CONTINUOUS
10
158.183525000000003
20
-40.5090409999999963
11
158.1835159999999973
21
-40.5090560000000011
0
LINE
8
BLACK
6
CONTINUOUS
10
158.1835159999999973
20
-40.5090560000000011
11
157.9826620000000048
21
-40.8569449999999961
0
LINE
8
BLACK
6
CONTINUOUS
10
157.9826620000000048
20
-40.8569449999999961
11
157.9826539999999966
21
-40.8569600000000008
0
LINE
8
BLACK
6
CONTINUOUS
10
157.9826539999999966
20
-40.8569600000000008
11
157.8128869999999893
21
-41.2210279999999969
0
LINE
8
BLACK
6
CONTINUOUS
10
157.8128869999999893
20
-41.2210279999999969
11
157.6754809999999907
21
-41.5985450000000014
0
LINE
8
BLACK
6
CONTINUOUS
10
157.6754809999999907
20
-41.5985450000000014
11
157.5715129999999817
21
-41.9865629999999967
0
LINE
8
BLACK
6
CONTINUOUS
10
157.5715129999999817
20
-41.9865629999999967
11
157.5715099999999893
21
-41.9865759999999995
0
LINE
8
BLACK
6
CONTINUOUS
10
157.5715099999999893
20
-41.9865759999999995
11
157.501751999999982
21
-42.3821889999999968
0
LINE
8
BLACK
6
CONTINUOUS
10
157.501751999999982
20
-42.3821889999999968
11
157.4667399999999873
21
-42.7823829999999958
0
LINE
8
BLACK
6
CONTINUOUS
10
157.4667399999999873
20
-42.7823829999999958
11
157.4667399999999873
21
-43.1841159999999959
0
LINE
8
BLACK
6
CONTINUOUS
10
157.4667399999999873
20
-43.1841159999999959
11
157.501751999999982
21
-43.584309999999995
0
LINE
8
BLACK
6
CONTINUOUS
10
157.501751999999982
20
-43.584309999999995
11
157.5715099999999893
21
-43.9799229999999994
0
LINE
8
BLACK
6
CONTINUOUS
10
157.5715099999999893
20
-43.9799229999999994
11
157.5715129999999817
21
-43.979935999999995
0
LINE
8
BLACK
6
CONTINUOUS
10
157.5715129999999817
20
-43.979935999999995
11
157.6754809999999907
21
-44.3679539999999974
0
LINE
8
BLACK
6
CONTINUOUS
10
157.6754809999999907
20
-44.3679539999999974
11
157.6754839999999831
21
-44.3679640000000006
0
LINE
8
BLACK
6
CONTINUOUS
10
157.6754839999999831
20
-44.3679640000000006
11
157.6754849999999806
21
-44.3679649999999981
0
LINE
8
BLACK
6
CONTINUOUS
10
157.6754849999999806
20
-44.3679649999999981
11
157.8128829999999994
21
-44.7454619999999963
0
LINE
8
BLACK
6
CONTINUOUS
10
157.8128829999999994
20
-44.7454619999999963
11
157.8128859999999918
21
-44.7454689999999999
0
LINE
8
BLACK
6
CONTINUOUS
10
157.8128859999999918
20
-44.7454689999999999
11
157.8128869999999893
21
-44.7454709999999949
0
LINE
8
BLACK
6
CONTINUOUS
10
157.8128869999999893
20
-44.7454709999999949
11
157.9826539999999966
21
-45.1095389999999981
0
LINE
8
BLACK
6
CONTINUOUS
10
157.9826539999999966
20
-45.1095389999999981
11
157.9826620000000048
21
-45.1095539999999957
0
LINE
8
BLACK
6
CONTINUOUS
10
157.9826620000000048
20
-45.1095539999999957
11
158.1835159999999973
21
-45.4574429999999978
0
LINE
8
BLACK
6
CONTINUOUS
10
158.1835159999999973
20
-45.4574429999999978
11
158.183525000000003
21
-45.4574579999999955
0
LINE
8
BLACK
6
CONTINUOUS
10
158.183525000000003
20
-45.4574579999999955
11
158.413944999999984
21
-45.7865309999999965
0
LINE
8
BLACK
6
CONTINUOUS
10
158.413944999999984
20
-45.7865309999999965
11
158.6109019999999816
21
-46.0212549999999965
0
LINE
8
BLACK
6
CONTINUOUS
10
158.6109019999999816
20
-46.0212549999999965
11
158.6721639999999809
21
-46.0942639999999955
0
LINE
8
BLACK
6
CONTINUOUS
10
158.6721639999999809
20
-46.0942639999999955
11
158.9562259999999867
21
-46.3783260000000013
0
LINE
8
BLACK
6
CONTINUOUS
10
158.9562259999999867
20
-46.3783260000000013
11
159.0655950000000018
21
-46.4700969999999955
0
LINE
8
BLACK
6
CONTINUOUS
10
159.0655950000000018
20
-46.4700969999999955
11
159.2639580000000024
21
-46.6365440000000007
0
LINE
8
BLACK
6
CONTINUOUS
10
159.2639580000000024
20
-46.6365440000000007
11
159.2639639999999872
21
-46.6365479999999977
0
LINE
8
BLACK
6
CONTINUOUS
10
159.2639639999999872
20
-46.6365479999999977
11
159.2639649999999847
21
-46.6365489999999951
0
LINE
8
BLACK
6
CONTINUOUS
10
159.2639649999999847
20
-46.6365489999999951
11
159.5930379999999786
21
-46.8669689999999974
0
LINE
8
BLACK
6
CONTINUOUS
10
159.5930379999999786
20
-46.8669689999999974
11
159.9190979999999911
21
-47.055219000000001
0
LINE
8
BLACK
6
CONTINUOUS
10
159.9190979999999911
20
-47.055219000000001
11
159.9409349999999961
21
-47.0678270000000012
0
LINE
8
BLACK
6
CONTINUOUS
10
159.9409349999999961
20
-47.0678270000000012
11
159.9409499999999866
21
-47.0678349999999952
0
LINE
8
BLACK
6
CONTINUOUS
10
159.9409499999999866
20
-47.0678349999999952
11
160.0576460000000054
21
-47.1222509999999986
0
LINE
8
BLACK
6
CONTINUOUS
10
160.0576460000000054
20
-47.1222509999999986
11
160.305027999999993
21
-47.237606999999997
0
LINE
8
BLACK
6
CONTINUOUS
10
160.305027999999993
20
-47.237606999999997
11
160.6825249999999983
21
-47.3750049999999945
0
LINE
8
BLACK
6
CONTINUOUS
10
160.6825249999999983
20
-47.3750049999999945
11
160.6825309999999831
21
-47.3750059999999991
0
LINE
8
BLACK
6
CONTINUOUS
10
160.6825309999999831
20
-47.3750059999999991
11
160.6825350000000014
21
-47.3750080000000011
0
LINE
8
BLACK
6
CONTINUOUS
10
160.6825350000000014
20
-47.3750080000000011
11
160.7882029999999816
21
-47.4033209999999983
0
LINE
8
BLACK
6
CONTINUOUS
10
160.7882029999999816
20
-47.4033209999999983
11
161.0705609999999979
21
-47.4789789999999954
0
LINE
8
BLACK
6
CONTINUOUS
10
161.0705609999999979
20
-47.4789789999999954
11
161.4661820000000034
21
-47.5487380000000002
0
LINE
8
BLACK
6
CONTINUOUS
10
161.4661820000000034
20
-47.5487380000000002
11
161.8663760000000025
21
-47.5837489999999974
0
LINE
8
BLACK
6
CONTINUOUS
10
161.8663760000000025
20
-47.5837489999999974
11
161.866377
21
-47.5837499999999949
0
LINE
8
BLACK
6
CONTINUOUS
10
161.866377
20
-47.5837499999999949
11
161.8663779999999974
21
-47.5837499999999949
0
LINE
8
BLACK
6
CONTINUOUS
10
161.8663779999999974
20
-47.5837499999999949
11
162.2681029999999964
21
-47.5837499999999949
0
LINE
8
BLACK
6
CONTINUOUS
10
162.2681029999999964
20
-47.5837499999999949
11
162.2681029999999964
21
-47.5837489999999974
0
LINE
8
BLACK
6
CONTINUOUS
10
162.2681029999999964
20
-47.5837489999999974
11
162.668297999999993
21
-47.5487380000000002
0
LINE
8
BLACK
6
CONTINUOUS
10
162.668297999999993
20
-47.5487380000000002
11
163.0639189999999985
21
-47.4789789999999954
0
LINE
8
BLACK
6
CONTINUOUS
10
163.0639189999999985
20
-47.4789789999999954
11
163.4519549999999981
21
-47.3750049999999945
0
LINE
8
BLACK
6
CONTINUOUS
10
163.4519549999999981
20
-47.3750049999999945
11
163.8294520000000034
21
-47.237606999999997
0
LINE
8
BLACK
6
CONTINUOUS
10
163.8294520000000034
20
-47.237606999999997
11
164.1935379999999896
21
-47.0678309999999982
0
LINE
8
BLACK
6
CONTINUOUS
10
164.1935379999999896
20
-47.0678309999999982
11
164.5414419999999893
21
-46.8669689999999974
0
LINE
8
BLACK
6
CONTINUOUS
10
164.5414419999999893
20
-46.8669689999999974
11
164.8705149999999833
21
-46.6365489999999951
0
LINE
8
BLACK
6
CONTINUOUS
10
164.8705149999999833
20
-46.6365489999999951
11
165.1782539999999813
21
-46.3783260000000013
0
LINE
8
BLACK
6
CONTINUOUS
10
165.1782539999999813
20
-46.3783260000000013
11
165.4623159999999871
21
-46.0942639999999955
0
LINE
8
BLACK
6
CONTINUOUS
10
165.4623159999999871
20
-46.0942639999999955
11
165.7205390000000023
21
-45.7865249999999975
0
LINE
8
BLACK
6
CONTINUOUS
10
165.7205390000000023
20
-45.7865249999999975
11
165.9509589999999832
21
-45.4574519999999964
0
LINE
8
BLACK
6
CONTINUOUS
10
165.9509589999999832
20
-45.4574519999999964
11
166.151820999999984
21
-45.1095479999999966
0
LINE
8
BLACK
6
CONTINUOUS
10
166.151820999999984
20
-45.1095479999999966
11
166.321596999999997
21
-44.7454619999999963
0
LINE
8
BLACK
6
CONTINUOUS
10
166.321596999999997
20
-44.7454619999999963
11
166.4589949999999874
21
-44.3679649999999981
0
LINE
8
BLACK
6
CONTINUOUS
10
166.4589949999999874
20
-44.3679649999999981
11
166.5629689999999812
21
-43.9799289999999985
0
LINE
8
BLACK
6
CONTINUOUS
10
166.5629689999999812
20
-43.9799289999999985
11
166.6154509999999789
21
-43.6822889999999973
0
LINE
8
BLACK
6
CONTINUOUS
10
166.6154509999999789
20
-43.6822889999999973
11
166.6464780000000019
21
-43.619686999999999
0
LINE
8
BLACK
6
CONTINUOUS
10
166.6464780000000019
20
-43.619686999999999
11
166.7064249999999959
21
-43.5837959999999995
0
LINE
8
BLACK
6
CONTINUOUS
10
166.7064249999999959
20
-43.5837959999999995
11
166.7762589999999818
21
-43.5860130000000012
0
LINE
8
BLACK
6
CONTINUOUS
10
166.7762589999999818
20
-43.5860130000000012
11
166.8026229999999828
21
-43.5982589999999988
0
LINE
8
BLACK
6
CONTINUOUS
10
166.8026229999999828
20
-43.5982589999999988
11
166.9763049999999964
21
-43.7053109999999947
0
LINE
8
BLACK
6
CONTINUOUS
10
166.9763049999999964
20
-43.7053109999999947
11
166.9798979999999915
21
-43.7076119999999975
0
LINE
8
BLACK
6
CONTINUOUS
10
166.9798979999999915
20
-43.7076119999999975
11
167.2042089999999916
21
-43.8567919999999987
0
LINE
8
BLACK
6
CONTINUOUS
10
167.2042089999999916
20
-43.8567919999999987
11
167.9105639999999937
21
-44.3265630000000002
0
LINE
8
BLACK
6
CONTINUOUS
10
167.9105639999999937
20
-44.3265630000000002
11
167.9140469999999823
21
-44.3289669999999987
0
LINE
8
BLACK
6
CONTINUOUS
10
167.9140469999999823
20
-44.3289669999999987
11
168.7017899999999884
21
-44.8930269999999965
0
LINE
8
BLACK
6
CONTINUOUS
10
168.7017899999999884
20
-44.8930269999999965
11
168.8227699999999913
21
-44.9796539999999965
0
LINE
8
BLACK
6
CONTINUOUS
10
168.8227699999999913
20
-44.9796539999999965
11
168.8262069999999824
21
-44.9822059999999979
0
LINE
8
BLACK
6
CONTINUOUS
10
168.8262069999999824
20
-44.9822059999999979
11
169.7119089999999915
21
-45.6638559999999956
0
LINE
8
BLACK
6
CONTINUOUS
10
169.7119089999999915
20
-45.6638559999999956
11
169.7152559999999824
21
-45.666525
0
LINE
8
BLACK
6
CONTINUOUS
10
169.7152559999999824
20
-45.666525
11
170.5769209999999987
21
-46.3783539999999945
0
LINE
8
BLACK
6
CONTINUOUS
10
170.5769209999999987
20
-46.3783539999999945
11
170.580173000000002
21
-46.3811369999999954
0
LINE
8
BLACK
6
CONTINUOUS
10
170.580173000000002
20
-46.3811369999999954
11
171.4167159999999797
21
-47.1222509999999986
0
LINE
8
BLACK
6
CONTINUOUS
10
171.4167159999999797
20
-47.1222509999999986
11
171.4198710000000005
21
-47.1251439999999988
0
LINE
8
BLACK
6
CONTINUOUS
10
171.4198710000000005
20
-47.1251439999999988
11
172.2303759999999784
21
-47.8947269999999961
0
LINE
8
BLACK
6
CONTINUOUS
10
172.2303759999999784
20
-47.8947269999999961
11
172.233429000000001
21
-47.8977280000000007
0
LINE
8
BLACK
6
CONTINUOUS
10
172.233429000000001
20
-47.8977280000000007
11
173.016871999999978
21
-48.6948119999999989
0
LINE
8
BLACK
6
CONTINUOUS
10
173.016871999999978
20
-48.6948119999999989
11
173.019818999999984
21
-48.6979159999999993
0
LINE
8
BLACK
6
CONTINUOUS
10
173.019818999999984
20
-48.6979159999999993
11
173.7752720000000011
21
-49.5215549999999993
0
LINE
8
BLACK
6
CONTINUOUS
10
173.7752720000000011
20
-49.5215549999999993
11
173.7781109999999956
21
-49.524758999999996
0
LINE
8
BLACK
6
CONTINUOUS
10
173.7781109999999956
20
-49.524758999999996
11
174.5047050000000013
21
-50.3740059999999943
0
LINE
8
BLACK
6
CONTINUOUS
10
174.5047050000000013
20
-50.3740059999999943
11
174.5074309999999969
21
-50.3773059999999973
0
LINE
8
BLACK
6
CONTINUOUS
10
174.5074309999999969
20
-50.3773059999999973
11
175.2042720000000031
21
-51.2511170000000007
0
LINE
8
BLACK
6
CONTINUOUS
10
175.2042720000000031
20
-51.2511170000000007
11
175.2068830000000048
21
-51.2545099999999962
0
LINE
8
BLACK
6
CONTINUOUS
10
175.2068830000000048
20
-51.2545099999999962
11
175.873139999999978
21
-52.1518409999999975
0
LINE
8
BLACK
6
CONTINUOUS
10
175.873139999999978
20
-52.1518409999999975
11
175.875631999999996
21
-52.1553210000000007
0
LINE
8
BLACK
6
CONTINUOUS
10
175.875631999999996
20
-52.1553210000000007
11
176.5105319999999836
21
-53.075133000000001
0
LINE
8
BLACK
6
CONTINUOUS
10
176.5105319999999836
20
-53.075133000000001
11
176.5129019999999969
21
-53.0786969999999982
0
LINE
8
BLACK
6
CONTINUOUS
10
176.5129019999999969
20
-53.0786969999999982
11
176.5580070000000035
21
-53.1491240000000005
0
LINE
8
BLACK
6
CONTINUOUS
10
176.5580070000000035
20
-53.1491240000000005
11
176.5775869999999941
21
-53.2161939999999944
0
LINE
8
BLACK
6
CONTINUOUS
10
176.5775869999999941
20
-53.2161939999999944
11
176.5577969999999937
21
-53.2832030000000003
0
LINE
8
BLACK
6
CONTINUOUS
10
176.5577969999999937
20
-53.2832030000000003
11
176.5049219999999934
21
-53.3288749999999965
0
LINE
8
BLACK
6
CONTINUOUS
10
176.5049219999999934
20
-53.3288749999999965
11
176.4535869999999989
21
-53.3399999999999963
0
LINE
8
BLACK
6
CONTINUOUS
10
176.4535869999999989
20
-53.3399999999999963
11
173.0853960000000029
21
-53.3399999999999963
0
LINE
8
BLACK
6
CONTINUOUS
10
173.0853960000000029
20
-53.3399999999999963
11
173.0481079999999849
21
-53.3342609999999979
0
LINE
8
BLACK
6
CONTINUOUS
10
173.0481079999999849
20
-53.3342609999999979
11
172.9136089999999797
21
-53.2918529999999961
0
LINE
8
BLACK
6
CONTINUOUS
10
172.9136089999999797
20
-53.2918529999999961
11
172.4787719999999922
21
-53.195451999999996
0
LINE
8
BLACK
6
CONTINUOUS
10
172.4787719999999922
20
-53.195451999999996
11
172.4787629999999865
21
-53.1954509999999985
0
LINE
8
BLACK
6
CONTINUOUS
10
172.4787629999999865
20
-53.1954509999999985
11
172.0371989999999869
21
-53.1373169999999959
0
LINE
8
BLACK
6
CONTINUOUS
10
172.0371989999999869
20
-53.1373169999999959
11
171.5922400000000039
21
-53.1178910000000002
0
LINE
8
BLACK
6
CONTINUOUS
10
171.5922400000000039
20
-53.1178910000000002
11
171.147279999999995
21
-53.1373169999999959
0
LINE
8
BLACK
6
CONTINUOUS
10
171.147279999999995
20
-53.1373169999999959
11
170.7057159999999953
21
-53.1954509999999985
0
LINE
8
BLACK
6
CONTINUOUS
10
170.7057159999999953
20
-53.1954509999999985
11
170.7057069999999896
21
-53.195451999999996
0
LINE
8
BLACK
6
CONTINUOUS
10
170.7057069999999896
20
-53.195451999999996
11
170.2708700000000022
21
-53.2918529999999961
0
LINE
8
BLACK
6
CONTINUOUS
10
170.2708700000000022
20
-53.2918529999999961
11
170.1363719999999944
21
-53.3342609999999979
0
LINE
8
BLACK
6
CONTINUOUS
10
170.1363719999999944
20
-53.3342609999999979
11
170.0990840000000048
21
-53.3399999999999963
0
LINE
8
BLACK
6
CONTINUOUS
10
170.0990840000000048
20
-53.3399999999999963
11
150.2699240000000032
21
-53.3399999999999963
0
LINE
8
BLACK
6
CONTINUOUS
10
150.2699240000000032
20
-53.3399999999999963
11
150.2787249999999801
21
-53.3148489999999953
0
LINE
8
BLACK
6
CONTINUOUS
10
150.2787249999999801
20
-53.3148489999999953
11
150.2814999999999941
21
-53.285260000000001
0
LINE
8
BLACK
6
CONTINUOUS
10
150.2814999999999941
20
-53.285260000000001
11
150.2814999999999941
21
-52.6797389999999979
0
LINE
8
BLACK
6
CONTINUOUS
10
150.2814999999999941
20
-52.6797389999999979
11
150.2787249999999801
21
-52.6501499999999965
0
LINE
8
BLACK
6
CONTINUOUS
10
150.2787249999999801
20
-52.6501499999999965
11
150.2351149999999791
21
-52.5255229999999997
0
LINE
8
BLACK
6
CONTINUOUS
10
150.2351149999999791
20
-52.5255229999999997
11
150.1567110000000014
21
-52.4192889999999991
0
LINE
8
BLACK
6
CONTINUOUS
10
150.1567110000000014
20
-52.4192889999999991
11
150.1567100000000039
21
-52.4192879999999946
0
LINE
8
BLACK
6
CONTINUOUS
10
150.1567100000000039
20
-52.4192879999999946
11
150.0504760000000033
21
-52.3408839999999955
0
LINE
8
BLACK
6
CONTINUOUS
10
150.0504760000000033
20
-52.3408839999999955
11
149.925848000000002
21
-52.2972739999999945
0
LINE
8
BLACK
6
CONTINUOUS
10
149.925848000000002
20
-52.2972739999999945
11
149.9258489999999995
21
-52.2972739999999945
0
LINE
8
BLACK
6
CONTINUOUS
10
149.9258489999999995
20
-52.2972739999999945
11
149.8962599999999838
21
-52.2944999999999993
0
LINE
8
BLACK
6
CONTINUOUS
10
149.8962599999999838
20
-52.2944999999999993
11
149.8962559999999939
21
-52.2944999999999993
0
LINE
8
BLACK
6
CONTINUOUS
10
149.8962559999999939
20
-52.2944999999999993
11
149.3157439999999951
21
-52.2944999999999993
0
LINE
8
BLACK
6
CONTINUOUS
10
149.3157439999999951
20
-52.2944999999999993
11
149.3157400000000052
21
-52.2944999999999993
0
LINE
8
BLACK
6
CONTINUOUS
10
149.3157400000000052
20
-52.2944999999999993
11
149.2861499999999921
21
-52.2972739999999945
0
LINE
8
BLACK
6
CONTINUOUS
10
149.2861499999999921
20
-52.2972739999999945
11
149.1615229999999883
21
-52.3408839999999955
0
LINE
8
BLACK
6
CONTINUOUS
10
149.1615229999999883
20
-52.3408839999999955
11
149.0552889999999877
21
-52.4192879999999946
0
LINE
8
BLACK
6
CONTINUOUS
10
149.0552889999999877
20
-52.4192879999999946
11
149.0552879999999902
21
-52.4192889999999991
0
LINE
8
BLACK
6
CONTINUOUS
10
149.0552879999999902
20
-52.4192889999999991
11
148.9768839999999841
21
-52.5255229999999997
0
LINE
8
BLACK
6
CONTINUOUS
10
148.9768839999999841
20
-52.5255229999999997
11
148.9332739999999831
21
-52.6501499999999965
0
LINE
8
BLACK
6
CONTINUOUS
10
148.9332739999999831
20
-52.6501499999999965
11
148.930499999999995
21
-52.6797389999999979
0
LINE
8
BLACK
6
CONTINUOUS
10
148.930499999999995
20
-52.6797389999999979
11
148.930499999999995
21
-53.285260000000001
0
LINE
8
BLACK
6
CONTINUOUS
10
148.930499999999995
20
-53.285260000000001
11
148.9332739999999831
21
-53.3148489999999953
0
LINE
8
BLACK
6
CONTINUOUS
10
148.9332739999999831
20
-53.3148489999999953
11
148.9768829999999866
21
-53.439473999999997
0
LINE
8
BLACK
6
CONTINUOUS
10
148.9768829999999866
20
-53.439473999999997
11
149.0303089999999884
21
-53.5118639999999957
0
LINE
8
BLACK
6
CONTINUOUS
10
149.0303089999999884
20
-53.5118639999999957
11
149.0542789999999798
21
-53.5774929999999969
0
LINE
8
BLACK
6
CONTINUOUS
10
149.0542789999999798
20
-53.5774929999999969
11
149.0450999999999908
21
-53.632947999999999
0
LINE
8
BLACK
6
CONTINUOUS
10
149.0450999999999908
20
-53.632947999999999
11
149.020955999999984
21
-53.6912379999999985
0
LINE
8
BLACK
6
CONTINUOUS
10
149.020955999999984
20
-53.6912379999999985
11
149.0209549999999865
21
-53.6912389999999959
0
LINE
8
BLACK
6
CONTINUOUS
10
149.0209549999999865
20
-53.6912389999999959
11
149.0003179999999929
21
-53.8479979999999969
0
LINE
8
BLACK
6
CONTINUOUS
10
149.0003179999999929
20
-53.8479979999999969
11
149.0003179999999929
21
-53.8480009999999965
0
LINE
8
BLACK
6
CONTINUOUS
10
149.0003179999999929
20
-53.8480009999999965
11
149.0209549999999865
21
-54.0047599999999974
0
LINE
8
BLACK
6
CONTINUOUS
10
149.0209549999999865
20
-54.0047599999999974
11
149.020955999999984
21
-54.0047619999999995
0
LINE
8
BLACK
6
CONTINUOUS
10
149.020955999999984
20
-54.0047619999999995
11
149.0814639999999827
21
-54.1508409999999998
0
LINE
8
BLACK
6
CONTINUOUS
10
149.0814639999999827
20
-54.1508409999999998
11
149.1777179999999987
21
-54.2762819999999948
0
LINE
8
BLACK
6
CONTINUOUS
10
149.1777179999999987
20
-54.2762819999999948
11
149.3031589999999937
21
-54.3725359999999966
0
LINE
8
BLACK
6
CONTINUOUS
10
149.3031589999999937
20
-54.3725359999999966
11
149.4492379999999798
21
-54.4330439999999953
0
LINE
8
BLACK
6
CONTINUOUS
10
149.4492379999999798
20
-54.4330439999999953
11
149.5276189999999872
21
-54.443362999999998
0
LINE
8
BLACK
6
CONTINUOUS
10
149.5276189999999872
20
-54.443362999999998
11
149.6059989999999971
21
-54.4536820000000006
0
LINE
8
BLACK
6
CONTINUOUS
10
149.6059989999999971
20
-54.4536820000000006
11
149.6059999999999945
21
-54.4536820000000006
0
LINE
8
BLACK
6
CONTINUOUS
10
149.6059999999999945
20
-54.4536820000000006
11
149.606000999999992
21
-54.4536820000000006
0
LINE
8
BLACK
6
CONTINUOUS
10
149.606000999999992
20
-54.4536820000000006
11
149.6582539999999995
21
-54.4468019999999981
0
LINE
8
BLACK
6
CONTINUOUS
10
149.6582539999999995
20
-54.4468019999999981
11
149.7627619999999808
21
-54.4330439999999953
0
LINE
8
BLACK
6
CONTINUOUS
10
149.7627619999999808
20
-54.4330439999999953
11
149.9088409999999953
21
-54.3725359999999966
0
LINE
8
BLACK
6
CONTINUOUS
10
149.9088409999999953
20
-54.3725359999999966
11
150.0342819999999904
21
-54.2762819999999948
0
LINE
8
BLACK
6
CONTINUOUS
10
150.0342819999999904
20
-54.2762819999999948
11
150.0342839999999853
21
-54.2762789999999953
0
LINE
8
BLACK
6
CONTINUOUS
10
150.0342839999999853
20
-54.2762789999999953
11
150.0407289999999989
21
-54.271333999999996
0
LINE
8
BLACK
6
CONTINUOUS
10
150.0407289999999989
20
-54.271333999999996
11
150.0427190000000053
21
-54.2739270000000005
0
LINE
8
BLACK
6
CONTINUOUS
10
150.0427190000000053
20
-54.2739270000000005
11
150.0906420000000026
21
-54.2477599999999995
0
LINE
8
BLACK
6
CONTINUOUS
10
150.0906420000000026
20
-54.2477599999999995
11
150.160334000000006
21
-54.2527439999999999
0
LINE
8
BLACK
6
CONTINUOUS
10
150.160334000000006
20
-54.2527439999999999
11
150.2162669999999878
21
-54.2946159999999978
0
LINE
8
BLACK
6
CONTINUOUS
10
150.2162669999999878
20
-54.2946159999999978
11
150.2406839999999875
21
-54.3600799999999964
0
LINE
8
BLACK
6
CONTINUOUS
10
150.2406839999999875
20
-54.3600799999999964
11
150.2409999999999854
21
-54.3689259999999948
0
LINE
8
BLACK
6
CONTINUOUS
10
150.2409999999999854
20
-54.3689259999999948
11
150.2409999999999854
21
-56.1439069999999987
0
LINE
8
BLACK
6
CONTINUOUS
10
150.2409999999999854
20
-56.1439069999999987
11
150.2404029999999864
21
-56.156060999999994
0
LINE
8
BLACK
6
CONTINUOUS
10
150.2404029999999864
20
-56.156060999999994
11
150.2229820000000018
21
-56.3329339999999945
0
LINE
8
BLACK
6
CONTINUOUS
10
150.2229820000000018
20
-56.3329339999999945
11
150.2182399999999802
21
-56.356774999999999
0
LINE
8
BLACK
6
CONTINUOUS
10
150.2182399999999802
20
-56.356774999999999
11
150.1684239999999875
21
-56.5209979999999987
0
LINE
8
BLACK
6
CONTINUOUS
10
150.1684239999999875
20
-56.5209979999999987
11
150.159120999999999
21
-56.5434559999999991
0
LINE
8
BLACK
6
CONTINUOUS
10
150.159120999999999
20
-56.5434559999999991
11
150.0782269999999983
21
-56.6947979999999987
0
LINE
8
BLACK
6
CONTINUOUS
10
150.0782269999999983
20
-56.6947979999999987
11
150.0647219999999891
21
-56.7150099999999995
0
LINE
8
BLACK
6
CONTINUOUS
10
150.0647219999999891
20
-56.7150099999999995
11
149.955853999999988
21
-56.8476659999999967
0
LINE
8
BLACK
6
CONTINUOUS
10
149.955853999999988
20
-56.8476659999999967
11
149.9386659999999836
21
-56.864853999999994
0
LINE
8
BLACK
6
CONTINUOUS
10
149.9386659999999836
20
-56.864853999999994
11
149.8060099999999863
21
-56.9737219999999951
0
LINE
8
BLACK
6
CONTINUOUS
10
149.8060099999999863
20
-56.9737219999999951
11
149.7857979999999998
21
-56.9872269999999972
0
LINE
8
BLACK
6
CONTINUOUS
10
149.7857979999999998
20
-56.9872269999999972
11
149.6344560000000001
21
-57.0681209999999979
0
LINE
8
BLACK
6
CONTINUOUS
10
149.6344560000000001
20
-57.0681209999999979
11
149.6119979999999998
21
-57.0774240000000006
0
LINE
8
BLACK
6
CONTINUOUS
10
149.6119979999999998
20
-57.0774240000000006
11
149.4477750000000071
21
-57.1272400000000005
0
LINE
8
BLACK
6
CONTINUOUS
10
149.4477750000000071
20
-57.1272400000000005
11
149.4239340000000027
21
-57.1319820000000007
0
LINE
8
BLACK
6
CONTINUOUS
10
149.4239340000000027
20
-57.1319820000000007
11
149.2470610000000022
21
-57.1494029999999995
0
LINE
8
BLACK
6
CONTINUOUS
10
149.2470610000000022
20
-57.1494029999999995
11
149.2349069999999926
21
-57.1499999999999986
0
LINE
8
BLACK
6
CONTINUOUS
10
149.2349069999999926
20
-57.1499999999999986
11
138.5470929999999896
21
-57.1499999999999986
0
LINE
8
BLACK
6
CONTINUOUS
10
138.5470929999999896
20
-57.1499999999999986
11
138.5349389999999801
21
-57.1494029999999995
0
LINE
8
BLACK
6
CONTINUOUS
10
138.5349389999999801
20
-57.1494029999999995
11
138.4902359999999817
21
-57.144999999999996
0
LINE
8
BLACK
6
CONTINUOUS
10
138.4902359999999817
20
-57.144999999999996
11
138.4060000000000059
21
-57.144999999999996
0
LINE
8
BLACK
6
CONTINUOUS
10
138.4060000000000059
20
-57.144999999999996
11
138.4060000000000059
21
-57.1367029999999971
0
LINE
8
BLACK
6
CONTINUOUS
10
138.4060000000000059
20
-57.1367029999999971
11
138.3580649999999821
21
-57.1319820000000007
0
LINE
8
BLACK
6
CONTINUOUS
10
138.3580649999999821
20
-57.1319820000000007
11
138.3342240000000061
21
-57.1272400000000005
0
LINE
8
BLACK
6
CONTINUOUS
10
138.3342240000000061
20
-57.1272400000000005
11
138.170000999999985
21
-57.0774240000000006
0
LINE
8
BLACK
6
CONTINUOUS
10
138.170000999999985
20
-57.0774240000000006
11
138.1475429999999847
21
-57.0681209999999979
0
LINE
8
BLACK
6
CONTINUOUS
10
138.1475429999999847
20
-57.0681209999999979
11
137.996200999999985
21
-56.9872269999999972
0
LINE
8
BLACK
6
CONTINUOUS
10
137.996200999999985
20
-56.9872269999999972
11
137.9759889999999984
21
-56.9737219999999951
0
LINE
8
BLACK
6
CONTINUOUS
10
137.9759889999999984
20
-56.9737219999999951
11
137.8433330000000012
21
-56.864853999999994
0
LINE
8
BLACK
6
CONTINUOUS
10
137.8433330000000012
20
-56.864853999999994
11
137.8261449999999968
21
-56.8476659999999967
0
LINE
8
BLACK
6
CONTINUOUS
10
137.8261449999999968
20
-56.8476659999999967
11
137.7172769999999957
21
-56.7150099999999995
0
LINE
8
BLACK
6
CONTINUOUS
10
137.7172769999999957
20
-56.7150099999999995
11
137.7037719999999865
21
-56.6947979999999987
0
LINE
8
BLACK
6
CONTINUOUS
10
137.7037719999999865
20
-56.6947979999999987
11
137.6228779999999858
21
-56.5434559999999991
0
LINE
8
BLACK
6
CONTINUOUS
10
137.6228779999999858
20
-56.5434559999999991
11
137.6135749999999973
21
-56.5209979999999987
0
LINE
8
BLACK
6
CONTINUOUS
10
137.6135749999999973
20
-56.5209979999999987
11
137.5637569999999812
21
-56.3567689999999999
0
LINE
8
BLACK
6
CONTINUOUS
10
137.5637569999999812
20
-56.3567689999999999
11
137.5590179999999805
21
-56.3329409999999982
0
LINE
8
BLACK
6
CONTINUOUS
10
137.5590179999999805
20
-56.3329409999999982
11
137.5415969999999959
21
-56.156060999999994
0
LINE
8
BLACK
6
CONTINUOUS
10
137.5415969999999959
20
-56.156060999999994
11
137.5409999999999968
21
-56.1439069999999987
0
LINE
8
BLACK
6
CONTINUOUS
10
137.5409999999999968
20
-56.1439069999999987
11
137.5409999999999968
21
-54.3400029999999958
0
LINE
8
BLACK
6
CONTINUOUS
10
137.5409999999999968
20
-54.3400029999999958
11
137.5409999999999968
21
-54.3399999999999963
0
LINE
8
BLACK
6
CONTINUOUS
10
137.5409999999999968
20
-54.3399999999999963
11
137.5409999999999968
21
-53.3399999999999963
0
LINE
8
BLACK
6
CONTINUOUS
10
137.5409999999999968
20
-53.3399999999999963
11
136.5409999999999968
21
-53.3399999999999963
0
LINE
8
BLACK
6
CONTINUOUS
10
136.5409999999999968
20
-53.3399999999999963
11
136.5409970000000044
21
-53.3399999999999963
0
LINE
8
BLACK
6
CONTINUOUS
10
136.5409970000000044
20
-53.3399999999999963
11
128.6353959999999859
21
-53.3399999999999963
0
LINE
8
BLACK
6
CONTINUOUS
10
128.6353959999999859
20
-53.3399999999999963
11
128.5981079999999963
21
-53.3342609999999979
0
LINE
8
BLACK
6
CONTINUOUS
10
128.5981079999999963
20
-53.3342609999999979
11
128.4636089999999911
21
-53.2918529999999961
0
LINE
8
BLACK
6
CONTINUOUS
10
128.4636089999999911
20
-53.2918529999999961
11
128.0287720000000036
21
-53.195451999999996
0
LINE
8
BLACK
6
CONTINUOUS
10
128.0287720000000036
20
-53.195451999999996
11
128.0287629999999979
21
-53.1954509999999985
0
LINE
8
BLACK
6
CONTINUOUS
10
128.0287629999999979
20
-53.1954509999999985
11
127.5871989999999983
21
-53.1373169999999959
0
LINE
8
BLACK
6
CONTINUOUS
10
127.5871989999999983
20
-53.1373169999999959
11
127.142240000000001
21
-53.1178910000000002
0
LINE
8
BLACK
6
CONTINUOUS
10
127.142240000000001
20
-53.1178910000000002
11
126.6972799999999921
21
-53.1373169999999959
0
LINE
8
BLACK
6
CONTINUOUS
10
126.6972799999999921
20
-53.1373169999999959
11
126.2557159999999925
21
-53.1954509999999985
0
LINE
8
BLACK
6
CONTINUOUS
10
126.2557159999999925
20
-53.1954509999999985
11
126.255707000000001
21
-53.195451999999996
0
LINE
8
BLACK
6
CONTINUOUS
10
126.255707000000001
20
-53.195451999999996
11
125.8208699999999993
21
-53.2918529999999961
0
LINE
8
BLACK
6
CONTINUOUS
10
125.8208699999999993
20
-53.2918529999999961
11
125.6863719999999915
21
-53.3342609999999979
0
LINE
8
BLACK
6
CONTINUOUS
10
125.6863719999999915
20
-53.3342609999999979
11
125.6490839999999878
21
-53.3399999999999963
0
LINE
8
BLACK
6
CONTINUOUS
10
125.6490839999999878
20
-53.3399999999999963
11
122.4474170000000015
21
-53.3399999999999963
0
LINE
8
BLACK
6
CONTINUOUS
10
122.4474170000000015
20
-53.3399999999999963
11
122.3803779999999932
21
-53.3203150000000008
0
LINE
8
BLACK
6
CONTINUOUS
10
122.3803779999999932
20
-53.3203150000000008
11
122.3346229999999935
21
-53.2675109999999989
0
LINE
8
BLACK
6
CONTINUOUS
10
122.3346229999999935
20
-53.2675109999999989
11
122.3246789999999891
21
-53.1983529999999973
0
LINE
8
BLACK
6
CONTINUOUS
10
122.3246789999999891
20
-53.1983529999999973
11
122.3429949999999877
21
-53.149127
0
LINE
8
BLACK
6
CONTINUOUS
10
122.3429949999999877
20
-53.149127
11
122.3881379999999979
21
-53.0786389999999955
0
LINE
8
BLACK
6
CONTINUOUS
10
122.3881379999999979
20
-53.0786389999999955
11
122.3904419999999931
21
-53.0751749999999944
0
LINE
8
BLACK
6
CONTINUOUS
10
122.3904419999999931
20
-53.0751749999999944
11
123.0253859999999975
21
-52.1552999999999969
0
LINE
8
BLACK
6
CONTINUOUS
10
123.0253859999999975
20
-52.1552999999999969
11
123.0278469999999942
21
-52.1518619999999942
0
LINE
8
BLACK
6
CONTINUOUS
10
123.0278469999999942
20
-52.1518619999999942
11
123.694147000000001
21
-51.2544739999999948
0
LINE
8
BLACK
6
CONTINUOUS
10
123.694147000000001
20
-51.2544739999999948
11
123.6967029999999994
21
-51.2511519999999976
0
LINE
8
BLACK
6
CONTINUOUS
10
123.6967029999999994
20
-51.2511519999999976
11
124.0128319999999889
21
-50.854738999999995
0
LINE
8
BLACK
6
CONTINUOUS
10
124.0128319999999889
20
-50.854738999999995
11
124.3935839999999899
21
-50.377289999999995
0
LINE
8
BLACK
6
CONTINUOUS
10
124.3935839999999899
20
-50.377289999999995
11
124.3962979999999874
21
-50.3740059999999943
0
LINE
8
BLACK
6
CONTINUOUS
10
124.3962979999999874
20
-50.3740059999999943
11
125.1229109999999878
21
-49.5247359999999972
0
LINE
8
BLACK
6
CONTINUOUS
10
125.1229109999999878
20
-49.5247359999999972
11
125.1257109999999955
21
-49.5215770000000006
0
LINE
8
BLACK
6
CONTINUOUS
10
125.1257109999999955
20
-49.5215770000000006
11
125.5181229999999886
21
-49.0937470000000005
0
LINE
8
BLACK
6
CONTINUOUS
10
125.5181229999999886
20
-49.0937470000000005
11
125.8812099999999958
21
-48.697887999999999
0
LINE
8
BLACK
6
CONTINUOUS
10
125.8812099999999958
20
-48.697887999999999
11
125.8841039999999936
21
-48.6948389999999947
0
LINE
8
BLACK
6
CONTINUOUS
10
125.8841039999999936
20
-48.6948389999999947
11
126.6676080000000013
21
-47.8976929999999967
0
LINE
8
BLACK
6
CONTINUOUS
10
126.6676080000000013
20
-47.8976929999999967
11
126.6705919999999992
21
-47.894759999999998
0
LINE
8
BLACK
6
CONTINUOUS
10
126.6705919999999992
20
-47.894759999999998
11
127.4811389999999989
21
-47.1251369999999952
0
LINE
8
BLACK
6
CONTINUOUS
10
127.4811389999999989
20
-47.1251369999999952
11
127.4842869999999948
21
-47.1222509999999986
0
LINE
8
BLACK
6
CONTINUOUS
10
127.4842869999999948
20
-47.1222509999999986
11
127.5457099999999997
21
-47.0678349999999952
0
LINE
8
BLACK
6
CONTINUOUS
10
127.5457099999999997
20
-47.0678349999999952
11
128.3208589999999845
21
-46.3811109999999971
0
LINE
8
BLACK
6
CONTINUOUS
10
128.3208589999999845
20
-46.3811109999999971
11
128.3240529999999922
21
-46.3783779999999979
0
LINE
8
BLACK
6
CONTINUOUS
10
128.3240529999999922
20
-46.3783779999999979
11
129.1857609999999852
21
-45.6665129999999948
0
LINE
8
BLACK
6
CONTINUOUS
10
129.1857609999999852
20
-45.6665129999999948
11
129.189077999999995
21
-45.6638680000000008
0
LINE
8
BLACK
6
CONTINUOUS
10
129.189077999999995
20
-45.6638680000000008
11
130.0748250000000041
21
-44.9821829999999991
0
LINE
8
BLACK
6
CONTINUOUS
10
130.0748250000000041
20
-44.9821829999999991
11
130.0782020000000045
21
-44.9796759999999978
0
LINE
8
BLACK
6
CONTINUOUS
10
130.0782020000000045
20
-44.9796759999999978
11
130.9869829999999808
21
-44.3289479999999969
0
LINE
8
BLACK
6
CONTINUOUS
10
130.9869829999999808
20
-44.3289479999999969
11
130.9904119999999921
21
-44.3265809999999973
0
LINE
8
BLACK
6
CONTINUOUS
10
130.9904119999999921
20
-44.3265809999999973
11
131.9211379999999849
21
-43.7075899999999962
0
LINE
8
BLACK
6
CONTINUOUS
10
131.9211379999999849
20
-43.7075899999999962
11
131.9246599999999887
21
-43.7053340000000006
0
LINE
8
BLACK
6
CONTINUOUS
10
131.9246599999999887
20
-43.7053340000000006
11
131.948174999999992
21
-43.6908400000000015
0
LINE
8
BLACK
6
CONTINUOUS
10
131.948174999999992
20
-43.6908400000000015
11
132.0155739999999867
21
-43.6724229999999949
0
LINE
8
BLACK
6
CONTINUOUS
10
132.0155739999999867
20
-43.6724229999999949
11
132.0822299999999814
21
-43.693366999999995
0
LINE
8
BLACK
6
CONTINUOUS
10
132.0822299999999814
20
-43.693366999999995
11
132.1269819999999982
21
-43.7470239999999961
0
LINE
8
BLACK
6
CONTINUOUS
10
132.1269819999999982
20
-43.7470239999999961
11
132.1353529999999807
21
-43.7748679999999979
0
LINE
8
BLACK
6
CONTINUOUS
10
132.1353529999999807
20
-43.7748679999999979
11
132.1715099999999836
21
-43.9799229999999994
0
LINE
8
BLACK
6
CONTINUOUS
10
132.1715099999999836
20
-43.9799229999999994
11
132.1715130000000045
21
-43.979935999999995
0
LINE
8
BLACK
6
CONTINUOUS
10
132.1715130000000045
20
-43.979935999999995
11
132.275480999999985
21
-44.3679539999999974
0
LINE
8
BLACK
6
CONTINUOUS
10
132.275480999999985
20
-44.3679539999999974
11
132.2754840000000058
21
-44.3679640000000006
0
LINE
8
BLACK
6
CONTINUOUS
10
132.2754840000000058
20
-44.3679640000000006
11
132.2754850000000033
21
-44.3679649999999981
0
LINE
8
BLACK
6
CONTINUOUS
10
132.2754850000000033
20
-44.3679649999999981
11
132.4128829999999937
21
-44.7454619999999963
0
LINE
8
BLACK
6
CONTINUOUS
10
132.4128829999999937
20
-44.7454619999999963
11
132.4128859999999861
21
-44.7454689999999999
0
LINE
8
BLACK
6
CONTINUOUS
10
132.4128859999999861
20
-44.7454689999999999
11
132.4128869999999836
21
-44.7454709999999949
0
LINE
8
BLACK
6
CONTINUOUS
10
132.4128869999999836
20
-44.7454709999999949
11
132.5826539999999909
21
-45.1095389999999981
0
LINE
8
BLACK
6
CONTINUOUS
10
132.5826539999999909
20
-45.1095389999999981
11
132.5826619999999991
21
-45.1095539999999957
0
LINE
8
BLACK
6
CONTINUOUS
10
132.5826619999999991
20
-45.1095539999999957
11
132.7835159999999917
21
-45.4574429999999978
0
LINE
8
BLACK
6
CONTINUOUS
10
132.7835159999999917
20
-45.4574429999999978
11
132.7835249999999974
21
-45.4574579999999955
0
LINE
8
BLACK
6
CONTINUOUS
10
132.7835249999999974
20
-45.4574579999999955
11
133.0139450000000068
21
-45.7865309999999965
0
LINE
8
BLACK
6
CONTINUOUS
10
133.0139450000000068
20
-45.7865309999999965
11
133.2109020000000044
21
-46.0212549999999965
0
LINE
8
BLACK
6
CONTINUOUS
10
133.2109020000000044
20
-46.0212549999999965
11
133.2721640000000036
21
-46.0942639999999955
0
LINE
8
BLACK
6
CONTINUOUS
10
133.2721640000000036
20
-46.0942639999999955
11
133.556225999999981
21
-46.3783260000000013
0
LINE
8
BLACK
6
CONTINUOUS
10
133.556225999999981
20
-46.3783260000000013
11
133.6655949999999962
21
-46.4700969999999955
0
LINE
8
BLACK
6
CONTINUOUS
10
133.6655949999999962
20
-46.4700969999999955
11
133.8639579999999967
21
-46.6365440000000007
0
LINE
8
BLACK
6
CONTINUOUS
10
133.8639579999999967
20
-46.6365440000000007
11
133.8639639999999815
21
-46.6365479999999977
0
LINE
8
BLACK
6
CONTINUOUS
10
133.8639639999999815
20
-46.6365479999999977
11
133.8639650000000074
21
-46.6365489999999951
0
LINE
8
BLACK
6
CONTINUOUS
10
133.8639650000000074
20
-46.6365489999999951
11
134.1930380000000014
21
-46.8669689999999974
0
LINE
8
BLACK
6
CONTINUOUS
10
134.1930380000000014
20
-46.8669689999999974
11
134.5190979999999854
21
-47.055219000000001
0
LINE
8
BLACK
6
CONTINUOUS
10
134.5190979999999854
20
-47.055219000000001
11
134.5409349999999904
21
-47.0678270000000012
0
LINE
8
BLACK
6
CONTINUOUS
10
134.5409349999999904
20
-47.0678270000000012
11
134.5409499999999809
21
-47.0678349999999952
0
LINE
8
BLACK
6
CONTINUOUS
10
134.5409499999999809
20
-47.0678349999999952
11
134.6576459999999997
21
-47.1222509999999986
0
LINE
8
BLACK
6
CONTINUOUS
10
134.6576459999999997
20
-47.1222509999999986
11
134.9050279999999873
21
-47.237606999999997
0
LINE
8
BLACK
6
CONTINUOUS
10
134.9050279999999873
20
-47.237606999999997
11
135.2825249999999926
21
-47.3750049999999945
0
LINE
8
BLACK
6
CONTINUOUS
10
135.2825249999999926
20
-47.3750049999999945
11
135.2825310000000059
21
-47.3750059999999991
0
LINE
8
BLACK
6
CONTINUOUS
10
135.2825310000000059
20
-47.3750059999999991
11
135.2825349999999958
21
-47.3750080000000011
0
LINE
8
BLACK
6
CONTINUOUS
10
135.2825349999999958
20
-47.3750080000000011
11
135.3882030000000043
21
-47.4033209999999983
0
LINE
8
BLACK
6
CONTINUOUS
10
135.3882030000000043
20
-47.4033209999999983
11
135.6705609999999922
21
-47.4789789999999954
0
LINE
8
BLACK
6
CONTINUOUS
10
135.6705609999999922
20
-47.4789789999999954
11
136.0661819999999977
21
-47.5487380000000002
0
LINE
8
BLACK
6
CONTINUOUS
10
136.0661819999999977
20
-47.5487380000000002
11
136.4663759999999968
21
-47.5837489999999974
0
LINE
8
BLACK
6
CONTINUOUS
10
136.4663759999999968
20
-47.5837489999999974
11
136.4663769999999943
21
-47.5837499999999949
0
LINE
8
BLACK
6
CONTINUOUS
10
136.4663769999999943
20
-47.5837499999999949
11
136.4663779999999917
21
-47.5837499999999949
0
LINE
8
BLACK
6
CONTINUOUS
10
136.4663779999999917
20
-47.5837499999999949
11
136.8681029999999907
21
-47.5837499999999949
0
LINE
8
BLACK
6
CONTINUOUS
10
136.8681029999999907
20
-47.5837499999999949
11
136.8681029999999907
21
-47.5837489999999974
0
LINE
8
BLACK
6
CONTINUOUS
10
136.8681029999999907
20
-47.5837489999999974
11
137.2682979999999873
21
-47.5487380000000002
0
LINE
8
BLACK
6
CONTINUOUS
10
137.2682979999999873
20
-47.5487380000000002
11
137.6639189999999928
21
-47.4789789999999954
0
LINE
8
BLACK
6
CONTINUOUS
10
137.6639189999999928
20
-47.4789789999999954
11
138.0519549999999924
21
-47.3750049999999945
0
LINE
8
BLACK
6
CONTINUOUS
10
138.0519549999999924
20
-47.3750049999999945
11
138.4294519999999977
21
-47.237606999999997
0
LINE
8
BLACK
6
CONTINUOUS
10
138.4294519999999977
20
-47.237606999999997
11
138.7935379999999839
21
-47.0678309999999982
0
LINE
8
BLACK
6
CONTINUOUS
10
138.7935379999999839
20
-47.0678309999999982
11
139.1414419999999836
21
-46.8669689999999974
0
LINE
8
BLACK
6
CONTINUOUS
10
139.1414419999999836
20
-46.8669689999999974
11
139.470515000000006
21
-46.6365489999999951
0
LINE
8
BLACK
6
CONTINUOUS
10
139.470515000000006
20
-46.6365489999999951
11
139.778254000000004
21
-46.3783260000000013
0
LINE
8
BLACK
6
CONTINUOUS
10
139.778254000000004
20
-46.3783260000000013
11
140.0623159999999814
21
-46.0942639999999955
0
LINE
8
BLACK
6
CONTINUOUS
10
140.0623159999999814
20
-46.0942639999999955
11
140.3205389999999966
21
-45.7865249999999975
0
LINE
8
BLACK
6
CONTINUOUS
10
140.3205389999999966
20
-45.7865249999999975
11
140.550959000000006
21
-45.4574519999999964
0
LINE
8
BLACK
6
CONTINUOUS
10
140.550959000000006
20
-45.4574519999999964
11
140.7518210000000067
21
-45.1095479999999966
0
LINE
8
BLACK
6
CONTINUOUS
10
140.7518210000000067
20
-45.1095479999999966
11
140.9215969999999913
21
-44.7454619999999963
0
LINE
8
BLACK
6
CONTINUOUS
10
140.9215969999999913
20
-44.7454619999999963
11
141.0589949999999817
21
-44.3679649999999981
0
LINE
8
BLACK
6
CONTINUOUS
10
141.0589949999999817
20
-44.3679649999999981
11
141.1629690000000039
21
-43.9799289999999985
0
LINE
8
BLACK
6
CONTINUOUS
10
141.1629690000000039
20
-43.9799289999999985
11
141.2327279999999803
21
-43.584308
0
LINE
8
BLACK
6
CONTINUOUS
10
141.2327279999999803
20
-43.584308
11
141.2677400000000034
21
-43.1841119999999989
0
LINE
8
BLACK
6
CONTINUOUS
10
141.2677400000000034
20
-43.1841119999999989
11
141.2677400000000034
21
-42.7823879999999974
0
LINE
8
BLACK
6
CONTINUOUS
10
141.2677400000000034
20
-42.7823879999999974
11
141.2327279999999803
21
-42.3821919999999963
0
LINE
8
BLACK
6
CONTINUOUS
10
141.2327279999999803
20
-42.3821919999999963
11
141.1629690000000039
21
-41.9865709999999979
0
LINE
8
BLACK
6
CONTINUOUS
10
141.1629690000000039
20
-41.9865709999999979
11
141.0589949999999817
21
-41.5985349999999983
0
LINE
8
BLACK
6
CONTINUOUS
10
141.0589949999999817
20
-41.5985349999999983
11
140.9215969999999913
21
-41.2210380000000001
0
LINE
8
BLACK
6
CONTINUOUS
10
140.9215969999999913
20
-41.2210380000000001
11
140.7740379999999902
21
-40.9045969999999954
0
LINE
8
BLACK
6
CONTINUOUS
10
140.7740379999999902
20
-40.9045969999999954
11
140.7518249999999966
21
-40.8569600000000008
0
LINE
8
BLACK
6
CONTINUOUS
10
140.7518249999999966
20
-40.8569600000000008
11
140.7518169999999884
21
-40.8569449999999961
0
LINE
8
BLACK
6
CONTINUOUS
10
140.7518169999999884
20
-40.8569449999999961
11
140.7392089999999882
21
-40.8351079999999982
0
LINE
8
BLACK
6
CONTINUOUS
10
140.7392089999999882
20
-40.8351079999999982
11
140.550959000000006
21
-40.5090479999999999
0
LINE
8
BLACK
6
CONTINUOUS
10
140.550959000000006
20
-40.5090479999999999
11
140.3205389999999966
21
-40.1799749999999989
0
LINE
8
BLACK
6
CONTINUOUS
10
140.3205389999999966
20
-40.1799749999999989
11
140.3205339999999808
21
-40.1799689999999998
0
LINE
8
BLACK
6
CONTINUOUS
10
140.3205339999999808
20
-40.1799689999999998
11
140.2453309999999931
21
-40.0903439999999947
0
LINE
8
BLACK
6
CONTINUOUS
10
140.2453309999999931
20
-40.0903439999999947
11
140.2173190000000034
21
-40.0263360000000006
0
LINE
8
BLACK
6
CONTINUOUS
10
140.2173190000000034
20
-40.0263360000000006
11
140.2283579999999859
21
-39.9573439999999991
0
LINE
8
BLACK
6
CONTINUOUS
10
140.2283579999999859
20
-39.9573439999999991
11
140.2749459999999999
21
-39.9052730000000011
0
LINE
8
BLACK
6
CONTINUOUS
10
140.2749459999999999
20
-39.9052730000000011
11
140.3065019999999947
21
-39.8913399999999996
0
LINE
8
BLACK
6
CONTINUOUS
10
140.3065019999999947
20
-39.8913399999999996
11
141.1273319999999956
21
-39.658693999999997
0
LINE
8
BLACK
6
CONTINUOUS
10
141.1273319999999956
20
-39.658693999999997
11
141.1314069999999958
21
-39.6576149999999998
0
LINE
8
BLACK
6
CONTINUOUS
10
141.1314069999999958
20
-39.6576149999999998
11
142.2166289999999833
21
-39.3901320000000013
0
LINE
8
BLACK
6
CONTINUOUS
10
142.2166289999999833
20
-39.3901320000000013
11
142.2207779999999957
21
-39.3891849999999977
0
LINE
8
BLACK
6
CONTINUOUS
10
142.2207779999999957
20
-39.3891849999999977
11
143.3145549999999844
21
-39.1593249999999955
0
LINE
8
BLACK
6
CONTINUOUS
10
143.3145549999999844
20
-39.1593249999999955
11
143.3187059999999917
21
-39.1585279999999969
0
LINE
8
BLACK
6
CONTINUOUS
10
143.3187059999999917
20
-39.1585279999999969
11
144.4198049999999967
21
-38.9665509999999955
0
LINE
8
BLACK
6
CONTINUOUS
10
144.4198049999999967
20
-38.9665509999999955
11
144.4239199999999812
21
-38.9659059999999968
0
LINE
8
BLACK
6
CONTINUOUS
10
144.4239199999999812
20
-38.9659059999999968
11
145.5310560000000066
21
-38.8120399999999961
0
LINE
8
BLACK
6
CONTINUOUS
10
145.5310560000000066
20
-38.8120399999999961
11
145.5351869999999792
21
-38.8115389999999962
0
LINE
8
BLACK
6
CONTINUOUS
10
145.5351869999999792
20
-38.8115389999999962
11
146.6469199999999944
21
-38.6959839999999957
0
LINE
8
BLACK
6
CONTINUOUS
10
146.6469199999999944
20
-38.6959839999999957
11
146.6511519999999962
21
-38.6956179999999961
0
LINE
8
BLACK
6
CONTINUOUS
10
146.6511519999999962
20
-38.6956179999999961
11
147.7661959999999794
21
-38.6185059999999964
0
LINE
8
BLACK
6
CONTINUOUS
10
147.7661959999999794
20
-38.6185059999999964
11
147.7704080000000033
21
-38.6182879999999997
0
LINE
8
BLACK
6
CONTINUOUS
10
147.7704080000000033
20
-38.6182879999999997
11
148.8873969999999929
21
-38.5797109999999961
0
LINE
8
BLACK
6
CONTINUOUS
10
148.8873969999999929
20
-38.5797109999999961
11
148.8916769999999872
21
-38.5796379999999957
0
LINE
8
BLACK
6
CONTINUOUS
10
148.8916769999999872
20
-38.5796379999999957
11
150.0093269999999848
21
-38.5796379999999957
0
LINE
8
BLACK
6
CONTINUOUS
10
150.0093269999999848
20
-38.5796379999999957
11
150.0136059999999816
21
-38.5797109999999961
0
LINE
8
BLACK
6
CONTINUOUS
10
159.5054999999999836
20
-51.933251999999996
11
159.5171310000000062
21
-51.9917289999999994
0
LINE
8
BLACK
6
CONTINUOUS
10
159.5171310000000062
20
-51.9917289999999994
11
159.5171320000000037
21
-51.9917299999999969
0
LINE
8
BLACK
6
CONTINUOUS
10
159.5171320000000037
20
-51.9917299999999969
11
159.5614469999999869
21
-52.0580519999999964
0
LINE
8
BLACK
6
CONTINUOUS
10
159.5614469999999869
20
-52.0580519999999964
11
159.6277690000000007
21
-52.102367000000001
0
LINE
8
BLACK
6
CONTINUOUS
10
159.6277690000000007
20
-52.102367000000001
11
159.6277699999999982
21
-52.1023679999999985
0
LINE
8
BLACK
6
CONTINUOUS
10
159.6277699999999982
20
-52.1023679999999985
11
159.6862469999999803
21
-52.1139989999999997
0
LINE
8
BLACK
6
CONTINUOUS
10
159.6862469999999803
20
-52.1139989999999997
11
159.6862500000000011
21
-52.1139999999999972
0
LINE
8
BLACK
6
CONTINUOUS
10
159.6862500000000011
20
-52.1139999999999972
11
159.6862519999999961
21
-52.1139999999999972
0
LINE
8
BLACK
6
CONTINUOUS
10
159.6862519999999961
20
-52.1139999999999972
11
160.6257499999999823
21
-52.1139999999999972
0
LINE
8
BLACK
6
CONTINUOUS
10
160.6257499999999823
20
-52.1139999999999972
11
160.6257509999999797
21
-52.1139989999999997
0
LINE
8
BLACK
6
CONTINUOUS
10
160.6257509999999797
20
-52.1139989999999997
11
160.6405680000000018
21
-52.1110520000000008
0
LINE
8
BLACK
6
CONTINUOUS
10
160.6405680000000018
20
-52.1110520000000008
11
160.6842289999999878
21
-52.1023679999999985
0
LINE
8
BLACK
6
CONTINUOUS
10
160.6842289999999878
20
-52.1023679999999985
11
160.6842289999999878
21
-52.102367000000001
0
LINE
8
BLACK
6
CONTINUOUS
10
160.6842289999999878
20
-52.102367000000001
11
160.6842309999999827
21
-52.102367000000001
0
LINE
8
BLACK
6
CONTINUOUS
10
160.6842309999999827
20
-52.102367000000001
11
160.750551999999999
21
-52.0580519999999964
0
LINE
8
BLACK
6
CONTINUOUS
10
160.750551999999999
20
-52.0580519999999964
11
160.7948669999999822
21
-51.9917309999999944
0
LINE
8
BLACK
6
CONTINUOUS
10
160.7948669999999822
20
-51.9917309999999944
11
160.7948669999999822
21
-51.9917289999999994
0
LINE
8
BLACK
6
CONTINUOUS
10
160.7948669999999822
20
-51.9917289999999994
11
160.7948679999999797
21
-51.9917289999999994
0
LINE
8
BLACK
6
CONTINUOUS
10
160.7948679999999797
20
-51.9917289999999994
11
160.8064990000000023
21
-51.933251999999996
0
LINE
8
BLACK
6
CONTINUOUS
10
160.8064990000000023
20
-51.933251999999996
11
160.8064999999999998
21
-51.933250000000001
0
LINE
8
BLACK
6
CONTINUOUS
10
160.8064999999999998
20
-51.933250000000001
11
160.8064999999999998
21
-51.2628619999999984
0
LINE
8
BLACK
6
CONTINUOUS
10
160.8064999999999998
20
-51.2628619999999984
11
160.8261849999999811
21
-51.1958229999999972
0
LINE
8
BLACK
6
CONTINUOUS
10
160.8261849999999811
20
-51.1958229999999972
11
160.87898899999999
21
-51.1500679999999974
0
LINE
8
BLACK
6
CONTINUOUS
10
160.87898899999999
20
-51.1500679999999974
11
160.946676999999994
21
-51.1399219999999985
0
LINE
8
BLACK
6
CONTINUOUS
10
160.946676999999994
20
-51.1399219999999985
11
160.9580819999999903
21
-51.1414229999999961
0
LINE
8
BLACK
6
CONTINUOUS
10
160.9580819999999903
20
-51.1414229999999961
11
161.0219749999999976
21
-51.1696859999999987
0
LINE
8
BLACK
6
CONTINUOUS
10
161.0219749999999976
20
-51.1696859999999987
11
161.0295779999999866
21
-51.176680999999995
0
LINE
8
BLACK
6
CONTINUOUS
10
161.0295779999999866
20
-51.176680999999995
11
161.6718860000000006
21
-51.8189889999999949
0
LINE
8
BLACK
6
CONTINUOUS
10
161.6718860000000006
20
-51.8189889999999949
11
161.774612999999988
21
-51.8782989999999984
0
LINE
8
BLACK
6
CONTINUOUS
10
161.774612999999988
20
-51.8782989999999984
11
161.7988210000000038
21
-51.8847839999999962
0
LINE
8
BLACK
6
CONTINUOUS
10
161.7988210000000038
20
-51.8847839999999962
11
161.7988239999999962
21
-51.8847859999999983
0
LINE
8
BLACK
6
CONTINUOUS
10
161.7988239999999962
20
-51.8847859999999983
11
161.7988249999999937
21
-51.8847859999999983
0
LINE
8
BLACK
6
CONTINUOUS
10
161.7988249999999937
20
-51.8847859999999983
11
161.8289469999999994
21
-51.8928569999999993
0
LINE
8
BLACK
6
CONTINUOUS
10
161.8289469999999994
20
-51.8928569999999993
11
161.8891909999999825
21
-51.9089999999999989
0
LINE
8
BLACK
6
CONTINUOUS
10
161.8891909999999825
20
-51.9089999999999989
11
162.2445069999999987
21
-51.9089999999999989
0
LINE
8
BLACK
6
CONTINUOUS
10
162.2445069999999987
20
-51.9089999999999989
11
162.3115459999999928
21
-51.9286849999999944
0
LINE
8
BLACK
6
CONTINUOUS
10
162.3115459999999928
20
-51.9286849999999944
11
162.3442770000000053
21
-51.9593670000000003
0
LINE
8
BLACK
6
CONTINUOUS
10
162.3442770000000053
20
-51.9593670000000003
11
162.3902879999999982
21
-52.0217099999999988
0
LINE
8
BLACK
6
CONTINUOUS
10
162.3902879999999982
20
-52.0217099999999988
11
162.3902889999999957
21
-52.0217109999999963
0
LINE
8
BLACK
6
CONTINUOUS
10
162.3902889999999957
20
-52.0217109999999963
11
162.4965229999999963
21
-52.1001149999999953
0
LINE
8
BLACK
6
CONTINUOUS
10
162.4965229999999963
20
-52.1001149999999953
11
162.4965239999999937
21
-52.1001149999999953
0
LINE
8
BLACK
6
CONTINUOUS
10
162.4965239999999937
20
-52.1001149999999953
11
162.4965249999999912
21
-52.1001159999999999
0
LINE
8
BLACK
6
CONTINUOUS
10
162.4965249999999912
20
-52.1001159999999999
11
162.6211509999999976
21
-52.1437249999999963
0
LINE
8
BLACK
6
CONTINUOUS
10
162.6211509999999976
20
-52.1437249999999963
11
162.6211500000000001
21
-52.1437249999999963
0
LINE
8
BLACK
6
CONTINUOUS
10
162.6211500000000001
20
-52.1437249999999963
11
162.6507399999999848
21
-52.1464999999999961
0
LINE
8
BLACK
6
CONTINUOUS
10
162.6507399999999848
20
-52.1464999999999961
11
162.6507440000000031
21
-52.1464999999999961
0
LINE
8
BLACK
6
CONTINUOUS
10
162.6507440000000031
20
-52.1464999999999961
11
163.2312599999999918
21
-52.1464999999999961
0
LINE
8
BLACK
6
CONTINUOUS
10
163.2312599999999918
20
-52.1464999999999961
11
163.260848999999979
21
-52.1437249999999963
0
LINE
8
BLACK
6
CONTINUOUS
10
163.260848999999979
20
-52.1437249999999963
11
163.3854749999999854
21
-52.1001159999999999
0
LINE
8
BLACK
6
CONTINUOUS
10
163.3854749999999854
20
-52.1001159999999999
11
163.4917109999999809
21
-52.0217109999999963
0
LINE
8
BLACK
6
CONTINUOUS
10
163.4917109999999809
20
-52.0217109999999963
11
163.5701159999999845
21
-51.9154750000000007
0
LINE
8
BLACK
6
CONTINUOUS
10
163.5701159999999845
20
-51.9154750000000007
11
163.6137249999999881
21
-51.7908489999999944
0
LINE
8
BLACK
6
CONTINUOUS
10
163.6137249999999881
20
-51.7908489999999944
11
163.616500000000002
21
-51.7612559999999959
0
LINE
8
BLACK
6
CONTINUOUS
10
163.616500000000002
20
-51.7612559999999959
11
163.616500000000002
21
-51.1557439999999986
0
LINE
8
BLACK
6
CONTINUOUS
10
163.616500000000002
20
-51.1557439999999986
11
163.6156719999999893
21
-51.1469179999999994
0
LINE
8
BLACK
6
CONTINUOUS
10
163.6156719999999893
20
-51.1469179999999994
11
163.6137249999999881
21
-51.1261499999999955
0
LINE
8
BLACK
6
CONTINUOUS
10
163.6137249999999881
20
-51.1261499999999955
11
163.590250999999995
21
-51.0590669999999989
0
LINE
8
BLACK
6
CONTINUOUS
10
163.590250999999995
20
-51.0590669999999989
11
163.5701159999999845
21
-51.0015250000000009
0
LINE
8
BLACK
6
CONTINUOUS
10
163.5701159999999845
20
-51.0015250000000009
11
163.548090000000002
21
-50.9716809999999967
0
LINE
8
BLACK
6
CONTINUOUS
10
163.548090000000002
20
-50.9716809999999967
11
163.4917109999999809
21
-50.8952889999999982
0
LINE
8
BLACK
6
CONTINUOUS
10
163.4917109999999809
20
-50.8952889999999982
11
163.4917099999999834
21
-50.8952880000000007
0
LINE
8
BLACK
6
CONTINUOUS
10
163.4917099999999834
20
-50.8952880000000007
11
163.3854759999999828
21
-50.8168839999999946
0
LINE
8
BLACK
6
CONTINUOUS
10
163.3854759999999828
20
-50.8168839999999946
11
163.2608479999999815
21
-50.7732740000000007
0
LINE
8
BLACK
6
CONTINUOUS
10
163.2608479999999815
20
-50.7732740000000007
11
163.260848999999979
21
-50.7732740000000007
0
LINE
8
BLACK
6
CONTINUOUS
10
163.260848999999979
20
-50.7732740000000007
11
163.2312599999999918
21
-50.7704999999999984
0
LINE
8
BLACK
6
CONTINUOUS
10
163.2312599999999918
20
-50.7704999999999984
11
163.2312560000000019
21
-50.7704999999999984
0
LINE
8
BLACK
6
CONTINUOUS
10
163.2312560000000019
20
-50.7704999999999984
11
162.6507440000000031
21
-50.7704999999999984
0
LINE
8
BLACK
6
CONTINUOUS
10
162.6507440000000031
20
-50.7704999999999984
11
162.6507399999999848
21
-50.7704999999999984
0
LINE
8
BLACK
6
CONTINUOUS
10
162.6507399999999848
20
-50.7704999999999984
11
162.6211500000000001
21
-50.7732740000000007
0
LINE
8
BLACK
6
CONTINUOUS
10
162.6211500000000001
20
-50.7732740000000007
11
162.4965229999999963
21
-50.8168839999999946
0
LINE
8
BLACK
6
CONTINUOUS
10
162.4965229999999963
20
-50.8168839999999946
11
162.3902889999999957
21
-50.8952880000000007
0
LINE
8
BLACK
6
CONTINUOUS
10
162.3902889999999957
20
-50.8952880000000007
11
162.3902879999999982
21
-50.8952889999999982
0
LINE
8
BLACK
6
CONTINUOUS
10
162.3902879999999982
20
-50.8952889999999982
11
162.3442770000000053
21
-50.9576329999999942
0
LINE
8
BLACK
6
CONTINUOUS
10
162.3442770000000053
20
-50.9576329999999942
11
162.2886299999999835
21
-50.9998839999999944
0
LINE
8
BLACK
6
CONTINUOUS
10
162.2886299999999835
20
-50.9998839999999944
11
162.2445069999999987
21
-51.0079999999999956
0
LINE
8
BLACK
6
CONTINUOUS
10
162.2445069999999987
20
-51.0079999999999956
11
162.1864649999999983
21
-51.0079999999999956
0
LINE
8
BLACK
6
CONTINUOUS
10
162.1864649999999983
20
-51.0079999999999956
11
162.1194260000000043
21
-50.9883150000000001
0
LINE
8
BLACK
6
CONTINUOUS
10
162.1194260000000043
20
-50.9883150000000001
11
162.0987839999999949
21
-50.9716809999999967
0
LINE
8
BLACK
6
CONTINUOUS
10
162.0987839999999949
20
-50.9716809999999967
11
161.6666809999999828
21
-50.5395779999999988
0
LINE
8
BLACK
6
CONTINUOUS
10
161.6666809999999828
20
-50.5395779999999988
11
161.6331959999999981
21
-50.4782549999999972
0
LINE
8
BLACK
6
CONTINUOUS
10
161.6331959999999981
20
-50.4782549999999972
11
161.6314249999999788
21
-50.4680970000000002
0
LINE
8
BLACK
6
CONTINUOUS
10
161.6314249999999788
20
-50.4680970000000002
11
161.6210439999999835
21
-50.3892379999999989
0
LINE
8
BLACK
6
CONTINUOUS
10
161.6210439999999835
20
-50.3892379999999989
11
161.5605359999999848
21
-50.2431589999999986
0
LINE
8
BLACK
6
CONTINUOUS
10
161.5605359999999848
20
-50.2431589999999986
11
161.4642819999999972
21
-50.1177179999999964
0
LINE
8
BLACK
6
CONTINUOUS
10
161.4642819999999972
20
-50.1177179999999964
11
161.3388410000000022
21
-50.0214639999999946
0
LINE
8
BLACK
6
CONTINUOUS
10
161.3388410000000022
20
-50.0214639999999946
11
161.2608519999999999
21
-49.9891599999999983
0
LINE
8
BLACK
6
CONTINUOUS
10
161.2608519999999999
20
-49.9891599999999983
11
161.1927619999999877
21
-49.9609559999999959
0
LINE
8
BLACK
6
CONTINUOUS
10
161.1927619999999877
20
-49.9609559999999959
11
161.1927599999999927
21
-49.9609549999999984
0
LINE
8
BLACK
6
CONTINUOUS
10
161.1927599999999927
20
-49.9609549999999984
11
161.0360009999999988
21
-49.9403179999999978
0
LINE
8
BLACK
6
CONTINUOUS
10
161.0360009999999988
20
-49.9403179999999978
11
161.0359990000000039
21
-49.9403179999999978
0
LINE
8
BLACK
6
CONTINUOUS
10
161.0359990000000039
20
-49.9403179999999978
11
160.9466850000000022
21
-49.9520759999999981
0
LINE
8
BLACK
6
CONTINUOUS
10
160.9466850000000022
20
-49.9520759999999981
11
160.8776499999999885
21
-49.9413099999999943
0
LINE
8
BLACK
6
CONTINUOUS
10
160.8776499999999885
20
-49.9413099999999943
11
160.8253939999999886
21
-49.8949299999999951
0
LINE
8
BLACK
6
CONTINUOUS
10
160.8253939999999886
20
-49.8949299999999951
11
160.8064999999999998
21
-49.8291369999999958
0
LINE
8
BLACK
6
CONTINUOUS
10
160.8064999999999998
20
-49.8291369999999958
11
160.8064999999999998
21
-49.0937489999999954
0
LINE
8
BLACK
6
CONTINUOUS
10
160.8064999999999998
20
-49.0937489999999954
11
160.8064990000000023
21
-49.0937470000000005
0
LINE
8
BLACK
6
CONTINUOUS
10
160.8064990000000023
20
-49.0937470000000005
11
160.7948679999999797
21
-49.035269999999997
0
LINE
8
BLACK
6
CONTINUOUS
10
160.7948679999999797
20
-49.035269999999997
11
160.7948669999999822
21
-49.0352689999999996
0
LINE
8
BLACK
6
CONTINUOUS
10
160.7948669999999822
20
-49.0352689999999996
11
160.750551999999999
21
-48.968947
0
LINE
8
BLACK
6
CONTINUOUS
10
160.750551999999999
20
-48.968947
11
160.6842299999999852
21
-48.9246319999999955
0
LINE
8
BLACK
6
CONTINUOUS
10
160.6842299999999852
20
-48.9246319999999955
11
160.6842289999999878
21
-48.924630999999998
0
LINE
8
BLACK
6
CONTINUOUS
10
160.6842289999999878
20
-48.924630999999998
11
160.6257520000000056
21
-48.9129999999999967
0
LINE
8
BLACK
6
CONTINUOUS
10
160.6257520000000056
20
-48.9129999999999967
11
160.6257479999999873
21
-48.9129999999999967
0
LINE
8
BLACK
6
CONTINUOUS
10
160.6257479999999873
20
-48.9129999999999967
11
159.6862519999999961
21
-48.9129999999999967
0
LINE
8
BLACK
6
CONTINUOUS
10
159.6862519999999961
20
-48.9129999999999967
11
159.6862469999999803
21
-48.9129999999999967
0
LINE
8
BLACK
6
CONTINUOUS
10
159.6862469999999803
20
-48.9129999999999967
11
159.6277699999999982
21
-48.924630999999998
0
LINE
8
BLACK
6
CONTINUOUS
10
159.6277699999999982
20
-48.924630999999998
11
159.6277690000000007
21
-48.9246319999999955
0
LINE
8
BLACK
6
CONTINUOUS
10
159.6277690000000007
20
-48.9246319999999955
11
159.5614469999999869
21
-48.968947
0
LINE
8
BLACK
6
CONTINUOUS
10
159.5614469999999869
20
-48.968947
11
159.5171320000000037
21
-49.0352689999999996
0
LINE
8
BLACK
6
CONTINUOUS
10
159.5171320000000037
20
-49.0352689999999996
11
159.5171310000000062
21
-49.035269999999997
0
LINE
8
BLACK
6
CONTINUOUS
10
159.5171310000000062
20
-49.035269999999997
11
159.5054999999999836
21
-49.0937470000000005
0
LINE
8
BLACK
6
CONTINUOUS
10
159.5054999999999836
20
-49.0937470000000005
11
159.5054999999999836
21
-51.933251999999996
0
LINE
8
BLACK
6
CONTINUOUS
10
149.4492390000000057
20
-49.7069550000000007
11
149.4492369999999823
21
-49.7069559999999981
0
LINE
8
BLACK
6
CONTINUOUS
10
149.4492369999999823
20
-49.7069559999999981
11
149.3031599999999912
21
-49.7674629999999993
0
LINE
8
BLACK
6
CONTINUOUS
10
149.3031599999999912
20
-49.7674629999999993
11
149.1777179999999987
21
-49.8637179999999987
0
LINE
8
BLACK
6
CONTINUOUS
10
149.1777179999999987
20
-49.8637179999999987
11
149.0814629999999852
21
-49.9891599999999983
0
LINE
8
BLACK
6
CONTINUOUS
10
149.0814629999999852
20
-49.9891599999999983
11
149.020955999999984
21
-50.1352369999999965
0
LINE
8
BLACK
6
CONTINUOUS
10
149.020955999999984
20
-50.1352369999999965
11
149.0209549999999865
21
-50.1352389999999986
0
LINE
8
BLACK
6
CONTINUOUS
10
149.0209549999999865
20
-50.1352389999999986
11
149.0003179999999929
21
-50.2919979999999995
0
LINE
8
BLACK
6
CONTINUOUS
10
149.0003179999999929
20
-50.2919979999999995
11
149.0003179999999929
21
-50.2920009999999991
0
LINE
8
BLACK
6
CONTINUOUS
10
149.0003179999999929
20
-50.2920009999999991
11
149.0209549999999865
21
-50.44876
0
LINE
8
BLACK
6
CONTINUOUS
10
149.0209549999999865
20
-50.44876
11
149.0209569999999815
21
-50.4487649999999945
0
LINE
8
BLACK
6
CONTINUOUS
10
149.0209569999999815
20
-50.4487649999999945
11
149.0450989999999933
21
-50.5070499999999996
0
LINE
8
BLACK
6
CONTINUOUS
10
149.0450989999999933
20
-50.5070499999999996
11
149.0525679999999795
21
-50.576519999999995
0
LINE
8
BLACK
6
CONTINUOUS
10
149.0525679999999795
20
-50.576519999999995
11
149.0303089999999884
21
-50.6281339999999958
0
LINE
8
BLACK
6
CONTINUOUS
10
149.0303089999999884
20
-50.6281339999999958
11
148.9768839999999841
21
-50.7005229999999969
0
LINE
8
BLACK
6
CONTINUOUS
10
148.9768839999999841
20
-50.7005229999999969
11
148.9332739999999831
21
-50.8251500000000007
0
LINE
8
BLACK
6
CONTINUOUS
10
148.9332739999999831
20
-50.8251500000000007
11
148.930499999999995
21
-50.854738999999995
0
LINE
8
BLACK
6
CONTINUOUS
10
148.930499999999995
20
-50.854738999999995
11
148.930499999999995
21
-51.4602599999999981
0
LINE
8
BLACK
6
CONTINUOUS
10
148.930499999999995
20
-51.4602599999999981
11
148.9332739999999831
21
-51.4898489999999995
0
LINE
8
BLACK
6
CONTINUOUS
10
148.9332739999999831
20
-51.4898489999999995
11
148.9768839999999841
21
-51.6144759999999962
0
LINE
8
BLACK
6
CONTINUOUS
10
148.9768839999999841
20
-51.6144759999999962
11
149.0552879999999902
21
-51.7207099999999969
0
LINE
8
BLACK
6
CONTINUOUS
10
149.0552879999999902
20
-51.7207099999999969
11
149.0552889999999877
21
-51.7207109999999943
0
LINE
8
BLACK
6
CONTINUOUS
10
149.0552889999999877
20
-51.7207109999999943
11
149.1615229999999883
21
-51.7991150000000005
0
LINE
8
BLACK
6
CONTINUOUS
10
149.1615229999999883
20
-51.7991150000000005
11
149.1615239999999858
21
-51.7991150000000005
0
LINE
8
BLACK
6
CONTINUOUS
10
149.1615239999999858
20
-51.7991150000000005
11
149.1615249999999833
21
-51.7991159999999979
0
LINE
8
BLACK
6
CONTINUOUS
10
149.1615249999999833
20
-51.7991159999999979
11
149.2861509999999896
21
-51.8427249999999944
0
LINE
8
BLACK
6
CONTINUOUS
10
149.2861509999999896
20
-51.8427249999999944
11
149.2861499999999921
21
-51.8427249999999944
0
LINE
8
BLACK
6
CONTINUOUS
10
149.2861499999999921
20
-51.8427249999999944
11
149.3157400000000052
21
-51.8454999999999941
0
LINE
8
BLACK
6
CONTINUOUS
10
149.3157400000000052
20
-51.8454999999999941
11
149.3157439999999951
21
-51.8454999999999941
0
LINE
8
BLACK
6
CONTINUOUS
10
149.3157439999999951
20
-51.8454999999999941
11
149.8962599999999838
21
-51.8454999999999941
0
LINE
8
BLACK
6
CONTINUOUS
10
149.8962599999999838
20
-51.8454999999999941
11
149.9258489999999995
21
-51.8427249999999944
0
LINE
8
BLACK
6
CONTINUOUS
10
149.9258489999999995
20
-51.8427249999999944
11
150.0504750000000058
21
-51.7991159999999979
0
LINE
8
BLACK
6
CONTINUOUS
10
150.0504750000000058
20
-51.7991159999999979
11
150.1567110000000014
21
-51.7207109999999943
0
LINE
8
BLACK
6
CONTINUOUS
10
150.1567110000000014
20
-51.7207109999999943
11
150.235116000000005
21
-51.6144749999999988
0
LINE
8
BLACK
6
CONTINUOUS
10
150.235116000000005
20
-51.6144749999999988
11
150.2787249999999801
21
-51.4898489999999995
0
LINE
8
BLACK
6
CONTINUOUS
10
150.2787249999999801
20
-51.4898489999999995
11
150.2814999999999941
21
-51.4602560000000011
0
LINE
8
BLACK
6
CONTINUOUS
10
150.2814999999999941
20
-51.4602560000000011
11
150.2814999999999941
21
-50.8547439999999966
0
LINE
8
BLACK
6
CONTINUOUS
10
150.2814999999999941
20
-50.8547439999999966
11
150.2787249999999801
21
-50.8251509999999982
0
LINE
8
BLACK
6
CONTINUOUS
10
150.2787249999999801
20
-50.8251509999999982
11
150.2758319999999799
21
-50.8168839999999946
0
LINE
8
BLACK
6
CONTINUOUS
10
150.2758319999999799
20
-50.8168839999999946
11
150.235116000000005
21
-50.700524999999999
0
LINE
8
BLACK
6
CONTINUOUS
10
150.235116000000005
20
-50.700524999999999
11
150.1816900000000032
21
-50.6281350000000003
0
LINE
8
BLACK
6
CONTINUOUS
10
150.1816900000000032
20
-50.6281350000000003
11
150.1577199999999834
21
-50.5625059999999991
0
LINE
8
BLACK
6
CONTINUOUS
10
150.1577199999999834
20
-50.5625059999999991
11
150.1668999999999983
21
-50.507048999999995
0
LINE
8
BLACK
6
CONTINUOUS
10
150.1668999999999983
20
-50.507048999999995
11
150.1788269999999841
21
-50.4782549999999972
0
LINE
8
BLACK
6
CONTINUOUS
10
150.1788269999999841
20
-50.4782549999999972
11
150.1910440000000051
21
-50.448761999999995
0
LINE
8
BLACK
6
CONTINUOUS
10
150.1910440000000051
20
-50.448761999999995
11
150.2116819999999962
21
-50.2919999999999945
0
LINE
8
BLACK
6
CONTINUOUS
10
150.2116819999999962
20
-50.2919999999999945
11
150.1910440000000051
21
-50.1352380000000011
0
LINE
8
BLACK
6
CONTINUOUS
10
150.1910440000000051
20
-50.1352380000000011
11
150.1305360000000064
21
-49.9891590000000008
0
LINE
8
BLACK
6
CONTINUOUS
10
150.1305360000000064
20
-49.9891590000000008
11
150.0342819999999904
21
-49.8637179999999987
0
LINE
8
BLACK
6
CONTINUOUS
10
150.0342819999999904
20
-49.8637179999999987
11
149.9088409999999953
21
-49.7674639999999968
0
LINE
8
BLACK
6
CONTINUOUS
10
149.9088409999999953
20
-49.7674639999999968
11
149.7627619999999808
21
-49.7069559999999981
0
LINE
8
BLACK
6
CONTINUOUS
10
149.7627619999999808
20
-49.7069559999999981
11
149.7627599999999859
21
-49.7069550000000007
0
LINE
8
BLACK
6
CONTINUOUS
10
149.7627599999999859
20
-49.7069550000000007
11
149.606000999999992
21
-49.686318
0
LINE
8
BLACK
6
CONTINUOUS
10
149.606000999999992
20
-49.686318
11
149.6059989999999971
21
-49.686318
0
LINE
8
BLACK
6
CONTINUOUS
10
149.6059989999999971
20
-49.686318
11
149.4492390000000057
21
-49.7069550000000007
0
LINE
8
BLACK
6
CONTINUOUS
10
149.9343869999999868
20
-52.5130789999999976
11
150.0114379999999983
21
-52.5645619999999951
0
LINE
8
BLACK
6
CONTINUOUS
10
150.0114379999999983
20
-52.5645619999999951
11
150.0629209999999887
21
-52.6416129999999995
0
LINE
8
BLACK
6
CONTINUOUS
10
150.0629209999999887
20
-52.6416129999999995
11
150.0809999999999889
21
-52.7324999999999946
0
LINE
8
BLACK
6
CONTINUOUS
10
150.0809999999999889
20
-52.7324999999999946
11
150.0809999999999889
21
-53.2324999999999946
0
LINE
8
BLACK
6
CONTINUOUS
10
150.0809999999999889
20
-53.2324999999999946
11
150.0629209999999887
21
-53.3233869999999968
0
LINE
8
BLACK
6
CONTINUOUS
10
150.0629209999999887
20
-53.3233869999999968
11
150.0114379999999983
21
-53.4004379999999941
0
LINE
8
BLACK
6
CONTINUOUS
10
150.0114379999999983
20
-53.4004379999999941
11
149.9343869999999868
21
-53.4519209999999987
0
LINE
8
BLACK
6
CONTINUOUS
10
149.9343869999999868
20
-53.4519209999999987
11
149.8435000000000059
21
-53.4699999999999989
0
LINE
8
BLACK
6
CONTINUOUS
10
149.8435000000000059
20
-53.4699999999999989
11
149.7560000000000002
21
-53.4699999999999989
0
LINE
8
BLACK
6
CONTINUOUS
10
149.7560000000000002
20
-53.4699999999999989
11
149.7560000000000002
21
-53.4810239999999979
0
LINE
8
BLACK
6
CONTINUOUS
10
149.7560000000000002
20
-53.4810239999999979
11
149.8411140000000046
21
-53.5243929999999963
0
LINE
8
BLACK
6
CONTINUOUS
10
149.8411140000000046
20
-53.5243929999999963
11
149.9296070000000043
21
-53.612885999999996
0
LINE
8
BLACK
6
CONTINUOUS
10
149.9296070000000043
20
-53.612885999999996
11
149.986423000000002
21
-53.7243929999999992
0
LINE
8
BLACK
6
CONTINUOUS
10
149.986423000000002
20
-53.7243929999999992
11
150.0060000000000002
21
-53.847999999999999
0
LINE
8
BLACK
6
CONTINUOUS
10
150.0060000000000002
20
-53.847999999999999
11
149.986423000000002
21
-53.9716069999999988
0
LINE
8
BLACK
6
CONTINUOUS
10
149.986423000000002
20
-53.9716069999999988
11
149.9296070000000043
21
-54.0831139999999948
0
LINE
8
BLACK
6
CONTINUOUS
10
149.9296070000000043
20
-54.0831139999999948
11
149.8411140000000046
21
-54.1716069999999945
0
LINE
8
BLACK
6
CONTINUOUS
10
149.8411140000000046
20
-54.1716069999999945
11
149.7296069999999872
21
-54.2284229999999994
0
LINE
8
BLACK
6
CONTINUOUS
10
149.7296069999999872
20
-54.2284229999999994
11
149.6059999999999945
21
-54.2479999999999976
0
LINE
8
BLACK
6
CONTINUOUS
10
149.6059999999999945
20
-54.2479999999999976
11
149.4823930000000018
21
-54.2284229999999994
0
LINE
8
BLACK
6
CONTINUOUS
10
149.4823930000000018
20
-54.2284229999999994
11
149.3708859999999845
21
-54.1716069999999945
0
LINE
8
BLACK
6
CONTINUOUS
10
149.3708859999999845
20
-54.1716069999999945
11
149.2823929999999848
21
-54.0831139999999948
0
LINE
8
BLACK
6
CONTINUOUS
10
149.2823929999999848
20
-54.0831139999999948
11
149.225576999999987
21
-53.9716069999999988
0
LINE
8
BLACK
6
CONTINUOUS
10
149.225576999999987
20
-53.9716069999999988
11
149.2059999999999889
21
-53.847999999999999
0
LINE
8
BLACK
6
CONTINUOUS
10
149.2059999999999889
20
-53.847999999999999
11
149.225576999999987
21
-53.7243929999999992
0
LINE
8
BLACK
6
CONTINUOUS
10
149.225576999999987
20
-53.7243929999999992
11
149.2823929999999848
21
-53.612885999999996
0
LINE
8
BLACK
6
CONTINUOUS
10
149.2823929999999848
20
-53.612885999999996
11
149.3708859999999845
21
-53.5243929999999963
0
LINE
8
BLACK
6
CONTINUOUS
10
149.3708859999999845
20
-53.5243929999999963
11
149.4559999999999889
21
-53.4810239999999979
0
LINE
8
BLACK
6
CONTINUOUS
10
149.4559999999999889
20
-53.4810239999999979
11
149.4559999999999889
21
-53.4699999999999989
0
LINE
8
BLACK
6
CONTINUOUS
10
149.4559999999999889
20
-53.4699999999999989
11
149.3684999999999832
21
-53.4699999999999989
0
LINE
8
BLACK
6
CONTINUOUS
10
149.3684999999999832
20
-53.4699999999999989
11
149.2776130000000023
21
-53.4519209999999987
0
LINE
8
BLACK
6
CONTINUOUS
10
149.2776130000000023
20
-53.4519209999999987
11
149.2005619999999908
21
-53.4004379999999941
0
LINE
8
BLACK
6
CONTINUOUS
10
149.2005619999999908
20
-53.4004379999999941
11
149.1490790000000004
21
-53.3233869999999968
0
LINE
8
BLACK
6
CONTINUOUS
10
149.1490790000000004
20
-53.3233869999999968
11
149.1310000000000002
21
-53.2324999999999946
0
LINE
8
BLACK
6
CONTINUOUS
10
149.1310000000000002
20
-53.2324999999999946
11
149.1310000000000002
21
-52.7324999999999946
0
LINE
8
BLACK
6
CONTINUOUS
10
149.1310000000000002
20
-52.7324999999999946
11
149.1490790000000004
21
-52.6416129999999995
0
LINE
8
BLACK
6
CONTINUOUS
10
149.1490790000000004
20
-52.6416129999999995
11
149.2005619999999908
21
-52.5645619999999951
0
LINE
8
BLACK
6
CONTINUOUS
10
149.2005619999999908
20
-52.5645619999999951
11
149.2776130000000023
21
-52.5130789999999976
0
LINE
8
BLACK
6
CONTINUOUS
10
149.2776130000000023
20
-52.5130789999999976
11
149.3684999999999832
21
-52.4949999999999974
0
LINE
8
BLACK
6
CONTINUOUS
10
149.3684999999999832
20
-52.4949999999999974
11
149.8435000000000059
21
-52.4949999999999974
0
LINE
8
BLACK
6
CONTINUOUS
10
149.8435000000000059
20
-52.4949999999999974
11
149.9343869999999868
21
-52.5130789999999976
0
CIRCLE
8
BLACK
10
180.0859999999999843
20
-77.7239999999999895
40
0.2
0
CIRCLE
8
BLACK
10
173.2279999999999802
20
-86.1059999999999945
40
0.2
0
CIRCLE
8
BLACK
10
173.2279999999999802
20
-78.7399999999999949
40
0.2
0
CIRCLE
8
BLACK
10
171.8309999999999889
20
-70.8659999999999997
40
0.2
0
CIRCLE
8
BLACK
10
174.2439999999999998
20
-79.2479999999999905
40
0.2
0
CIRCLE
8
BLACK
10
174.2439999999999998
20
-78.2319999999999993
40
0.2
0
CIRCLE
8
BLACK
10
174.2439999999999998
20
-80.2639999999999958
40
0.2
0
CIRCLE
8
BLACK
10
173.2279999999999802
20
-81.7879999999999967
40
0.2
0
CIRCLE
8
BLACK
10
173.2279999999999802
20
-84.8359999999999985
40
0.2
0
CIRCLE
8
BLACK
10
175.2599999999999909
20
-81.7879999999999967
40
0.2
0
CIRCLE
8
BLACK
10
165.4809999999999945
20
-67.0559999999999974
40
0.2
0
CIRCLE
8
BLACK
10
168.6560000000000059
20
-68.3259999999999934
40
0.2
0
CIRCLE
8
BLACK
10
174.2439999999999998
20
-82.2959999999999923
40
0.2
0
CIRCLE
8
BLACK
10
168.6560000000000059
20
-72.1359999999999957
40
0.2
0
CIRCLE
8
BLACK
10
176.275999999999982
20
-80.2639999999999958
40
0.2
0
CIRCLE
8
BLACK
10
168.6560000000000059
20
-67.0559999999999974
40
0.2
0
CIRCLE
8
BLACK
10
165.4809999999999945
20
-72.1359999999999957
40
0.2
0
CIRCLE
8
BLACK
10
168.6560000000000059
20
-70.8659999999999997
40
0.2
0
CIRCLE
8
BLACK
10
165.4809999999999945
20
-69.5960000000000036
40
0.2
0
CIRCLE
8
BLACK
10
168.6560000000000059
20
-69.5960000000000036
40
0.2
0
CIRCLE
8
BLACK
10
175.2599999999999909
20
-80.7719999999999914
40
0.2
0
CIRCLE
8
BLACK
10
165.4809999999999945
20
-73.4059999999999917
40
0.2
0
CIRCLE
8
BLACK
10
173.2279999999999802
20
-80.7719999999999914
40
0.2
0
CIRCLE
8
BLACK
10
171.8309999999999889
20
-65.7860000000000014
40
0.2
0
CIRCLE
8
BLACK
10
165.4809999999999945
20
-65.7860000000000014
40
0.2
0
CIRCLE
8
BLACK
10
174.2439999999999998
20
-81.2800000000000011
40
0.2
0
CIRCLE
8
BLACK
10
175.2599999999999909
20
-78.7399999999999949
40
0.2
0
CIRCLE
8
BLACK
10
171.8309999999999889
20
-69.5960000000000036
40
0.2
0
CIRCLE
8
BLACK
10
171.8309999999999889
20
-68.3259999999999934
40
0.2
0
CIRCLE
8
BLACK
10
176.275999999999982
20
-81.2800000000000011
40
0.2
0
CIRCLE
8
BLACK
10
174.2439999999999998
20
-83.3119999999999976
40
0.2
0
CIRCLE
8
BLACK
10
171.8309999999999889
20
-72.1359999999999957
40
0.2
0
CIRCLE
8
BLACK
10
171.8309999999999889
20
-73.4059999999999917
40
0.2
0
CIRCLE
8
BLACK
10
173.2279999999999802
20
-79.7560000000000002
40
0.2
0
CIRCLE
8
BLACK
10
175.2599999999999909
20
-79.7560000000000002
40
0.2
0
CIRCLE
8
BLACK
10
171.8309999999999889
20
-67.0559999999999974
40
0.2
0
CIRCLE
8
BLACK
10
173.2279999999999802
20
-82.804000000000002
40
0.2
0
CIRCLE
8
BLACK
10
173.2279999999999802
20
-83.8199999999999932
40
0.2
0
CIRCLE
8
BLACK
10
165.4809999999999945
20
-70.8659999999999997
40
0.2
0
CIRCLE
8
BLACK
10
165.4809999999999945
20
-68.3259999999999934
40
0.2
0
CIRCLE
8
BLACK
10
173.2279999999999802
20
-77.7239999999999895
40
0.2
0
CIRCLE
8
BLACK
10
159.1310000000000002
20
-65.5319999999999965
40
0.2
0
CIRCLE
8
BLACK
10
178.8160000000000025
20
-71.6280000000000001
40
0.2
0
CIRCLE
8
BLACK
10
178.8160000000000025
20
-69.0879999999999939
40
0.2
0
CIRCLE
8
BLACK
10
161.0360000000000014
20
-50.5459999999999994
40
0.2
0
CIRCLE
8
BLACK
10
140.7159999999999798
20
-53.0859999999999985
40
0.2
0
CIRCLE
8
BLACK
10
157.9879999999999995
20
-48.259999999999998
40
0.2
0
CIRCLE
8
BLACK
10
157.9879999999999995
20
-46.7359999999999971
40
0.2
0
CIRCLE
8
BLACK
10
145.7959999999999923
20
-56.2609999999999957
40
0.2
0
CIRCLE
8
BLACK
10
153.9240000000000066
20
-46.7359999999999971
40
0.2
0
CIRCLE
8
BLACK
10
144.525999999999982
20
-53.0859999999999985
40
0.2
0
CIRCLE
8
BLACK
10
143.2560000000000002
20
-49.9109999999999943
40
0.2
0
CIRCLE
8
BLACK
10
141.98599999999999
20
-49.9109999999999943
40
0.2
0
CIRCLE
8
BLACK
10
139.445999999999998
20
-56.2609999999999957
40
0.2
0
CIRCLE
8
BLACK
10
139.445999999999998
20
-49.9109999999999943
40
0.2
0
CIRCLE
8
BLACK
10
141.98599999999999
20
-53.0859999999999985
40
0.2
0
CIRCLE
8
BLACK
10
145.7959999999999923
20
-49.9109999999999943
40
0.2
0
CIRCLE
8
BLACK
10
157.4799999999999898
20
-47.4979999999999976
40
0.2
0
CIRCLE
8
BLACK
10
141.98599999999999
20
-56.2609999999999957
40
0.2
0
CIRCLE
8
BLACK
10
151.8919999999999959
20
-48.259999999999998
40
0.2
0
CIRCLE
8
BLACK
10
155.9559999999999889
20
-48.259999999999998
40
0.2
0
CIRCLE
8
BLACK
10
154.9399999999999977
20
-48.259999999999998
40
0.2
0
CIRCLE
8
BLACK
10
145.7959999999999923
20
-53.0859999999999985
40
0.2
0
CIRCLE
8
BLACK
10
144.525999999999982
20
-49.9109999999999943
40
0.2
0
CIRCLE
8
BLACK
10
158.4959999999999809
20
-47.4979999999999976
40
0.2
0
CIRCLE
8
BLACK
10
154.4319999999999879
20
-47.4979999999999976
40
0.2
0
CIRCLE
8
BLACK
10
152.4000000000000057
20
-47.4979999999999976
40
0.2
0
CIRCLE
8
BLACK
10
152.907999999999987
20
-46.7359999999999971
40
0.2
0
CIRCLE
8
BLACK
10
153.4159999999999968
20
-47.4979999999999976
40
0.2
0
CIRCLE
8
BLACK
10
140.7159999999999798
20
-56.2609999999999957
40
0.2
0
CIRCLE
8
BLACK
10
152.907999999999987
20
-48.259999999999998
40
0.2
0
CIRCLE
8
BLACK
10
156.97199999999998
20
-48.259999999999998
40
0.2
0
CIRCLE
8
BLACK
10
156.4639999999999986
20
-47.4979999999999976
40
0.2
0
CIRCLE
8
BLACK
10
143.2560000000000002
20
-56.2609999999999957
40
0.2
0
CIRCLE
8
BLACK
10
144.525999999999982
20
-56.2609999999999957
40
0.2
0
CIRCLE
8
BLACK
10
156.97199999999998
20
-46.7359999999999971
40
0.2
0
CIRCLE
8
BLACK
10
159.0039999999999907
20
-48.259999999999998
40
0.2
0
CIRCLE
8
BLACK
10
155.4479999999999791
20
-47.4979999999999976
40
0.2
0
CIRCLE
8
BLACK
10
140.7159999999999798
20
-49.9109999999999943
40
0.2
0
CIRCLE
8
BLACK
10
143.2560000000000002
20
-53.0859999999999985
40
0.2
0
CIRCLE
8
BLACK
10
178.8160000000000025
20
-70.3579999999999899
40
0.2
0
CIRCLE
8
BLACK
10
155.9559999999999889
20
-46.7359999999999971
40
0.2
0
CIRCLE
8
BLACK
10
147.0660000000000025
20
-56.2609999999999957
40
0.2
0
CIRCLE
8
BLACK
10
153.9240000000000066
20
-48.259999999999998
40
0.2
0
CIRCLE
8
BLACK
10
147.0660000000000025
20
-49.9109999999999943
40
0.2
0
CIRCLE
8
BLACK
10
154.9399999999999977
20
-46.7359999999999971
40
0.2
0
CIRCLE
8
BLACK
10
120.1419999999999959
20
-69.0879999999999939
40
0.2
0
CIRCLE
8
BLACK
10
139.0649999999999977
20
-62.6109999999999971
40
0.2
0
CIRCLE
8
BLACK
10
120.1419999999999959
20
-76.7079999999999984
40
0.2
0
CIRCLE
8
BLACK
10
125.9839999999999947
20
-77.7239999999999895
40
0.2
0
CIRCLE
8
BLACK
10
133.7309999999999945
20
-70.8659999999999997
40
0.2
0
CIRCLE
8
BLACK
10
124.9679999999999893
20
-85.597999999999999
40
0.2
0
CIRCLE
8
BLACK
10
133.7309999999999945
20
-69.5960000000000036
40
0.2
0
CIRCLE
8
BLACK
10
125.9839999999999947
20
-83.0579999999999927
40
0.2
0
CIRCLE
8
BLACK
10
125.9839999999999947
20
-78.9939999999999998
40
0.2
0
CIRCLE
8
BLACK
10
133.7309999999999945
20
-68.3259999999999934
40
0.2
0
CIRCLE
8
BLACK
10
123.9519999999999982
20
-80.0099999999999909
40
0.2
0
CIRCLE
8
BLACK
10
130.5559999999999832
20
-70.8659999999999997
40
0.2
0
CIRCLE
8
BLACK
10
125.9839999999999947
20
-85.0899999999999892
40
0.2
0
CIRCLE
8
BLACK
10
130.5559999999999832
20
-68.3259999999999934
40
0.2
0
CIRCLE
8
BLACK
10
125.9839999999999947
20
-82.0420000000000016
40
0.2
0
CIRCLE
8
BLACK
10
123.9519999999999982
20
-81.0259999999999962
40
0.2
0
CIRCLE
8
BLACK
10
123.9519999999999982
20
-86.1059999999999945
40
0.2
0
CIRCLE
8
BLACK
10
127.3810000000000002
20
-69.5960000000000036
40
0.2
0
CIRCLE
8
BLACK
10
124.9679999999999893
20
-84.5819999999999936
40
0.2
0
CIRCLE
8
BLACK
10
127.3810000000000002
20
-68.3259999999999934
40
0.2
0
CIRCLE
8
BLACK
10
123.9519999999999982
20
-85.0899999999999892
40
0.2
0
CIRCLE
8
BLACK
10
125.9839999999999947
20
-84.0739999999999981
40
0.2
0
CIRCLE
8
BLACK
10
127.3810000000000002
20
-72.1359999999999957
40
0.2
0
CIRCLE
8
BLACK
10
133.7309999999999945
20
-65.7860000000000014
40
0.2
0
CIRCLE
8
BLACK
10
124.9679999999999893
20
-82.5499999999999972
40
0.2
0
CIRCLE
8
BLACK
10
127.3810000000000002
20
-65.7860000000000014
40
0.2
0
CIRCLE
8
BLACK
10
127.3810000000000002
20
-67.0559999999999974
40
0.2
0
CIRCLE
8
BLACK
10
123.9519999999999982
20
-84.0739999999999981
40
0.2
0
CIRCLE
8
BLACK
10
123.9519999999999982
20
-83.0579999999999927
40
0.2
0
CIRCLE
8
BLACK
10
124.9679999999999893
20
-81.5339999999999918
40
0.2
0
CIRCLE
8
BLACK
10
133.7309999999999945
20
-67.0559999999999974
40
0.2
0
CIRCLE
8
BLACK
10
133.7309999999999945
20
-72.1359999999999957
40
0.2
0
CIRCLE
8
BLACK
10
130.5559999999999832
20
-69.5960000000000036
40
0.2
0
CIRCLE
8
BLACK
10
130.5559999999999832
20
-72.1359999999999957
40
0.2
0
CIRCLE
8
BLACK
10
124.9679999999999893
20
-83.5660000000000025
40
0.2
0
CIRCLE
8
BLACK
10
123.9519999999999982
20
-82.0420000000000016
40
0.2
0
CIRCLE
8
BLACK
10
127.3810000000000002
20
-73.4059999999999917
40
0.2
0
CIRCLE
8
BLACK
10
133.7309999999999945
20
-73.4059999999999917
40
0.2
0
CIRCLE
8
BLACK
10
125.9839999999999947
20
-86.1059999999999945
40
0.2
0
CIRCLE
8
BLACK
10
130.5559999999999832
20
-67.0559999999999974
40
0.2
0
CIRCLE
8
BLACK
10
125.9839999999999947
20
-80.0099999999999909
40
0.2
0
CIRCLE
8
BLACK
10
125.9839999999999947
20
-81.0259999999999962
40
0.2
0
CIRCLE
8
BLACK
10
127.3810000000000002
20
-70.8659999999999997
40
0.2
0
CIRCLE
8
BLACK
10
139.9540000000000077
20
-73.7869999999999919
40
0.2
0
CIRCLE
8
BLACK
10
120.1419999999999959
20
-71.6280000000000001
40
0.2
0
CIRCLE
8
BLACK
10
133.603999999999985
20
-105.4099999999999966
40
0.2
0
CIRCLE
8
BLACK
10
139.1920000000000073
20
-89.1539999999999964
40
0.2
0
CIRCLE
8
BLACK
10
142.7479999999999905
20
-90.1700000000000017
40
0.2
0
CIRCLE
8
BLACK
10
137.1599999999999966
20
-89.1539999999999964
40
0.2
0
CIRCLE
8
BLACK
10
145.0339999999999918
20
-110.4899999999999949
40
0.2
0
CIRCLE
8
BLACK
10
135.6359999999999957
20
-90.1700000000000017
40
0.2
0
CIRCLE
8
BLACK
10
133.603999999999985
20
-94.2339999999999947
40
0.2
0
CIRCLE
8
BLACK
10
145.0339999999999918
20
-108.4579999999999984
40
0.2
0
CIRCLE
8
BLACK
10
145.0339999999999918
20
-112.5219999999999914
40
0.2
0
CIRCLE
8
BLACK
10
143.7639999999999816
20
-90.1700000000000017
40
0.2
0
CIRCLE
8
BLACK
10
133.603999999999985
20
-107.4419999999999931
40
0.2
0
CIRCLE
8
BLACK
10
143.2560000000000002
20
-89.1539999999999964
40
0.2
0
CIRCLE
8
BLACK
10
133.603999999999985
20
-98.2980000000000018
40
0.2
0
CIRCLE
8
BLACK
10
133.603999999999985
20
-102.3619999999999948
40
0.2
0
CIRCLE
8
BLACK
10
133.603999999999985
20
-93.2179999999999893
40
0.2
0
CIRCLE
8
BLACK
10
133.603999999999985
20
-96.2659999999999911
40
0.2
0
CIRCLE
8
BLACK
10
144.7800000000000011
20
-88.137999999999991
40
0.2
0
CIRCLE
8
BLACK
10
133.603999999999985
20
-91.1859999999999928
40
0.2
0
CIRCLE
8
BLACK
10
144.2719999999999914
20
-89.1539999999999964
40
0.2
0
CIRCLE
8
BLACK
10
133.603999999999985
20
-106.4260000000000019
40
0.2
0
CIRCLE
8
BLACK
10
145.0339999999999918
20
-100.3299999999999983
40
0.2
0
CIRCLE
8
BLACK
10
145.0339999999999918
20
-96.2659999999999911
40
0.2
0
CIRCLE
8
BLACK
10
138.1759999999999877
20
-89.1539999999999964
40
0.2
0
CIRCLE
8
BLACK
10
140.2079999999999984
20
-89.1539999999999964
40
0.2
0
CIRCLE
8
BLACK
10
133.603999999999985
20
-101.3459999999999894
40
0.2
0
CIRCLE
8
BLACK
10
145.2879999999999825
20
-89.1539999999999964
40
0.2
0
CIRCLE
8
BLACK
10
145.0339999999999918
20
-92.2019999999999982
40
0.2
0
CIRCLE
8
BLACK
10
146.304000000000002
20
-89.1539999999999964
40
0.2
0
CIRCLE
8
BLACK
10
133.603999999999985
20
-109.4739999999999895
40
0.2
0
CIRCLE
8
BLACK
10
133.603999999999985
20
-108.4579999999999984
40
0.2
0
CIRCLE
8
BLACK
10
134.1119999999999948
20
-89.1539999999999964
40
0.2
0
CIRCLE
8
BLACK
10
133.603999999999985
20
-104.3939999999999912
40
0.2
0
CIRCLE
8
BLACK
10
145.0339999999999918
20
-114.5539999999999878
40
0.2
0
CIRCLE
8
BLACK
10
145.0339999999999918
20
-106.4260000000000019
40
0.2
0
CIRCLE
8
BLACK
10
133.603999999999985
20
-95.25
40
0.2
0
CIRCLE
8
BLACK
10
145.0339999999999918
20
-91.1859999999999928
40
0.2
0
CIRCLE
8
BLACK
10
134.6200000000000045
20
-90.1700000000000017
40
0.2
0
CIRCLE
8
BLACK
10
144.7800000000000011
20
-90.1700000000000017
40
0.2
0
CIRCLE
8
BLACK
10
136.6519999999999868
20
-90.1700000000000017
40
0.2
0
CIRCLE
8
BLACK
10
145.0339999999999918
20
-98.2980000000000018
40
0.2
0
CIRCLE
8
BLACK
10
135.1279999999999859
20
-89.1539999999999964
40
0.2
0
CIRCLE
8
BLACK
10
133.603999999999985
20
-99.313999999999993
40
0.2
0
CIRCLE
8
BLACK
10
133.603999999999985
20
-97.2819999999999965
40
0.2
0
CIRCLE
8
BLACK
10
145.0339999999999918
20
-104.3939999999999912
40
0.2
0
CIRCLE
8
BLACK
10
142.7479999999999905
20
-88.137999999999991
40
0.2
0
CIRCLE
8
BLACK
10
161.0360000000000014
20
-90.9320000000000022
40
0.2
0
CIRCLE
8
BLACK
10
133.603999999999985
20
-92.2019999999999982
40
0.2
0
CIRCLE
8
BLACK
10
164.5919999999999845
20
-108.965999999999994
40
0.2
0
CIRCLE
8
BLACK
10
145.0339999999999918
20
-102.3619999999999948
40
0.2
0
CIRCLE
8
BLACK
10
142.2399999999999807
20
-89.1539999999999964
40
0.2
0
CIRCLE
8
BLACK
10
145.0339999999999918
20
-94.2339999999999947
40
0.2
0
CIRCLE
8
BLACK
10
133.603999999999985
20
-90.1700000000000017
40
0.2
0
CIRCLE
8
BLACK
10
133.603999999999985
20
-110.4899999999999949
40
0.2
0
CIRCLE
8
BLACK
10
145.7959999999999923
20
-88.137999999999991
40
0.2
0
CIRCLE
8
BLACK
10
141.2239999999999895
20
-89.1539999999999964
40
0.2
0
CIRCLE
8
BLACK
10
133.603999999999985
20
-103.3780000000000001
40
0.2
0
CIRCLE
8
BLACK
10
141.7319999999999993
20
-88.137999999999991
40
0.2
0
CIRCLE
8
BLACK
10
145.7959999999999923
20
-90.1700000000000017
40
0.2
0
CIRCLE
8
BLACK
10
136.1440000000000055
20
-89.1539999999999964
40
0.2
0
CIRCLE
8
BLACK
10
133.603999999999985
20
-100.3299999999999983
40
0.2
0
CIRCLE
8
BLACK
10
143.7639999999999816
20
-88.137999999999991
40
0.2
0
CIRCLE
8
BLACK
10
149.8599999999999852
20
-79.5019999999999953
40
0.2
0
CIRCLE
8
BLACK
10
150.8760000000000048
20
-77.4699999999999989
40
0.2
0
CIRCLE
8
BLACK
10
156.4639999999999986
20
-82.5499999999999972
40
0.2
0
CIRCLE
8
BLACK
10
155.9559999999999889
20
-58.0389999999999944
40
0.2
0
CIRCLE
8
BLACK
10
132.7150000000000034
20
-85.597999999999999
40
0.2
0
CIRCLE
8
BLACK
10
163.5759999999999934
20
-82.0420000000000016
40
0.2
0
CIRCLE
8
BLACK
10
152.1459999999999866
20
-61.2139999999999986
40
0.2
0
CIRCLE
8
BLACK
10
148.8439999999999941
20
-77.4699999999999989
40
0.2
0
CIRCLE
8
BLACK
10
132.7150000000000034
20
-79.2479999999999905
40
0.2
0
CIRCLE
8
BLACK
10
154.4319999999999879
20
-80.5180000000000007
40
0.2
0
CIRCLE
8
BLACK
10
166.7510000000000048
20
-78.2319999999999993
40
0.2
0
CIRCLE
8
BLACK
10
155.9559999999999889
20
-79.5019999999999953
40
0.2
0
CIRCLE
8
BLACK
10
152.907999999999987
20
-77.4699999999999989
40
0.2
0
CIRCLE
8
BLACK
10
158.4959999999999809
20
-58.0389999999999944
40
0.2
0
CIRCLE
8
BLACK
10
157.2259999999999991
20
-61.2139999999999986
40
0.2
0
CIRCLE
8
BLACK
10
149.3520000000000039
20
-82.5499999999999972
40
0.2
0
CIRCLE
8
BLACK
10
151.3839999999999861
20
-82.5499999999999972
40
0.2
0
CIRCLE
8
BLACK
10
153.4159999999999968
20
-80.5180000000000007
40
0.2
0
CIRCLE
8
BLACK
10
160.400999999999982
20
-78.2319999999999993
40
0.2
0
CIRCLE
8
BLACK
10
150.8760000000000048
20
-72.262999999999991
40
0.2
0
CIRCLE
8
BLACK
10
155.9559999999999889
20
-54.8639999999999972
40
0.2
0
CIRCLE
8
BLACK
10
148.3359999999999843
20
-78.48599999999999
40
0.2
0
CIRCLE
8
BLACK
10
135.8899999999999864
20
-81.7879999999999967
40
0.2
0
CIRCLE
8
BLACK
10
152.907999999999987
20
-79.5019999999999953
40
0.2
0
CIRCLE
8
BLACK
10
163.5759999999999934
20
-84.5819999999999936
40
0.2
0
CIRCLE
8
BLACK
10
146.8119999999999834
20
-77.4699999999999989
40
0.2
0
CIRCLE
8
BLACK
10
149.6059999999999945
20
-72.262999999999991
40
0.2
0
CIRCLE
8
BLACK
10
151.3839999999999861
20
-80.5180000000000007
40
0.2
0
CIRCLE
8
BLACK
10
132.7150000000000034
20
-77.9779999999999944
40
0.2
0
CIRCLE
8
BLACK
10
150.367999999999995
20
-78.48599999999999
40
0.2
0
CIRCLE
8
BLACK
10
166.7510000000000048
20
-79.5019999999999953
40
0.2
0
CIRCLE
8
BLACK
10
143.2560000000000002
20
-82.5499999999999972
40
0.2
0
CIRCLE
8
BLACK
10
139.0649999999999977
20
-77.9779999999999944
40
0.2
0
CIRCLE
8
BLACK
10
135.8899999999999864
20
-79.2479999999999905
40
0.2
0
CIRCLE
8
BLACK
10
160.400999999999982
20
-84.5819999999999936
40
0.2
0
CIRCLE
8
BLACK
10
166.7510000000000048
20
-84.5819999999999936
40
0.2
0
CIRCLE
8
BLACK
10
132.7150000000000034
20
-83.0579999999999927
40
0.2
0
CIRCLE
8
BLACK
10
151.8919999999999959
20
-79.5019999999999953
40
0.2
0
CIRCLE
8
BLACK
10
148.3359999999999843
20
-74.421999999999997
40
0.2
0
CIRCLE
8
BLACK
10
154.686000000000007
20
-61.2139999999999986
40
0.2
0
CIRCLE
8
BLACK
10
139.0649999999999977
20
-85.597999999999999
40
0.2
0
CIRCLE
8
BLACK
10
144.7800000000000011
20
-81.5339999999999918
40
0.2
0
CIRCLE
8
BLACK
10
152.4000000000000057
20
-80.5180000000000007
40
0.2
0
CIRCLE
8
BLACK
10
149.3520000000000039
20
-80.5180000000000007
40
0.2
0
CIRCLE
8
BLACK
10
163.5759999999999934
20
-83.3119999999999976
40
0.2
0
CIRCLE
8
BLACK
10
151.3839999999999861
20
-78.48599999999999
40
0.2
0
CIRCLE
8
BLACK
10
149.6059999999999945
20
-74.421999999999997
40
0.2
0
CIRCLE
8
BLACK
10
149.3520000000000039
20
-78.48599999999999
40
0.2
0
CIRCLE
8
BLACK
10
145.2879999999999825
20
-82.5499999999999972
40
0.2
0
CIRCLE
8
BLACK
10
153.4159999999999968
20
-58.0389999999999944
40
0.2
0
CIRCLE
8
BLACK
10
151.8919999999999959
20
-77.4699999999999989
40
0.2
0
CIRCLE
8
BLACK
10
155.9559999999999889
20
-81.5339999999999918
40
0.2
0
CIRCLE
8
BLACK
10
153.9240000000000066
20
-79.5019999999999953
40
0.2
0
CIRCLE
8
BLACK
10
146.8119999999999834
20
-81.5339999999999918
40
0.2
0
CIRCLE
8
BLACK
10
139.0649999999999977
20
-81.7879999999999967
40
0.2
0
CIRCLE
8
BLACK
10
158.4959999999999809
20
-61.2139999999999986
40
0.2
0
CIRCLE
8
BLACK
10
154.4319999999999879
20
-82.5499999999999972
40
0.2
0
CIRCLE
8
BLACK
10
135.8899999999999864
20
-84.328000000000003
40
0.2
0
CIRCLE
8
BLACK
10
153.4159999999999968
20
-54.8639999999999972
40
0.2
0
CIRCLE
8
BLACK
10
154.686000000000007
20
-58.0389999999999944
40
0.2
0
CIRCLE
8
BLACK
10
158.4959999999999809
20
-54.8639999999999972
40
0.2
0
CIRCLE
8
BLACK
10
166.7510000000000048
20
-83.3119999999999976
40
0.2
0
CIRCLE
8
BLACK
10
160.400999999999982
20
-79.5019999999999953
40
0.2
0
CIRCLE
8
BLACK
10
151.5109999999999957
20
-73.4059999999999917
40
0.2
0
CIRCLE
8
BLACK
10
157.4799999999999898
20
-82.5499999999999972
40
0.2
0
CIRCLE
8
BLACK
10
152.1459999999999866
20
-54.8639999999999972
40
0.2
0
CIRCLE
8
BLACK
10
146.8119999999999834
20
-79.5019999999999953
40
0.2
0
CIRCLE
8
BLACK
10
152.907999999999987
20
-81.5339999999999918
40
0.2
0
CIRCLE
8
BLACK
10
132.7150000000000034
20
-84.328000000000003
40
0.2
0
CIRCLE
8
BLACK
10
156.4639999999999986
20
-80.5180000000000007
40
0.2
0
CIRCLE
8
BLACK
10
150.367999999999995
20
-80.5180000000000007
40
0.2
0
CIRCLE
8
BLACK
10
149.8599999999999852
20
-81.5339999999999918
40
0.2
0
CIRCLE
8
BLACK
10
150.8760000000000048
20
-79.5019999999999953
40
0.2
0
CIRCLE
8
BLACK
10
135.8899999999999864
20
-83.0579999999999927
40
0.2
0
CIRCLE
8
BLACK
10
139.0649999999999977
20
-83.0579999999999927
40
0.2
0
CIRCLE
8
BLACK
10
150.8760000000000048
20
-81.5339999999999918
40
0.2
0
CIRCLE
8
BLACK
10
154.9399999999999977
20
-81.5339999999999918
40
0.2
0
CIRCLE
8
BLACK
10
160.400999999999982
20
-82.0420000000000016
40
0.2
0
CIRCLE
8
BLACK
10
159.7659999999999911
20
-61.2139999999999986
40
0.2
0
CIRCLE
8
BLACK
10
147.3199999999999932
20
-78.48599999999999
40
0.2
0
CIRCLE
8
BLACK
10
157.2259999999999991
20
-58.0389999999999944
40
0.2
0
CIRCLE
8
BLACK
10
144.2719999999999914
20
-82.5499999999999972
40
0.2
0
CIRCLE
8
BLACK
10
154.9399999999999977
20
-79.5019999999999953
40
0.2
0
CIRCLE
8
BLACK
10
160.400999999999982
20
-85.8519999999999897
40
0.2
0
CIRCLE
8
BLACK
10
148.3359999999999843
20
-72.262999999999991
40
0.2
0
CIRCLE
8
BLACK
10
143.7639999999999816
20
-81.5339999999999918
40
0.2
0
CIRCLE
8
BLACK
10
150.367999999999995
20
-82.5499999999999972
40
0.2
0
CIRCLE
8
BLACK
10
146.304000000000002
20
-80.5180000000000007
40
0.2
0
CIRCLE
8
BLACK
10
147.3199999999999932
20
-80.5180000000000007
40
0.2
0
CIRCLE
8
BLACK
10
153.4159999999999968
20
-61.2139999999999986
40
0.2
0
CIRCLE
8
BLACK
10
151.8919999999999959
20
-81.5339999999999918
40
0.2
0
CIRCLE
8
BLACK
10
152.4000000000000057
20
-82.5499999999999972
40
0.2
0
CIRCLE
8
BLACK
10
148.8439999999999941
20
-79.5019999999999953
40
0.2
0
CIRCLE
8
BLACK
10
144.7800000000000011
20
-79.5019999999999953
40
0.2
0
CIRCLE
8
BLACK
10
145.7959999999999923
20
-81.5339999999999918
40
0.2
0
CIRCLE
8
BLACK
10
132.7150000000000034
20
-81.7879999999999967
40
0.2
0
CIRCLE
8
BLACK
10
155.4479999999999791
20
-80.5180000000000007
40
0.2
0
CIRCLE
8
BLACK
10
159.7659999999999911
20
-54.8639999999999972
40
0.2
0
CIRCLE
8
BLACK
10
166.7510000000000048
20
-85.8519999999999897
40
0.2
0
CIRCLE
8
BLACK
10
148.3359999999999843
20
-80.5180000000000007
40
0.2
0
CIRCLE
8
BLACK
10
160.400999999999982
20
-80.7719999999999914
40
0.2
0
CIRCLE
8
BLACK
10
147.828000000000003
20
-77.4699999999999989
40
0.2
0
CIRCLE
8
BLACK
10
150.2409999999999854
20
-71.2469999999999999
40
0.2
0
CIRCLE
8
BLACK
10
153.4159999999999968
20
-82.5499999999999972
40
0.2
0
CIRCLE
8
BLACK
10
145.2879999999999825
20
-80.5180000000000007
40
0.2
0
CIRCLE
8
BLACK
10
146.304000000000002
20
-82.5499999999999972
40
0.2
0
CIRCLE
8
BLACK
10
148.3359999999999843
20
-82.5499999999999972
40
0.2
0
CIRCLE
8
BLACK
10
139.0649999999999977
20
-79.2479999999999905
40
0.2
0
CIRCLE
8
BLACK
10
157.2259999999999991
20
-54.8639999999999972
40
0.2
0
CIRCLE
8
BLACK
10
148.8439999999999941
20
-81.5339999999999918
40
0.2
0
CIRCLE
8
BLACK
10
139.0649999999999977
20
-84.328000000000003
40
0.2
0
CIRCLE
8
BLACK
10
135.8899999999999864
20
-80.5180000000000007
40
0.2
0
CIRCLE
8
BLACK
10
152.1459999999999866
20
-72.262999999999991
40
0.2
0
CIRCLE
8
BLACK
10
148.9710000000000036
20
-71.2469999999999999
40
0.2
0
CIRCLE
8
BLACK
10
150.8760000000000048
20
-74.421999999999997
40
0.2
0
CIRCLE
8
BLACK
10
152.4000000000000057
20
-78.48599999999999
40
0.2
0
CIRCLE
8
BLACK
10
147.828000000000003
20
-79.5019999999999953
40
0.2
0
CIRCLE
8
BLACK
10
163.5759999999999934
20
-80.7719999999999914
40
0.2
0
CIRCLE
8
BLACK
10
160.400999999999982
20
-83.3119999999999976
40
0.2
0
CIRCLE
8
BLACK
10
145.7959999999999923
20
-79.5019999999999953
40
0.2
0
CIRCLE
8
BLACK
10
148.9710000000000036
20
-73.4059999999999917
40
0.2
0
CIRCLE
8
BLACK
10
163.5759999999999934
20
-79.5019999999999953
40
0.2
0
CIRCLE
8
BLACK
10
154.686000000000007
20
-54.8639999999999972
40
0.2
0
CIRCLE
8
BLACK
10
152.1459999999999866
20
-74.421999999999997
40
0.2
0
CIRCLE
8
BLACK
10
132.7150000000000034
20
-80.5180000000000007
40
0.2
0
CIRCLE
8
BLACK
10
149.8599999999999852
20
-77.4699999999999989
40
0.2
0
CIRCLE
8
BLACK
10
153.9240000000000066
20
-81.5339999999999918
40
0.2
0
CIRCLE
8
BLACK
10
151.5109999999999957
20
-71.2469999999999999
40
0.2
0
CIRCLE
8
BLACK
10
144.2719999999999914
20
-80.5180000000000007
40
0.2
0
CIRCLE
8
BLACK
10
155.4479999999999791
20
-82.5499999999999972
40
0.2
0
CIRCLE
8
BLACK
10
147.3199999999999932
20
-82.5499999999999972
40
0.2
0
CIRCLE
8
BLACK
10
156.97199999999998
20
-81.5339999999999918
40
0.2
0
CIRCLE
8
BLACK
10
166.7510000000000048
20
-80.7719999999999914
40
0.2
0
CIRCLE
8
BLACK
10
166.7510000000000048
20
-82.0420000000000016
40
0.2
0
CIRCLE
8
BLACK
10
150.2409999999999854
20
-73.4059999999999917
40
0.2
0
CIRCLE
8
BLACK
10
139.0649999999999977
20
-80.5180000000000007
40
0.2
0
CIRCLE
8
BLACK
10
155.9559999999999889
20
-61.2139999999999986
40
0.2
0
CIRCLE
8
BLACK
10
147.828000000000003
20
-81.5339999999999918
40
0.2
0
CIRCLE
8
BLACK
10
143.5099999999999909
20
-68.3259999999999934
40
0.2
0
CIRCLE
8
BLACK
10
154.5496259999999893
20
-67.4369999999999976
40
0.2
0
CIRCLE
8
BLACK
10
150.8760000000000048
20
-95.25
40
0.2
0
CIRCLE
8
BLACK
10
150.8760000000000048
20
-100.3299999999999983
40
0.2
0
CIRCLE
8
BLACK
10
153.4159999999999968
20
-99.313999999999993
40
0.2
0
CIRCLE
8
BLACK
10
145.414999999999992
20
-69.2150000000000034
40
0.2
0
CIRCLE
8
BLACK
10
156.4639999999999986
20
-64.769999999999996
40
0.2
0
CIRCLE
8
BLACK
10
157.9879999999999995
20
-98.2980000000000018
40
0.2
0
CIRCLE
8
BLACK
10
120.1419999999999959
20
-72.8979999999999961
40
0.2
0
CIRCLE
8
BLACK
10
142.2399999999999807
20
-72.0090000000000003
40
0.2
0
CIRCLE
8
BLACK
10
145.414999999999992
20
-72.7710000000000008
40
0.2
0
CIRCLE
8
BLACK
10
144.1449999999999818
20
-65.6589999999999918
40
0.2
0
CIRCLE
8
BLACK
10
155.1939999999999884
20
-64.769999999999996
40
0.2
0
CIRCLE
8
BLACK
10
136.4000000000000057
20
-75.5259999999999962
40
0.2
0
CIRCLE
8
BLACK
10
139.445999999999998
20
-108.4579999999999984
40
0.2
0
CIRCLE
8
BLACK
10
144.7800000000000011
20
-66.5480000000000018
40
0.2
0
CIRCLE
8
BLACK
10
143.5099999999999909
20
-70.1039999999999992
40
0.2
0
CIRCLE
8
BLACK
10
145.414999999999992
20
-70.992999999999995
40
0.2
0
CIRCLE
8
BLACK
10
157.0989999999999895
20
-70.992999999999995
40
0.2
0
CIRCLE
8
BLACK
10
141.
20
-70.0999999999999943
40
0.2
0
CIRCLE
8
BLACK
10
157.0989999999999895
20
-65.6589999999999918
40
0.2
0
CIRCLE
8
BLACK
10
144.7800000000000011
20
-64.769999999999996
40
0.2
0
CIRCLE
8
BLACK
10
142.875
20
-69.2150000000000034
40
0.2
0
CIRCLE
8
BLACK
10
153.9240000000000066
20
-98.2980000000000018
40
0.2
0
CIRCLE
8
BLACK
10
156.97199999999998
20
-98.2980000000000018
40
0.2
0
CIRCLE
8
BLACK
10
142.2399999999999807
20
-68.3259999999999934
40
0.2
0
CIRCLE
8
BLACK
10
142.875
20
-70.992999999999995
40
0.2
0
CIRCLE
8
BLACK
10
157.7339999999999804
20
-71.8819999999999908
40
0.2
0
CIRCLE
8
BLACK
10
157.7339999999999804
20
-70.1039999999999992
40
0.2
0
CIRCLE
8
BLACK
10
156.4639999999999986
20
-99.313999999999993
40
0.2
0
CIRCLE
8
BLACK
10
150.8760000000000048
20
-112.5219999999999914
40
0.2
0
CIRCLE
8
BLACK
10
155.9559999999999889
20
-100.3299999999999983
40
0.2
0
CIRCLE
8
BLACK
10
150.8760000000000048
20
-99.313999999999993
40
0.2
0
CIRCLE
8
BLACK
10
150.8760000000000048
20
-101.3459999999999894
40
0.2
0
CIRCLE
8
BLACK
10
155.8289999999999793
20
-70.992999999999995
40
0.2
0
CIRCLE
8
BLACK
10
141.6049999999999898
20
-65.6589999999999918
40
0.2
0
CIRCLE
8
BLACK
10
154.9399999999999977
20
-100.3299999999999983
40
0.2
0
CIRCLE
8
BLACK
10
157.7339999999999804
20
-64.769999999999996
40
0.2
0
CIRCLE
8
BLACK
10
145.414999999999992
20
-65.6589999999999918
40
0.2
0
CIRCLE
8
BLACK
10
150.8760000000000048
20
-109.4739999999999895
40
0.2
0
CIRCLE
8
BLACK
10
141.6049999999999898
20
-69.2150000000000034
40
0.2
0
CIRCLE
8
BLACK
10
157.9879999999999995
20
-100.3299999999999983
40
0.2
0
CIRCLE
8
BLACK
10
150.8760000000000048
20
-96.2659999999999911
40
0.2
0
CIRCLE
8
BLACK
10
178.8160000000000025
20
-72.8979999999999961
40
0.2
0
CIRCLE
8
BLACK
10
150.8760000000000048
20
-102.3619999999999948
40
0.2
0
CIRCLE
8
BLACK
10
150.8760000000000048
20
-97.2819999999999965
40
0.2
0
CIRCLE
8
BLACK
10
160.5279999999999916
20
-99.313999999999993
40
0.2
0
CIRCLE
8
BLACK
10
150.8760000000000048
20
-106.4260000000000019
40
0.2
0
CIRCLE
8
BLACK
10
144.7800000000000011
20
-71.8819999999999908
40
0.2
0
CIRCLE
8
BLACK
10
162.9410000000000025
20
-63.8810000000000002
40
0.2
0
CIRCLE
8
BLACK
10
155.4479999999999791
20
-99.313999999999993
40
0.2
0
CIRCLE
8
BLACK
10
156.4639999999999986
20
-68.3259999999999934
40
0.2
0
CIRCLE
8
BLACK
10
139.445999999999998
20
-92.2019999999999982
40
0.2
0
CIRCLE
8
BLACK
10
157.7339999999999804
20
-66.5480000000000018
40
0.2
0
CIRCLE
8
BLACK
10
155.1939999999999884
20
-68.3259999999999934
40
0.2
0
CIRCLE
8
BLACK
10
154.9399999999999977
20
-98.2980000000000018
40
0.2
0
CIRCLE
8
BLACK
10
150.8760000000000048
20
-91.1859999999999928
40
0.2
0
CIRCLE
8
BLACK
10
154.5589999999999975
20
-65.6589999999999918
40
0.2
0
CIRCLE
8
BLACK
10
154.5589999999999975
20
-70.992999999999995
40
0.2
0
CIRCLE
8
BLACK
10
157.0896259999999813
20
-67.4369999999999976
40
0.2
0
CIRCLE
8
BLACK
10
160.0199999999999818
20
-98.2980000000000018
40
0.2
0
CIRCLE
8
BLACK
10
139.445999999999998
20
-106.4260000000000019
40
0.2
0
CIRCLE
8
BLACK
10
157.0989999999999895
20
-72.7710000000000008
40
0.2
0
CIRCLE
8
BLACK
10
150.8760000000000048
20
-107.4419999999999931
40
0.2
0
CIRCLE
8
BLACK
10
157.0989999999999895
20
-69.2150000000000034
40
0.2
0
CIRCLE
8
BLACK
10
160.0199999999999818
20
-100.3299999999999983
40
0.2
0
CIRCLE
8
BLACK
10
157.7339999999999804
20
-68.3259999999999934
40
0.2
0
CIRCLE
8
BLACK
10
150.8760000000000048
20
-93.2179999999999893
40
0.2
0
CIRCLE
8
BLACK
10
155.1939999999999884
20
-70.1039999999999992
40
0.2
0
CIRCLE
8
BLACK
10
150.8760000000000048
20
-98.2980000000000018
40
0.2
0
CIRCLE
8
BLACK
10
153.9240000000000066
20
-100.3299999999999983
40
0.2
0
CIRCLE
8
BLACK
10
155.8196259999999995
20
-67.4369999999999976
40
0.2
0
CIRCLE
8
BLACK
10
156.4639999999999986
20
-71.8819999999999908
40
0.2
0
CIRCLE
8
BLACK
10
141.5999999999999943
20
-71.
40
0.2
0
CIRCLE
8
BLACK
10
142.875
20
-67.4369999999999976
40
0.2
0
CIRCLE
8
BLACK
10
144.7800000000000011
20
-68.3259999999999934
40
0.2
0
CIRCLE
8
BLACK
10
137.4000000000000057
20
-58.6999999999999957
40
0.2
0
CIRCLE
8
BLACK
10
157.4799999999999898
20
-99.313999999999993
40
0.2
0
CIRCLE
8
BLACK
10
142.875
20
-65.6589999999999918
40
0.2
0
CIRCLE
8
BLACK
10
155.8289999999999793
20
-65.6589999999999918
40
0.2
0
CIRCLE
8
BLACK
10
144.1449999999999818
20
-67.4369999999999976
40
0.2
0
CIRCLE
8
BLACK
10
142.2399999999999807
20
-70.1039999999999992
40
0.2
0
CIRCLE
8
BLACK
10
150.8760000000000048
20
-92.2019999999999982
40
0.2
0
CIRCLE
8
BLACK
10
120.1419999999999959
20
-70.3579999999999899
40
0.2
0
CIRCLE
8
BLACK
10
158.4959999999999809
20
-99.313999999999993
40
0.2
0
CIRCLE
8
BLACK
10
152.907999999999987
20
-98.2980000000000018
40
0.2
0
CIRCLE
8
BLACK
10
139.445999999999998
20
-110.4899999999999949
40
0.2
0
CIRCLE
8
BLACK
10
159.0039999999999907
20
-100.3299999999999983
40
0.2
0
CIRCLE
8
BLACK
10
139.445999999999998
20
-96.2659999999999911
40
0.2
0
CIRCLE
8
BLACK
10
155.1939999999999884
20
-66.5480000000000018
40
0.2
0
CIRCLE
8
BLACK
10
159.5120000000000005
20
-99.313999999999993
40
0.2
0
CIRCLE
8
BLACK
10
145.414999999999992
20
-67.4369999999999976
40
0.2
0
CIRCLE
8
BLACK
10
154.5589999999999975
20
-69.2150000000000034
40
0.2
0
CIRCLE
8
BLACK
10
156.97199999999998
20
-100.3299999999999983
40
0.2
0
CIRCLE
8
BLACK
10
156.4639999999999986
20
-66.5480000000000018
40
0.2
0
CIRCLE
8
BLACK
10
152.907999999999987
20
-100.3299999999999983
40
0.2
0
CIRCLE
8
BLACK
10
154.4319999999999879
20
-99.313999999999993
40
0.2
0
CIRCLE
8
BLACK
10
155.8289999999999793
20
-72.7710000000000008
40
0.2
0
CIRCLE
8
BLACK
10
141.6049999999999898
20
-67.4369999999999976
40
0.2
0
CIRCLE
8
BLACK
10
139.445999999999998
20
-91.1859999999999928
40
0.2
0
CIRCLE
8
BLACK
10
156.4639999999999986
20
-70.1039999999999992
40
0.2
0
CIRCLE
8
BLACK
10
143.5099999999999909
20
-64.769999999999996
40
0.2
0
CIRCLE
8
BLACK
10
142.2399999999999807
20
-66.5480000000000018
40
0.2
0
CIRCLE
8
BLACK
10
159.0039999999999907
20
-98.2980000000000018
40
0.2
0
CIRCLE
8
BLACK
10
158.3689999999999998
20
-72.7710000000000008
40
0.2
0
CIRCLE
8
BLACK
10
150.8760000000000048
20
-103.3780000000000001
40
0.2
0
CIRCLE
8
BLACK
10
155.8289999999999793
20
-69.2150000000000034
40
0.2
0
CIRCLE
8
BLACK
10
154.5589999999999975
20
-72.7710000000000008
40
0.2
0
CIRCLE
8
BLACK
10
150.8760000000000048
20
-114.5539999999999878
40
0.2
0
CIRCLE
8
BLACK
10
144.1449999999999818
20
-70.992999999999995
40
0.2
0
CIRCLE
8
BLACK
10
150.8760000000000048
20
-104.3939999999999912
40
0.2
0
CIRCLE
8
BLACK
10
139.445999999999998
20
-112.5219999999999914
40
0.2
0
CIRCLE
8
BLACK
10
155.9559999999999889
20
-98.2980000000000018
40
0.2
0
CIRCLE
8
BLACK
10
143.5099999999999909
20
-66.5480000000000018
40
0.2
0
CIRCLE
8
BLACK
10
139.445999999999998
20
-100.3299999999999983
40
0.2
0
CIRCLE
8
BLACK
10
150.8760000000000048
20
-105.4099999999999966
40
0.2
0
CIRCLE
8
BLACK
10
144.1449999999999818
20
-69.2150000000000034
40
0.2
0
CIRCLE
8
BLACK
10
142.2399999999999807
20
-64.769999999999996
40
0.2
0
CIRCLE
8
BLACK
10
150.8760000000000048
20
-110.4899999999999949
40
0.2
0
CIRCLE
8
BLACK
10
150.8760000000000048
20
-111.5060000000000002
40
0.2
0
CIRCLE
8
BLACK
10
139.445999999999998
20
-104.3939999999999912
40
0.2
0
CIRCLE
8
BLACK
10
150.8760000000000048
20
-94.2339999999999947
40
0.2
0
CIRCLE
8
BLACK
10
150.8760000000000048
20
-108.4579999999999984
40
0.2
0
CIRCLE
8
BLACK
10
139.445999999999998
20
-98.2980000000000018
40
0.2
0
CIRCLE
8
BLACK
10
139.445999999999998
20
-94.2339999999999947
40
0.2
0
CIRCLE
8
BLACK
10
155.1939999999999884
20
-71.8819999999999908
40
0.2
0
CIRCLE
8
BLACK
10
144.1449999999999818
20
-72.7710000000000008
40
0.2
0
CIRCLE
8
BLACK
10
144.7800000000000011
20
-70.1039999999999992
40
0.2
0
CIRCLE
8
BLACK
10
139.445999999999998
20
-102.3619999999999948
40
0.2
0
CIRCLE
8
BLACK
10
139.445999999999998
20
-114.5539999999999878
40
0.2
0
CIRCLE
8
BLACK
10
150.8760000000000048
20
-113.5379999999999967
40
0.2
0
CIRCLE
8
BLACK
10
169.4180000000000064
20
-76.1089999999999947
40
0.2
0
CIRCLE
8
BLACK
10
179.0476689999999849
20
-75.2759789999999924
40
0.2
0
CIRCLE
8
BLACK
10
173.0168639999999982
20
-76.0259789999999924
40
0.2
0
CIRCLE
8
BLACK
10
180.3400000000000034
20
-75.1839999999999975
40
0.2
0
CIRCLE
8
BLACK
10
149.6059999999999945
20
-50.2919999999999945
40
0.2
0
CIRCLE
8
BLACK
10
178.8160000000000025
20
-66.5480000000000018
40
0.2
0
CIRCLE
8
BLACK
10
149.6059999999999945
20
-53.847999999999999
40
0.2
0
CIRCLE
8
BLACK
10
178.8160000000000025
20
-67.8179999999999978
40
0.2
0
CIRCLE
8
BLACK
10
126.2379999999999995
20
-75.945999999999998
40
0.2
0
CIRCLE
8
BLACK
10
120.1419999999999959
20
-74.1679999999999922
40
0.2
0
CIRCLE
8
BLACK
10
129.7939999999999827
20
-75.945999999999998
40
0.2
0
CIRCLE
8
BLACK
10
120.1419999999999959
20
-75.4380000000000024
40
0.2
0
LINE
8
BLACK
6
CONTINUOUS
10
130.4277569999999855
20
-128.0266239999999982
11
144.9787049999999908
21
-128.0236050000000034
0
ARC
8
BLACK
10
149.4505000000000052
20
-128.526600000000002
40
4.4999949435582698
50
6.40235640
51
173.58224999
0
ARC
8
BLACK
10
170.3171600000000012
20
-114.8904099999999886
40
4.5159206772543072
50
-265.04763905
51
-94.95235110
0
ARC
8
BLACK
10
168.4277999999999906
20
-126.5267999999999944
40
1.4999570007363543
50
-90.00164253
51
0.00179532
0
LINE
8
BLACK
6
CONTINUOUS
10
169.9273129999999981
20
-119.3894719999999978
11
169.9277569999999855
21
-126.5267529999999994
0
ARC
8
BLACK
10
149.4505000000000052
20
-71.0742999999999938
40
33.5000020000002365
50
-49.60704630
51
0.00000684
0
ARC
8
BLACK
10
125.5849999999999937
20
-99.3549999999999898
40
3.5048711172739289
50
-0.02610700
51
49.79220904
0
LINE
8
BLACK
6
CONTINUOUS
10
128.9277569999999855
20
-126.5266239999999982
11
128.9277569999999855
21
-119.3739649999999983
0
ARC
8
BLACK
10
128.5432199999999909
20
-114.866579999999999
40
4.5237586549705542
50
-85.12375200
51
83.05956922
0
ARC
8
BLACK
10
130.4276999999999873
20
-126.5265999999999877
40
1.5000240010829826
50
-179.99908323
51
-89.99782280
0
ARC
8
BLACK
10
173.4277999999999906
20
-99.2544999999999931
40
3.5004870000022854
50
-229.60648353
51
-179.99993453
0
LINE
8
BLACK
6
CONTINUOUS
10
169.9273129999999981
20
-99.2545039999999972
11
169.9273129999999981
21
-110.3913569999999993
0
LINE
8
BLACK
6
CONTINUOUS
10
129.0898589999999899
20
-99.3565969999999936
11
129.0898589999999899
21
-110.3759699999999953
0
ARC
8
BLACK
10
149.4505000000000052
20
-71.0742999999999938
40
33.4999958740311001
50
-180.00000684
51
-130.15536454
0
ARC
8
BLACK
10
149.4505020000000002
20
-71.0742959999999897
40
33.5
50
0.00000000
51
180.00000000
0
LINE
8
BLACK
6
CONTINUOUS
10
153.9224339999999813
20
-128.0248059999999839
11
168.4277569999999855
21
-128.0267529999999851
  0
ENDSEC
  0
EOF
