Importer Log Report
Document: C:\Users\alexa\Desktop\Проекты\КАМАЗ\Силовая плата\Силовая плата.kicad_pcb
    Section : Analyze Document from - C:\Users\alexa\Desktop\Проекты\КАМАЗ\Силовая плата\Силовая плата.kicad_pcb
        Warning: Unknown child stroke of fp_line.
        Warning: Unknown child stroke of fp_line.
        Warning: Unknown child stroke of fp_line.
        Warning: Unknown child stroke of fp_line.
        Warning: Unknown child stroke of fp_line.
        Warning: Unknown child stroke of fp_line.
        Warning: Unknown child stroke of fp_line.
        Warning: Unknown child stroke of fp_line.
        Warning: Unknown child stroke of fp_line.
        Warning: Unknown child stroke of fp_line.
        Warning: Unknown child stroke of fp_line.
        Warning: Unknown child stroke of fp_line.
        Warning: Unknown child stroke of fp_line.
        Warning: Unknown child stroke of fp_line.
        Warning: Unknown child stroke of fp_line.
        Warning: Unknown child stroke of fp_line.
        Warning: Unknown child stroke of fp_line.
        Warning: Unknown child stroke of fp_line.
        Warning: Unknown child stroke of fp_line.
        Warning: Unknown child stroke of fp_line.
        Warning: Unknown child stroke of fp_line.
        Warning: Unknown child stroke of fp_line.
        Warning: Unknown child stroke of fp_line.
        Warning: Unknown child stroke of fp_line.
        Warning: Unknown child stroke of fp_line.
        Warning: Unknown child stroke of fp_line.
        Warning: Unknown child stroke of fp_arc.
        Warning: Unknown child stroke of fp_arc.
        Warning: Unknown child stroke of fp_line.
        Warning: Unknown child stroke of fp_line.
        Warning: Unknown child stroke of fp_line.
        Warning: Unknown child stroke of fp_line.
        Warning: Unknown child stroke of fp_line.
        Warning: Unknown child stroke of fp_line.
        Warning: Unknown child stroke of fp_line.
        Warning: Unknown child stroke of fp_line.
        Warning: Unknown child stroke of fp_line.
        Warning: Unknown child stroke of fp_line.
        Warning: Unknown child stroke of fp_line.
        Warning: Unknown child stroke of fp_line.
        Warning: Unknown child stroke of fp_line.
        Warning: Unknown child stroke of fp_line.
        Warning: Unknown child stroke of fp_line.
        Warning: Unknown child stroke of fp_line.
        Warning: Unknown child stroke of fp_line.
        Warning: Unknown child stroke of fp_line.
        Warning: Unknown child stroke of fp_line.
        Warning: Unknown child stroke of fp_line.
        Warning: Unknown child stroke of fp_line.
        Warning: Unknown child stroke of fp_line.
        Warning: Unknown child stroke of fp_line.
        Warning: Unknown child stroke of fp_line.
        Warning: Unknown child stroke of fp_line.
        Warning: Unknown child stroke of fp_line.
        Warning: Unknown child stroke of fp_line.
        Warning: Unknown child stroke of fp_line.
        Warning: Unknown child stroke of fp_line.
        Warning: Unknown child stroke of fp_line.
        Warning: Unknown child stroke of fp_line.
        Warning: Unknown child stroke of fp_line.
        Warning: Unknown child stroke of fp_line.
        Warning: Unknown child stroke of fp_line.
        Warning: Unknown child stroke of fp_line.
        Warning: Unknown child stroke of fp_arc.
        Warning: Unknown child stroke of fp_arc.
        Warning: Unknown child stroke of fp_line.
        Warning: Unknown child stroke of fp_line.
        Warning: Unknown child stroke of fp_line.
        Warning: Unknown child stroke of fp_line.
        Warning: Unknown child stroke of fp_line.
        Warning: Unknown child stroke of fp_line.
        Warning: Unknown child stroke of fp_line.
        Warning: Unknown child stroke of fp_line.
        Warning: Unknown child stroke of fp_line.
        Warning: Unknown child stroke of fp_line.
        Warning: Unknown child stroke of fp_line.
        Warning: Unknown child stroke of fp_line.
        Warning: Unknown child stroke of fp_line.
        Warning: Unknown child stroke of fp_line.
        Warning: Unknown child stroke of fp_line.
        Warning: Unknown child stroke of fp_line.
        Warning: Unknown child stroke of fp_line.
        Warning: Unknown child stroke of fp_line.
        Warning: Unknown child stroke of fp_line.
        Warning: Unknown child stroke of fp_line.
        Warning: Unknown child stroke of fp_line.
        Warning: Unknown child stroke of fp_line.
        Warning: Unknown child stroke of fp_line.
        Warning: Unknown child stroke of fp_line.
        Warning: Unknown child stroke of fp_line.
        Warning: Unknown child stroke of fp_line.
        Warning: Unknown child stroke of fp_line.
        Warning: Unknown child stroke of fp_line.
        Warning: Unknown child stroke of fp_line.
        Warning: Unknown child stroke of fp_line.
        Warning: Unknown child stroke of fp_line.
        Warning: Unknown child stroke of fp_line.
        Warning: Unknown child stroke of fp_line.
        Warning: Unknown child stroke of fp_line.
        Warning: Unknown child stroke of fp_line.
        Warning: Unknown child stroke of fp_line.
        Warning: Unknown child stroke of fp_line.
        Warning: Unknown child stroke of fp_line.
        Warning: Unknown child stroke of fp_line.
        Warning: Unknown child stroke of fp_line.
        Warning: Unknown child stroke of fp_line.
        Warning: Unknown child stroke of fp_line.
        Warning: Unknown child stroke of fp_line.
        Warning: Unknown child stroke of fp_line.
        Warning: Unknown child stroke of fp_line.
        Warning: Unknown child stroke of fp_line.
        Warning: Unknown child stroke of fp_line.
        Warning: Unknown child stroke of fp_line.
        Warning: Unknown child stroke of fp_line.
        Warning: Unknown child stroke of fp_line.
        Warning: Unknown child stroke of fp_line.
        Warning: Unknown child stroke of fp_line.
        Warning: Unknown child stroke of fp_line.
        Warning: Unknown child stroke of fp_line.
        Warning: Unknown child stroke of fp_line.
        Warning: Unknown child stroke of fp_arc.
        Warning: Unknown child stroke of fp_arc.
        Warning: Unknown child stroke of fp_line.
        Warning: Unknown child stroke of fp_line.
        Warning: Unknown child stroke of fp_line.
        Warning: Unknown child stroke of fp_line.
        Warning: Unknown child stroke of fp_line.
        Warning: Unknown child stroke of fp_line.
        Warning: Unknown child stroke of fp_line.
        Warning: Unknown child stroke of fp_line.
        Warning: Unknown child stroke of fp_line.
        Warning: Unknown child stroke of fp_line.
        Warning: Unknown child stroke of fp_line.
        Warning: Unknown child stroke of fp_line.
        Warning: Unknown child stroke of fp_line.
        Warning: Unknown child stroke of fp_line.
        Warning: Unknown child stroke of fp_line.
        Warning: Unknown child stroke of fp_line.
        Warning: Unknown child stroke of fp_line.
        Warning: Unknown child stroke of fp_line.
        Warning: Unknown child stroke of fp_line.
        Warning: Unknown child stroke of fp_line.
        Warning: Unknown child stroke of fp_line.
        Warning: Unknown child stroke of fp_line.
        Warning: Unknown child stroke of fp_line.
        Warning: Unknown child stroke of fp_line.
        Warning: Unknown child stroke of fp_line.
        Warning: Unknown child stroke of fp_line.
        Warning: Unknown child stroke of fp_line.
        Warning: Unknown child stroke of fp_line.
        Warning: Unknown child stroke of fp_line.
        Warning: Unknown child stroke of fp_line.
        Warning: Unknown child stroke of fp_line.
        Warning: Unknown child stroke of fp_line.
        Warning: Unknown child stroke of fp_line.
        Warning: Unknown child stroke of fp_line.
        Warning: Unknown child stroke of fp_line.
        Warning: Unknown child stroke of fp_line.
        Warning: Unknown child stroke of fp_line.
        Warning: Unknown child stroke of fp_line.
        Warning: Unknown child stroke of fp_line.
        Warning: Unknown child stroke of fp_line.
        Warning: Unknown child stroke of fp_line.
        Warning: Unknown child stroke of fp_line.
        Warning: Unknown child stroke of fp_line.
        Warning: Unknown child stroke of fp_line.
        Warning: Unknown child stroke of fp_line.
        Warning: Unknown child stroke of fp_line.
        Warning: Unknown child stroke of fp_line.
        Warning: Unknown child stroke of fp_line.
        Warning: Unknown child stroke of fp_line.
        Warning: Unknown child stroke of fp_line.
        Warning: Unknown child stroke of fp_line.
        Warning: Unknown child stroke of fp_line.
        Warning: Unknown child stroke of fp_line.
        Warning: Unknown child stroke of fp_line.
        Warning: Unknown child stroke of fp_line.
        Warning: Unknown child stroke of fp_line.
        Warning: Unknown child stroke of fp_line.
        Warning: Unknown child stroke of fp_line.
        Warning: Unknown child stroke of fp_line.
        Warning: Unknown child stroke of fp_line.
        Warning: Unknown child stroke of fp_line.
        Warning: Unknown child stroke of fp_line.
        Warning: Unknown child stroke of fp_line.
        Warning: Unknown child stroke of fp_line.
        Warning: Unknown child stroke of fp_line.
        Warning: Unknown child stroke of fp_line.
        Warning: Unknown child stroke of fp_line.
        Warning: Unknown child stroke of fp_line.
        Warning: Unknown child stroke of fp_line.
        Warning: Unknown child stroke of fp_line.
        Warning: Unknown child stroke of fp_line.
        Warning: Unknown child stroke of fp_line.
        Warning: Unknown child stroke of fp_line.
        Warning: Unknown child stroke of fp_line.
        Warning: Unknown child stroke of fp_line.
        Warning: Unknown child stroke of fp_line.
        Warning: Unknown child stroke of fp_circle.
        Warning: Unknown child stroke of fp_circle.
        Warning: Pad name is empty, autogenerated name 'Un1' assigned to pad pad.
        Warning: Unknown child stroke of fp_line.
        Warning: Unknown child stroke of fp_line.
        Warning: Unknown child stroke of fp_line.
        Warning: Unknown child stroke of fp_line.
        Warning: Unknown child stroke of fp_line.
        Warning: Unknown child stroke of fp_line.
        Warning: Unknown child stroke of fp_arc.
        Warning: Unknown child stroke of fp_arc.
        Warning: Unknown child stroke of fp_line.
        Warning: Unknown child stroke of fp_line.
        Warning: Unknown child stroke of fp_line.
        Warning: Unknown child stroke of fp_line.
        Warning: Unknown child stroke of fp_line.
        Warning: Unknown child stroke of fp_line.
        Warning: Unknown child stroke of fp_line.
        Warning: Unknown child stroke of fp_line.
        Warning: Unknown child stroke of fp_line.
        Warning: Unknown child stroke of fp_line.
        Warning: Unknown child stroke of fp_line.
        Warning: Unknown child stroke of fp_line.
        Warning: Unknown child stroke of fp_line.
        Warning: Unknown child stroke of fp_line.
        Warning: Unknown child stroke of fp_line.
        Warning: Unknown child stroke of fp_arc.
        Warning: Unknown child stroke of fp_arc.
        Warning: Unknown child stroke of fp_line.
        Warning: Unknown child stroke of fp_line.
        Warning: Unknown child stroke of fp_line.
        Warning: Unknown child stroke of fp_line.
        Warning: Unknown child stroke of fp_line.
        Warning: Unknown child stroke of fp_line.
        Warning: Unknown child stroke of fp_line.
        Warning: Unknown child stroke of fp_line.
        Warning: Unknown child stroke of fp_line.
        Warning: Unknown child stroke of fp_line.
        Warning: Unknown child stroke of fp_line.
        Warning: Unknown child stroke of fp_line.
        Warning: Unknown child stroke of fp_line.
        Warning: Unknown child stroke of fp_line.
        Warning: Unknown child stroke of fp_line.
        Warning: Unknown child stroke of fp_line.
        Warning: Unknown child stroke of fp_line.
        Warning: Unknown child stroke of fp_line.
        Warning: Unknown child stroke of fp_line.
        Warning: Unknown child stroke of fp_line.
        Warning: Unknown child stroke of fp_line.
        Warning: Unknown child stroke of fp_line.
        Warning: Unknown child stroke of fp_line.
        Warning: Unknown child stroke of fp_line.
        Warning: Unknown child stroke of fp_line.
        Warning: Unknown child stroke of fp_line.
        Warning: Unknown child stroke of fp_line.
        Warning: Unknown child stroke of fp_line.
        Warning: Unknown child stroke of fp_line.
        Warning: Unknown child stroke of fp_line.
        Warning: Unknown child stroke of fp_line.
        Warning: Unknown child stroke of fp_line.
        Warning: Unknown child stroke of fp_line.
        Warning: Unknown child stroke of fp_line.
        Warning: Unknown child stroke of fp_line.
        Warning: Unknown child stroke of fp_line.
        Warning: Unknown child stroke of fp_line.
        Warning: Unknown child stroke of fp_line.
        Warning: Unknown child stroke of fp_line.
        Warning: Unknown child stroke of fp_line.
        Warning: Unknown child stroke of fp_line.
        Warning: Unknown child stroke of fp_line.
        Warning: Unknown child stroke of fp_line.
        Warning: Unknown child stroke of fp_line.
        Warning: Unknown child stroke of fp_line.
        Warning: Unknown child stroke of fp_line.
        Warning: Unknown child stroke of fp_line.
        Warning: Unknown child stroke of fp_line.
        Warning: Unknown child stroke of fp_line.
        Warning: Unknown child stroke of fp_line.
        Warning: Unknown child stroke of fp_line.
        Warning: Unknown child stroke of fp_line.
        Warning: Unknown child stroke of fp_line.
        Warning: Unknown child stroke of fp_line.
        Warning: Unknown child stroke of fp_line.
        Warning: Unknown child stroke of fp_line.
        Warning: Unknown child stroke of fp_line.
        Warning: Unknown child stroke of fp_line.
        Warning: Unknown child stroke of fp_line.
        Warning: Unknown child stroke of fp_line.
        Warning: Unknown child stroke of fp_line.
        Warning: Unknown child stroke of fp_line.
        Warning: Unknown child stroke of fp_line.
        Warning: Unknown child stroke of fp_line.
        Warning: Unknown child stroke of fp_line.
        Warning: Unknown child stroke of fp_line.
        Warning: Unknown child stroke of fp_line.
        Warning: Unknown child stroke of fp_line.
        Warning: Unknown child stroke of fp_line.
        Warning: Unknown child stroke of fp_line.
        Warning: Unknown child stroke of fp_line.
        Warning: Unknown child stroke of fp_line.
        Warning: Unknown child stroke of fp_line.
        Warning: Unknown child stroke of fp_line.
        Warning: Unknown child stroke of fp_line.
        Warning: Unknown child stroke of fp_line.
        Warning: Unknown child stroke of fp_line.
        Warning: Unknown child stroke of fp_line.
        Warning: Unknown child stroke of fp_line.
        Warning: Unknown child stroke of fp_line.
        Warning: Unknown child stroke of fp_line.
        Warning: Unknown child stroke of fp_line.
        Warning: Unknown child stroke of fp_line.
        Warning: Unknown child stroke of fp_line.
        Warning: Unknown child stroke of fp_line.
        Warning: Unknown child stroke of fp_line.
        Warning: Unknown child stroke of fp_line.
        Warning: Unknown child stroke of fp_arc.
        Warning: Unknown child stroke of fp_arc.
        Warning: Unknown child stroke of fp_line.
        Warning: Unknown child stroke of fp_line.
        Warning: Unknown child stroke of fp_line.
        Warning: Unknown child stroke of fp_line.
        Warning: Unknown child stroke of fp_line.
        Warning: Unknown child stroke of fp_line.
        Warning: Unknown child stroke of fp_line.
        Warning: Unknown child stroke of fp_line.
        Warning: Unknown child stroke of fp_line.
        Warning: Unknown child stroke of fp_circle.
        Warning: Unknown child stroke of fp_circle.
        Warning: Pad name is empty, autogenerated name 'Un1' assigned to pad pad.
        Warning: Unknown child stroke of fp_line.
        Warning: Unknown child stroke of fp_line.
        Warning: Unknown child stroke of fp_line.
        Warning: Unknown child stroke of fp_line.
        Warning: Unknown child stroke of fp_line.
        Warning: Unknown child stroke of fp_line.
        Warning: Unknown child stroke of fp_arc.
        Warning: Unknown child stroke of fp_arc.
        Warning: Unknown child stroke of fp_line.
        Warning: Unknown child stroke of fp_line.
        Warning: Unknown child stroke of fp_line.
        Warning: Unknown child stroke of fp_line.
        Warning: Unknown child stroke of fp_line.
        Warning: Unknown child stroke of fp_line.
        Warning: Unknown child stroke of fp_line.
        Warning: Unknown child stroke of fp_line.
        Warning: Unknown child stroke of fp_line.
        Warning: Unknown child stroke of fp_line.
        Warning: Unknown child stroke of fp_line.
        Warning: Unknown child stroke of fp_line.
        Warning: Unknown child stroke of fp_line.
        Warning: Unknown child stroke of fp_line.
        Warning: Unknown child stroke of fp_line.
        Warning: Unknown child stroke of fp_line.
        Warning: Unknown child stroke of fp_line.
        Warning: Unknown child stroke of fp_line.
        Warning: Unknown child stroke of fp_line.
        Warning: Unknown child stroke of fp_line.
        Warning: Unknown child stroke of fp_line.
        Warning: Unknown child stroke of fp_line.
        Warning: Unknown child stroke of fp_line.
        Warning: Unknown child stroke of fp_line.
        Warning: Unknown child stroke of fp_line.
        Warning: Unknown child stroke of fp_line.
        Warning: Unknown child stroke of fp_line.
        Warning: Unknown child stroke of fp_line.
        Warning: Unknown child stroke of fp_line.
        Warning: Unknown child stroke of fp_line.
        Warning: Unknown child stroke of fp_line.
        Warning: Unknown child stroke of fp_line.
        Warning: Unknown child stroke of fp_line.
        Warning: Unknown child stroke of fp_line.
        Warning: Unknown child stroke of fp_line.
        Warning: Unknown child stroke of fp_line.
        Warning: Unknown child stroke of fp_line.
        Warning: Unknown child stroke of fp_line.
        Warning: Unknown child stroke of fp_line.
        Warning: Unknown child stroke of fp_line.
        Warning: Unknown child stroke of fp_line.
        Warning: Unknown child stroke of fp_line.
        Warning: Unknown child stroke of fp_line.
        Warning: Unknown child stroke of fp_line.
        Warning: Unknown child stroke of fp_line.
        Warning: Unknown child stroke of fp_line.
        Warning: Unknown child stroke of fp_line.
        Warning: Unknown child stroke of fp_line.
        Warning: Unknown child stroke of fp_line.
        Warning: Unknown child stroke of fp_line.
        Warning: Unknown child stroke of fp_line.
        Warning: Unknown child stroke of fp_line.
        Warning: Unknown child stroke of fp_line.
        Warning: Unknown child stroke of fp_line.
        Warning: Unknown child stroke of fp_line.
        Warning: Unknown child stroke of fp_line.
        Warning: Unknown child stroke of fp_line.
        Warning: Unknown child stroke of fp_line.
        Warning: Unknown child stroke of fp_line.
        Warning: Unknown child stroke of fp_line.
        Warning: Unknown child stroke of fp_line.
        Warning: Unknown child stroke of fp_line.
        Warning: Unknown child stroke of fp_line.
        Warning: Unknown child stroke of fp_line.
        Warning: Unknown child stroke of fp_line.
        Warning: Unknown child stroke of fp_line.
        Warning: Unknown child stroke of fp_line.
        Warning: Unknown child stroke of fp_line.
        Warning: Unknown child stroke of fp_line.
        Warning: Unknown child stroke of fp_line.
        Warning: Unknown child stroke of fp_line.
        Warning: Unknown child stroke of fp_line.
        Warning: Unknown child stroke of fp_line.
        Warning: Unknown child stroke of fp_line.
        Warning: Unknown child stroke of fp_line.
        Warning: Unknown child stroke of fp_line.
        Warning: Unknown child stroke of fp_line.
        Warning: Unknown child stroke of fp_line.
        Warning: Unknown child stroke of fp_line.
        Warning: Unknown child stroke of fp_line.
        Warning: Unknown child stroke of fp_line.
        Warning: Unknown child stroke of fp_line.
        Warning: Unknown child stroke of fp_line.
        Warning: Unknown child stroke of fp_line.
        Warning: Unknown child stroke of fp_line.
        Warning: Unknown child stroke of fp_line.
        Warning: Unknown child stroke of fp_line.
        Warning: Unknown child stroke of fp_line.
        Warning: Unknown child stroke of fp_line.
        Warning: Unknown child stroke of fp_line.
        Warning: Unknown child stroke of fp_line.
        Warning: Unknown child stroke of fp_line.
        Warning: Unknown child stroke of fp_line.
        Warning: Unknown child stroke of fp_line.
        Warning: Unknown child stroke of fp_line.
        Warning: Unknown child stroke of fp_line.
        Warning: Unknown child stroke of fp_line.
        Warning: Unknown child stroke of fp_line.
        Warning: Unknown child stroke of fp_line.
        Warning: Unknown child stroke of fp_line.
        Warning: Unknown child stroke of fp_line.
        Warning: Unknown child stroke of fp_line.
        Warning: Unknown child stroke of fp_line.
        Warning: Unknown child stroke of fp_line.
        Warning: Unknown child stroke of fp_line.
        Warning: Unknown child stroke of fp_line.
        Warning: Unknown child stroke of fp_line.
        Warning: Unknown child stroke of fp_line.
        Warning: Unknown child stroke of fp_line.
        Warning: Unknown child stroke of fp_line.
        Warning: Unknown child stroke of fp_line.
        Warning: Unknown child stroke of fp_line.
        Warning: Unknown child stroke of fp_line.
        Warning: Unknown child stroke of fp_line.
        Warning: Unknown child stroke of fp_line.
        Warning: Unknown child stroke of fp_line.
        Warning: Unknown child stroke of fp_line.
        Warning: Unknown child stroke of fp_line.
        Warning: Unknown child stroke of fp_line.
        Warning: Unknown child stroke of fp_line.
        Warning: Unknown child stroke of fp_line.
        Warning: Unknown child stroke of fp_line.
        Warning: Unknown child stroke of fp_line.
        Warning: Unknown child stroke of fp_line.
        Warning: Unknown child stroke of fp_line.
        Warning: Unknown child stroke of fp_line.
        Warning: Unknown child stroke of fp_line.
        Warning: Unknown child stroke of fp_line.
        Warning: Unknown child stroke of fp_line.
        Warning: Unknown child stroke of fp_line.
        Warning: Unknown child stroke of fp_line.
        Warning: Unknown child stroke of fp_line.
        Warning: Unknown child stroke of fp_line.
        Warning: Unknown child stroke of fp_line.
        Warning: Unknown child stroke of fp_line.
        Warning: Unknown child stroke of fp_line.
        Warning: Unknown child stroke of fp_line.
        Warning: Unknown child stroke of fp_line.
        Warning: Unknown child stroke of fp_line.
        Warning: Unknown child stroke of fp_line.
        Warning: Unknown child stroke of fp_line.
        Warning: Unknown child stroke of fp_line.
        Warning: Unknown child stroke of fp_line.
        Warning: Unknown child stroke of fp_line.
        Warning: Unknown child stroke of fp_line.
        Warning: Unknown child stroke of fp_line.
        Warning: Unknown child stroke of fp_line.
        Warning: Unknown child stroke of fp_line.
        Warning: Unknown child stroke of fp_line.
        Warning: Unknown child stroke of fp_line.
        Warning: Unknown child stroke of fp_line.
        Warning: Unknown child stroke of fp_line.
        Warning: Unknown child stroke of fp_line.
        Warning: Unknown child stroke of fp_line.
        Warning: Unknown child stroke of fp_line.
        Warning: Unknown child stroke of fp_line.
        Warning: Unknown child stroke of fp_line.
        Warning: Unknown child stroke of fp_line.
        Warning: Unknown child stroke of fp_line.
        Warning: Unknown child stroke of fp_line.
        Warning: Unknown child stroke of fp_line.
        Warning: Unknown child stroke of fp_line.
        Warning: Unknown child stroke of fp_line.
        Warning: Unknown child stroke of fp_line.
        Warning: Unknown child stroke of fp_line.
        Warning: Unknown child stroke of fp_line.
        Warning: Unknown child stroke of fp_line.
        Warning: Unknown child stroke of fp_line.
        Warning: Unknown child stroke of fp_line.
        Warning: Unknown child stroke of fp_line.
        Warning: Unknown child stroke of fp_line.
        Warning: Unknown child stroke of fp_line.
        Warning: Unknown child stroke of fp_line.
        Warning: Unknown child stroke of fp_line.
        Warning: Unknown child stroke of fp_line.
        Warning: Unknown child stroke of fp_line.
        Warning: Unknown child stroke of fp_line.
        Warning: Unknown child stroke of fp_line.
        Warning: Unknown child stroke of fp_line.
        Warning: Unknown child stroke of fp_line.
        Warning: Unknown child stroke of fp_line.
        Warning: Unknown child stroke of fp_line.
        Warning: Unknown child stroke of fp_line.
        Warning: Unknown child stroke of fp_line.
        Warning: Unknown child stroke of fp_line.
        Warning: Unknown child stroke of fp_line.
        Warning: Unknown child stroke of fp_line.
        Warning: Unknown child stroke of fp_line.
        Warning: Unknown child stroke of fp_line.
        Warning: Unknown child stroke of fp_line.
        Warning: Unknown child stroke of fp_line.
        Warning: Unknown child stroke of fp_line.
        Warning: Unknown child stroke of fp_line.
        Warning: Unknown child stroke of fp_line.
        Warning: Unknown child stroke of fp_line.
        Warning: Unknown child stroke of fp_line.
        Warning: Unknown child stroke of fp_line.
        Warning: Unknown child stroke of fp_line.
        Warning: Unknown child stroke of fp_line.
        Warning: Unknown child stroke of fp_line.
        Warning: Unknown child stroke of fp_line.
        Warning: Unknown child stroke of fp_line.
        Warning: Unknown child stroke of fp_line.
        Warning: Unknown child stroke of fp_line.
        Warning: Unknown child stroke of fp_line.
        Warning: Unknown child stroke of fp_line.
        Warning: Unknown child stroke of fp_line.
        Warning: Unknown child stroke of fp_line.
        Warning: Unknown child stroke of fp_line.
        Warning: Unknown child stroke of fp_line.
        Warning: Unknown child stroke of fp_line.
        Warning: Unknown child stroke of fp_line.
        Warning: Unknown child stroke of fp_line.
        Warning: Unknown child stroke of fp_line.
        Warning: Unknown child stroke of fp_line.
        Warning: Unknown child stroke of fp_line.
        Warning: Unknown child stroke of fp_line.
        Warning: Unknown child stroke of fp_line.
        Warning: Unknown child stroke of fp_line.
        Warning: Unknown child stroke of fp_line.
        Warning: Unknown child stroke of fp_line.
        Warning: Unknown child stroke of fp_line.
        Warning: Unknown child stroke of fp_line.
        Warning: Unknown child stroke of fp_line.
        Warning: Unknown child stroke of fp_line.
        Warning: Unknown child stroke of fp_line.
        Warning: Unknown child stroke of fp_line.
        Warning: Unknown child stroke of fp_line.
        Warning: Unknown child stroke of fp_line.
        Warning: Unknown child stroke of fp_line.
        Warning: Unknown child stroke of fp_line.
        Warning: Unknown child stroke of fp_line.
        Warning: Unknown child stroke of fp_line.
        Warning: Unknown child stroke of fp_line.
        Warning: Unknown child stroke of fp_line.
        Warning: Unknown child stroke of fp_line.
        Warning: Unknown child stroke of fp_line.
        Warning: Unknown child stroke of fp_line.
        Warning: Unknown child stroke of fp_line.
        Warning: Unknown child stroke of fp_line.
        Warning: Unknown child stroke of fp_line.
        Warning: Unknown child stroke of fp_line.
        Warning: Unknown child stroke of fp_line.
        Warning: Unknown child stroke of fp_line.
        Warning: Unknown child stroke of fp_line.
        Warning: Unknown child stroke of fp_line.
        Warning: Unknown child stroke of fp_line.
        Warning: Unknown child stroke of fp_line.
        Warning: Unknown child stroke of fp_line.
        Warning: Unknown child stroke of fp_line.
        Warning: Unknown child stroke of fp_line.
        Warning: Unknown child stroke of fp_line.
        Warning: Unknown child stroke of fp_line.
        Warning: Unknown child stroke of fp_line.
        Warning: Unknown child stroke of fp_line.
        Warning: Unknown child stroke of fp_line.
        Warning: Unknown child stroke of fp_line.
        Warning: Unknown child stroke of fp_line.
        Warning: Unknown child stroke of fp_line.
        Warning: Unknown child stroke of fp_line.
        Warning: Unknown child stroke of fp_line.
        Warning: Unknown child stroke of fp_line.
        Warning: Unknown child stroke of fp_line.
        Warning: Unknown child stroke of fp_line.
        Warning: Unknown child stroke of fp_line.
        Warning: Unknown child stroke of fp_line.
        Warning: Unknown child stroke of fp_line.
        Warning: Unknown child stroke of fp_line.
        Warning: Unknown child stroke of fp_line.
        Warning: Unknown child stroke of fp_line.
        Warning: Unknown child stroke of fp_line.
        Warning: Unknown child stroke of fp_line.
        Warning: Unknown child stroke of fp_line.
        Warning: Unknown child stroke of fp_line.
        Warning: Unknown child stroke of fp_line.
        Warning: Unknown child stroke of fp_line.
        Warning: Unknown child stroke of fp_line.
        Warning: Unknown child stroke of fp_line.
        Warning: Unknown child stroke of fp_line.
        Warning: Unknown child stroke of fp_line.
        Warning: Unknown child stroke of fp_line.
        Warning: Unknown child stroke of fp_line.
        Warning: Unknown child stroke of fp_line.
        Warning: Unknown child stroke of fp_line.
        Warning: Unknown child stroke of fp_line.
        Warning: Unknown child stroke of fp_line.
        Warning: Unknown child stroke of fp_line.
        Warning: Unknown child stroke of fp_line.
        Warning: Unknown child stroke of fp_line.
        Warning: Unknown child stroke of fp_line.
        Warning: Unknown child stroke of fp_line.
        Warning: Unknown child stroke of fp_line.
        Warning: Unknown child stroke of fp_line.
        Warning: Unknown child stroke of fp_line.
        Warning: Unknown child stroke of fp_line.
        Warning: Unknown child stroke of fp_line.
        Warning: Unknown child stroke of fp_line.
        Warning: Unknown child stroke of fp_line.
        Warning: Unknown child stroke of fp_line.
        Warning: Unknown child stroke of fp_line.
        Warning: Unknown child stroke of fp_line.
        Warning: Unknown child stroke of fp_line.
        Warning: Unknown child stroke of fp_line.
        Warning: Unknown child stroke of fp_line.
        Warning: Unknown child stroke of fp_line.
        Warning: Unknown child stroke of fp_line.
        Warning: Unknown child stroke of fp_line.
        Warning: Unknown child stroke of fp_line.
        Warning: Unknown child stroke of fp_line.
        Warning: Unknown child stroke of fp_line.
        Warning: Unknown child stroke of fp_line.
        Warning: Unknown child stroke of fp_line.
        Warning: Unknown child stroke of fp_line.
        Warning: Unknown child stroke of fp_line.
        Warning: Unknown child stroke of fp_line.
        Warning: Unknown child stroke of fp_line.
        Warning: Unknown child stroke of fp_line.
        Warning: Unknown child stroke of fp_line.
        Warning: Unknown child stroke of fp_line.
        Warning: Unknown child stroke of fp_line.
        Warning: Unknown child stroke of fp_line.
        Warning: Unknown child stroke of fp_line.
        Warning: Unknown child stroke of fp_line.
        Warning: Unknown child stroke of fp_line.
        Warning: Unknown child stroke of fp_line.
        Warning: Unknown child stroke of fp_line.
        Warning: Unknown child stroke of fp_line.
        Warning: Unknown child stroke of fp_line.
        Warning: Unknown child stroke of fp_line.
        Warning: Unknown child stroke of fp_line.
        Warning: Unknown child stroke of fp_line.
        Warning: Unknown child stroke of fp_line.
        Warning: Unknown child stroke of fp_line.
        Warning: Unknown child stroke of fp_line.
        Warning: Unknown child stroke of fp_line.
        Warning: Unknown child stroke of fp_line.
        Warning: Unknown child stroke of fp_line.
        Warning: Unknown child stroke of fp_line.
        Warning: Unknown child stroke of fp_line.
        Warning: Unknown child stroke of fp_line.
        Warning: Unknown child stroke of fp_line.
        Warning: Unknown child stroke of fp_line.
        Warning: Unknown child stroke of fp_line.
        Warning: Unknown child stroke of fp_line.
        Warning: Unknown child stroke of fp_line.
        Warning: Unknown child stroke of fp_line.
        Warning: Unknown child stroke of fp_line.
        Warning: Unknown child stroke of fp_line.
        Warning: Unknown child stroke of fp_line.
        Warning: Unknown child stroke of fp_line.
        Warning: Unknown child stroke of fp_line.
        Warning: Unknown child stroke of fp_line.
        Warning: Unknown child stroke of fp_line.
        Warning: Unknown child stroke of fp_line.
        Warning: Unknown child stroke of fp_line.
        Warning: Unknown child stroke of fp_line.
        Warning: Unknown child stroke of fp_line.
        Warning: Unknown child stroke of fp_line.
        Warning: Unknown child stroke of fp_line.
        Warning: Unknown child stroke of fp_line.
        Warning: Unknown child stroke of fp_line.
        Warning: Unknown child stroke of fp_line.
        Warning: Unknown child stroke of fp_line.
        Warning: Unknown child stroke of fp_line.
        Warning: Unknown child stroke of fp_line.
        Warning: Unknown child stroke of fp_line.
        Warning: Unknown child stroke of fp_line.
        Warning: Unknown child stroke of fp_line.
        Warning: Unknown child stroke of fp_line.
        Warning: Unknown child stroke of fp_line.
        Warning: Unknown child stroke of fp_line.
        Warning: Unknown child stroke of fp_line.
        Warning: Unknown child stroke of gr_arc.
        Warning: Unknown child stroke of gr_line.
        Warning: Unknown child 'gr_curve' of 'kicad_pcb'.
        Warning: Unknown child stroke of gr_line.
        Warning: Unknown child 'gr_curve' of 'kicad_pcb'.
        Warning: Unknown child stroke of gr_circle.
        Warning: Unknown child 'gr_curve' of 'kicad_pcb'.
        Warning: Unknown child stroke of gr_arc.
        Warning: Unknown child stroke of gr_line.
        Warning: Unknown child stroke of gr_line.
        Warning: Unknown child stroke of gr_line.
        Warning: Unknown child stroke of gr_arc.
        Warning: Unknown child 'gr_curve' of 'kicad_pcb'.
        Warning: Unknown child stroke of gr_arc.
        Warning: Unknown child stroke of gr_line.
        Warning: Unknown child stroke of gr_line.
        Warning: Unknown child stroke of gr_arc.
        Warning: Unknown child 'gr_curve' of 'kicad_pcb'.
        Warning: Unknown child stroke of gr_arc.
        Warning: Unknown child stroke of gr_line.
        Warning: Unknown child stroke of gr_line.
        Warning: Unknown child stroke of gr_arc.
        Warning: Unknown child stroke of gr_line.
        Warning: Unknown child 'gr_curve' of 'kicad_pcb'.
        Warning: Unknown child stroke of gr_line.
        Warning: Unknown child stroke of gr_arc.
        Warning: Unknown child stroke of gr_arc.
        Warning: Unknown child stroke of gr_line.
        Warning: Unknown child stroke of gr_circle.
        Warning: Unknown child stroke of gr_line.
        Warning: Unknown child stroke of gr_arc.
        Warning: Unknown child stroke of gr_arc.
        Warning: Unknown child stroke of gr_line.
        Warning: Unknown child stroke of gr_arc.
        Warning: Unknown child 'gr_curve' of 'kicad_pcb'.
        Warning: Unknown child stroke of gr_line.
        Warning: Unknown child stroke of gr_circle.
        Warning: Unknown child 'gr_curve' of 'kicad_pcb'.
        Warning: Unknown child stroke of gr_line.
        Warning: Unknown child stroke of gr_line.
        Warning: Unknown child stroke of gr_circle.
        Warning: Unknown child stroke of gr_line.
        Warning: Unknown child 'gr_curve' of 'kicad_pcb'.
        Warning: Unknown child stroke of gr_line.
        Warning: Unknown child 'gr_curve' of 'kicad_pcb'.
        Warning: Unknown child stroke of gr_arc.
        Warning: Unknown child stroke of gr_line.
        Warning: Unknown child stroke of gr_arc.
        Warning: Unknown child stroke of gr_line.
        Warning: Unknown child stroke of gr_line.
        Warning: Unknown child stroke of gr_circle.
        Warning: Unknown child stroke of gr_line.
        Warning: Unknown child 'gr_curve' of 'kicad_pcb'.
        Warning: Unknown child stroke of gr_arc.
        Warning: Unknown child stroke of gr_arc.
        Warning: Unknown child stroke of gr_arc.
        Warning: Unknown child 'gr_curve' of 'kicad_pcb'.
        Warning: Unknown child stroke of gr_arc.
        Warning: Unknown child stroke of gr_arc.
        Warning: Unknown child stroke of gr_line.
        Warning: Unknown child stroke of gr_line.
        Warning: Unknown child stroke of gr_arc.
        Warning: Unknown child 'gr_curve' of 'kicad_pcb'.
        Warning: Unknown child stroke of gr_line.
        Warning: Unknown child stroke of gr_line.
        Warning: Unknown child stroke of gr_arc.
        Warning: Unknown child stroke of gr_line.
        Warning: Unknown child stroke of gr_circle.
        Warning: Unknown child stroke of gr_line.
        Warning: Unknown child stroke of gr_line.
        Warning: Unknown child stroke of gr_circle.
        Warning: Unknown child stroke of gr_arc.
        Warning: Unknown child stroke of gr_arc.
        Warning: Unknown child 'gr_curve' of 'kicad_pcb'.
        Warning: Unknown child stroke of gr_line.
        Warning: Unknown child stroke of gr_arc.
        Warning: Unknown child stroke of gr_circle.
        Warning: Unknown child stroke of gr_arc.
        Warning: Unknown child 'gr_curve' of 'kicad_pcb'.
        Warning: Unknown child stroke of gr_line.
        Warning: Unknown child 'gr_curve' of 'kicad_pcb'.
        Warning: Unknown child stroke of gr_line.
        Warning: Unknown child stroke of gr_line.
        Warning: Unknown child stroke of gr_line.
        Warning: Unknown child stroke of gr_line.
        Warning: Unknown child 'gr_curve' of 'kicad_pcb'.
        Warning: Unknown child 'gr_curve' of 'kicad_pcb'.
        Warning: Unknown child 'gr_curve' of 'kicad_pcb'.
        Warning: Unknown child 'gr_curve' of 'kicad_pcb'.
        Warning: Unknown child 'gr_curve' of 'kicad_pcb'.
        Warning: Unknown child stroke of gr_line.
        Warning: Unknown child stroke of gr_circle.
        Warning: Unknown child stroke of gr_arc.
        Warning: Unknown child stroke of gr_arc.
        Warning: Unknown child stroke of gr_arc.
        Warning: Unknown child stroke of gr_line.
        Warning: Unknown child stroke of gr_line.
        Warning: Unknown child stroke of gr_arc.
        Warning: Unknown child stroke of gr_arc.
        Warning: Unknown child stroke of gr_arc.
        Warning: Unknown child stroke of gr_line.
        Warning: Unknown child stroke of gr_line.
        Warning: Unknown child stroke of gr_arc.
        Warning: Unknown child stroke of gr_line.
        Warning: Unknown child stroke of gr_arc.
        Warning: Unknown child stroke of gr_arc.
        Warning: Unknown child stroke of gr_arc.
        Warning: Unknown child 'gr_curve' of 'kicad_pcb'.
        Warning: Unknown child stroke of gr_line.
        Warning: Unknown child stroke of gr_arc.
        Warning: Unknown child stroke of gr_arc.
        Warning: Unknown child 'gr_curve' of 'kicad_pcb'.
        Warning: Unknown child stroke of gr_arc.
        Warning: Unknown child stroke of gr_arc.
        Warning: Unknown child 'gr_curve' of 'kicad_pcb'.
        Warning: Unknown child stroke of gr_line.
        Warning: Unknown child stroke of gr_arc.
        Warning: Unknown child stroke of gr_arc.
        Warning: Unknown child stroke of gr_arc.
        Warning: Unknown child stroke of gr_arc.
        Warning: Unknown child stroke of gr_arc.
        Warning: Unknown child stroke of gr_line.
        Warning: Unknown child 'gr_curve' of 'kicad_pcb'.
        Warning: Unknown child 'gr_curve' of 'kicad_pcb'.
        Warning: Unknown child stroke of gr_arc.
        Warning: Unknown child stroke of gr_line.
        Warning: Unknown child stroke of gr_line.
        Warning: Unknown child stroke of gr_line.
        Warning: Unknown child 'gr_curve' of 'kicad_pcb'.
        Warning: Unknown child stroke of gr_line.
        Warning: Unknown child stroke of gr_arc.
        Warning: Unknown child stroke of gr_arc.
        Warning: Unknown child 'gr_curve' of 'kicad_pcb'.
        Warning: Unknown child stroke of gr_arc.
        Warning: Unknown child stroke of gr_line.
        Warning: Unknown child stroke of gr_line.
        Warning: Unknown child stroke of gr_arc.
        Warning: Unknown child 'gr_curve' of 'kicad_pcb'.
        Warning: Unknown child stroke of gr_arc.
        Warning: Unknown child stroke of gr_arc.
        Warning: Unknown child stroke of gr_line.
        Warning: Unknown child stroke of gr_arc.
        Warning: Unknown child 'gr_curve' of 'kicad_pcb'.
        Warning: Unknown child stroke of gr_line.
        Warning: Unknown child 'gr_curve' of 'kicad_pcb'.
        Warning: Unknown child stroke of gr_arc.
        Warning: Unknown child stroke of gr_arc.
        Warning: Unknown child stroke of gr_line.
        Warning: Unknown child 'gr_curve' of 'kicad_pcb'.
        Warning: Unknown child stroke of gr_arc.
        Warning: Unknown child stroke of gr_line.
        Warning: Unknown child 'gr_curve' of 'kicad_pcb'.
        Warning: Unknown child stroke of gr_line.
        Warning: Unknown child stroke of gr_line.
        Warning: Unknown child stroke of gr_arc.
        Warning: Unknown child stroke of gr_line.
        Warning: Unknown child 'gr_curve' of 'kicad_pcb'.
        Warning: Unknown child stroke of gr_line.
        Warning: Unknown child stroke of gr_line.
        Warning: Unknown child stroke of gr_line.
        Warning: Unknown child stroke of gr_line.
        Warning: Unknown child stroke of gr_circle.
        Warning: Unknown child stroke of gr_arc.
        Warning: Unknown child stroke of gr_line.
        Warning: Unknown child stroke of gr_arc.
        Warning: Unknown child stroke of gr_line.
        Warning: Unknown child stroke of gr_line.
        Warning: Unknown child stroke of gr_line.
        Warning: Unknown child 'gr_curve' of 'kicad_pcb'.
        Warning: Unknown child stroke of gr_line.
        Warning: Unknown child 'gr_curve' of 'kicad_pcb'.
        Warning: Unknown child 'gr_curve' of 'kicad_pcb'.
        Warning: Unknown child stroke of gr_arc.
        Warning: Unknown child stroke of gr_line.
        Warning: Unknown child stroke of gr_arc.
        Warning: Unknown child 'gr_curve' of 'kicad_pcb'.
        Warning: Unknown child stroke of gr_arc.
        Warning: Unknown child stroke of gr_line.
        Warning: Unknown child stroke of gr_arc.
        Warning: Unknown child stroke of gr_arc.
        Warning: Unknown child stroke of gr_line.
        Warning: Unknown child stroke of gr_line.
        Warning: Unknown child stroke of gr_line.
        Warning: Unknown child stroke of gr_arc.
        Warning: Unknown child stroke of gr_circle.
        Warning: Unknown child stroke of gr_circle.
        Warning: Unknown child stroke of gr_line.
        Warning: Unknown child stroke of gr_line.
        Warning: Unknown child stroke of gr_line.
        Warning: Unknown child stroke of gr_line.
        Warning: Unknown child stroke of gr_line.
        Warning: Unknown child stroke of gr_line.
        Warning: Unknown child 'gr_curve' of 'kicad_pcb'.
        Warning: Unknown child stroke of gr_arc.
        Warning: Unknown child stroke of gr_arc.
        Warning: Unknown child stroke of gr_arc.
        Warning: Unknown child stroke of gr_line.
        Warning: Unknown child stroke of gr_line.
        Warning: Unknown child stroke of gr_arc.
        Warning: Unknown child 'gr_curve' of 'kicad_pcb'.
        Warning: Unknown child stroke of gr_line.
        Warning: Unknown child 'gr_curve' of 'kicad_pcb'.
        Warning: Unknown child 'gr_curve' of 'kicad_pcb'.
        Warning: Unknown child 'gr_curve' of 'kicad_pcb'.
        Warning: Unknown child stroke of gr_line.
        Warning: Unknown child stroke of gr_arc.
        Warning: Unknown child stroke of gr_line.
        Warning: Unknown child stroke of gr_circle.
        Warning: Unknown child stroke of gr_line.
        Warning: Unknown child stroke of gr_arc.
        Warning: Unknown child stroke of gr_arc.
        Warning: Unknown child stroke of gr_line.
        Warning: Unknown child stroke of gr_line.
        Warning: Unknown child stroke of gr_line.
        Warning: Unknown child stroke of gr_line.
        Warning: Unknown child stroke of gr_line.
        Warning: Unknown child 'gr_curve' of 'kicad_pcb'.
        Warning: Unknown child stroke of gr_line.
        Warning: Unknown child 'gr_curve' of 'kicad_pcb'.
        Warning: Unknown child 'gr_curve' of 'kicad_pcb'.
        Warning: Unknown child 'gr_curve' of 'kicad_pcb'.
        Warning: Unknown child stroke of gr_line.
        Warning: Unknown child 'gr_curve' of 'kicad_pcb'.
        Warning: Unknown child stroke of gr_line.
        Warning: Unknown child 'gr_curve' of 'kicad_pcb'.
        Warning: Unknown child stroke of gr_line.
        Warning: Unknown child stroke of gr_circle.
        Warning: Unknown child stroke of gr_arc.
        Warning: Unknown child 'gr_curve' of 'kicad_pcb'.
        Warning: Unknown child stroke of gr_circle.
        Warning: Unknown child stroke of gr_line.
        Warning: Unknown child 'gr_curve' of 'kicad_pcb'.
        Warning: Unknown child stroke of gr_line.
        Warning: Unknown child stroke of gr_line.
        Warning: Unknown child stroke of gr_arc.
        Warning: Unknown child stroke of gr_arc.
        Warning: Unknown child stroke of gr_line.
        Warning: Unknown child stroke of gr_line.
        Warning: Unknown child stroke of gr_arc.
        Warning: Unknown child stroke of gr_line.
        Warning: Unknown child stroke of gr_line.
        Warning: Unknown child stroke of gr_arc.
        Warning: Unknown child stroke of gr_arc.
        Warning: Unknown child stroke of gr_arc.
        Warning: Unknown child stroke of gr_line.
        Warning: Unknown child stroke of gr_arc.
        Warning: Unknown child stroke of gr_arc.
        Warning: Unknown child stroke of gr_arc.
        Warning: Unknown child stroke of gr_line.
        Warning: Unknown child stroke of gr_arc.
        Warning: Unknown child stroke of gr_arc.
        Warning: Unknown child stroke of gr_line.
        Warning: Unknown child stroke of gr_arc.
        Warning: Unknown child stroke of gr_arc.
        Warning: Unknown child stroke of gr_arc.
        Warning: Unknown child stroke of gr_line.
        Warning: Unknown child stroke of gr_line.
        Warning: Unknown child stroke of gr_arc.
        Warning: Unknown child stroke of gr_arc.
        Warning: Unknown child stroke of gr_line.
    EndSection
    Section : Import Document - C:\Users\alexa\Desktop\Проекты\КАМАЗ\Силовая плата\Imported Силовая плата\Силовая плата.PcbDoc
        Error: Import is not implemented for: KiCadLib.PCB.PCBLine
        Error: Import is not implemented for: KiCadLib.PCB.PCBLine
        Error: Import is not implemented for: KiCadLib.PCB.PCBLine
        Error: Import is not implemented for: KiCadLib.PCB.PCBLine
        Error: Import is not implemented for: KiCadLib.PCB.PCBLine
        Error: Import is not implemented for: KiCadLib.PCB.PCBLine
        Error: Import is not implemented for: KiCadLib.PCB.PCBLine
        Error: Import is not implemented for: KiCadLib.PCB.PCBLine
        Error: Import is not implemented for: KiCadLib.PCB.PCBLine
        Error: Import is not implemented for: KiCadLib.PCB.PCBLine
        Error: Import is not implemented for: KiCadLib.PCB.PCBLine
        Error: Import is not implemented for: KiCadLib.PCB.PCBLine
        Error: Import is not implemented for: KiCadLib.PCB.PCBLine
        Error: Import is not implemented for: KiCadLib.PCB.PCBLine
        Error: Import is not implemented for: KiCadLib.PCB.PCBLine
        Error: Import is not implemented for: KiCadLib.PCB.PCBLine
        Error: Import is not implemented for: KiCadLib.PCB.PCBLine
        Error: Import is not implemented for: KiCadLib.PCB.PCBLine
        Error: Import is not implemented for: KiCadLib.PCB.PCBLine
        Error: Import is not implemented for: KiCadLib.PCB.PCBLine
        Error: Import is not implemented for: KiCadLib.PCB.PCBLine
        Error: Import is not implemented for: KiCadLib.PCB.PCBLine
        Error: Import is not implemented for: KiCadLib.PCB.PCBLine
        Error: Import is not implemented for: KiCadLib.PCB.PCBLine
        Error: Import is not implemented for: KiCadLib.PCB.PCBLine
        Error: Import is not implemented for: KiCadLib.PCB.PCBLine
        Error: Import is not implemented for: KiCadLib.PCB.PCBLine
        Error: Import is not implemented for: KiCadLib.PCB.PCBLine
        Error: Import is not implemented for: KiCadLib.PCB.PCBLine
        Error: Import is not implemented for: KiCadLib.PCB.PCBLine
        Error: Import is not implemented for: KiCadLib.PCB.PCBLine
        Error: Import is not implemented for: KiCadLib.PCB.PCBLine
        Error: Import is not implemented for: KiCadLib.PCB.PCBLine
        Error: Import is not implemented for: KiCadLib.PCB.PCBLine
        Error: Import is not implemented for: KiCadLib.PCB.PCBLine
        Error: Import is not implemented for: KiCadLib.PCB.PCBLine
        Error: Import is not implemented for: KiCadLib.PCB.PCBLine
        Error: Import is not implemented for: KiCadLib.PCB.PCBLine
        Error: Import is not implemented for: KiCadLib.PCB.PCBLine
        Error: Import is not implemented for: KiCadLib.PCB.PCBLine
        Error: Import is not implemented for: KiCadLib.PCB.PCBLine
        Error: Import is not implemented for: KiCadLib.PCB.PCBLine
        Error: Import is not implemented for: KiCadLib.PCB.PCBLine
        Error: Import is not implemented for: KiCadLib.PCB.PCBLine
        Error: Import is not implemented for: KiCadLib.PCB.PCBLine
        Error: Import is not implemented for: KiCadLib.PCB.PCBLine
        Error: Import is not implemented for: KiCadLib.PCB.PCBLine
        Error: Import is not implemented for: KiCadLib.PCB.PCBLine
        Error: Import is not implemented for: KiCadLib.PCB.PCBLine
        Error: Import is not implemented for: KiCadLib.PCB.PCBLine
        Error: Import is not implemented for: KiCadLib.PCB.PCBLine
        Error: Import is not implemented for: KiCadLib.PCB.PCBLine
        Error: Import is not implemented for: KiCadLib.PCB.PCBLine
        Error: Import is not implemented for: KiCadLib.PCB.PCBLine
        Error: Import is not implemented for: KiCadLib.PCB.PCBLine
        Error: Import is not implemented for: KiCadLib.PCB.PCBLine
        Error: Import is not implemented for: KiCadLib.PCB.PCBLine
        Error: Import is not implemented for: KiCadLib.PCB.PCBLine
        Error: Import is not implemented for: KiCadLib.PCB.PCBLine
        Error: Import is not implemented for: KiCadLib.PCB.PCBLine
        Error: Import is not implemented for: KiCadLib.PCB.PCBLine
        Error: Import is not implemented for: KiCadLib.PCB.PCBLine
        Error: Import is not implemented for: KiCadLib.PCB.PCBLine
        Error: Import is not implemented for: KiCadLib.PCB.PCBLine
        Error: Import is not implemented for: KiCadLib.PCB.PCBLine
        Error: Import is not implemented for: KiCadLib.PCB.PCBLine
        Error: Import is not implemented for: KiCadLib.PCB.PCBLine
        Error: Import is not implemented for: KiCadLib.PCB.PCBLine
        Error: Import is not implemented for: KiCadLib.PCB.PCBLine
        Error: Import is not implemented for: KiCadLib.PCB.PCBLine
        Error: Import is not implemented for: KiCadLib.PCB.PCBLine
        Error: Import is not implemented for: KiCadLib.PCB.PCBLine
        Error: Import is not implemented for: KiCadLib.PCB.PCBLine
        Error: Import is not implemented for: KiCadLib.PCB.PCBLine
        Error: Import is not implemented for: KiCadLib.PCB.PCBLine
        Error: Import is not implemented for: KiCadLib.PCB.PCBLine
        Error: Import is not implemented for: KiCadLib.PCB.PCBLine
        Error: Import is not implemented for: KiCadLib.PCB.PCBLine
        Error: Import is not implemented for: KiCadLib.PCB.PCBLine
        Error: Import is not implemented for: KiCadLib.PCB.PCBLine
        Error: Import is not implemented for: KiCadLib.PCB.PCBLine
        Error: Import is not implemented for: KiCadLib.PCB.PCBLine
        Error: Import is not implemented for: KiCadLib.PCB.PCBLine
        Error: Import is not implemented for: KiCadLib.PCB.PCBLine
        Error: Import is not implemented for: KiCadLib.PCB.PCBLine
        Error: Import is not implemented for: KiCadLib.PCB.PCBLine
        Error: Import is not implemented for: KiCadLib.PCB.PCBLine
        Error: Import is not implemented for: KiCadLib.PCB.PCBLine
        Error: Import is not implemented for: KiCadLib.PCB.PCBLine
        Error: Import is not implemented for: KiCadLib.PCB.PCBLine
        Error: Import is not implemented for: KiCadLib.PCB.PCBLine
        Error: Import is not implemented for: KiCadLib.PCB.PCBLine
        Error: Import is not implemented for: KiCadLib.PCB.PCBLine
        Error: Import is not implemented for: KiCadLib.PCB.PCBLine
        Error: Import is not implemented for: KiCadLib.PCB.PCBLine
        Error: Import is not implemented for: KiCadLib.PCB.PCBLine
        Error: Import is not implemented for: KiCadLib.PCB.PCBLine
        Error: Import is not implemented for: KiCadLib.PCB.PCBLine
        Error: Import is not implemented for: KiCadLib.PCB.PCBLine
        Error: Import is not implemented for: KiCadLib.PCB.PCBLine
        Error: Import is not implemented for: KiCadLib.PCB.PCBLine
        Error: Import is not implemented for: KiCadLib.PCB.PCBLine
        Error: Import is not implemented for: KiCadLib.PCB.PCBLine
        Error: Import is not implemented for: KiCadLib.PCB.PCBLine
        Error: Import is not implemented for: KiCadLib.PCB.PCBLine
        Error: Import is not implemented for: KiCadLib.PCB.PCBLine
        Error: Import is not implemented for: KiCadLib.PCB.PCBLine
        Error: Import is not implemented for: KiCadLib.PCB.PCBLine
        Error: Import is not implemented for: KiCadLib.PCB.PCBLine
        Error: Import is not implemented for: KiCadLib.PCB.PCBLine
        Error: Import is not implemented for: KiCadLib.PCB.PCBLine
        Error: Import is not implemented for: KiCadLib.PCB.PCBLine
        Error: Import is not implemented for: KiCadLib.PCB.PCBLine
        Error: Import is not implemented for: KiCadLib.PCB.PCBLine
        Error: Import is not implemented for: KiCadLib.PCB.PCBLine
        Error: Import is not implemented for: KiCadLib.PCB.PCBLine
        Error: Import is not implemented for: KiCadLib.PCB.PCBLine
        Error: Import is not implemented for: KiCadLib.PCB.PCBLine
        Error: Import is not implemented for: KiCadLib.PCB.PCBLine
        Error: Import is not implemented for: KiCadLib.PCB.PCBLine
        Error: Import is not implemented for: KiCadLib.PCB.PCBLine
        Error: Import is not implemented for: KiCadLib.PCB.PCBLine
        Error: Import is not implemented for: KiCadLib.PCB.PCBLine
        Error: Import is not implemented for: KiCadLib.PCB.PCBLine
        Error: Import is not implemented for: KiCadLib.PCB.PCBLine
        Error: Import is not implemented for: KiCadLib.PCB.PCBLine
        Error: Import is not implemented for: KiCadLib.PCB.PCBLine
        Error: Import is not implemented for: KiCadLib.PCB.PCBLine
        Error: Import is not implemented for: KiCadLib.PCB.PCBLine
        Error: Import is not implemented for: KiCadLib.PCB.PCBLine
        Error: Import is not implemented for: KiCadLib.PCB.PCBLine
        Error: Import is not implemented for: KiCadLib.PCB.PCBLine
        Error: Import is not implemented for: KiCadLib.PCB.PCBLine
        Error: Import is not implemented for: KiCadLib.PCB.PCBLine
        Error: Import is not implemented for: KiCadLib.PCB.PCBLine
        Error: Import is not implemented for: KiCadLib.PCB.PCBLine
        Error: Import is not implemented for: KiCadLib.PCB.PCBLine
        Error: Import is not implemented for: KiCadLib.PCB.PCBLine
        Error: Import is not implemented for: KiCadLib.PCB.PCBLine
        Error: Import is not implemented for: KiCadLib.PCB.PCBLine
        Error: Import is not implemented for: KiCadLib.PCB.PCBLine
        Error: Import is not implemented for: KiCadLib.PCB.PCBLine
        Error: Import is not implemented for: KiCadLib.PCB.PCBLine
        Error: Import is not implemented for: KiCadLib.PCB.PCBLine
        Error: Import is not implemented for: KiCadLib.PCB.PCBLine
        Error: Import is not implemented for: KiCadLib.PCB.PCBLine
        Error: Import is not implemented for: KiCadLib.PCB.PCBLine
        Error: Import is not implemented for: KiCadLib.PCB.PCBLine
        Error: Import is not implemented for: KiCadLib.PCB.PCBLine
        Error: Import is not implemented for: KiCadLib.PCB.PCBLine
        Error: Import is not implemented for: KiCadLib.PCB.PCBLine
        Error: Import is not implemented for: KiCadLib.PCB.PCBLine
        Error: Import is not implemented for: KiCadLib.PCB.PCBLine
        Error: Import is not implemented for: KiCadLib.PCB.PCBLine
        Error: Import is not implemented for: KiCadLib.PCB.PCBLine
        Error: Import is not implemented for: KiCadLib.PCB.PCBLine
        Error: Import is not implemented for: KiCadLib.PCB.PCBLine
        Error: Import is not implemented for: KiCadLib.PCB.PCBLine
        Error: Import is not implemented for: KiCadLib.PCB.PCBLine
        Error: Import is not implemented for: KiCadLib.PCB.PCBLine
        Error: Import is not implemented for: KiCadLib.PCB.PCBLine
        Error: Import is not implemented for: KiCadLib.PCB.PCBLine
        Error: Import is not implemented for: KiCadLib.PCB.PCBLine
        Error: Import is not implemented for: KiCadLib.PCB.PCBLine
        Error: Import is not implemented for: KiCadLib.PCB.PCBLine
        Error: Import is not implemented for: KiCadLib.PCB.PCBLine
        Error: Import is not implemented for: KiCadLib.PCB.PCBLine
        Error: Import is not implemented for: KiCadLib.PCB.PCBLine
        Error: Import is not implemented for: KiCadLib.PCB.PCBLine
        Error: Import is not implemented for: KiCadLib.PCB.PCBLine
        Error: Import is not implemented for: KiCadLib.PCB.PCBLine
        Error: Import is not implemented for: KiCadLib.PCB.PCBLine
        Error: Import is not implemented for: KiCadLib.PCB.PCBLine
        Error: Import is not implemented for: KiCadLib.PCB.PCBLine
        Error: Import is not implemented for: KiCadLib.PCB.PCBLine
        Error: Import is not implemented for: KiCadLib.PCB.PCBLine
        Error: Import is not implemented for: KiCadLib.PCB.PCBLine
        Error: Import is not implemented for: KiCadLib.PCB.PCBLine
        Error: Import is not implemented for: KiCadLib.PCB.PCBLine
        Error: Import is not implemented for: KiCadLib.PCB.PCBLine
        Error: Import is not implemented for: KiCadLib.PCB.PCBLine
        Error: Import is not implemented for: KiCadLib.PCB.PCBLine
        Error: Import is not implemented for: KiCadLib.PCB.PCBLine
        Error: Import is not implemented for: KiCadLib.PCB.PCBLine
        Error: Import is not implemented for: KiCadLib.PCB.PCBLine
        Error: Import is not implemented for: KiCadLib.PCB.PCBLine
        Error: Import is not implemented for: KiCadLib.PCB.PCBLine
        Error: Import is not implemented for: KiCadLib.PCB.PCBLine
        Error: Import is not implemented for: KiCadLib.PCB.PCBLine
        Error: Import is not implemented for: KiCadLib.PCB.PCBLine
        Error: Import is not implemented for: KiCadLib.PCB.PCBLine
        Error: Import is not implemented for: KiCadLib.PCB.PCBLine
        Error: Import is not implemented for: KiCadLib.PCB.PCBLine
        Error: Import is not implemented for: KiCadLib.PCB.PCBLine
        Error: Import is not implemented for: KiCadLib.PCB.PCBLine
        Error: Import is not implemented for: KiCadLib.PCB.PCBLine
        Error: Import is not implemented for: KiCadLib.PCB.PCBLine
        Error: Import is not implemented for: KiCadLib.PCB.PCBLine
        Error: Import is not implemented for: KiCadLib.PCB.PCBLine
        Error: Import is not implemented for: KiCadLib.PCB.PCBLine
        Error: Import is not implemented for: KiCadLib.PCB.PCBLine
        Error: Import is not implemented for: KiCadLib.PCB.PCBLine
        Error: Import is not implemented for: KiCadLib.PCB.PCBLine
        Error: Import is not implemented for: KiCadLib.PCB.PCBLine
        Error: Import is not implemented for: KiCadLib.PCB.PCBLine
        Error: Import is not implemented for: KiCadLib.PCB.PCBLine
        Error: Import is not implemented for: KiCadLib.PCB.PCBLine
        Error: Import is not implemented for: KiCadLib.PCB.PCBLine
        Error: Import is not implemented for: KiCadLib.PCB.PCBLine
        Error: Import is not implemented for: KiCadLib.PCB.PCBLine
        Error: Import is not implemented for: KiCadLib.PCB.PCBLine
        Error: Import is not implemented for: KiCadLib.PCB.PCBLine
        Error: Import is not implemented for: KiCadLib.PCB.PCBLine
        Error: Import is not implemented for: KiCadLib.PCB.PCBLine
        Error: Import is not implemented for: KiCadLib.PCB.PCBLine
        Error: Import is not implemented for: KiCadLib.PCB.PCBLine
        Error: Import is not implemented for: KiCadLib.PCB.PCBLine
        Error: Import is not implemented for: KiCadLib.PCB.PCBLine
        Error: Import is not implemented for: KiCadLib.PCB.PCBLine
        Error: Import is not implemented for: KiCadLib.PCB.PCBLine
        Error: Import is not implemented for: KiCadLib.PCB.PCBLine
        Error: Import is not implemented for: KiCadLib.PCB.PCBLine
        Error: Import is not implemented for: KiCadLib.PCB.PCBLine
        Error: Import is not implemented for: KiCadLib.PCB.PCBLine
        Error: Import is not implemented for: KiCadLib.PCB.PCBLine
        Error: Import is not implemented for: KiCadLib.PCB.PCBLine
        Error: Import is not implemented for: KiCadLib.PCB.PCBLine
        Error: Import is not implemented for: KiCadLib.PCB.PCBLine
        Error: Import is not implemented for: KiCadLib.PCB.PCBLine
        Error: Import is not implemented for: KiCadLib.PCB.PCBLine
        Error: Import is not implemented for: KiCadLib.PCB.PCBLine
        Error: Import is not implemented for: KiCadLib.PCB.PCBLine
        Error: Import is not implemented for: KiCadLib.PCB.PCBLine
        Error: Import is not implemented for: KiCadLib.PCB.PCBLine
        Error: Import is not implemented for: KiCadLib.PCB.PCBLine
        Error: Import is not implemented for: KiCadLib.PCB.PCBLine
        Error: Import is not implemented for: KiCadLib.PCB.PCBLine
        Error: Import is not implemented for: KiCadLib.PCB.PCBLine
        Error: Import is not implemented for: KiCadLib.PCB.PCBLine
        Error: Import is not implemented for: KiCadLib.PCB.PCBLine
        Error: Import is not implemented for: KiCadLib.PCB.PCBLine
        Error: Import is not implemented for: KiCadLib.PCB.PCBLine
        Error: Import is not implemented for: KiCadLib.PCB.PCBLine
        Error: Import is not implemented for: KiCadLib.PCB.PCBLine
        Error: Import is not implemented for: KiCadLib.PCB.PCBLine
        Error: Import is not implemented for: KiCadLib.PCB.PCBLine
        Error: Import is not implemented for: KiCadLib.PCB.PCBLine
        Error: Import is not implemented for: KiCadLib.PCB.PCBLine
        Error: Import is not implemented for: KiCadLib.PCB.PCBLine
        Error: Import is not implemented for: KiCadLib.PCB.PCBLine
        Error: Import is not implemented for: KiCadLib.PCB.PCBLine
        Error: Import is not implemented for: KiCadLib.PCB.PCBLine
        Error: Import is not implemented for: KiCadLib.PCB.PCBLine
        Error: Import is not implemented for: KiCadLib.PCB.PCBLine
        Error: Import is not implemented for: KiCadLib.PCB.PCBLine
        Error: Import is not implemented for: KiCadLib.PCB.PCBLine
        Error: Import is not implemented for: KiCadLib.PCB.PCBLine
        Error: Import is not implemented for: KiCadLib.PCB.PCBLine
        Error: Import is not implemented for: KiCadLib.PCB.PCBLine
        Error: Import is not implemented for: KiCadLib.PCB.PCBLine
        Error: Import is not implemented for: KiCadLib.PCB.PCBLine
        Error: Import is not implemented for: KiCadLib.PCB.PCBLine
        Error: Import is not implemented for: KiCadLib.PCB.PCBLine
        Error: Import is not implemented for: KiCadLib.PCB.PCBLine
        Error: Import is not implemented for: KiCadLib.PCB.PCBLine
        Error: Import is not implemented for: KiCadLib.PCB.PCBLine
        Error: Import is not implemented for: KiCadLib.PCB.PCBLine
        Error: Import is not implemented for: KiCadLib.PCB.PCBLine
        Error: Import is not implemented for: KiCadLib.PCB.PCBLine
        Error: Import is not implemented for: KiCadLib.PCB.PCBLine
        Error: Import is not implemented for: KiCadLib.PCB.PCBLine
        Error: Import is not implemented for: KiCadLib.PCB.PCBLine
        Error: Import is not implemented for: KiCadLib.PCB.PCBLine
        Error: Import is not implemented for: KiCadLib.PCB.PCBLine
        Error: Import is not implemented for: KiCadLib.PCB.PCBLine
        Error: Import is not implemented for: KiCadLib.PCB.PCBLine
        Error: Import is not implemented for: KiCadLib.PCB.PCBLine
        Error: Import is not implemented for: KiCadLib.PCB.PCBLine
        Error: Import is not implemented for: KiCadLib.PCB.PCBLine
        Error: Import is not implemented for: KiCadLib.PCB.PCBLine
        Error: Import is not implemented for: KiCadLib.PCB.PCBLine
        Error: Import is not implemented for: KiCadLib.PCB.PCBLine
        Error: Import is not implemented for: KiCadLib.PCB.PCBLine
        Error: Import is not implemented for: KiCadLib.PCB.PCBLine
        Error: Import is not implemented for: KiCadLib.PCB.PCBLine
        Error: Import is not implemented for: KiCadLib.PCB.PCBLine
        Error: Import is not implemented for: KiCadLib.PCB.PCBLine
        Error: Import is not implemented for: KiCadLib.PCB.PCBLine
        Error: Import is not implemented for: KiCadLib.PCB.PCBLine
        Error: Import is not implemented for: KiCadLib.PCB.PCBLine
        Error: Import is not implemented for: KiCadLib.PCB.PCBLine
        Error: Import is not implemented for: KiCadLib.PCB.PCBLine
        Error: Import is not implemented for: KiCadLib.PCB.PCBLine
        Error: Import is not implemented for: KiCadLib.PCB.PCBLine
        Error: Import is not implemented for: KiCadLib.PCB.PCBLine
        Error: Import is not implemented for: KiCadLib.PCB.PCBLine
        Error: Import is not implemented for: KiCadLib.PCB.PCBLine
        Error: Import is not implemented for: KiCadLib.PCB.PCBLine
        Error: Import is not implemented for: KiCadLib.PCB.PCBLine
        Error: Import is not implemented for: KiCadLib.PCB.PCBLine
        Error: Import is not implemented for: KiCadLib.PCB.PCBLine
        Error: Import is not implemented for: KiCadLib.PCB.PCBLine
        Error: Import is not implemented for: KiCadLib.PCB.PCBLine
        Error: Import is not implemented for: KiCadLib.PCB.PCBLine
        Error: Import is not implemented for: KiCadLib.PCB.PCBLine
        Error: Import is not implemented for: KiCadLib.PCB.PCBLine
        Error: Import is not implemented for: KiCadLib.PCB.PCBLine
        Error: Import is not implemented for: KiCadLib.PCB.PCBLine
        Error: Import is not implemented for: KiCadLib.PCB.PCBLine
        Error: Import is not implemented for: KiCadLib.PCB.PCBLine
        Error: Import is not implemented for: KiCadLib.PCB.PCBLine
        Error: Import is not implemented for: KiCadLib.PCB.PCBLine
        Error: Import is not implemented for: KiCadLib.PCB.PCBLine
        Error: Import is not implemented for: KiCadLib.PCB.PCBLine
        Error: Import is not implemented for: KiCadLib.PCB.PCBLine
        Error: Import is not implemented for: KiCadLib.PCB.PCBLine
        Error: Import is not implemented for: KiCadLib.PCB.PCBLine
        Error: Import is not implemented for: KiCadLib.PCB.PCBLine
        Error: Import is not implemented for: KiCadLib.PCB.PCBLine
        Error: Import is not implemented for: KiCadLib.PCB.PCBLine
        Error: Import is not implemented for: KiCadLib.PCB.PCBLine
        Error: Import is not implemented for: KiCadLib.PCB.PCBLine
        Error: Import is not implemented for: KiCadLib.PCB.PCBLine
        Error: Import is not implemented for: KiCadLib.PCB.PCBLine
        Error: Import is not implemented for: KiCadLib.PCB.PCBLine
        Error: Import is not implemented for: KiCadLib.PCB.PCBLine
        Error: Import is not implemented for: KiCadLib.PCB.PCBLine
        Error: Import is not implemented for: KiCadLib.PCB.PCBLine
        Error: Import is not implemented for: KiCadLib.PCB.PCBLine
        Error: Import is not implemented for: KiCadLib.PCB.PCBLine
        Error: Import is not implemented for: KiCadLib.PCB.PCBLine
        Error: Import is not implemented for: KiCadLib.PCB.PCBLine
        Error: Import is not implemented for: KiCadLib.PCB.PCBLine
        Error: Import is not implemented for: KiCadLib.PCB.PCBLine
        Error: Import is not implemented for: KiCadLib.PCB.PCBLine
        Error: Import is not implemented for: KiCadLib.PCB.PCBLine
        Error: Import is not implemented for: KiCadLib.PCB.PCBLine
        Error: Import is not implemented for: KiCadLib.PCB.PCBLine
        Error: Import is not implemented for: KiCadLib.PCB.PCBLine
        Error: Import is not implemented for: KiCadLib.PCB.PCBLine
        Error: Import is not implemented for: KiCadLib.PCB.PCBLine
        Error: Import is not implemented for: KiCadLib.PCB.PCBLine
        Error: Import is not implemented for: KiCadLib.PCB.PCBLine
        Section : Component C14 importing.
            Error: Import is not implemented for: KiCadLib.PCB.PCBLine
            Error: Import is not implemented for: KiCadLib.PCB.PCBLine
            Error: Import is not implemented for: KiCadLib.PCB.PCBLine
            Error: Import is not implemented for: KiCadLib.PCB.PCBLine
            Error: Import is not implemented for: KiCadLib.PCB.PCBLine
            Error: Import is not implemented for: KiCadLib.PCB.PCBLine
            Error: Import is not implemented for: KiCadLib.PCB.PCBLine
            Error: Import is not implemented for: KiCadLib.PCB.PCBLine
            Error: Import is not implemented for: KiCadLib.PCB.PCBLine
            Error: Import is not implemented for: KiCadLib.PCB.PCBLine
        EndSection
        Section : Component J8 importing.
        EndSection
        Section : Component J4 importing.
        EndSection
        Section : Component J1 importing.
        EndSection
        Section : Component J2 importing.
        EndSection
        Section : Component C26 importing.
            Error: Import is not implemented for: KiCadLib.PCB.PCBLine
            Error: Import is not implemented for: KiCadLib.PCB.PCBLine
            Error: Import is not implemented for: KiCadLib.PCB.PCBLine
            Error: Import is not implemented for: KiCadLib.PCB.PCBLine
            Error: Import is not implemented for: KiCadLib.PCB.PCBLine
            Error: Import is not implemented for: KiCadLib.PCB.PCBLine
            Error: Import is not implemented for: KiCadLib.PCB.PCBLine
            Error: Import is not implemented for: KiCadLib.PCB.PCBLine
            Error: Import is not implemented for: KiCadLib.PCB.PCBLine
            Error: Import is not implemented for: KiCadLib.PCB.PCBLine
        EndSection
        Section : Component Q6 importing.
            Error: Import is not implemented for: KiCadLib.PCB.PCBLine
            Error: Import is not implemented for: KiCadLib.PCB.PCBLine
            Error: Import is not implemented for: KiCadLib.PCB.PCBLine
            Error: Import is not implemented for: KiCadLib.PCB.PCBLine
            Error: Import is not implemented for: KiCadLib.PCB.PCBLine
            Error: Import is not implemented for: KiCadLib.PCB.PCBLine
            Error: Import is not implemented for: KiCadLib.PCB.PCBLine
            Error: Import is not implemented for: KiCadLib.PCB.PCBLine
            Error: Import is not implemented for: KiCadLib.PCB.PCBLine
            Error: Import is not implemented for: KiCadLib.PCB.PCBLine
            Error: Import is not implemented for: KiCadLib.PCB.PCBLine
            Error: Import is not implemented for: KiCadLib.PCB.PCBLine
            Error: Import is not implemented for: KiCadLib.PCB.PCBLine
            Error: Import is not implemented for: KiCadLib.PCB.PCBLine
            Error: Import is not implemented for: KiCadLib.PCB.PCBLine
            Error: Import is not implemented for: KiCadLib.PCB.PCBLine
            Error: Import is not implemented for: KiCadLib.PCB.PCBLine
        EndSection
        Section : Component C47 importing.
            Error: Import is not implemented for: KiCadLib.PCB.PCBLine
            Error: Import is not implemented for: KiCadLib.PCB.PCBLine
            Error: Import is not implemented for: KiCadLib.PCB.PCBLine
            Error: Import is not implemented for: KiCadLib.PCB.PCBLine
            Error: Import is not implemented for: KiCadLib.PCB.PCBLine
            Error: Import is not implemented for: KiCadLib.PCB.PCBLine
            Error: Import is not implemented for: KiCadLib.PCB.PCBLine
            Error: Import is not implemented for: KiCadLib.PCB.PCBLine
            Error: Import is not implemented for: KiCadLib.PCB.PCBLine
            Error: Import is not implemented for: KiCadLib.PCB.PCBLine
        EndSection
        Section : Component C25 importing.
            Error: Import is not implemented for: KiCadLib.PCB.PCBLine
            Error: Import is not implemented for: KiCadLib.PCB.PCBLine
            Error: Import is not implemented for: KiCadLib.PCB.PCBLine
            Error: Import is not implemented for: KiCadLib.PCB.PCBLine
            Error: Import is not implemented for: KiCadLib.PCB.PCBLine
            Error: Import is not implemented for: KiCadLib.PCB.PCBLine
            Error: Import is not implemented for: KiCadLib.PCB.PCBLine
            Error: Import is not implemented for: KiCadLib.PCB.PCBLine
            Error: Import is not implemented for: KiCadLib.PCB.PCBLine
            Error: Import is not implemented for: KiCadLib.PCB.PCBLine
        EndSection
        Section : Component J6 importing.
        EndSection
        Section : Component Q7 importing.
            Error: Import is not implemented for: KiCadLib.PCB.PCBLine
            Error: Import is not implemented for: KiCadLib.PCB.PCBLine
            Error: Import is not implemented for: KiCadLib.PCB.PCBLine
            Error: Import is not implemented for: KiCadLib.PCB.PCBLine
            Error: Import is not implemented for: KiCadLib.PCB.PCBLine
            Error: Import is not implemented for: KiCadLib.PCB.PCBLine
            Error: Import is not implemented for: KiCadLib.PCB.PCBLine
            Error: Import is not implemented for: KiCadLib.PCB.PCBLine
            Error: Import is not implemented for: KiCadLib.PCB.PCBLine
            Error: Import is not implemented for: KiCadLib.PCB.PCBLine
            Error: Import is not implemented for: KiCadLib.PCB.PCBLine
            Error: Import is not implemented for: KiCadLib.PCB.PCBLine
            Error: Import is not implemented for: KiCadLib.PCB.PCBLine
            Error: Import is not implemented for: KiCadLib.PCB.PCBLine
            Error: Import is not implemented for: KiCadLib.PCB.PCBLine
            Error: Import is not implemented for: KiCadLib.PCB.PCBLine
            Error: Import is not implemented for: KiCadLib.PCB.PCBLine
        EndSection
        Section : Component D2 importing.
            Error: Import is not implemented for: KiCadLib.PCB.PCBLine
            Error: Import is not implemented for: KiCadLib.PCB.PCBLine
            Error: Import is not implemented for: KiCadLib.PCB.PCBLine
            Error: Import is not implemented for: KiCadLib.PCB.PCBLine
            Error: Import is not implemented for: KiCadLib.PCB.PCBLine
            Error: Import is not implemented for: KiCadLib.PCB.PCBLine
            Error: Import is not implemented for: KiCadLib.PCB.PCBLine
            Error: Import is not implemented for: KiCadLib.PCB.PCBLine
            Error: Import is not implemented for: KiCadLib.PCB.PCBLine
            Error: Import is not implemented for: KiCadLib.PCB.PCBLine
            Error: Import is not implemented for: KiCadLib.PCB.PCBLine
            Error: Import is not implemented for: KiCadLib.PCB.PCBLine
            Error: Import is not implemented for: KiCadLib.PCB.PCBLine
        EndSection
        Section : Component C3 importing.
            Error: Import is not implemented for: KiCadLib.PCB.PCBLine
            Error: Import is not implemented for: KiCadLib.PCB.PCBLine
            Error: Import is not implemented for: KiCadLib.PCB.PCBLine
            Error: Import is not implemented for: KiCadLib.PCB.PCBLine
            Error: Import is not implemented for: KiCadLib.PCB.PCBLine
            Error: Import is not implemented for: KiCadLib.PCB.PCBLine
            Error: Import is not implemented for: KiCadLib.PCB.PCBLine
            Error: Import is not implemented for: KiCadLib.PCB.PCBLine
            Error: Import is not implemented for: KiCadLib.PCB.PCBLine
            Error: Import is not implemented for: KiCadLib.PCB.PCBLine
        EndSection
        Section : Component J7 importing.
            Error: Import is not implemented for: KiCadLib.PCB.PCBLine
            Error: Import is not implemented for: KiCadLib.PCB.PCBLine
            Error: Import is not implemented for: KiCadLib.PCB.PCBLine
            Error: Import is not implemented for: KiCadLib.PCB.PCBLine
            Error: Import is not implemented for: KiCadLib.PCB.PCBLine
            Error: Import is not implemented for: KiCadLib.PCB.PCBLine
            Error: Import is not implemented for: KiCadLib.PCB.PCBLine
            Error: Import is not implemented for: KiCadLib.PCB.PCBLine
            Error: Import is not implemented for: KiCadLib.PCB.PCBLine
            Error: Import is not implemented for: KiCadLib.PCB.PCBLine
            Error: Import is not implemented for: KiCadLib.PCB.PCBLine
            Error: Import is not implemented for: KiCadLib.PCB.PCBLine
            Error: Import is not implemented for: KiCadLib.PCB.PCBLine
            Error: Import is not implemented for: KiCadLib.PCB.PCBLine
            Error: Import is not implemented for: KiCadLib.PCB.PCBLine
            Error: Import is not implemented for: KiCadLib.PCB.PCBLine
            Error: Import is not implemented for: KiCadLib.PCB.PCBLine
        EndSection
        Section : Component J3 importing.
        EndSection
        Section : Component Q3 importing.
            Error: Import is not implemented for: KiCadLib.PCB.PCBLine
            Error: Import is not implemented for: KiCadLib.PCB.PCBLine
            Error: Import is not implemented for: KiCadLib.PCB.PCBLine
            Error: Import is not implemented for: KiCadLib.PCB.PCBLine
            Error: Import is not implemented for: KiCadLib.PCB.PCBLine
            Error: Import is not implemented for: KiCadLib.PCB.PCBLine
            Error: Import is not implemented for: KiCadLib.PCB.PCBLine
            Error: Import is not implemented for: KiCadLib.PCB.PCBLine
            Error: Import is not implemented for: KiCadLib.PCB.PCBLine
            Error: Import is not implemented for: KiCadLib.PCB.PCBLine
            Error: Import is not implemented for: KiCadLib.PCB.PCBLine
            Error: Import is not implemented for: KiCadLib.PCB.PCBLine
            Error: Import is not implemented for: KiCadLib.PCB.PCBLine
            Error: Import is not implemented for: KiCadLib.PCB.PCBLine
            Error: Import is not implemented for: KiCadLib.PCB.PCBLine
            Error: Import is not implemented for: KiCadLib.PCB.PCBLine
            Error: Import is not implemented for: KiCadLib.PCB.PCBLine
        EndSection
        Section : Component C44 importing.
            Error: Import is not implemented for: KiCadLib.PCB.PCBLine
            Error: Import is not implemented for: KiCadLib.PCB.PCBLine
            Error: Import is not implemented for: KiCadLib.PCB.PCBLine
            Error: Import is not implemented for: KiCadLib.PCB.PCBLine
            Error: Import is not implemented for: KiCadLib.PCB.PCBLine
            Error: Import is not implemented for: KiCadLib.PCB.PCBLine
            Error: Import is not implemented for: KiCadLib.PCB.PCBLine
            Error: Import is not implemented for: KiCadLib.PCB.PCBLine
            Error: Import is not implemented for: KiCadLib.PCB.PCBLine
            Error: Import is not implemented for: KiCadLib.PCB.PCBLine
            Error: Import is not implemented for: KiCadLib.PCB.PCBLine
            Error: Import is not implemented for: KiCadLib.PCB.PCBLine
            Error: Import is not implemented for: KiCadLib.PCB.PCBLine
            Error: Import is not implemented for: KiCadLib.PCB.PCBLine
        EndSection
        Section : Component D3 importing.
            Error: Import is not implemented for: KiCadLib.PCB.PCBLine
            Error: Import is not implemented for: KiCadLib.PCB.PCBLine
            Error: Import is not implemented for: KiCadLib.PCB.PCBLine
            Error: Import is not implemented for: KiCadLib.PCB.PCBLine
            Error: Import is not implemented for: KiCadLib.PCB.PCBLine
            Error: Import is not implemented for: KiCadLib.PCB.PCBLine
            Error: Import is not implemented for: KiCadLib.PCB.PCBLine
            Error: Import is not implemented for: KiCadLib.PCB.PCBLine
            Error: Import is not implemented for: KiCadLib.PCB.PCBLine
            Error: Import is not implemented for: KiCadLib.PCB.PCBLine
            Error: Import is not implemented for: KiCadLib.PCB.PCBLine
            Error: Import is not implemented for: KiCadLib.PCB.PCBLine
            Error: Import is not implemented for: KiCadLib.PCB.PCBLine
        EndSection
        Section : Component C29 importing.
            Error: Import is not implemented for: KiCadLib.PCB.PCBLine
            Error: Import is not implemented for: KiCadLib.PCB.PCBLine
            Error: Import is not implemented for: KiCadLib.PCB.PCBLine
            Error: Import is not implemented for: KiCadLib.PCB.PCBLine
            Error: Import is not implemented for: KiCadLib.PCB.PCBLine
            Error: Import is not implemented for: KiCadLib.PCB.PCBLine
            Error: Import is not implemented for: KiCadLib.PCB.PCBLine
            Error: Import is not implemented for: KiCadLib.PCB.PCBLine
            Error: Import is not implemented for: KiCadLib.PCB.PCBLine
            Error: Import is not implemented for: KiCadLib.PCB.PCBLine
        EndSection
        Section : Component C48 importing.
            Error: Import is not implemented for: KiCadLib.PCB.PCBLine
            Error: Import is not implemented for: KiCadLib.PCB.PCBLine
            Error: Import is not implemented for: KiCadLib.PCB.PCBLine
            Error: Import is not implemented for: KiCadLib.PCB.PCBLine
            Error: Import is not implemented for: KiCadLib.PCB.PCBLine
            Error: Import is not implemented for: KiCadLib.PCB.PCBLine
            Error: Import is not implemented for: KiCadLib.PCB.PCBLine
            Error: Import is not implemented for: KiCadLib.PCB.PCBLine
            Error: Import is not implemented for: KiCadLib.PCB.PCBLine
            Error: Import is not implemented for: KiCadLib.PCB.PCBLine
        EndSection
        Section : Component J5 importing.
        EndSection
        Section : Component C5 importing.
            Error: Import is not implemented for: KiCadLib.PCB.PCBLine
            Error: Import is not implemented for: KiCadLib.PCB.PCBLine
            Error: Import is not implemented for: KiCadLib.PCB.PCBLine
            Error: Import is not implemented for: KiCadLib.PCB.PCBLine
            Error: Import is not implemented for: KiCadLib.PCB.PCBLine
            Error: Import is not implemented for: KiCadLib.PCB.PCBLine
            Error: Import is not implemented for: KiCadLib.PCB.PCBLine
            Error: Import is not implemented for: KiCadLib.PCB.PCBLine
            Error: Import is not implemented for: KiCadLib.PCB.PCBLine
            Error: Import is not implemented for: KiCadLib.PCB.PCBLine
        EndSection
        Section : Component R1 importing.
            Error: Import is not implemented for: KiCadLib.PCB.PCBLine
            Error: Import is not implemented for: KiCadLib.PCB.PCBLine
            Error: Import is not implemented for: KiCadLib.PCB.PCBLine
            Error: Import is not implemented for: KiCadLib.PCB.PCBLine
            Error: Import is not implemented for: KiCadLib.PCB.PCBLine
            Error: Import is not implemented for: KiCadLib.PCB.PCBLine
            Error: Import is not implemented for: KiCadLib.PCB.PCBLine
            Error: Import is not implemented for: KiCadLib.PCB.PCBLine
            Error: Import is not implemented for: KiCadLib.PCB.PCBLine
            Error: Import is not implemented for: KiCadLib.PCB.PCBLine
        EndSection
        Section : Component H1 importing.
        EndSection
        Section : Component Q5 importing.
            Error: Import is not implemented for: KiCadLib.PCB.PCBLine
            Error: Import is not implemented for: KiCadLib.PCB.PCBLine
            Error: Import is not implemented for: KiCadLib.PCB.PCBLine
            Error: Import is not implemented for: KiCadLib.PCB.PCBLine
            Error: Import is not implemented for: KiCadLib.PCB.PCBLine
            Error: Import is not implemented for: KiCadLib.PCB.PCBLine
            Error: Import is not implemented for: KiCadLib.PCB.PCBLine
            Error: Import is not implemented for: KiCadLib.PCB.PCBLine
            Error: Import is not implemented for: KiCadLib.PCB.PCBLine
            Error: Import is not implemented for: KiCadLib.PCB.PCBLine
            Error: Import is not implemented for: KiCadLib.PCB.PCBLine
            Error: Import is not implemented for: KiCadLib.PCB.PCBLine
            Error: Import is not implemented for: KiCadLib.PCB.PCBLine
            Error: Import is not implemented for: KiCadLib.PCB.PCBLine
            Error: Import is not implemented for: KiCadLib.PCB.PCBLine
            Error: Import is not implemented for: KiCadLib.PCB.PCBLine
            Error: Import is not implemented for: KiCadLib.PCB.PCBLine
        EndSection
        Section : Component Q4 importing.
            Error: Import is not implemented for: KiCadLib.PCB.PCBLine
            Error: Import is not implemented for: KiCadLib.PCB.PCBLine
            Error: Import is not implemented for: KiCadLib.PCB.PCBLine
            Error: Import is not implemented for: KiCadLib.PCB.PCBLine
            Error: Import is not implemented for: KiCadLib.PCB.PCBLine
            Error: Import is not implemented for: KiCadLib.PCB.PCBLine
            Error: Import is not implemented for: KiCadLib.PCB.PCBLine
            Error: Import is not implemented for: KiCadLib.PCB.PCBLine
            Error: Import is not implemented for: KiCadLib.PCB.PCBLine
            Error: Import is not implemented for: KiCadLib.PCB.PCBLine
            Error: Import is not implemented for: KiCadLib.PCB.PCBLine
            Error: Import is not implemented for: KiCadLib.PCB.PCBLine
            Error: Import is not implemented for: KiCadLib.PCB.PCBLine
            Error: Import is not implemented for: KiCadLib.PCB.PCBLine
            Error: Import is not implemented for: KiCadLib.PCB.PCBLine
            Error: Import is not implemented for: KiCadLib.PCB.PCBLine
            Error: Import is not implemented for: KiCadLib.PCB.PCBLine
        EndSection
        Section : Component D1 importing.
            Error: Import is not implemented for: KiCadLib.PCB.PCBLine
            Error: Import is not implemented for: KiCadLib.PCB.PCBLine
            Error: Import is not implemented for: KiCadLib.PCB.PCBLine
            Error: Import is not implemented for: KiCadLib.PCB.PCBLine
            Error: Import is not implemented for: KiCadLib.PCB.PCBLine
            Error: Import is not implemented for: KiCadLib.PCB.PCBLine
            Error: Import is not implemented for: KiCadLib.PCB.PCBLine
            Error: Import is not implemented for: KiCadLib.PCB.PCBLine
            Error: Import is not implemented for: KiCadLib.PCB.PCBLine
            Error: Import is not implemented for: KiCadLib.PCB.PCBLine
            Error: Import is not implemented for: KiCadLib.PCB.PCBLine
            Error: Import is not implemented for: KiCadLib.PCB.PCBLine
            Error: Import is not implemented for: KiCadLib.PCB.PCBLine
            Error: Import is not implemented for: KiCadLib.PCB.PCBLine
            Error: Import is not implemented for: KiCadLib.PCB.PCBLine
            Error: Import is not implemented for: KiCadLib.PCB.PCBLine
            Error: Import is not implemented for: KiCadLib.PCB.PCBLine
            Error: Import is not implemented for: KiCadLib.PCB.PCBLine
        EndSection
        Section : Component C10 importing.
            Error: Import is not implemented for: KiCadLib.PCB.PCBLine
            Error: Import is not implemented for: KiCadLib.PCB.PCBLine
            Error: Import is not implemented for: KiCadLib.PCB.PCBLine
            Error: Import is not implemented for: KiCadLib.PCB.PCBLine
            Error: Import is not implemented for: KiCadLib.PCB.PCBLine
            Error: Import is not implemented for: KiCadLib.PCB.PCBLine
            Error: Import is not implemented for: KiCadLib.PCB.PCBLine
            Error: Import is not implemented for: KiCadLib.PCB.PCBLine
            Error: Import is not implemented for: KiCadLib.PCB.PCBLine
            Error: Import is not implemented for: KiCadLib.PCB.PCBLine
        EndSection
        Section : Component C45 importing.
            Error: Import is not implemented for: KiCadLib.PCB.PCBLine
            Error: Import is not implemented for: KiCadLib.PCB.PCBLine
            Error: Import is not implemented for: KiCadLib.PCB.PCBLine
            Error: Import is not implemented for: KiCadLib.PCB.PCBLine
            Error: Import is not implemented for: KiCadLib.PCB.PCBLine
            Error: Import is not implemented for: KiCadLib.PCB.PCBLine
            Error: Import is not implemented for: KiCadLib.PCB.PCBLine
            Error: Import is not implemented for: KiCadLib.PCB.PCBLine
            Error: Import is not implemented for: KiCadLib.PCB.PCBLine
            Error: Import is not implemented for: KiCadLib.PCB.PCBLine
            Error: Import is not implemented for: KiCadLib.PCB.PCBLine
            Error: Import is not implemented for: KiCadLib.PCB.PCBLine
            Error: Import is not implemented for: KiCadLib.PCB.PCBLine
            Error: Import is not implemented for: KiCadLib.PCB.PCBLine
        EndSection
        Section : Component C17 importing.
            Error: Import is not implemented for: KiCadLib.PCB.PCBLine
            Error: Import is not implemented for: KiCadLib.PCB.PCBLine
            Error: Import is not implemented for: KiCadLib.PCB.PCBLine
            Error: Import is not implemented for: KiCadLib.PCB.PCBLine
            Error: Import is not implemented for: KiCadLib.PCB.PCBLine
            Error: Import is not implemented for: KiCadLib.PCB.PCBLine
            Error: Import is not implemented for: KiCadLib.PCB.PCBLine
            Error: Import is not implemented for: KiCadLib.PCB.PCBLine
            Error: Import is not implemented for: KiCadLib.PCB.PCBLine
            Error: Import is not implemented for: KiCadLib.PCB.PCBLine
        EndSection
        Section : Component C46 importing.
            Error: Import is not implemented for: KiCadLib.PCB.PCBLine
            Error: Import is not implemented for: KiCadLib.PCB.PCBLine
            Error: Import is not implemented for: KiCadLib.PCB.PCBLine
            Error: Import is not implemented for: KiCadLib.PCB.PCBLine
            Error: Import is not implemented for: KiCadLib.PCB.PCBLine
            Error: Import is not implemented for: KiCadLib.PCB.PCBLine
            Error: Import is not implemented for: KiCadLib.PCB.PCBLine
            Error: Import is not implemented for: KiCadLib.PCB.PCBLine
            Error: Import is not implemented for: KiCadLib.PCB.PCBLine
            Error: Import is not implemented for: KiCadLib.PCB.PCBLine
        EndSection
        Section : Component R2 importing.
            Error: Import is not implemented for: KiCadLib.PCB.PCBLine
            Error: Import is not implemented for: KiCadLib.PCB.PCBLine
            Error: Import is not implemented for: KiCadLib.PCB.PCBLine
            Error: Import is not implemented for: KiCadLib.PCB.PCBLine
            Error: Import is not implemented for: KiCadLib.PCB.PCBLine
            Error: Import is not implemented for: KiCadLib.PCB.PCBLine
            Error: Import is not implemented for: KiCadLib.PCB.PCBLine
            Error: Import is not implemented for: KiCadLib.PCB.PCBLine
            Error: Import is not implemented for: KiCadLib.PCB.PCBLine
            Error: Import is not implemented for: KiCadLib.PCB.PCBLine
        EndSection
        Section : Component Q2 importing.
            Error: Import is not implemented for: KiCadLib.PCB.PCBLine
            Error: Import is not implemented for: KiCadLib.PCB.PCBLine
            Error: Import is not implemented for: KiCadLib.PCB.PCBLine
            Error: Import is not implemented for: KiCadLib.PCB.PCBLine
            Error: Import is not implemented for: KiCadLib.PCB.PCBLine
            Error: Import is not implemented for: KiCadLib.PCB.PCBLine
            Error: Import is not implemented for: KiCadLib.PCB.PCBLine
            Error: Import is not implemented for: KiCadLib.PCB.PCBLine
            Error: Import is not implemented for: KiCadLib.PCB.PCBLine
            Error: Import is not implemented for: KiCadLib.PCB.PCBLine
            Error: Import is not implemented for: KiCadLib.PCB.PCBLine
            Error: Import is not implemented for: KiCadLib.PCB.PCBLine
            Error: Import is not implemented for: KiCadLib.PCB.PCBLine
            Error: Import is not implemented for: KiCadLib.PCB.PCBLine
            Error: Import is not implemented for: KiCadLib.PCB.PCBLine
            Error: Import is not implemented for: KiCadLib.PCB.PCBLine
            Error: Import is not implemented for: KiCadLib.PCB.PCBLine
        EndSection
        Section : Component H2 importing.
        EndSection
        Section : Component Q1 importing.
            Error: Import is not implemented for: KiCadLib.PCB.PCBLine
            Error: Import is not implemented for: KiCadLib.PCB.PCBLine
            Error: Import is not implemented for: KiCadLib.PCB.PCBLine
            Error: Import is not implemented for: KiCadLib.PCB.PCBLine
            Error: Import is not implemented for: KiCadLib.PCB.PCBLine
            Error: Import is not implemented for: KiCadLib.PCB.PCBLine
            Error: Import is not implemented for: KiCadLib.PCB.PCBLine
            Error: Import is not implemented for: KiCadLib.PCB.PCBLine
            Error: Import is not implemented for: KiCadLib.PCB.PCBLine
            Error: Import is not implemented for: KiCadLib.PCB.PCBLine
            Error: Import is not implemented for: KiCadLib.PCB.PCBLine
            Error: Import is not implemented for: KiCadLib.PCB.PCBLine
            Error: Import is not implemented for: KiCadLib.PCB.PCBLine
            Error: Import is not implemented for: KiCadLib.PCB.PCBLine
            Error: Import is not implemented for: KiCadLib.PCB.PCBLine
            Error: Import is not implemented for: KiCadLib.PCB.PCBLine
            Error: Import is not implemented for: KiCadLib.PCB.PCBLine
        EndSection
        Section : Component C11 importing.
            Error: Import is not implemented for: KiCadLib.PCB.PCBLine
            Error: Import is not implemented for: KiCadLib.PCB.PCBLine
            Error: Import is not implemented for: KiCadLib.PCB.PCBLine
            Error: Import is not implemented for: KiCadLib.PCB.PCBLine
            Error: Import is not implemented for: KiCadLib.PCB.PCBLine
            Error: Import is not implemented for: KiCadLib.PCB.PCBLine
            Error: Import is not implemented for: KiCadLib.PCB.PCBLine
            Error: Import is not implemented for: KiCadLib.PCB.PCBLine
            Error: Import is not implemented for: KiCadLib.PCB.PCBLine
            Error: Import is not implemented for: KiCadLib.PCB.PCBLine
        EndSection
        Section : Component D4 importing.
            Error: Import is not implemented for: KiCadLib.PCB.PCBLine
            Error: Import is not implemented for: KiCadLib.PCB.PCBLine
            Error: Import is not implemented for: KiCadLib.PCB.PCBLine
            Error: Import is not implemented for: KiCadLib.PCB.PCBLine
            Error: Import is not implemented for: KiCadLib.PCB.PCBLine
            Error: Import is not implemented for: KiCadLib.PCB.PCBLine
            Error: Import is not implemented for: KiCadLib.PCB.PCBLine
            Error: Import is not implemented for: KiCadLib.PCB.PCBLine
            Error: Import is not implemented for: KiCadLib.PCB.PCBLine
            Error: Import is not implemented for: KiCadLib.PCB.PCBLine
            Error: Import is not implemented for: KiCadLib.PCB.PCBLine
            Error: Import is not implemented for: KiCadLib.PCB.PCBLine
            Error: Import is not implemented for: KiCadLib.PCB.PCBLine
        EndSection
        Section : Component C6 importing.
            Error: Import is not implemented for: KiCadLib.PCB.PCBLine
            Error: Import is not implemented for: KiCadLib.PCB.PCBLine
            Error: Import is not implemented for: KiCadLib.PCB.PCBLine
            Error: Import is not implemented for: KiCadLib.PCB.PCBLine
            Error: Import is not implemented for: KiCadLib.PCB.PCBLine
            Error: Import is not implemented for: KiCadLib.PCB.PCBLine
            Error: Import is not implemented for: KiCadLib.PCB.PCBLine
            Error: Import is not implemented for: KiCadLib.PCB.PCBLine
            Error: Import is not implemented for: KiCadLib.PCB.PCBLine
            Error: Import is not implemented for: KiCadLib.PCB.PCBLine
        EndSection
        Section : Component C4 importing.
            Error: Import is not implemented for: KiCadLib.PCB.PCBLine
            Error: Import is not implemented for: KiCadLib.PCB.PCBLine
            Error: Import is not implemented for: KiCadLib.PCB.PCBLine
            Error: Import is not implemented for: KiCadLib.PCB.PCBLine
            Error: Import is not implemented for: KiCadLib.PCB.PCBLine
            Error: Import is not implemented for: KiCadLib.PCB.PCBLine
            Error: Import is not implemented for: KiCadLib.PCB.PCBLine
            Error: Import is not implemented for: KiCadLib.PCB.PCBLine
            Error: Import is not implemented for: KiCadLib.PCB.PCBLine
            Error: Import is not implemented for: KiCadLib.PCB.PCBLine
        EndSection
        Section : Component C39 importing.
            Error: Import is not implemented for: KiCadLib.PCB.PCBLine
            Error: Import is not implemented for: KiCadLib.PCB.PCBLine
            Error: Import is not implemented for: KiCadLib.PCB.PCBLine
            Error: Import is not implemented for: KiCadLib.PCB.PCBLine
            Error: Import is not implemented for: KiCadLib.PCB.PCBLine
            Error: Import is not implemented for: KiCadLib.PCB.PCBLine
            Error: Import is not implemented for: KiCadLib.PCB.PCBLine
            Error: Import is not implemented for: KiCadLib.PCB.PCBLine
            Error: Import is not implemented for: KiCadLib.PCB.PCBLine
            Error: Import is not implemented for: KiCadLib.PCB.PCBLine
        EndSection
        Section : Component C9 importing.
            Error: Import is not implemented for: KiCadLib.PCB.PCBLine
            Error: Import is not implemented for: KiCadLib.PCB.PCBLine
            Error: Import is not implemented for: KiCadLib.PCB.PCBLine
            Error: Import is not implemented for: KiCadLib.PCB.PCBLine
            Error: Import is not implemented for: KiCadLib.PCB.PCBLine
            Error: Import is not implemented for: KiCadLib.PCB.PCBLine
            Error: Import is not implemented for: KiCadLib.PCB.PCBLine
            Error: Import is not implemented for: KiCadLib.PCB.PCBLine
            Error: Import is not implemented for: KiCadLib.PCB.PCBLine
            Error: Import is not implemented for: KiCadLib.PCB.PCBLine
        EndSection
        Section : Component C21 importing.
            Error: Import is not implemented for: KiCadLib.PCB.PCBLine
            Error: Import is not implemented for: KiCadLib.PCB.PCBLine
            Error: Import is not implemented for: KiCadLib.PCB.PCBLine
            Error: Import is not implemented for: KiCadLib.PCB.PCBLine
            Error: Import is not implemented for: KiCadLib.PCB.PCBLine
            Error: Import is not implemented for: KiCadLib.PCB.PCBLine
            Error: Import is not implemented for: KiCadLib.PCB.PCBLine
            Error: Import is not implemented for: KiCadLib.PCB.PCBLine
            Error: Import is not implemented for: KiCadLib.PCB.PCBLine
            Error: Import is not implemented for: KiCadLib.PCB.PCBLine
        EndSection
        Section : Component C28 importing.
            Error: Import is not implemented for: KiCadLib.PCB.PCBLine
            Error: Import is not implemented for: KiCadLib.PCB.PCBLine
            Error: Import is not implemented for: KiCadLib.PCB.PCBLine
            Error: Import is not implemented for: KiCadLib.PCB.PCBLine
            Error: Import is not implemented for: KiCadLib.PCB.PCBLine
            Error: Import is not implemented for: KiCadLib.PCB.PCBLine
            Error: Import is not implemented for: KiCadLib.PCB.PCBLine
            Error: Import is not implemented for: KiCadLib.PCB.PCBLine
            Error: Import is not implemented for: KiCadLib.PCB.PCBLine
            Error: Import is not implemented for: KiCadLib.PCB.PCBLine
        EndSection
        Section : Component C24 importing.
            Error: Import is not implemented for: KiCadLib.PCB.PCBLine
            Error: Import is not implemented for: KiCadLib.PCB.PCBLine
            Error: Import is not implemented for: KiCadLib.PCB.PCBLine
            Error: Import is not implemented for: KiCadLib.PCB.PCBLine
            Error: Import is not implemented for: KiCadLib.PCB.PCBLine
            Error: Import is not implemented for: KiCadLib.PCB.PCBLine
            Error: Import is not implemented for: KiCadLib.PCB.PCBLine
            Error: Import is not implemented for: KiCadLib.PCB.PCBLine
            Error: Import is not implemented for: KiCadLib.PCB.PCBLine
            Error: Import is not implemented for: KiCadLib.PCB.PCBLine
        EndSection
        Section : Component C19 importing.
            Error: Import is not implemented for: KiCadLib.PCB.PCBLine
            Error: Import is not implemented for: KiCadLib.PCB.PCBLine
            Error: Import is not implemented for: KiCadLib.PCB.PCBLine
            Error: Import is not implemented for: KiCadLib.PCB.PCBLine
            Error: Import is not implemented for: KiCadLib.PCB.PCBLine
            Error: Import is not implemented for: KiCadLib.PCB.PCBLine
            Error: Import is not implemented for: KiCadLib.PCB.PCBLine
            Error: Import is not implemented for: KiCadLib.PCB.PCBLine
            Error: Import is not implemented for: KiCadLib.PCB.PCBLine
            Error: Import is not implemented for: KiCadLib.PCB.PCBLine
        EndSection
        Section : Component C12 importing.
            Error: Import is not implemented for: KiCadLib.PCB.PCBLine
            Error: Import is not implemented for: KiCadLib.PCB.PCBLine
            Error: Import is not implemented for: KiCadLib.PCB.PCBLine
            Error: Import is not implemented for: KiCadLib.PCB.PCBLine
            Error: Import is not implemented for: KiCadLib.PCB.PCBLine
            Error: Import is not implemented for: KiCadLib.PCB.PCBLine
            Error: Import is not implemented for: KiCadLib.PCB.PCBLine
            Error: Import is not implemented for: KiCadLib.PCB.PCBLine
            Error: Import is not implemented for: KiCadLib.PCB.PCBLine
            Error: Import is not implemented for: KiCadLib.PCB.PCBLine
        EndSection
        Section : Component C27 importing.
            Error: Import is not implemented for: KiCadLib.PCB.PCBLine
            Error: Import is not implemented for: KiCadLib.PCB.PCBLine
            Error: Import is not implemented for: KiCadLib.PCB.PCBLine
            Error: Import is not implemented for: KiCadLib.PCB.PCBLine
            Error: Import is not implemented for: KiCadLib.PCB.PCBLine
            Error: Import is not implemented for: KiCadLib.PCB.PCBLine
            Error: Import is not implemented for: KiCadLib.PCB.PCBLine
            Error: Import is not implemented for: KiCadLib.PCB.PCBLine
            Error: Import is not implemented for: KiCadLib.PCB.PCBLine
            Error: Import is not implemented for: KiCadLib.PCB.PCBLine
        EndSection
        Section : Component C42 importing.
            Error: Import is not implemented for: KiCadLib.PCB.PCBLine
            Error: Import is not implemented for: KiCadLib.PCB.PCBLine
            Error: Import is not implemented for: KiCadLib.PCB.PCBLine
            Error: Import is not implemented for: KiCadLib.PCB.PCBLine
            Error: Import is not implemented for: KiCadLib.PCB.PCBLine
            Error: Import is not implemented for: KiCadLib.PCB.PCBLine
            Error: Import is not implemented for: KiCadLib.PCB.PCBLine
            Error: Import is not implemented for: KiCadLib.PCB.PCBLine
            Error: Import is not implemented for: KiCadLib.PCB.PCBLine
            Error: Import is not implemented for: KiCadLib.PCB.PCBLine
        EndSection
        Section : Component C32 importing.
            Error: Import is not implemented for: KiCadLib.PCB.PCBLine
            Error: Import is not implemented for: KiCadLib.PCB.PCBLine
            Error: Import is not implemented for: KiCadLib.PCB.PCBLine
            Error: Import is not implemented for: KiCadLib.PCB.PCBLine
            Error: Import is not implemented for: KiCadLib.PCB.PCBLine
            Error: Import is not implemented for: KiCadLib.PCB.PCBLine
            Error: Import is not implemented for: KiCadLib.PCB.PCBLine
            Error: Import is not implemented for: KiCadLib.PCB.PCBLine
            Error: Import is not implemented for: KiCadLib.PCB.PCBLine
            Error: Import is not implemented for: KiCadLib.PCB.PCBLine
        EndSection
        Section : Component C41 importing.
            Error: Import is not implemented for: KiCadLib.PCB.PCBLine
            Error: Import is not implemented for: KiCadLib.PCB.PCBLine
            Error: Import is not implemented for: KiCadLib.PCB.PCBLine
            Error: Import is not implemented for: KiCadLib.PCB.PCBLine
            Error: Import is not implemented for: KiCadLib.PCB.PCBLine
            Error: Import is not implemented for: KiCadLib.PCB.PCBLine
            Error: Import is not implemented for: KiCadLib.PCB.PCBLine
            Error: Import is not implemented for: KiCadLib.PCB.PCBLine
            Error: Import is not implemented for: KiCadLib.PCB.PCBLine
            Error: Import is not implemented for: KiCadLib.PCB.PCBLine
        EndSection
        Section : Component C34 importing.
            Error: Import is not implemented for: KiCadLib.PCB.PCBLine
            Error: Import is not implemented for: KiCadLib.PCB.PCBLine
            Error: Import is not implemented for: KiCadLib.PCB.PCBLine
            Error: Import is not implemented for: KiCadLib.PCB.PCBLine
            Error: Import is not implemented for: KiCadLib.PCB.PCBLine
            Error: Import is not implemented for: KiCadLib.PCB.PCBLine
            Error: Import is not implemented for: KiCadLib.PCB.PCBLine
            Error: Import is not implemented for: KiCadLib.PCB.PCBLine
            Error: Import is not implemented for: KiCadLib.PCB.PCBLine
            Error: Import is not implemented for: KiCadLib.PCB.PCBLine
        EndSection
        Section : Component C15 importing.
            Error: Import is not implemented for: KiCadLib.PCB.PCBLine
            Error: Import is not implemented for: KiCadLib.PCB.PCBLine
            Error: Import is not implemented for: KiCadLib.PCB.PCBLine
            Error: Import is not implemented for: KiCadLib.PCB.PCBLine
            Error: Import is not implemented for: KiCadLib.PCB.PCBLine
            Error: Import is not implemented for: KiCadLib.PCB.PCBLine
            Error: Import is not implemented for: KiCadLib.PCB.PCBLine
            Error: Import is not implemented for: KiCadLib.PCB.PCBLine
            Error: Import is not implemented for: KiCadLib.PCB.PCBLine
            Error: Import is not implemented for: KiCadLib.PCB.PCBLine
        EndSection
        Section : Component C23 importing.
            Error: Import is not implemented for: KiCadLib.PCB.PCBLine
            Error: Import is not implemented for: KiCadLib.PCB.PCBLine
            Error: Import is not implemented for: KiCadLib.PCB.PCBLine
            Error: Import is not implemented for: KiCadLib.PCB.PCBLine
            Error: Import is not implemented for: KiCadLib.PCB.PCBLine
            Error: Import is not implemented for: KiCadLib.PCB.PCBLine
            Error: Import is not implemented for: KiCadLib.PCB.PCBLine
            Error: Import is not implemented for: KiCadLib.PCB.PCBLine
            Error: Import is not implemented for: KiCadLib.PCB.PCBLine
            Error: Import is not implemented for: KiCadLib.PCB.PCBLine
        EndSection
        Section : Component C13 importing.
            Error: Import is not implemented for: KiCadLib.PCB.PCBLine
            Error: Import is not implemented for: KiCadLib.PCB.PCBLine
            Error: Import is not implemented for: KiCadLib.PCB.PCBLine
            Error: Import is not implemented for: KiCadLib.PCB.PCBLine
            Error: Import is not implemented for: KiCadLib.PCB.PCBLine
            Error: Import is not implemented for: KiCadLib.PCB.PCBLine
            Error: Import is not implemented for: KiCadLib.PCB.PCBLine
            Error: Import is not implemented for: KiCadLib.PCB.PCBLine
            Error: Import is not implemented for: KiCadLib.PCB.PCBLine
            Error: Import is not implemented for: KiCadLib.PCB.PCBLine
        EndSection
        Section : Component C40 importing.
            Error: Import is not implemented for: KiCadLib.PCB.PCBLine
            Error: Import is not implemented for: KiCadLib.PCB.PCBLine
            Error: Import is not implemented for: KiCadLib.PCB.PCBLine
            Error: Import is not implemented for: KiCadLib.PCB.PCBLine
            Error: Import is not implemented for: KiCadLib.PCB.PCBLine
            Error: Import is not implemented for: KiCadLib.PCB.PCBLine
            Error: Import is not implemented for: KiCadLib.PCB.PCBLine
            Error: Import is not implemented for: KiCadLib.PCB.PCBLine
            Error: Import is not implemented for: KiCadLib.PCB.PCBLine
            Error: Import is not implemented for: KiCadLib.PCB.PCBLine
        EndSection
        Section : Component C33 importing.
            Error: Import is not implemented for: KiCadLib.PCB.PCBLine
            Error: Import is not implemented for: KiCadLib.PCB.PCBLine
            Error: Import is not implemented for: KiCadLib.PCB.PCBLine
            Error: Import is not implemented for: KiCadLib.PCB.PCBLine
            Error: Import is not implemented for: KiCadLib.PCB.PCBLine
            Error: Import is not implemented for: KiCadLib.PCB.PCBLine
            Error: Import is not implemented for: KiCadLib.PCB.PCBLine
            Error: Import is not implemented for: KiCadLib.PCB.PCBLine
            Error: Import is not implemented for: KiCadLib.PCB.PCBLine
            Error: Import is not implemented for: KiCadLib.PCB.PCBLine
        EndSection
        Section : Component C18 importing.
            Error: Import is not implemented for: KiCadLib.PCB.PCBLine
            Error: Import is not implemented for: KiCadLib.PCB.PCBLine
            Error: Import is not implemented for: KiCadLib.PCB.PCBLine
            Error: Import is not implemented for: KiCadLib.PCB.PCBLine
            Error: Import is not implemented for: KiCadLib.PCB.PCBLine
            Error: Import is not implemented for: KiCadLib.PCB.PCBLine
            Error: Import is not implemented for: KiCadLib.PCB.PCBLine
            Error: Import is not implemented for: KiCadLib.PCB.PCBLine
            Error: Import is not implemented for: KiCadLib.PCB.PCBLine
            Error: Import is not implemented for: KiCadLib.PCB.PCBLine
        EndSection
        Section : Component C38 importing.
            Error: Import is not implemented for: KiCadLib.PCB.PCBLine
            Error: Import is not implemented for: KiCadLib.PCB.PCBLine
            Error: Import is not implemented for: KiCadLib.PCB.PCBLine
            Error: Import is not implemented for: KiCadLib.PCB.PCBLine
            Error: Import is not implemented for: KiCadLib.PCB.PCBLine
            Error: Import is not implemented for: KiCadLib.PCB.PCBLine
            Error: Import is not implemented for: KiCadLib.PCB.PCBLine
            Error: Import is not implemented for: KiCadLib.PCB.PCBLine
            Error: Import is not implemented for: KiCadLib.PCB.PCBLine
            Error: Import is not implemented for: KiCadLib.PCB.PCBLine
        EndSection
        Section : Component C8 importing.
            Error: Import is not implemented for: KiCadLib.PCB.PCBLine
            Error: Import is not implemented for: KiCadLib.PCB.PCBLine
            Error: Import is not implemented for: KiCadLib.PCB.PCBLine
            Error: Import is not implemented for: KiCadLib.PCB.PCBLine
            Error: Import is not implemented for: KiCadLib.PCB.PCBLine
            Error: Import is not implemented for: KiCadLib.PCB.PCBLine
            Error: Import is not implemented for: KiCadLib.PCB.PCBLine
            Error: Import is not implemented for: KiCadLib.PCB.PCBLine
            Error: Import is not implemented for: KiCadLib.PCB.PCBLine
            Error: Import is not implemented for: KiCadLib.PCB.PCBLine
        EndSection
        Section : Component C16 importing.
            Error: Import is not implemented for: KiCadLib.PCB.PCBLine
            Error: Import is not implemented for: KiCadLib.PCB.PCBLine
            Error: Import is not implemented for: KiCadLib.PCB.PCBLine
            Error: Import is not implemented for: KiCadLib.PCB.PCBLine
            Error: Import is not implemented for: KiCadLib.PCB.PCBLine
            Error: Import is not implemented for: KiCadLib.PCB.PCBLine
            Error: Import is not implemented for: KiCadLib.PCB.PCBLine
            Error: Import is not implemented for: KiCadLib.PCB.PCBLine
            Error: Import is not implemented for: KiCadLib.PCB.PCBLine
            Error: Import is not implemented for: KiCadLib.PCB.PCBLine
        EndSection
        Section : Component C37 importing.
            Error: Import is not implemented for: KiCadLib.PCB.PCBLine
            Error: Import is not implemented for: KiCadLib.PCB.PCBLine
            Error: Import is not implemented for: KiCadLib.PCB.PCBLine
            Error: Import is not implemented for: KiCadLib.PCB.PCBLine
            Error: Import is not implemented for: KiCadLib.PCB.PCBLine
            Error: Import is not implemented for: KiCadLib.PCB.PCBLine
            Error: Import is not implemented for: KiCadLib.PCB.PCBLine
            Error: Import is not implemented for: KiCadLib.PCB.PCBLine
            Error: Import is not implemented for: KiCadLib.PCB.PCBLine
            Error: Import is not implemented for: KiCadLib.PCB.PCBLine
        EndSection
        Section : Component C43 importing.
            Error: Import is not implemented for: KiCadLib.PCB.PCBLine
            Error: Import is not implemented for: KiCadLib.PCB.PCBLine
            Error: Import is not implemented for: KiCadLib.PCB.PCBLine
            Error: Import is not implemented for: KiCadLib.PCB.PCBLine
            Error: Import is not implemented for: KiCadLib.PCB.PCBLine
            Error: Import is not implemented for: KiCadLib.PCB.PCBLine
            Error: Import is not implemented for: KiCadLib.PCB.PCBLine
            Error: Import is not implemented for: KiCadLib.PCB.PCBLine
            Error: Import is not implemented for: KiCadLib.PCB.PCBLine
            Error: Import is not implemented for: KiCadLib.PCB.PCBLine
        EndSection
        Section : Component C35 importing.
            Error: Import is not implemented for: KiCadLib.PCB.PCBLine
            Error: Import is not implemented for: KiCadLib.PCB.PCBLine
            Error: Import is not implemented for: KiCadLib.PCB.PCBLine
            Error: Import is not implemented for: KiCadLib.PCB.PCBLine
            Error: Import is not implemented for: KiCadLib.PCB.PCBLine
            Error: Import is not implemented for: KiCadLib.PCB.PCBLine
            Error: Import is not implemented for: KiCadLib.PCB.PCBLine
            Error: Import is not implemented for: KiCadLib.PCB.PCBLine
            Error: Import is not implemented for: KiCadLib.PCB.PCBLine
            Error: Import is not implemented for: KiCadLib.PCB.PCBLine
        EndSection
        Section : Component C20 importing.
            Error: Import is not implemented for: KiCadLib.PCB.PCBLine
            Error: Import is not implemented for: KiCadLib.PCB.PCBLine
            Error: Import is not implemented for: KiCadLib.PCB.PCBLine
            Error: Import is not implemented for: KiCadLib.PCB.PCBLine
            Error: Import is not implemented for: KiCadLib.PCB.PCBLine
            Error: Import is not implemented for: KiCadLib.PCB.PCBLine
            Error: Import is not implemented for: KiCadLib.PCB.PCBLine
            Error: Import is not implemented for: KiCadLib.PCB.PCBLine
            Error: Import is not implemented for: KiCadLib.PCB.PCBLine
            Error: Import is not implemented for: KiCadLib.PCB.PCBLine
        EndSection
        Section : Component C2 importing.
            Error: Import is not implemented for: KiCadLib.PCB.PCBLine
            Error: Import is not implemented for: KiCadLib.PCB.PCBLine
            Error: Import is not implemented for: KiCadLib.PCB.PCBLine
            Error: Import is not implemented for: KiCadLib.PCB.PCBLine
            Error: Import is not implemented for: KiCadLib.PCB.PCBLine
            Error: Import is not implemented for: KiCadLib.PCB.PCBLine
            Error: Import is not implemented for: KiCadLib.PCB.PCBLine
            Error: Import is not implemented for: KiCadLib.PCB.PCBLine
            Error: Import is not implemented for: KiCadLib.PCB.PCBLine
            Error: Import is not implemented for: KiCadLib.PCB.PCBLine
        EndSection
        Section : Component C22 importing.
            Error: Import is not implemented for: KiCadLib.PCB.PCBLine
            Error: Import is not implemented for: KiCadLib.PCB.PCBLine
            Error: Import is not implemented for: KiCadLib.PCB.PCBLine
            Error: Import is not implemented for: KiCadLib.PCB.PCBLine
            Error: Import is not implemented for: KiCadLib.PCB.PCBLine
            Error: Import is not implemented for: KiCadLib.PCB.PCBLine
            Error: Import is not implemented for: KiCadLib.PCB.PCBLine
            Error: Import is not implemented for: KiCadLib.PCB.PCBLine
            Error: Import is not implemented for: KiCadLib.PCB.PCBLine
            Error: Import is not implemented for: KiCadLib.PCB.PCBLine
        EndSection
        Section : Component C7 importing.
            Error: Import is not implemented for: KiCadLib.PCB.PCBLine
            Error: Import is not implemented for: KiCadLib.PCB.PCBLine
            Error: Import is not implemented for: KiCadLib.PCB.PCBLine
            Error: Import is not implemented for: KiCadLib.PCB.PCBLine
            Error: Import is not implemented for: KiCadLib.PCB.PCBLine
            Error: Import is not implemented for: KiCadLib.PCB.PCBLine
            Error: Import is not implemented for: KiCadLib.PCB.PCBLine
            Error: Import is not implemented for: KiCadLib.PCB.PCBLine
            Error: Import is not implemented for: KiCadLib.PCB.PCBLine
            Error: Import is not implemented for: KiCadLib.PCB.PCBLine
        EndSection
        Section : Component C1 importing.
            Error: Import is not implemented for: KiCadLib.PCB.PCBLine
            Error: Import is not implemented for: KiCadLib.PCB.PCBLine
            Error: Import is not implemented for: KiCadLib.PCB.PCBLine
            Error: Import is not implemented for: KiCadLib.PCB.PCBLine
            Error: Import is not implemented for: KiCadLib.PCB.PCBLine
            Error: Import is not implemented for: KiCadLib.PCB.PCBLine
            Error: Import is not implemented for: KiCadLib.PCB.PCBLine
            Error: Import is not implemented for: KiCadLib.PCB.PCBLine
            Error: Import is not implemented for: KiCadLib.PCB.PCBLine
            Error: Import is not implemented for: KiCadLib.PCB.PCBLine
        EndSection
        Section : Component C36 importing.
            Error: Import is not implemented for: KiCadLib.PCB.PCBLine
            Error: Import is not implemented for: KiCadLib.PCB.PCBLine
            Error: Import is not implemented for: KiCadLib.PCB.PCBLine
            Error: Import is not implemented for: KiCadLib.PCB.PCBLine
            Error: Import is not implemented for: KiCadLib.PCB.PCBLine
            Error: Import is not implemented for: KiCadLib.PCB.PCBLine
            Error: Import is not implemented for: KiCadLib.PCB.PCBLine
            Error: Import is not implemented for: KiCadLib.PCB.PCBLine
            Error: Import is not implemented for: KiCadLib.PCB.PCBLine
            Error: Import is not implemented for: KiCadLib.PCB.PCBLine
        EndSection
        Section : Component C31 importing.
            Error: Import is not implemented for: KiCadLib.PCB.PCBLine
            Error: Import is not implemented for: KiCadLib.PCB.PCBLine
            Error: Import is not implemented for: KiCadLib.PCB.PCBLine
            Error: Import is not implemented for: KiCadLib.PCB.PCBLine
            Error: Import is not implemented for: KiCadLib.PCB.PCBLine
            Error: Import is not implemented for: KiCadLib.PCB.PCBLine
            Error: Import is not implemented for: KiCadLib.PCB.PCBLine
            Error: Import is not implemented for: KiCadLib.PCB.PCBLine
            Error: Import is not implemented for: KiCadLib.PCB.PCBLine
            Error: Import is not implemented for: KiCadLib.PCB.PCBLine
        EndSection
        Section : Component C30 importing.
            Error: Import is not implemented for: KiCadLib.PCB.PCBLine
            Error: Import is not implemented for: KiCadLib.PCB.PCBLine
            Error: Import is not implemented for: KiCadLib.PCB.PCBLine
            Error: Import is not implemented for: KiCadLib.PCB.PCBLine
            Error: Import is not implemented for: KiCadLib.PCB.PCBLine
            Error: Import is not implemented for: KiCadLib.PCB.PCBLine
            Error: Import is not implemented for: KiCadLib.PCB.PCBLine
            Error: Import is not implemented for: KiCadLib.PCB.PCBLine
            Error: Import is not implemented for: KiCadLib.PCB.PCBLine
            Error: Import is not implemented for: KiCadLib.PCB.PCBLine
        EndSection
    EndSection
